1,0,0.52,1.2883301,-0.29322991,-1.5707963,-3.269651e-15,-3.2627121e-15,0.78539816,-7.2409008e-31,-1.5730874e-31,-2.3561945,0,-0,0,0,-14.319115,0.041381864,-0.045831468,-1.0899358
2,0.001,0.52000001,1.2883277,-0.2932335,-1.5708036,1.851161e-09,-2.7921939e-08,0.78539141,1.8434677e-08,-2.1052886e-08,-2.356195,-0.013126628,3.476977e-05,-4.0325612e-05,-0.0010562393,-12.199008,0.029762838,-0.03603019,-1.0252259
3,0.002,0.52000003,1.2883209,-0.29324346,-1.5708239,8.1357004e-09,-1.0120438e-07,0.78537263,6.5807519e-08,-7.7316796e-08,-2.3561966,-0.024123585,5.8457654e-05,-7.0773899e-05,-0.0020278562,-10.341694,0.020476259,-0.027406455,-0.93937338
4,0.003,0.52000007,1.2883104,-0.29325875,-1.5708553,1.9282942e-08,-2.0653616e-07,0.78534379,1.3239933e-07,-1.5968542e-07,-2.356199,-0.033322374,7.3703408e-05,-9.2900192e-05,-0.0029007045,-8.7260561,0.013160864,-0.019951269,-0.84329832
5,0.004,0.5200001,1.2882968,-0.2932785,-1.5708958,3.5111716e-08,-3.3333929e-07,0.78530655,2.1085486e-07,-2.6055352e-07,-2.3562023,-0.040987385,8.2501446e-05,-0.00010802639,-0.0036702261,-7.3740795,0.0076537691,-0.013814607,-0.74813998
6,0.005,0.52000014,1.2882805,-0.29330191,-1.5709439,5.5016894e-08,-4.7267111e-07,0.7852624,2.9527547e-07,-3.7317186e-07,-2.3562063,-0.047313617,8.6356207e-05,-0.00011721567,-0.0043350524,-6.389254,0.0040930562,-0.0094708236,-0.66965527
7,0.006,0.52000019,1.2882621,-0.29332828,-1.5709983,7.8108723e-08,-6.1727386e-07,0.78521267,3.811561e-07,-4.9178045e-07,-2.3562109,-0.052520873,8.666612e-05,-0.00012167275,-0.0049021985,-5.6012553,0.0015709609,-0.0061283305,-0.60131584
8,0.007,0.52000023,1.2882419,-0.29335717,-1.5710579,1.037118e-07,-7.6326171e-07,0.78515818,4.6622508e-07,-6.1315475e-07,-2.3562161,-0.056888065,8.4663137e-05,-0.00012275717,-0.0053909839,-4.7785461,-0.00081166824,-0.0027657206,-0.52629556
9,0.008,0.52000027,1.2882202,-0.29338819,-1.571122,1.3109547e-07,-9.0708502e-07,0.78509968,5.4848832e-07,-7.3426821e-07,-2.3562216,-0.060500277,8.0860379e-05,-0.00012098304,-0.0058058918,-4.0009905,-0.0028057281,0.0002608453,-0.4520371
10,0.009,0.5200003,1.2881971,-0.29342096,-1.5711897,1.5954409e-07,-1.045847e-06,0.78503788,6.2640364e-07,-8.5256594e-07,-2.3562276,-0.063451173,7.5741364e-05,-0.00011688986,-0.0061532884,-3.300927,-0.0043479198,0.0028157355,-0.38227679
11,0.01,0.52000034,1.288173,-0.29345514,-1.5712605,1.8839062e-07,-1.177305e-06,0.78497339,6.9885776e-07,-9.6598955e-07,-2.3562339,-0.065831397,6.972352e-05,-0.00011098656,-0.0064402417,-2.6871252,-0.0054612023,0.0048741125,-0.31872775
12,0.011,0.52000037,1.2881481,-0.29349047,-1.5713337,2.1703731e-07,-1.2998099e-06,0.78490674,7.6510865e-07,-1.0729491e-06,-2.3562404,-0.067723632,6.3149273e-05,-0.00010372746,-0.0066738538,-2.1571985,-0.0062032322,0.006464103,-0.261984
13,0.012,0.52000039,1.2881225,-0.29352671,-1.5714088,2.449667e-07,-1.4122232e-06,0.78483839,8.2471888e-07,-1.172272e-06,-2.3562472,-0.069200968,5.6289891e-05,-9.5504675e-05,-0.0068608927,-1.703957,-0.0066406651,0.0076365566,-0.21202063
14,0.013,0.52000042,1.2880963,-0.29356363,-1.5714854,2.7174545e-07,-1.5138306e-06,0.78476873,8.7749192e-07,-1.2631455e-06,-2.3562541,-0.07032688,4.9354453e-05,-8.6648746e-05,-0.0070076009,-1.3185932,-0.0068371807,0.0084494718,-0.16847901
15,0.014,0.52000044,1.2880698,-0.29360108,-1.5715631,2.9702315e-07,-1.6042625e-06,0.78469807,9.2341634e-07,-1.3450588e-06,-2.3562612,-0.071155915,4.2500113e-05,-7.7433164e-05,-0.0071196115,-0.99222119,-0.0068486204,0.0089602117,-0.13083338
16,0.015,0.52000046,1.2880429,-0.29363891,-1.5716416,3.2052766e-07,-1.683423e-06,0.78462669,9.6261909e-07,-1.4177502e-06,-2.3562683,-0.071734657,3.5841907e-05,-6.8080498e-05,-0.0072019293,-0.71656856,-0.0067216771,0.0092218478,-0.098489633
17,0.016,0.52000047,1.2880159,-0.293677,-1.5717207,3.4205842e-07,-1.7514302e-06,0.78455483,9.9532759e-07,-1.4811599e-06,-2.3562755,-0.072102734,2.9461376e-05,-5.8768907e-05,-0.00725895,-0.48424056,-0.0064942463,0.0092816769,-0.070843733
18,0.017,0.52000048,1.2879887,-0.29371523,-1.5718001,3.6147855e-07,-1.8085653e-06,0.78448268,1.0218396e-06,-1.5353888e-06,-2.3562828,-0.072293774,2.3413812e-05,-4.9638448e-05,-0.0072945013,-0.28877353,-0.006196458,0.0091808648,-0.047315445
19,0.018,0.52000049,1.2879614,-0.29375353,-1.5718797,3.7870656e-07,-1.8552312e-06,0.78441041,1.0424998e-06,-1.580663e-06,-2.3562901,-0.072336273,1.7734193e-05,-4.0796897e-05,-0.0073118935,-0.12459071,-0.0058518992,0.0089546558,-0.027366617
20,0.019,0.5200005,1.2879342,-0.29379181,-1.5719593,3.9370818e-07,-1.8919188e-06,0.78433815,1.0576811e-06,-1.6173044e-06,-2.3562974,-0.072254354,1.2441947e-05,-3.2324954e-05,-0.0073139749,0.013082215,-0.0054787965,0.0086328467,-0.010509774
21,0.02,0.5200005,1.287907,-0.29383003,-1.5720387,4.0648853e-07,-1.9191793e-06,0.78426601,1.0677714e-06,-1.6457054e-06,-2.3563047,-0.072068425,7.5447488e-06,-2.4280829e-05,-0.007303186,0.12831338,-0.0050910645,0.0082403657,0.0036893286
22,0.021,0.5200005,1.2878798,-0.29386813,-1.5721179,4.1708493e-07,-1.9376022e-06,0.7841941,1.0731625e-06,-1.6663086e-06,-2.356312,-0.071795743,3.041494e-06,-1.6704208e-05,-0.0072816115,0.22455927,-0.0046991914,0.0077978693,0.015612786
23,0.022,0.5200005,1.2878528,-0.29390606,-1.5721968,4.2556043e-07,-1.9477977e-06,0.7841225,1.0742426e-06,-1.6795894e-06,-2.3563193,-0.071450896,-1.0753607e-06,-9.6196684e-06,-0.0072510273,0.30475146,-0.0043109669,0.0073223163,0.025593719
24,0.023,0.5200005,1.2878259,-0.29394379,-1.5722752,4.3199807e-07,-1.9503835e-06,0.78405127,1.0713907e-06,-1.6860427e-06,-2.3563265,-0.071046211,-4.8179824e-06,-3.0395844e-06,-0.0072129434,0.3713736,-0.0039320701,0.0068274948,0.033920512
25,0.024,0.5200005,1.2877992,-0.2939813,-1.5723532,4.3649593e-07,-1.9459732e-06,0.78398046,1.0649722e-06,-1.6861716e-06,-2.3563337,-0.070592105,-8.2017549e-06,3.0334138e-06,-0.0071686414,0.42652849,-0.0035665384,0.0063244971,0.040841474
26,0.025,0.52000049,1.2877726,-0.29401855,-1.5724307,4.3916283e-07,-1.9351688e-06,0.78391013,1.0553366e-06,-1.6804783e-06,-2.3563408,-0.070097376,-1.1244195e-05,8.6043734e-06,-0.0071192079,0.47199567,-0.0032171396,0.0058221388,0.046569517
27,0.026,0.52000048,1.2877463,-0.29405553,-1.5725076,4.4011477e-07,-1.9185545e-06,0.78384031,1.0428153e-06,-1.6694576e-06,-2.3563479,-0.069569452,-1.3964122e-05,1.3684291e-05,-0.0070655628,0.50928077,-0.0028856645,0.0053273248,0.051286611
28,0.027,0.52000048,1.2877201,-0.29409222,-1.5725839,4.394719e-07,-1.8966918e-06,0.78377102,1.0277208e-06,-1.6535916e-06,-2.356355,-0.069014607,-1.6381025e-05,1.8288678e-05,-0.0070084842,0.5396574,-0.0025731569,0.0048453663,0.05514789
29,0.028,0.52000047,1.2876941,-0.29412861,-1.5726596,4.3735607e-07,-1.8701167e-06,0.7837023,1.0103463e-06,-1.6333454e-06,-2.3563619,-0.068438131,-1.8514588e-05,2.2436374e-05,-0.0069486301,0.56420285,-0.0022800939,0.0043802527,0.058285355
30,0.029,0.52000046,1.2876684,-0.29416469,-1.5727347,4.3388882e-07,-1.8393374e-06,0.78363417,9.9096521e-07,-1.6091643e-06,-2.3563689,-0.06784449,-2.0384331e-05,2.6148575e-05,-0.0068865561,0.58382824,-0.0020065267,0.0039348846,0.060811152
31,0.03,0.52000045,1.2876429,-0.29420045,-1.5728091,4.2918983e-07,-1.8048333e-06,0.78356663,9.6983195e-07,-1.5814719e-06,-2.3563757,-0.067237448,-2.2009353e-05,2.9448039e-05,-0.006822731,0.5993041,-0.0017521903,0.0035112711,0.062820451
32,0.031,0.52000044,1.2876176,-0.29423589,-1.5728828,4.2337558e-07,-1.7670542e-06,0.7834997,9.471821e-07,-1.5506688e-06,-2.3563825,-0.066620177,-2.3408142e-05,3.2358449e-05,-0.0067575503,0.61128207,-0.0015165895,0.003110697,0.064393941
33,0.032,0.52000043,1.2875926,-0.29427099,-1.5729558,4.1655852e-07,-1.7264204e-06,0.7834334,9.2323319e-07,-1.5171318e-06,-2.3563892,-0.065995348,-2.4598445e-05,3.4903895e-05,-0.0066913473,0.62031319,-0.0012990653,0.0027338633,0.065599988
34,0.033,0.52000041,1.2875677,-0.29430576,-1.5730282,4.0884627e-07,-1.683323e-06,0.78336772,8.9818543e-07,-1.4812138e-06,-2.3563959,-0.06536521,-2.5597182e-05,3.7108472e-05,-0.0066244026,0.62686343,-0.0010988463,0.0023810056,0.066496485
35,0.034,0.5200004,1.2875432,-0.2943402,-1.5730998,4.0034121e-07,-1.6381245e-06,0.78330267,8.7222258e-07,-1.4432439e-06,-2.3564025,-0.064731651,-2.6420392e-05,3.8995958e-05,-0.0065569521,0.63132677,-0.0009150888,0.0020519921,0.067132435
36,0.035,0.52000039,1.2875188,-0.29437429,-1.5731707,3.9114011e-07,-1.5911602e-06,0.78323826,8.4551283e-07,-1.4035275e-06,-2.356409,-0.06409626,-2.7083209e-05,4.058957e-05,-0.0064891944,0.63403634,-0.00074690748,0.0017464056,0.067549303
37,0.036,0.52000038,1.2874947,-0.29440805,-1.573241,3.8133393e-07,-1.5427386e-06,0.78317448,8.1820968e-07,-1.3623475e-06,-2.3564155,-0.063460368,-2.7599853e-05,4.1911784e-05,-0.0064212958,0.63527378,-0.00059339858,0.0014636111,0.067782167
38,0.037,0.52000036,1.2874709,-0.29444147,-1.5733105,3.7100784e-07,-1.4931429e-06,0.78311134,7.9045286e-07,-1.3199647e-06,-2.3564218,-0.062825089,-2.798364e-05,4.2984196e-05,-0.0063533958,0.63527719,-0.00045365776,0.0012028117,0.067860693
39,0.038,0.52000035,1.2874473,-0.29447455,-1.5733793,3.6024113e-07,-1.4426326e-06,0.78304883,7.6236926e-07,-1.2766188e-06,-2.3564282,-0.062191356,-2.8247001e-05,4.3827431e-05,-0.0062856112,0.63424785,-0.0003267933,0.00096309422,0.067809968
40,0.039,0.52000034,1.2874239,-0.2945073,-1.5734475,3.491074e-07,-1.3914443e-06,0.78298695,7.3407372e-07,-1.2325295e-06,-2.3564344,-0.061559946,-2.8401508e-05,4.4461083e-05,-0.0062180394,0.63235587,-0.00021193589,0.00074346612,0.0676512
41,0.04,0.52000032,1.2874008,-0.29453971,-1.5735149,3.3767466e-07,-1.3397932e-06,0.78292571,7.0566993e-07,-1.1878973e-06,-2.3564406,-0.060931506,-2.8457909e-05,4.4903679e-05,-0.0061507616,0.62974503,-0.00010824561,0.00054288578,0.067402317
42,0.041,0.52000031,1.2873779,-0.29457179,-1.5735816,3.2600551e-07,-1.2878746e-06,0.78286509,6.7725123e-07,-1.1429047e-06,-2.3564467,-0.060306573,-2.8426161e-05,4.5172666e-05,-0.006083845,0.62653681,-1.4916794e-05,0.00036028645,0.067078469
43,0.042,0.5200003,1.2873552,-0.29460353,-1.5736477,3.1415739e-07,-1.2358649e-06,0.78280509,6.4890135e-07,-1.0977176e-06,-2.3564528,-0.059685591,-2.8315475e-05,4.5284416e-05,-0.0060173456,0.62283388,6.8818804e-05,0.00019459539,0.066692461
44,0.043,0.52000028,1.2873328,-0.29463495,-1.573713,3.0218282e-07,-1.1839233e-06,0.78274571,6.2069515e-07,-1.0524857e-06,-2.3564588,-0.059068924,-2.8134349e-05,4.5254241e-05,-0.0059513091,0.61872293,0.00014369011,4.4748852e-05,0.066255107
45,0.044,0.52000027,1.2873106,-0.29466604,-1.5737777,2.9012962e-07,-1.1321924e-06,0.78268695,5.9269934e-07,-1.0073442e-06,-2.3564647,-0.058456869,-2.7890615e-05,4.5096422e-05,-0.0058857734,0.6142772,0.00021038584,-9.0296301e-05,0.065775544
46,0.045,0.52000026,1.2872887,-0.29469681,-1.5738417,2.780412e-07,-1.0808e-06,0.78262879,5.6497309e-07,-9.6241416e-07,-2.3564705,-0.05784967,-2.7591477e-05,4.482424e-05,-0.0058207689,0.60955852,0.00026955443,-0.00021155383,0.065261485
47,0.046,0.52000025,1.2872669,-0.29472725,-1.5739051,2.6595683e-07,-1.0298599e-06,0.78257124,5.3756864e-07,-9.1780414e-07,-2.3564763,-0.057247521,-2.7243547e-05,4.4450014e-05,-0.0057563205,0.60461907,0.00032180445,-0.00032000162,0.064719443
48,0.047,0.52000023,1.2872454,-0.29475738,-1.5739677,2.5391187e-07,-9.7947294e-07,0.78251429,5.105319e-07,-8.736107e-07,-2.356482,-0.056650576,-2.6852891e-05,4.3985149e-05,-0.0056924478,0.59950289,0.00036770555,-0.00041657707,0.064154912
49,0.048,0.52000022,1.2872242,-0.29478719,-1.5740298,2.4193805e-07,-9.2972809e-07,0.78245794,4.8390294e-07,-8.2991944e-07,-2.3564877,-0.056058957,-2.6425059e-05,4.3440177e-05,-0.0056291665,0.59424712,0.00040778968,-0.00050217401,0.063572528
50,0.049,0.52000021,1.2872031,-0.29481669,-1.5740911,2.3006371e-07,-8.8070342e-07,0.78240217,4.5771654e-07,-7.8680582e-07,-2.3564933,-0.055472756,-2.5965125e-05,4.2824803e-05,-0.0055664885,0.58888307,0.00044255247,-0.00057764083,0.062976199
51,0.05,0.5200002,1.2871823,-0.29484588,-1.5741518,2.1831406e-07,-8.3246697e-07,0.78234699,4.320026e-07,-7.4433597e-07,-2.3564988,-0.054892041,-2.5477719e-05,4.2147954e-05,-0.0055044227,0.58343712,0.00047245493,-0.00064377958,0.062369219
52,0.051,0.52000019,1.2871617,-0.29487476,-1.5742119,2.067114e-07,-7.8507756e-07,0.78229238,4.0678657e-07,-7.0256748e-07,-2.3565043,-0.054316863,-2.4967059e-05,4.1417825e-05,-0.0054429758,0.57793147,0.00049792503,-0.00070134589,0.06175436
53,0.052,0.52000017,1.2871413,-0.29490333,-1.5742714,1.9527532e-07,-7.385856e-07,0.78223835,3.8208991e-07,-6.6155003e-07,-2.3565097,-0.053747251,-2.4436982e-05,4.0641923e-05,-0.0053821521,0.57238481,0.00051935951,-0.00075104946,0.061133955
54,0.053,0.52000016,1.2871211,-0.29493161,-1.5743302,1.8402296e-07,-6.9303382e-07,0.78218488,3.5793038e-07,-6.2132613e-07,-2.3565151,-0.053183224,-2.3890974e-05,3.9827116e-05,-0.0053219541,0.56681283,0.0005371256,-0.00079355499,0.060509967
55,0.054,0.52000015,1.2871011,-0.29495959,-1.5743884,1.7296917e-07,-6.4845792e-07,0.78213197,3.343224e-07,-5.8193172e-07,-2.3565204,-0.052624788,-2.3332192e-05,3.8979668e-05,-0.005262383,0.56122874,0.00055156276,-0.00082948354,0.059884042
56,0.055,0.52000014,1.2870814,-0.29498727,-1.574446,1.6212669e-07,-6.0488724e-07,0.78207962,3.1127741e-07,-5.4339673e-07,-2.3565256,-0.052071937,-2.2763497e-05,3.8105289e-05,-0.0052034387,0.55564356,0.00056298439,-0.00085941407,0.059257562
57,0.056,0.52000013,1.2870618,-0.29501466,-1.5745029,1.5150638e-07,-5.6234532e-07,0.78202782,2.888041e-07,-5.0574562e-07,-2.3565308,-0.051524659,-2.218747e-05,3.7209168e-05,-0.0051451199,0.55006657,0.0005716795,-0.00088388519,0.058631683
58,0.057,0.52000012,1.2870425,-0.29504176,-1.5745593,1.4111733e-07,-5.2085045e-07,0.78197657,2.6690871e-07,-4.689979e-07,-2.3565359,-0.050982934,-2.1606438e-05,3.6296015e-05,-0.0050874247,0.54450548,0.00057791428,-0.00090339709,0.058007373
59,0.058,0.52000011,1.2870234,-0.29506857,-1.5746151,1.3096703e-07,-4.8041618e-07,0.78192585,2.4559524e-07,-4.331686e-07,-2.3565409,-0.050446736,-2.1022495e-05,3.5370093e-05,-0.0050303502,0.53896673,0.00058193366,-0.00091841339,0.057385437
60,0.059,0.5200001,1.2870045,-0.2950951,-1.5746703,1.2106153e-07,-4.4105175e-07,0.78187567,2.2486575e-07,-3.9826867e-07,-2.3565459,-0.049916036,-2.0437518e-05,3.4435255e-05,-0.0049738931,0.53345569,0.00058396278,-0.0009293632,0.056766547
61,0.06,0.52000009,1.2869857,-0.29512136,-1.5747249,1.1140556e-07,-4.0276255e-07,0.78182602,2.0472045e-07,-3.6430537e-07,-2.3565509,-0.049390799,-1.9853187e-05,3.3494972e-05,-0.0049180495,0.52797678,0.00058420836,-0.00093664305,0.056151258
62,0.061,0.52000008,1.2869672,-0.29514733,-1.5747789,1.0200266e-07,-3.6555052e-07,0.78177688,1.8515802e-07,-3.312827e-07,-2.3565558,-0.048870987,-1.9271001e-05,3.2552365e-05,-0.0048628151,0.52253368,0.00058286002,-0.00094061883,0.055540029
63,0.062,0.52000007,1.2869489,-0.29517303,-1.5748324,9.2855272e-08,-3.2941446e-07,0.78172827,1.6617568e-07,-2.9920165e-07,-2.3565606,-0.04835656,-1.8692293e-05,3.1610233e-05,-0.0048081853,0.51712938,0.00058009155,-0.00094162772,0.054933237
64,0.063,0.52000007,1.2869307,-0.29519846,-1.5748852,8.3964893e-08,-2.9435043e-07,0.78168016,1.4776941e-07,-2.6806059e-07,-2.3565654,-0.047847475,-1.8118246e-05,3.0671077e-05,-0.0047541551,0.51176633,0.00057606203,-0.00093998004,0.054331192
65,0.064,0.52000006,1.2869128,-0.29522362,-1.5749376,7.5332129e-08,-2.6035199e-07,0.78163257,1.2993405e-07,-2.3785548e-07,-2.3565701,-0.047343688,-1.7549902e-05,2.9737126e-05,-0.0047007195,0.50644653,0.00057091697,-0.00093596101,0.053734142
66,0.065,0.52000005,1.286895,-0.29524851,-1.5749893,6.6956809e-08,-2.2741053e-07,0.78158547,1.1266348e-07,-2.0858021e-07,-2.3565748,-0.046845154,-1.6988176e-05,2.8810357e-05,-0.0046478731,0.50117156,0.00056478932,-0.00092983245,0.053142289
67,0.066,0.52000004,1.2868775,-0.29527314,-1.5750406,5.8838059e-08,-1.955155e-07,0.78153887,9.5950706e-08,-1.8022677e-07,-2.3565794,-0.046351826,-1.643387e-05,2.7892522e-05,-0.0045956106,0.49594269,0.00055780043,-0.00092183443,0.052555792
68,0.067,0.52000004,1.2868601,-0.29529751,-1.5750912,5.0974385e-08,-1.6465464e-07,0.78149276,7.9787996e-08,-1.5278551e-07,-2.356584,-0.045863656,-1.5887679e-05,2.6985159e-05,-0.0045439263,0.49076088,0.00055006094,-0.00091218679,0.051974774
69,0.068,0.52000003,1.2868429,-0.29532162,-1.5751414,4.3363736e-08,-1.3481422e-07,0.78144714,6.4166959e-08,-1.2624535e-07,-2.3565885,-0.045380596,-1.5350202e-05,2.6089616e-05,-0.0044928147,0.48562689,0.00054167162,-0.00090109061,0.051399332
70,0.069,0.52000002,1.2868259,-0.29534548,-1.575191,3.6003575e-08,-1.0597921e-07,0.781402,4.9078645e-08,-1.0059392e-07,-2.356593,-0.044902598,-1.4821952e-05,2.5207067e-05,-0.0044422701,0.48054125,0.00053272416,-0.00088872959,0.050829534
71,0.07,0.52000001,1.286809,-0.29536908,-1.5752401,2.8890937e-08,-7.813346e-08,0.78135733,3.4513633e-08,-7.5817759e-08,-2.3565974,-0.044429612,-1.4303361e-05,2.4338525e-05,-0.0043922867,0.47550435,0.00052330187,-0.00087527134,0.050265429
72,0.071,0.52000001,1.2867924,-0.29539244,-1.5752886,2.2022479e-08,-5.125987e-08,0.78131313,2.0462101e-08,-5.1902467e-08,-2.3566018,-0.043961589,-1.3794791e-05,2.3484858e-05,-0.0043428588,0.47051641,0.00051348035,-0.00086086859,0.049707049
73,0.072,0.52,1.2867759,-0.29541555,-1.5753367,1.5394532e-08,-2.5340537e-08,0.7812694,6.913898e-09,-2.8832835e-08,-2.3566061,-0.043498481,-1.3296539e-05,2.2646802e-05,-0.0042939807,0.46557756,0.00050332813,-0.00084566032,0.049154411
74,0.073,0.52,1.2867596,-0.29543841,-1.5753842,9.0031484e-09,-3.5688131e-10,0.78122613,-6.1413982e-09,-6.5929759e-09,-2.3566104,-0.043040238,-1.2808843e-05,2.1824973e-05,-0.0042456467,0.46068782,0.00049290722,-0.00082977285,0.048607519
75,0.074,0.51999999,1.2867435,-0.29546103,-1.5754313,2.8441379e-09,2.3710226e-08,0.78118332,-1.8714421e-08,1.4833562e-08,-2.3566146,-0.042586811,-1.2331886e-05,2.1019878e-05,-0.0041978509,0.45584712,0.00048227367,-0.00081332081,0.048066367
76,0.075,0.51999998,1.2867275,-0.29548342,-1.5754778,-3.0868919e-09,4.6880359e-08,0.78114095,-3.0815965e-08,3.5463693e-08,-2.3566188,-0.042138152,-1.1865805e-05,2.0231926e-05,-0.0041505877,0.45105532,0.00047147805,-0.00079640808,0.047530939
77,0.076,0.51999998,1.2867118,-0.29550556,-1.5755238,-8.7945026e-09,6.9173433e-08,0.78109904,-4.2456944e-08,5.5314694e-08,-2.3566229,-0.041694211,-1.1410696e-05,1.9461437e-05,-0.0041038513,0.44631224,0.00046056589,-0.00077912862,0.047001215
78,0.077,0.51999997,1.2866961,-0.29552747,-1.5755694,-1.4283394e-08,9.0609621e-08,0.78105756,-5.3648344e-08,7.4404129e-08,-2.356627,-0.041254941,-1.0966611e-05,1.8708651e-05,-0.0040576362,0.44161764,0.00044957812,-0.00076156731,0.046477165
79,0.078,0.51999997,1.2866807,-0.29554916,-1.5756145,-1.9558379e-08,1.1120927e-07,0.78101652,-6.4401193e-08,9.2749762e-08,-2.356631,-0.040820293,-1.0533573e-05,1.7973733e-05,-0.0040119366,0.43697124,0.00043855146,-0.00074380064,0.045958758
80,0.079,0.51999996,1.2866654,-0.29557061,-1.5756591,-2.4624352e-08,1.3099282e-07,0.78097591,-7.4726523e-08,1.103695e-07,-2.356635,-0.040390219,-1.0111571e-05,1.7256787e-05,-0.0039667471,0.43237273,0.00042751876,-0.00072589746,0.045445955
81,0.08,0.51999996,1.2866503,-0.29559183,-1.5757032,-2.9486276e-08,1.4998078e-07,0.78093574,-8.4635344e-08,1.2728131e-07,-2.3566389,-0.039964673,-9.7005662e-06,1.6557857e-05,-0.003922062,0.42782176,0.00041650935,-0.00070791956,0.044938716
82,0.081,0.51999996,1.2866353,-0.29561283,-1.5757469,-3.4149152e-08,1.6819359e-07,0.78089598,-9.4138616e-08,1.4350321e-07,-2.3566428,-0.039543607,-9.3004969e-06,1.5876933e-05,-0.0038778758,0.42331798,0.00040554932,-0.00068992229,0.044436999
83,0.082,0.51999995,1.2866205,-0.29563361,-1.57579,-3.861801e-08,1.8565167e-07,0.78085664,-1.0324723e-07,1.5905315e-07,-2.3566467,-0.039126975,-8.9112788e-06,1.5213962e-05,-0.0038341832,0.41886101,0.00039466184,-0.00067195508,0.043940756
84,0.083,0.51999995,1.2866059,-0.29565417,-1.5758328,-4.2897886e-08,2.0237528e-07,0.78081772,-1.1197197e-07,1.7394903e-07,-2.3566505,-0.038714729,-8.5328087e-06,1.4568846e-05,-0.0037909786,0.41445046,0.00038386735,-0.00065406197,0.043449942
85,0.084,0.51999994,1.2865914,-0.29567451,-1.5758751,-4.6993811e-08,2.1838456e-07,0.78077921,-1.2032353e-07,1.8820862e-07,-2.3566543,-0.038306826,-8.1649665e-06,1.3941454e-05,-0.0037482569,0.41008591,0.00037318388,-0.00063628205,0.042964508
86,0.085,0.51999994,1.286577,-0.29569464,-1.5759169,-5.0910795e-08,2.3369943e-07,0.7807411,-1.2831246e-07,2.0184957e-07,-2.356658,-0.037903218,-7.8076177e-06,1.333162e-05,-0.0037060125,0.40576697,0.00036262721,-0.00061864992,0.042484403
87,0.086,0.51999994,1.2865628,-0.29571455,-1.5759583,-5.4653821e-08,2.483396e-07,0.7807034,-1.3594918e-07,2.1488932e-07,-2.3566617,-0.037503862,-7.4606146e-06,1.2739151e-05,-0.0036642403,0.40149321,0.00035221109,-0.00060119604,0.042009577
88,0.087,0.51999993,1.2865488,-0.29573426,-1.5759992,-5.8227827e-08,2.6232451e-07,0.78066609,-1.4324395e-07,2.2734512e-07,-2.3566653,-0.037108712,-7.1237991e-06,1.2163829e-05,-0.0036229352,0.3972642,0.00034194742,-0.00058394713,0.041539978
89,0.088,0.51999993,1.2865349,-0.29575375,-1.5760398,-6.1637705e-08,2.7567336e-07,0.78062918,-1.5020688e-07,2.3923399e-07,-2.3566689,-0.036717725,-6.7970032e-06,1.1605412e-05,-0.0035820918,0.39307952,0.00033184641,-0.00056692648,0.041075555
90,0.089,0.51999993,1.2865212,-0.29577304,-1.5760798,-6.4888286e-08,2.8840502e-07,0.78059265,-1.5684789e-07,2.5057271e-07,-2.3566725,-0.036330857,-6.4800512e-06,1.1063644e-05,-0.0035417052,0.38893873,0.00032191678,-0.00055015428,0.040616255
91,0.09,0.51999992,1.2865076,-0.29579213,-1.5761195,-6.7984339e-08,3.0053805e-07,0.78055651,-1.6317673e-07,2.6137779e-07,-2.356676,-0.035948064,-6.1727608e-06,1.053825e-05,-0.0035017703,0.38484141,0.00031216584,-0.00053364789,0.040162027
92,0.091,0.51999992,1.2864942,-0.29581101,-1.5761587,-7.0930562e-08,3.1209071e-07,0.78052075,-1.6920297e-07,2.7166544e-07,-2.3566795,-0.035569304,-5.8749443e-06,1.002894e-05,-0.0034622821,0.38078712,0.00030259965,-0.00051742209,0.039712818
93,0.092,0.51999992,1.2864809,-0.29582969,-1.5761976,-7.3731577e-08,3.2308089e-07,0.78048537,-1.74936e-07,2.814516e-07,-2.3566829,-0.035194534,-5.5864094e-06,9.5354174e-06,-0.0034232356,0.37677543,0.00029322315,-0.00050148935,0.039268576
94,0.093,0.51999992,1.2864677,-0.29584818,-1.576236,-7.6391926e-08,3.3352613e-07,0.78045036,-1.8038498e-07,2.907519e-07,-2.3566863,-0.034823713,-5.3069606e-06,9.0573721e-06,-0.003384626,0.37280591,0.00028404026,-0.00048586001,0.038829248
95,0.094,0.51999991,1.2864547,-0.29586647,-1.576274,-7.8916068e-08,3.4344364e-07,0.78041572,-1.855589e-07,2.9958166e-07,-2.3566897,-0.034456799,-5.0363997e-06,8.5944883e-06,-0.0033464485,0.36887813,0.00027505397,-0.00047054253,0.038394783
96,0.095,0.51999991,1.2864418,-0.29588457,-1.5763116,-8.1308375e-08,3.5285023e-07,0.78038144,-1.9046656e-07,3.0795588e-07,-2.356693,-0.034093751,-4.7745271e-06,8.1464441e-06,-0.0033086982,0.36499168,0.00026626645,-0.00045554361,0.03796513
97,0.096,0.51999991,1.286429,-0.29590248,-1.5763488,-8.357313e-08,3.6176235e-07,0.78034753,-1.9511654e-07,3.1588923e-07,-2.3566963,-0.033734527,-4.5211416e-06,7.7129133e-06,-0.0032713704,0.36114611,0.00025767913,-0.00044086842,0.037540236
98,0.097,0.51999991,1.2864164,-0.29592019,-1.5763856,-8.5714525e-08,3.701961e-07,0.78031397,-1.9951723e-07,3.2339605e-07,-2.3566996,-0.033379089,-4.276042e-06,7.2935664e-06,-0.0032344604,0.35734102,0.00024929275,-0.00042652073,0.037120051
99,0.098,0.51999991,1.286404,-0.29593772,-1.576422,-8.7736659e-08,3.7816717e-07,0.78028076,-2.0367681e-07,3.3049038e-07,-2.3567028,-0.033027395,-4.0390272e-06,6.8880722e-06,-0.0031979637,0.35357597,0.00024110748,-0.00041250305,0.036704525
100,0.099,0.5199999,1.2863916,-0.29595507,-1.5764581,-8.964354e-08,3.856909e-07,0.78024791,-2.0760327e-07,3.3718588e-07,-2.356706,-0.032679407,-3.8098965e-06,6.4960986e-06,-0.0031618755,0.34985057,0.00023312295,-0.00039881674,0.036293606
101,0.1,0.5199999,1.2863794,-0.29597223,-1.5764937,-9.1439077e-08,3.9278225e-07,0.7802154,-2.1130439e-07,3.4349593e-07,-2.3567091,-0.032335086,-3.5884505e-06,6.1173137e-06,-0.0031261915,0.34616439,0.00022533831,-0.00038546218,0.035887245
102,0.101,0.5199999,1.2863673,-0.29598921,-1.576529,-9.3127088e-08,3.9945578e-07,0.78018324,-2.1478776e-07,3.4943354e-07,-2.3567122,-0.031994393,-3.3744912e-06,5.7513865e-06,-0.003090907,0.34251702,0.00021775228,-0.00037243884,0.035485393
103,0.102,0.5199999,1.2863554,-0.29600601,-1.5765639,-9.4711295e-08,4.0572572e-07,0.78015141,-2.1806076e-07,3.550114e-07,-2.3567153,-0.031657289,-3.1678225e-06,5.3979879e-06,-0.0030560177,0.33890807,0.00021036324,-0.00035974539,0.035088
104,0.103,0.5199999,1.2863436,-0.29602264,-1.5765984,-9.6195325e-08,4.1160589e-07,0.78011992,-2.211306e-07,3.6024188e-07,-2.3567183,-0.031323738,-2.9682503e-06,5.0567909e-06,-0.0030215192,0.33533713,0.00020316922,-0.00034737978,0.034695019
105,0.104,0.5199999,1.2863319,-0.29603909,-1.5766326,-9.7582712e-08,4.1710978e-07,0.78008876,-2.2400426e-07,3.6513702e-07,-2.3567213,-0.0309937,-2.775583e-06,4.7274718e-06,-0.0029874071,0.33180381,0.00019616796,-0.00033533934,0.034306401
106,0.105,0.5199999,1.2863203,-0.29605536,-1.5766664,-9.8876893e-08,4.2225048e-07,0.78005793,-2.2668857e-07,3.6970854e-07,-2.3567243,-0.030667141,-2.5896315e-06,4.4097102e-06,-0.0029536771,0.3283077,0.00018935697,-0.00032362085,0.033922097
107,0.106,0.51999989,1.2863088,-0.29607146,-1.5766998,-1.0008122e-07,4.2704077e-07,0.78002742,-2.2919015e-07,3.7396784e-07,-2.3567273,-0.030344022,-2.4102097e-06,4.1031897e-06,-0.0029203251,0.32484842,0.00018273352,-0.00031222059,0.033542063
108,0.107,0.51999989,1.2862975,-0.2960874,-1.5767329,-1.0119894e-07,4.3149303e-07,0.77999724,-2.3151543e-07,3.77926e-07,-2.3567302,-0.030024308,-2.2371344e-06,3.8075984e-06,-0.0028873468,0.32142558,0.00017629472,-0.00030113442,0.033166249
109,0.108,0.51999989,1.2862863,-0.29610316,-1.5767657,-1.0223322e-07,4.3561932e-07,0.77996737,-2.3367068e-07,3.8159381e-07,-2.356733,-0.029707962,-2.0702255e-06,3.5226288e-06,-0.002854738,0.31803881,0.00017003749,-0.00029035785,0.032794611
110,0.109,0.51999989,1.2862752,-0.29611876,-1.576798,-1.0318713e-07,4.3943135e-07,0.77993782,-2.3566196e-07,3.8498173e-07,-2.3567359,-0.02939495,-1.9093063e-06,3.2479786e-06,-0.0028224946,0.31468771,0.00016395866,-0.00027988606,0.032427102
111,0.11,0.51999989,1.2862642,-0.29613419,-1.5768301,-1.0406366e-07,4.429405e-07,0.77990858,-2.3749519e-07,3.8809994e-07,-2.3567387,-0.029085236,-1.7542032e-06,2.9833507e-06,-0.0027906126,0.31137193,0.0001580549,-0.00026971397,0.032063678
112,0.111,0.51999989,1.2862534,-0.29614946,-1.5768618,-1.0486571e-07,4.4615781e-07,0.77987964,-2.391761e-07,3.9095831e-07,-2.3567414,-0.028778786,-1.6047465e-06,2.7284533e-06,-0.002759088,0.30809107,0.00015232282,-0.00025983627,0.031704293
113,0.112,0.51999989,1.2862426,-0.29616457,-1.5768932,-1.055961e-07,4.4909401e-07,0.77985102,-2.4071025e-07,3.9356644e-07,-2.3567442,-0.028475564,-1.4607694e-06,2.4830002e-06,-0.0027279168,0.30484479,0.00014675896,-0.00025024745,0.031348903
114,0.113,0.51999989,1.286232,-0.29617952,-1.5769242,-1.0625754e-07,4.517595e-07,0.77982269,-2.4210304e-07,3.9593362e-07,-2.3567469,-0.028175537,-1.3221092e-06,2.2467112e-06,-0.0026970951,0.30163271,0.0001413598,-0.00024094188,0.030997464
115,0.114,0.51999989,1.2862215,-0.29619431,-1.5769549,-1.0685269e-07,4.5416438e-07,0.77979466,-2.4335971e-07,3.9806889e-07,-2.3567496,-0.027878672,-1.1886064e-06,2.0193114e-06,-0.0026666189,0.29845447,0.00013612177,-0.00023191377,0.030649933
116,0.115,0.51999989,1.2862111,-0.29620895,-1.5769853,-1.0738412e-07,4.5631845e-07,0.77976693,-2.4448533e-07,3.99981e-07,-2.3567522,-0.027584934,-1.0601054e-06,1.8005324e-06,-0.0026364845,0.29530973,0.00013104127,-0.00022315726,0.030306266
117,0.116,0.51999989,1.2862008,-0.29622343,-1.5770154,-1.0785432e-07,4.5823119e-07,0.77973949,-2.4548484e-07,4.0167844e-07,-2.3567549,-0.027294292,-9.3645399e-07,1.5901114e-06,-0.002606688,0.29219812,0.00012611471,-0.00021466642,0.029966422
118,0.117,0.51999989,1.2861906,-0.29623776,-1.5770451,-1.0826568e-07,4.5991182e-07,0.77971234,-2.4636302e-07,4.0316945e-07,-2.3567574,-0.027006712,-8.1750362e-07,1.3877918e-06,-0.0025772257,0.28911929,0.00012133849,-0.00020643525,0.029630358
119,0.118,0.51999989,1.2861806,-0.29625193,-1.5770745,-1.0862056e-07,4.6136926e-07,0.77968547,-2.4712448e-07,4.04462e-07,-2.35676,-0.026722163,-7.0310939e-07,1.1933227e-06,-0.0025480938,0.28607291,0.00011670898,-0.00019845777,0.029298033
120,0.119,0.51999989,1.2861706,-0.29626596,-1.5771037,-1.0892121e-07,4.6261215e-07,0.77965889,-2.4777372e-07,4.0556383e-07,-2.3567625,-0.026440611,-5.9312996e-07,1.0064597e-06,-0.0025192887,0.28305863,0.00011222261,-0.00019072794,0.028969405
121,0.12,0.51999989,1.2861608,-0.29627984,-1.5771325,-1.0916982e-07,4.6364888e-07,0.77963259,-2.4831509e-07,4.0648241e-07,-2.3567651,-0.026162026,-4.8742755e-07,8.2696401e-07,-0.0024908068,0.28007611,0.00010787581,-0.00018323978,0.028644433
122,0.121,0.51999989,1.286151,-0.29629357,-1.577161,-1.0936851e-07,4.6448755e-07,0.77960656,-2.4875279e-07,4.0722501e-07,-2.3567675,-0.025886377,-3.8586789e-07,6.5460296e-07,-0.0024626444,0.27712501,0.00010366504,-0.00017598729,0.028323079
123,0.122,0.51999989,1.2861414,-0.29630716,-1.5771892,-1.0951933e-07,4.6513603e-07,0.77958081,-2.490909e-07,4.0779864e-07,-2.35677,-0.025613632,-2.8832021e-07,4.891498e-07,-0.0024347979,0.27420502,9.9586802e-05,-0.00016896454,0.028005301
124,0.123,0.51999988,1.2861318,-0.2963206,-1.5772171,-1.0962427e-07,4.6560191e-07,0.77955533,-2.4933338e-07,4.0821011e-07,-2.3567724,-0.025343761,-1.9465718e-07,3.3038364e-07,-0.002407264,0.27131579,9.5637624e-05,-0.00016216562,0.02769106
125,0.124,0.51999988,1.2861224,-0.2963339,-1.5772447,-1.0968524e-07,4.6589258e-07,0.77953012,-2.4948404e-07,4.0846599e-07,-2.3567748,-0.025076733,-1.0475486e-07,1.780894e-07,-0.0023800391,0.26845701,9.1814088e-05,-0.0001555847,0.027380317
126,0.125,0.51999988,1.286113,-0.29634707,-1.577272,-1.0970411e-07,4.6601515e-07,0.77950518,-2.4954659e-07,4.0857265e-07,-2.3567772,-0.024812519,-1.8492664e-08,3.2057747e-08,-0.0023531197,0.26562835,8.8112824e-05,-0.000149216,0.027073034
127,0.126,0.51999988,1.2861038,-0.29636009,-1.577299,-1.0968267e-07,4.6597652e-07,0.77948049,-2.4952461e-07,4.0853627e-07,-2.3567795,-0.024551089,6.4246687e-08,-1.07915e-07,-0.0023265024,0.26282949,8.4530509e-05,-0.00014305383,0.026769172
128,0.127,0.51999988,1.2860946,-0.29637297,-1.5773257,-1.0962264e-07,4.6578338e-07,0.77945607,-2.4942156e-07,4.0836279e-07,-2.3567818,-0.024292413,1.4357725e-07,-2.4202695e-07,-0.002300184,0.26006013,8.1063878e-05,-0.00013709257,0.026468694
129,0.128,0.51999989,1.2860856,-0.29638572,-1.5773522,-1.0952572e-07,4.6544216e-07,0.77943191,-2.4924081e-07,4.0805798e-07,-2.3567841,-0.024036464,2.1960989e-07,-3.704707e-07,-0.002274161,0.25731995,7.7709721e-05,-0.00013132669,0.026171563
130,0.129,0.51999989,1.2860767,-0.29639834,-1.5773784,-1.0939352e-07,4.6495913e-07,0.779408,-2.4898559e-07,4.0762742e-07,-2.3567864,-0.023783211,2.9245236e-07,-4.9343347e-07,-0.0022484301,0.25460865,7.4464887e-05,-0.00012575075,0.025877741
131,0.13,0.51999989,1.2860678,-0.29641082,-1.5774043,-1.0922759e-07,4.6434031e-07,0.77938434,-2.4865904e-07,4.070765e-07,-2.3567886,-0.023532626,3.6220935e-07,-6.1109719e-07,-0.0022229882,0.25192591,7.1326285e-05,-0.0001203594,0.025587192
132,0.131,0.51999989,1.286059,-0.29642317,-1.5774299,-1.0902947e-07,4.6359156e-07,0.77936093,-2.482642e-07,4.0641044e-07,-2.3567908,-0.023284682,4.2898253e-07,-7.2363858e-07,-0.002197832,0.24927144,6.8290886e-05,-0.00011514739,0.02529988
133,0.132,0.51999989,1.2860504,-0.29643539,-1.5774552,-1.088006e-07,4.627185e-07,0.77933776,-2.4780401e-07,4.0563426e-07,-2.356793,-0.02303935,4.9287068e-07,-8.3122927e-07,-0.0021729583,0.24664495,6.5355724e-05,-0.00011010959,0.025015769
134,0.133,0.51999989,1.2860418,-0.29644748,-1.5774803,-1.085424e-07,4.617266e-07,0.77931485,-2.472813e-07,4.0475285e-07,-2.3567952,-0.022796603,5.5396966e-07,-9.3403591e-07,-0.0021483639,0.24404613,6.2517896e-05,-0.00010524095,0.024734824
135,0.134,0.51999989,1.2860333,-0.29645944,-1.5775051,-1.0825622e-07,4.6062113e-07,0.77929217,-2.4669881e-07,4.037709e-07,-2.3567973,-0.022556414,6.1237255e-07,-1.0322202e-06,-0.0021240458,0.24147469,5.9774562e-05,-0.00010053654,0.024457009
136,0.135,0.51999989,1.2860249,-0.29647128,-1.5775297,-1.0794339e-07,4.5940719e-07,0.77926973,-2.4605921e-07,4.0269295e-07,-2.3567994,-0.022318756,6.681697e-07,-1.1259393e-06,-0.0021000009,0.23893036,5.7122949e-05,-9.5991534e-05,0.024182291
137,0.136,0.51999989,1.2860166,-0.29648299,-1.577554,-1.0760516e-07,4.580897e-07,0.77924753,-2.4536504e-07,4.0152341e-07,-2.3568015,-0.022083602,7.2144874e-07,-1.2153453e-06,-0.0020762261,0.23641283,5.4560345e-05,-9.1601202e-05,0.023910635
138,0.137,0.51999989,1.2860084,-0.29649458,-1.577578,-1.0724276e-07,4.5667342e-07,0.77922556,-2.4461879e-07,4.002665e-07,-2.3568036,-0.021850926,7.7229472e-07,-1.3005861e-06,-0.0020527184,0.23392183,5.2084104e-05,-8.7360936e-05,0.023642008
139,0.138,0.51999989,1.2860003,-0.29650604,-1.5776018,-1.0685737e-07,4.5516293e-07,0.77920382,-2.4382284e-07,3.9892633e-07,-2.3568056,-0.021620701,8.2079014e-07,-1.381805e-06,-0.0020294748,0.23145708,4.9691644e-05,-8.3266231e-05,0.023376375
140,0.139,0.51999989,1.2859922,-0.29651739,-1.5776253,-1.0645012e-07,4.5356268e-07,0.77918232,-2.4297952e-07,3.9750685e-07,-2.3568076,-0.021392902,8.6701498e-07,-1.4591409e-06,-0.0020064925,0.2290183,4.7380446e-05,-7.9312691e-05,0.023113703
141,0.14,0.51999989,1.2859843,-0.29652861,-1.5776486,-1.0602213e-07,4.5187695e-07,0.77916104,-2.4209104e-07,3.9601186e-07,-2.3568096,-0.021167504,9.1104684e-07,-1.5327286e-06,-0.0019837684,0.22660521,4.5148054e-05,-7.5496026e-05,0.022853961
142,0.141,0.51999989,1.2859764,-0.29653972,-1.5776716,-1.0557443e-07,4.5010987e-07,0.77913998,-2.4115958e-07,3.9444507e-07,-2.3568116,-0.02094448,9.5296093e-07,-1.6026987e-06,-0.0019612997,0.22421756,4.2992076e-05,-7.1812053e-05,0.022597116
143,0.142,0.51999989,1.2859686,-0.29655071,-1.5776944,-1.0510806e-07,4.4826544e-07,0.77911914,-2.401872e-07,3.9281002e-07,-2.3568135,-0.020723806,9.9283016e-07,-1.6691777e-06,-0.0019390836,0.22185506,4.0910179e-05,-6.8256697e-05,0.022343135
144,0.143,0.51999989,1.2859609,-0.29656158,-1.5777169,-1.0462399e-07,4.463475e-07,0.77909853,-2.3917593e-07,3.9111015e-07,-2.3568155,-0.020505457,1.0307252e-06,-1.7322883e-06,-0.0019171171,0.21951746,3.8900094e-05,-6.4825987e-05,0.022091986
145,0.144,0.51999989,1.2859533,-0.29657234,-1.5777392,-1.0412317e-07,4.4435978e-07,0.77907813,-2.3812769e-07,3.8934876e-07,-2.3568174,-0.020289409,1.0667146e-06,-1.7921494e-06,-0.0018953977,0.21720449,3.6959611e-05,-6.1516054e-05,0.02184364
146,0.145,0.51999989,1.2859458,-0.29658298,-1.5777613,-1.0360652e-07,4.4230587e-07,0.77905795,-2.3704437e-07,3.8752904e-07,-2.3568193,-0.020075638,1.1008646e-06,-1.8488761e-06,-0.0018739224,0.21491589,3.5086578e-05,-5.8323136e-05,0.021598064
147,0.146,0.51999989,1.2859383,-0.29659351,-1.5777831,-1.0307491e-07,4.4018922e-07,0.77903798,-2.3592777e-07,3.8565408e-07,-2.3568211,-0.019864119,1.1332397e-06,-1.9025799e-06,-0.0018526886,0.21265141,3.3278903e-05,-5.5243566e-05,0.021355228
148,0.147,0.51999989,1.2859309,-0.29660394,-1.5778047,-1.0252919e-07,4.3801317e-07,0.77901822,-2.3477964e-07,3.8372685e-07,-2.356823,-0.019654828,1.1639021e-06,-1.9533688e-06,-0.0018316936,0.21041079,3.1534552e-05,-5.2273783e-05,0.021115102
149,0.148,0.51999989,1.2859236,-0.29661425,-1.5778261,-1.0197018e-07,4.3578095e-07,0.77899867,-2.3360165e-07,3.8175021e-07,-2.3568248,-0.019447743,1.1929121e-06,-2.0013473e-06,-0.0018109346,0.20819378,2.9851545e-05,-4.9410319e-05,0.020877655
150,0.149,0.51999989,1.2859164,-0.29662445,-1.5778473,-1.0139866e-07,4.3349565e-07,0.77897932,-2.3239544e-07,3.7972692e-07,-2.3568266,-0.01924284,1.2203283e-06,-2.0466169e-06,-0.0017904092,0.20600013,2.8227958e-05,-4.6649804e-05,0.020642858
151,0.15,0.51999989,1.2859093,-0.29663454,-1.5778682,-1.0081538e-07,4.3116028e-07,0.77896018,-2.3116256e-07,3.7765964e-07,-2.3568284,-0.019040095,1.2462072e-06,-2.0892754e-06,-0.0017701146,0.2038296,2.6661923e-05,-4.3988963e-05,0.020410682
152,0.151,0.51999989,1.2859022,-0.29664453,-1.5778889,-1.0022108e-07,4.2877771e-07,0.77894124,-2.2990453e-07,3.7555093e-07,-2.3568301,-0.018839487,1.2706037e-06,-2.1294179e-06,-0.0017500483,0.20168193,2.5151622e-05,-4.1424613e-05,0.020181098
153,0.152,0.51999989,1.2858952,-0.29665442,-1.5779094,-9.9616453e-08,4.2635074e-07,0.7789225,-2.2862281e-07,3.7340327e-07,-2.3568319,-0.018640993,1.2935708e-06,-2.1671361e-06,-0.0017302077,0.1995569,2.3695291e-05,-3.8953662e-05,0.019954077
154,0.153,0.5199999,1.2858883,-0.29666419,-1.5779296,-9.900217e-08,4.2388203e-07,0.77890395,-2.2731879e-07,3.7121904e-07,-2.3568336,-0.01844459,1.31516e-06,-2.2025189e-06,-0.0017105903,0.19745426,2.2291215e-05,-3.6573107e-05,0.01972959
155,0.154,0.5199999,1.2858815,-0.29667387,-1.5779497,-9.8378882e-08,4.2137418e-07,0.77888561,-2.2599384e-07,3.6900053e-07,-2.3568353,-0.018250256,1.335421e-06,-2.2356524e-06,-0.0016911937,0.19537378,2.0937732e-05,-3.4280031e-05,0.01950761
156,0.155,0.5199999,1.2858747,-0.29668344,-1.5779695,-9.774721e-08,4.1882967e-07,0.77886745,-2.2464926e-07,3.6674994e-07,-2.356837,-0.01805797,1.3544019e-06,-2.2666198e-06,-0.0016720154,0.19331521,1.9633225e-05,-3.2071603e-05,0.019288109
157,0.156,0.5199999,1.285868,-0.29669292,-1.5779891,-9.7107753e-08,4.1625089e-07,0.77884949,-2.232863e-07,3.6446941e-07,-2.3568386,-0.01786771,1.3721495e-06,-2.2955016e-06,-0.0016530528,0.19127834,1.8376125e-05,-2.9945075e-05,0.019071059
158,0.157,0.5199999,1.2858614,-0.29670229,-1.5780086,-9.6461088e-08,4.1364016e-07,0.77883171,-2.2190617e-07,3.6216099e-07,-2.3568403,-0.017679455,1.3887088e-06,-2.3223757e-06,-0.0016343037,0.18926293,1.7164911e-05,-2.789778e-05,0.018856434
159,0.158,0.5199999,1.2858548,-0.29671156,-1.5780278,-9.5807767e-08,4.109997e-07,0.77881413,-2.2051004e-07,3.5982663e-07,-2.3568419,-0.017493183,1.4041235e-06,-2.3473175e-06,-0.0016157656,0.18726876,1.5998104e-05,-2.592713e-05,0.018644206
160,0.159,0.5199999,1.2858483,-0.29672074,-1.5780468,-9.5148321e-08,4.0833165e-07,0.77879673,-2.1909905e-07,3.5746825e-07,-2.3568435,-0.017308874,1.4184359e-06,-2.3703999e-06,-0.0015974362,0.1852956,1.4874272e-05,-2.4030616e-05,0.018434348
161,0.16,0.5199999,1.2858419,-0.29672982,-1.5780656,-9.4483262e-08,4.0563806e-07,0.77877951,-2.1767426e-07,3.5508766e-07,-2.3568451,-0.017126507,1.4316868e-06,-2.3916933e-06,-0.0015793131,0.18334323,1.3792025e-05,-2.2205802e-05,0.018226836
162,0.161,0.5199999,1.2858356,-0.2967388,-1.5780842,-9.381308e-08,4.0292092e-07,0.77876247,-2.1623671e-07,3.5268662e-07,-2.3568467,-0.016946062,1.4439158e-06,-2.4112659e-06,-0.0015613941,0.18141144,1.2750013e-05,-2.0450327e-05,0.018021641
163,0.162,0.5199999,1.2858293,-0.29674769,-1.5781026,-9.3138246e-08,4.0018214e-07,0.77874561,-2.1478743e-07,3.5026681e-07,-2.3568482,-0.016767518,1.4551612e-06,-2.4291836e-06,-0.0015436768,0.1795,1.1746929e-05,-1.87619e-05,0.01781874
164,0.163,0.5199999,1.2858231,-0.29675648,-1.5781208,-9.2459211e-08,3.9742355e-07,0.77872893,-2.1332736e-07,3.4782987e-07,-2.3568497,-0.016590855,1.46546e-06,-2.4455101e-06,-0.001526159,0.1776087,1.0781504e-05,-1.7138303e-05,0.017618106
165,0.164,0.5199999,1.2858169,-0.29676519,-1.5781388,-9.1776411e-08,3.946469e-07,0.77871243,-2.1185744e-07,3.4537736e-07,-2.3568513,-0.016416053,1.474848e-06,-2.460307e-06,-0.0015088385,0.17573733,9.8525078e-06,-1.5577382e-05,0.017419714
166,0.165,0.5199999,1.2858108,-0.2967738,-1.5781567,-9.109026e-08,3.9185391e-07,0.7786961,-2.1037856e-07,3.4291076e-07,-2.3568528,-0.016243093,1.4833598e-06,-2.4736339e-06,-0.001491713,0.17388567,8.9587482e-06,-1.4077052e-05,0.01722354
167,0.166,0.5199999,1.2858048,-0.29678232,-1.5781743,-9.0401158e-08,3.890462e-07,0.77867994,-2.0889158e-07,3.4043153e-07,-2.3568542,-0.016071956,1.4910291e-06,-2.4855483e-06,-0.0014747805,0.17205353,8.0990691e-06,-1.2635291e-05,0.017029559
168,0.167,0.5199999,1.2857989,-0.29679074,-1.5781918,-8.9709488e-08,3.8622533e-07,0.77866395,-2.0739732e-07,3.3794105e-07,-2.3568557,-0.015902621,1.4978881e-06,-2.4961058e-06,-0.0014580386,0.1702407,7.27235e-06,-1.125014e-05,0.016837746
169,0.168,0.5199999,1.285793,-0.29679909,-1.578209,-8.9015617e-08,3.8339282e-07,0.77864813,-2.0589659e-07,3.3544065e-07,-2.3568572,-0.015735071,1.5039681e-06,-2.5053603e-06,-0.0014414854,0.16844696,6.4775046e-06,-9.9197015e-06,0.016648078
170,0.169,0.51999991,1.2857871,-0.29680734,-1.5782261,-8.8319897e-08,3.805501e-07,0.77863248,-2.0439015e-07,3.3293161e-07,-2.3568586,-0.015569287,1.5092996e-06,-2.5133637e-06,-0.0014251186,0.16667213,5.7134803e-06,-8.6421352e-06,0.016460531
171,0.17,0.51999991,1.2857814,-0.2968155,-1.578243,-8.7622665e-08,3.7769858e-07,0.77861699,-2.0287873e-07,3.3041515e-07,-2.35686,-0.015405249,1.5139117e-06,-2.5201661e-06,-0.0014089363,0.164916,4.9792571e-06,-7.41566e-06,0.016275081
172,0.171,0.51999991,1.2857757,-0.29682358,-1.5782597,-8.6924244e-08,3.7483957e-07,0.77860167,-2.0136303e-07,3.2789245e-07,-2.3568614,-0.015242939,1.5178329e-06,-2.5258161e-06,-0.0013929362,0.16317837,4.2738466e-06,-6.2385501e-06,0.016091704
173,0.172,0.51999991,1.28577,-0.29683158,-1.5782763,-8.6224943e-08,3.7197437e-07,0.77858651,-1.9984374e-07,3.2536464e-07,-2.3568628,-0.01508234,1.5210904e-06,-2.5303605e-06,-0.0013771165,0.16145905,3.5962911e-06,-5.1091342e-06,0.015910379
174,0.173,0.51999991,1.2857645,-0.29683949,-1.5782927,-8.5525058e-08,3.6910419e-07,0.7785715,-1.983215e-07,3.2283281e-07,-2.3568642,-0.014923432,1.5237108e-06,-2.5338446e-06,-0.0013614751,0.15975785,2.9456628e-06,-4.0257934e-06,0.015731082
175,0.174,0.51999991,1.2857589,-0.29684731,-1.5783089,-8.4824872e-08,3.6623023e-07,0.77855666,-1.9679694e-07,3.2029799e-07,-2.3568655,-0.014766199,1.5257195e-06,-2.5363122e-06,-0.0013460099,0.15807457,2.3210628e-06,-2.9869602e-06,0.01555379
176,0.175,0.51999991,1.2857535,-0.29685506,-1.5783249,-8.4124655e-08,3.6335361e-07,0.77854197,-1.9527066e-07,3.1776118e-07,-2.3568669,-0.014610623,1.5271414e-06,-2.5378054e-06,-0.0013307191,0.15640903,1.7216203e-06,-1.9911168e-06,0.015378482
177,0.176,0.51999991,1.2857481,-0.29686272,-1.5783407,-8.3424667e-08,3.6047541e-07,0.77852744,-1.9374324e-07,3.1522334e-07,-2.3568682,-0.014456686,1.5280003e-06,-2.538365e-06,-0.0013156007,0.15476104,1.1464922e-06,-1.0367935e-06,0.015205136
178,0.177,0.51999991,1.2857427,-0.2968703,-1.5783564,-8.2725154e-08,3.5759667e-07,0.77851305,-1.9221522e-07,3.1268537e-07,-2.3568695,-0.014304371,1.5283194e-06,-2.5380305e-06,-0.0013006526,0.15313042,5.9486137e-07,-1.2256756e-07,0.015033729
179,0.178,0.51999991,1.2857374,-0.2968778,-1.578372,-8.2026354e-08,3.5471838e-07,0.77849883,-1.9068713e-07,3.1014815e-07,-2.3568708,-0.014153661,1.5281209e-06,-2.5368398e-06,-0.0012858731,0.15151698,6.5936812e-08,7.5293845e-07,0.01486424
180,0.179,0.51999991,1.2857322,-0.29688522,-1.5783873,-8.1328492e-08,3.5184151e-07,0.77848475,-1.8915948e-07,3.0761253e-07,-2.3568721,-0.014004538,1.5274263e-06,-2.5348297e-06,-0.0012712603,0.14992053,-4.4104765e-07,1.5910578e-06,0.014696648
181,0.18,0.51999991,1.285727,-0.29689257,-1.5784025,-8.0631783e-08,3.4896697e-07,0.77847081,-1.8763276e-07,3.050793e-07,-2.3568733,-0.013856987,1.5262566e-06,-2.5320356e-06,-0.0012568122,0.14834091,-9.2683395e-07,2.3930811e-06,0.014530931
182,0.181,0.51999991,1.2857219,-0.29689983,-1.5784175,-7.9936432e-08,3.4609561e-07,0.77845703,-1.8610743e-07,3.0254922e-07,-2.3568746,-0.013710991,1.5246318e-06,-2.5284917e-06,-0.0012425271,0.14677794,-1.3921405e-06,3.1602572e-06,0.01436707
183,0.182,0.51999991,1.2857168,-0.29690702,-1.5784324,-7.9242637e-08,3.4322829e-07,0.77844339,-1.8458394e-07,3.0002305e-07,-2.3568758,-0.013566533,1.5225714e-06,-2.5242312e-06,-0.001228403,0.14523143,-1.837663e-06,3.8937952e-06,0.014205043
184,0.183,0.51999992,1.2857118,-0.29691414,-1.5784471,-7.8550583e-08,3.4036581e-07,0.7784299,-1.8306272e-07,2.9750146e-07,-2.356877,-0.013423597,1.5200941e-06,-2.5192858e-06,-0.0012144383,0.14370122,-2.2640748e-06,4.5948648e-06,0.014044829
185,0.184,0.51999992,1.2857069,-0.29692118,-1.5784617,-7.7860448e-08,3.3750891e-07,0.77841654,-1.8154416e-07,2.9498514e-07,-2.3568782,-0.013282167,1.5172181e-06,-2.5136863e-06,-0.0012006311,0.14218713,-2.6720281e-06,5.2645981e-06,0.01388641
186,0.185,0.51999992,1.285702,-0.29692814,-1.5784761,-7.7172402e-08,3.3465835e-07,0.77840333,-1.8002867e-07,2.9247473e-07,-2.3568794,-0.013142227,1.5139609e-06,-2.5074625e-06,-0.0011869797,0.14068899,-3.0621543e-06,5.9040904e-06,0.013729764
187,0.186,0.51999992,1.2856971,-0.29693503,-1.5784904,-7.6486605e-08,3.318148e-07,0.77839026,-1.7851661e-07,2.8997083e-07,-2.3568806,-0.013003761,1.5103394e-06,-2.5006429e-06,-0.0011734823,0.13920664,-3.4350643e-06,6.5144016e-06,0.013574873
188,0.187,0.51999992,1.2856923,-0.29694185,-1.5785045,-7.5803211e-08,3.2897894e-07,0.77837732,-1.7700835e-07,2.8747403e-07,-2.3568818,-0.012866755,1.5063699e-06,-2.4932553e-06,-0.0011601371,0.13773991,-3.7913497e-06,7.0965571e-06,0.013421716
189,0.188,0.51999992,1.2856875,-0.2969486,-1.5785184,-7.5122365e-08,3.261514e-07,0.77836452,-1.7550421e-07,2.8498487e-07,-2.3568829,-0.012731192,1.5020682e-06,-2.4853262e-06,-0.0011469426,0.13628864,-4.1315833e-06,7.6515488e-06,0.013270274
190,0.189,0.51999992,1.2856828,-0.29695527,-1.5785322,-7.4444205e-08,3.2333279e-07,0.77835186,-1.7400454e-07,2.825039e-07,-2.3568841,-0.012597057,1.4974495e-06,-2.4768815e-06,-0.0011338969,0.13485266,-4.4563192e-06,8.1803365e-06,0.013120529
191,0.19,0.51999992,1.2856782,-0.29696188,-1.5785459,-7.3768863e-08,3.2052368e-07,0.77833933,-1.7250962e-07,2.8003161e-07,-2.3568852,-0.012464336,1.4925285e-06,-2.4679459e-06,-0.0011209985,0.1334318,-4.766094e-06,8.6838485e-06,0.012972461
192,0.191,0.51999992,1.2856736,-0.29696842,-1.5785594,-7.3096462e-08,3.1772462e-07,0.77832693,-1.7101977e-07,2.7756849e-07,-2.3568863,-0.012333013,1.4873194e-06,-2.4585433e-06,-0.0011082456,0.13202592,-5.0614269e-06,9.1629827e-06,0.012826052
193,0.192,0.51999992,1.285669,-0.29697488,-1.5785728,-7.242712e-08,3.1493614e-07,0.77831466,-1.6953527e-07,2.7511498e-07,-2.3568874,-0.012203073,1.4818359e-06,-2.4486969e-06,-0.0010956367,0.13063485,-5.3428202e-06,9.6186076e-06,0.012681283
194,0.193,0.51999992,1.2856645,-0.29698128,-1.578586,-7.1760948e-08,3.1215873e-07,0.77830252,-1.6805637e-07,2.7267153e-07,-2.3568885,-0.012074503,1.4760912e-06,-2.4384289e-06,-0.0010831702,0.12925844,-5.6107604e-06,1.0051563e-05,0.012538137
195,0.194,0.51999992,1.2856601,-0.29698761,-1.5785991,-7.1098052e-08,3.0939286e-07,0.77829051,-1.6658334e-07,2.7023854e-07,-2.3568896,-0.011947287,1.470098e-06,-2.4277607e-06,-0.0010708443,0.12789654,-5.865718e-06,1.0462662e-05,0.012396594
196,0.195,0.51999992,1.2856557,-0.29699388,-1.578612,-7.0438531e-08,3.0663898e-07,0.77827862,-1.6511642e-07,2.678164e-07,-2.3568907,-0.011821412,1.4638686e-06,-2.416713e-06,-0.0010586577,0.12654898,-6.1081484e-06,1.085269e-05,0.012256638
197,0.196,0.51999992,1.2856513,-0.29700007,-1.5786248,-6.9782477e-08,3.0389752e-07,0.77826686,-1.6365583e-07,2.6540548e-07,-2.3568917,-0.011696863,1.4574149e-06,-2.4053057e-06,-0.0010466086,0.12521562,-6.3384922e-06,1.1222407e-05,0.01211825
198,0.197,0.51999993,1.285647,-0.29700621,-1.5786375,-6.912998e-08,3.0116889e-07,0.77825523,-1.6220181e-07,2.6300614e-07,-2.3568927,-0.011573627,1.4507484e-06,-2.3935581e-06,-0.0010346956,0.12389631,-6.5571758e-06,1.1572547e-05,0.011981414
199,0.198,0.51999993,1.2856427,-0.29701227,-1.5786501,-6.8481123e-08,2.9845345e-07,0.77824372,-1.6075454e-07,2.606187e-07,-2.3568938,-0.011451688,1.4438801e-06,-2.3814886e-06,-0.0010229172,0.1225909,-6.7646117e-06,1.1903821e-05,0.011846111
200,0.199,0.51999993,1.2856385,-0.29701828,-1.5786625,-6.7835983e-08,2.9575158e-07,0.77823232,-1.5931424e-07,2.5824347e-07,-2.3568948,-0.011331035,1.4368206e-06,-2.3691152e-06,-0.0010112717,0.12129925,-6.9611989e-06,1.2216916e-05,0.011712325
201,0.2,0.51999993,1.2856343,-0.29702422,-1.5786747,-6.7194634e-08,2.9306361e-07,0.77822105,-1.5788109e-07,2.5588076e-07,-2.3568958,-0.011211653,1.4295802e-06,-2.3564549e-06,-0.00099975785,0.12002121,-7.1473237e-06,1.2512495e-05,0.011580039
202,0.201,0.51999993,1.2856302,-0.2970301,-1.5786869,-6.6557144e-08,2.9038988e-07,0.7782099,-1.5645526e-07,2.5353084e-07,-2.3568968,-0.011093528,1.4221688e-06,-2.3435243e-06,-0.00098837401,0.11875663,-7.3233597e-06,1.2791202e-05,0.011449237
203,0.202,0.51999993,1.2856261,-0.29703591,-1.5786989,-6.5923577e-08,2.8773067e-07,0.77819886,-1.5503692e-07,2.5119397e-07,-2.3568978,-0.010976649,1.414596e-06,-2.3303394e-06,-0.00097711878,0.11750538,-7.4896681e-06,1.3053656e-05,0.011319901
204,0.203,0.51999993,1.2856221,-0.29704167,-1.5787108,-6.5293993e-08,2.8508628e-07,0.77818794,-1.5362622e-07,2.4887041e-07,-2.3568987,-0.010861,1.4068709e-06,-2.3169156e-06,-0.00096599071,0.11626731,-7.6465985e-06,1.3300457e-05,0.011192015
205,0.204,0.51999993,1.2856181,-0.29704736,-1.5787226,-6.4668448e-08,2.8245699e-07,0.77817714,-1.5222332e-07,2.4656037e-07,-2.3568997,-0.010746571,1.3990025e-06,-2.3032675e-06,-0.00095498837,0.11504229,-7.7944892e-06,1.3532187e-05,0.011065564
206,0.205,0.51999993,1.2856141,-0.297053,-1.5787342,-6.4046992e-08,2.7984303e-07,0.77816645,-1.5082836e-07,2.4426409e-07,-2.3569007,-0.010633347,1.3909992e-06,-2.2894095e-06,-0.00094411035,0.11383017,-7.9336671e-06,1.3749405e-05,0.010940531
207,0.206,0.51999993,1.2856102,-0.29705857,-1.5787457,-6.3429674e-08,2.7724465e-07,0.77815587,-1.4944146e-07,2.4198176e-07,-2.3569016,-0.010521315,1.3828694e-06,-2.2753552e-06,-0.00093335527,0.11263083,-8.0644488e-06,1.3952653e-05,0.010816901
208,0.207,0.51999993,1.2856063,-0.29706409,-1.5787571,-6.2816538e-08,2.7466207e-07,0.77814541,-1.4806274e-07,2.3971357e-07,-2.3569025,-0.010410465,1.3746209e-06,-2.2611179e-06,-0.00092272173,0.11144413,-8.1871401e-06,1.4142456e-05,0.010694657
209,0.208,0.51999993,1.2856025,-0.29706955,-1.5787684,-6.2207625e-08,2.720955e-07,0.77813505,-1.4669233e-07,2.374597e-07,-2.3569034,-0.010300782,1.3662614e-06,-2.2467101e-06,-0.00091220838,0.11026992,-8.302037e-06,1.4319319e-05,0.010573785
210,0.209,0.51999993,1.2855987,-0.29707495,-1.5787795,-6.1602972e-08,2.6954512e-07,0.7781248,-1.4533033e-07,2.3522031e-07,-2.3569043,-0.010192255,1.3577983e-06,-2.2321442e-06,-0.00090181387,0.10910809,-8.4094257e-06,1.4483731e-05,0.010454269
211,0.21,0.51999993,1.285595,-0.29708029,-1.5787906,-6.1002613e-08,2.6701113e-07,0.77811466,-1.4397683e-07,2.3299556e-07,-2.3569052,-0.010084871,1.3492387e-06,-2.2174318e-06,-0.00089153687,0.10795851,-8.5095831e-06,1.4636166e-05,0.010336094
212,0.211,0.51999993,1.2855913,-0.29708558,-1.5788015,-6.0406578e-08,2.6449367e-07,0.77810463,-1.4263194e-07,2.3078559e-07,-2.3569061,-0.0099786186,1.3405893e-06,-2.2025843e-06,-0.00088137605,0.10682103,-8.6027768e-06,1.477708e-05,0.010219245
213,0.212,0.51999993,1.2855876,-0.29709081,-1.5788123,-5.9814896e-08,2.6199292e-07,0.77809471,-1.4129574e-07,2.2859053e-07,-2.356907,-0.0098734858,1.3318568e-06,-2.1876124e-06,-0.00087133011,0.10569554,-8.6892655e-06,1.4906915e-05,0.010103708
214,0.213,0.51999994,1.285584,-0.29709598,-1.578823,-5.9227593e-08,2.5950901e-07,0.77808488,-1.3996831e-07,2.2641049e-07,-2.3569079,-0.0097694607,1.3230475e-06,-2.1725267e-06,-0.00086139776,0.10458191,-8.7692997e-06,1.5026096e-05,0.0099894675
215,0.214,0.51999994,1.2855804,-0.29710111,-1.5788336,-5.8644689e-08,2.5704207e-07,0.77807517,-1.3864972e-07,2.2424558e-07,-2.3569087,-0.0096665317,1.3141674e-06,-2.1573372e-06,-0.00085157773,0.10348001,-8.8431213e-06,1.5135037e-05,0.0098765092
216,0.215,0.51999994,1.2855768,-0.29710617,-1.578844,-5.8066205e-08,2.5459221e-07,0.77806555,-1.3734004e-07,2.2209591e-07,-2.3569096,-0.0095646871,1.3052225e-06,-2.1420536e-06,-0.00084186876,0.10238973,-8.9109643e-06,1.5234136e-05,0.0097648188
217,0.216,0.51999994,1.2855733,-0.29711119,-1.5788544,-5.7492158e-08,2.5215955e-07,0.77805604,-1.3603934e-07,2.1996156e-07,-2.3569104,-0.0094639156,1.2962184e-06,-2.126685e-06,-0.00083226959,0.10131093,-8.9730548e-06,1.5323776e-05,0.0096543824
218,0.217,0.51999994,1.2855698,-0.29711615,-1.5788646,-5.6922563e-08,2.4974419e-07,0.77804662,-1.3474766e-07,2.1784262e-07,-2.3569112,-0.0093642058,1.2871605e-06,-2.1112403e-06,-0.000822779,0.1002435,-9.0296117e-06,1.540433e-05,0.0095451859
219,0.218,0.51999994,1.2855664,-0.29712106,-1.5788748,-5.6357432e-08,2.4734621e-07,0.77803731,-1.3346507e-07,2.1573915e-07,-2.3569121,-0.0092655466,1.2780541e-06,-2.0957283e-06,-0.00081339577,0.099187312,-9.0808463e-06,1.5476156e-05,0.0094372155
220,0.219,0.51999994,1.285563,-0.29712591,-1.5788848,-5.5796776e-08,2.4496568e-07,0.77802809,-1.321916e-07,2.1365123e-07,-2.3569129,-0.0091679268,1.2689041e-06,-2.080157e-06,-0.00080411869,0.098142256,-9.126963e-06,1.5539601e-05,0.0093304574
221,0.22,0.51999994,1.2855596,-0.29713072,-1.5788947,-5.5240603e-08,2.4260268e-07,0.77801897,-1.309273e-07,2.115789e-07,-2.3569137,-0.0090713356,1.2597153e-06,-2.0645343e-06,-0.00079494658,0.097108211,-9.1681593e-06,1.5595e-05,0.0092248983
222,0.221,0.51999994,1.2855563,-0.29713548,-1.5789045,-5.4688917e-08,2.4025727e-07,0.77800995,-1.296722e-07,2.0952221e-07,-2.3569145,-0.0089757622,1.2504924e-06,-2.0488677e-06,-0.00078587824,0.096085062,-9.2046264e-06,1.5642676e-05,0.0091205247
223,0.222,0.51999994,1.285553,-0.29714018,-1.5789142,-5.4141725e-08,2.379295e-07,0.77800102,-1.2842635e-07,2.074812e-07,-2.3569152,-0.0088811956,1.2412399e-06,-2.0331647e-06,-0.00077691252,0.095072693,-9.2365487e-06,1.5682942e-05,0.0090173235
224,0.223,0.51999994,1.2855497,-0.29714484,-1.5789238,-5.3599028e-08,2.3561941e-07,0.77799218,-1.2718975e-07,2.0545591e-07,-2.356916,-0.0087876255,1.2319621e-06,-2.017432e-06,-0.00076804825,0.094070992,-9.2641046e-06,1.5716099e-05,0.0089152815
225,0.224,0.51999994,1.2855465,-0.29714944,-1.5789333,-5.3060826e-08,2.3332704e-07,0.77798344,-1.2596245e-07,2.0344636e-07,-2.3569168,-0.0086950412,1.2226629e-06,-2.0016764e-06,-0.00075928432,0.093079845,-9.2874666e-06,1.5742439e-05,0.0088143857
226,0.225,0.51999994,1.2855433,-0.297154,-1.5789427,-5.2527119e-08,2.3105242e-07,0.77797479,-1.2474445e-07,2.0145258e-07,-2.3569175,-0.0086034324,1.2133464e-06,-1.9859042e-06,-0.00075061957,0.092099141,-9.3068013e-06,1.5762241e-05,0.0087146236
227,0.226,0.51999994,1.2855401,-0.29715851,-1.578952,-5.1997903e-08,2.2879556e-07,0.77796623,-1.2353577e-07,1.9947457e-07,-2.3569183,-0.0085127889,1.2040164e-06,-1.9701217e-06,-0.00074205291,0.09112877,-9.3222696e-06,1.5775779e-05,0.0086159823
228,0.227,0.51999994,1.285537,-0.29716297,-1.5789613,-5.1473174e-08,2.2655648e-07,0.77795776,-1.2233642e-07,1.9751234e-07,-2.356919,-0.0084231003,1.1946765e-06,-1.9543346e-06,-0.00073358323,0.090168624,-9.3340273e-06,1.5783314e-05,0.0085184494
229,0.228,0.51999994,1.2855339,-0.29716739,-1.5789704,-5.0952927e-08,2.2433519e-07,0.77794939,-1.2114642e-07,1.955659e-07,-2.3569197,-0.0083343567,1.1853302e-06,-1.9385486e-06,-0.00072520944,0.089218595,-9.3422246e-06,1.5785099e-05,0.0084220125
230,0.229,0.51999994,1.2855309,-0.29717176,-1.5789794,-5.0437153e-08,2.2213168e-07,0.7779411,-1.1996577e-07,1.9363524e-07,-2.3569205,-0.0082465482,1.1759808e-06,-1.9227691e-06,-0.00071693045,0.088278575,-9.3470067e-06,1.5781378e-05,0.0083266593
231,0.23,0.51999995,1.2855278,-0.29717608,-1.5789883,-4.9925845e-08,2.1994596e-07,0.77793289,-1.1879446e-07,1.9172035e-07,-2.3569212,-0.0081596648,1.1666315e-06,-1.9070012e-06,-0.00070874522,0.087348461,-9.3485141e-06,1.5772387e-05,0.0082323779
232,0.231,0.51999995,1.2855248,-0.29718036,-1.5789971,-4.9418993e-08,2.1777802e-07,0.77792477,-1.176325e-07,1.8982122e-07,-2.3569219,-0.0080736968,1.1572855e-06,-1.8912499e-06,-0.00070065267,0.086428146,-9.3468822e-06,1.5758354e-05,0.0081391563
233,0.232,0.51999995,1.2855219,-0.29718459,-1.5790058,-4.8916584e-08,2.1562783e-07,0.77791674,-1.1647989e-07,1.8793784e-07,-2.3569226,-0.0079886346,1.1479455e-06,-1.8755198e-06,-0.00069265178,0.085517528,-9.3422421e-06,1.5739497e-05,0.0080469825
234,0.233,0.51999995,1.285519,-0.29718878,-1.5790145,-4.8418608e-08,2.1349537e-07,0.7779088,-1.1533661e-07,1.8607016e-07,-2.3569233,-0.0079044686,1.1386146e-06,-1.8598155e-06,-0.0006847415,0.084616506,-9.3347202e-06,1.571603e-05,0.0079558449
235,0.234,0.51999995,1.2855161,-0.29719292,-1.579023,-4.7925051e-08,2.1138063e-07,0.77790093,-1.1420265e-07,1.8421818e-07,-2.356924,-0.0078211893,1.1292953e-06,-1.8441413e-06,-0.00067692082,0.083724976,-9.3244388e-06,1.5688157e-05,0.007865732
236,0.235,0.51999995,1.2855132,-0.29719702,-1.5790315,-4.7435898e-08,2.0928356e-07,0.77789315,-1.13078e-07,1.8238185e-07,-2.3569246,-0.0077387876,1.1199902e-06,-1.8285013e-06,-0.00066918874,0.082842841,-9.3115158e-06,1.5656074e-05,0.0077766323
237,0.236,0.51999995,1.2855104,-0.29720108,-1.5790398,-4.6951133e-08,2.0720413e-07,0.77788546,-1.1196265e-07,1.8056114e-07,-2.3569253,-0.007657254,1.1107019e-06,-1.8128993e-06,-0.00066154426,0.08197,-9.2960653e-06,1.5619972e-05,0.0076885345
238,0.237,0.51999995,1.2855075,-0.29720509,-1.5790481,-4.6470741e-08,2.0514229e-07,0.77787784,-1.1085658e-07,1.7875601e-07,-2.3569259,-0.0075765795,1.1014326e-06,-1.7973393e-06,-0.00065398638,0.081106356,-9.2781972e-06,1.5580035e-05,0.0076014274
239,0.238,0.51999995,1.2855048,-0.29720906,-1.5790563,-4.5994704e-08,2.0309802e-07,0.7778703,-1.0975977e-07,1.7696642e-07,-2.3569266,-0.0074967549,1.0921847e-06,-1.7818246e-06,-0.00064651415,0.080251812,-9.2580179e-06,1.553644e-05,0.0075152999
240,0.239,0.51999995,1.285502,-0.29721299,-1.5790644,-4.5523004e-08,2.0107125e-07,0.77786284,-1.0867219e-07,1.7519231e-07,-2.3569272,-0.0074177714,1.0829603e-06,-1.7663588e-06,-0.00063912658,0.079406271,-9.2356301e-06,1.5489358e-05,0.0074301412
241,0.24,0.51999995,1.2854993,-0.29721688,-1.5790724,-4.5055622e-08,1.9906193e-07,0.77785546,-1.0759382e-07,1.7343365e-07,-2.3569279,-0.0073396201,1.0737614e-06,-1.7509451e-06,-0.00063182274,0.07856964,-9.2111327e-06,1.5438953e-05,0.0073459403
242,0.241,0.51999995,1.2854966,-0.29722072,-1.5790803,-4.4592539e-08,1.9707e-07,0.77784816,-1.0652464e-07,1.7169037e-07,-2.3569285,-0.0072622922,1.06459e-06,-1.7355865e-06,-0.00062460168,0.077741824,-9.1846214e-06,1.5385385e-05,0.0072626867
243,0.242,0.51999995,1.285494,-0.29722453,-1.5790882,-4.4133733e-08,1.9509541e-07,0.77784094,-1.0546461e-07,1.6996242e-07,-2.3569291,-0.007185779,1.055448e-06,-1.7202859e-06,-0.00061746247,0.07692273,-9.1561886e-06,1.5328807e-05,0.0071803696
244,0.243,0.51999995,1.2854913,-0.2972283,-1.5790959,-4.3679184e-08,1.931381e-07,0.77783379,-1.0441371e-07,1.6824974e-07,-2.3569297,-0.007110072,1.0463373e-06,-1.7050463e-06,-0.00061040419,0.076112267,-9.1259234e-06,1.5269366e-05,0.0070989787
245,0.244,0.51999995,1.2854887,-0.29723202,-1.5791036,-4.322887e-08,1.9119799e-07,0.77782672,-1.0337191e-07,1.6655226e-07,-2.3569303,-0.0070351626,1.0372594e-06,-1.6898702e-06,-0.00060342592,0.075310343,-9.0939118e-06,1.5207205e-05,0.0070185036
246,0.245,0.51999995,1.2854862,-0.29723571,-1.5791112,-4.2782768e-08,1.8927502e-07,0.77781972,-1.0233916e-07,1.6486993e-07,-2.3569309,-0.0069610425,1.028216e-06,-1.6747601e-06,-0.00059652677,0.074516868,-9.0602368e-06,1.5142461e-05,0.0069389341
247,0.246,0.51999995,1.2854836,-0.29723936,-1.5791187,-4.2340856e-08,1.8736911e-07,0.7778128,-1.0131544e-07,1.6320268e-07,-2.3569315,-0.0068877033,1.0192086e-06,-1.6597184e-06,-0.00058970585,0.073731754,-9.0249786e-06,1.5075267e-05,0.00686026
248,0.247,0.51999995,1.2854811,-0.29724297,-1.5791262,-4.190311e-08,1.8548019e-07,0.77780594,-1.0030071e-07,1.6155043e-07,-2.3569321,-0.0068151368,1.0102388e-06,-1.6447474e-06,-0.00058296227,0.072954912,-8.9882144e-06,1.500575e-05,0.0067824714
249,0.248,0.51999995,1.2854786,-0.29724654,-1.5791335,-4.1469506e-08,1.8360818e-07,0.77779916,-9.9294924e-08,1.5991311e-07,-2.3569327,-0.0067433348,1.0013078e-06,-1.6298492e-06,-0.00057629517,0.072186256,-8.9500188e-06,1.4934033e-05,0.0067055583
250,0.249,0.51999995,1.2854761,-0.29725008,-1.5791408,-4.1040019e-08,1.81753e-07,0.77779246,-9.8298051e-08,1.5829065e-07,-2.3569333,-0.0066722894,9.9241716e-07,-1.6150259e-06,-0.00056970368,0.071425698,-8.9104638e-06,1.4860235e-05,0.0066295109
251,0.25,0.51999995,1.2854737,-0.29725357,-1.579148,-4.0614625e-08,1.7991457e-07,0.77778582,-9.7310049e-08,1.5668298e-07,-2.3569338,-0.0066019925,9.8356797e-07,-1.6002793e-06,-0.00056318696,0.070673154,-8.8696188e-06,1.478447e-05,0.0065543197
252,0.251,0.51999996,1.2854713,-0.29725703,-1.5791552,-4.0193299e-08,1.7809281e-07,0.77777925,-9.6330873e-08,1.5509002e-07,-2.3569344,-0.0065324363,9.7476145e-07,-1.5856113e-06,-0.00055674416,0.069928539,-8.8275508e-06,1.4706847e-05,0.006479975
253,0.252,0.51999996,1.2854689,-0.29726046,-1.5791622,-3.9776013e-08,1.7628762e-07,0.77777275,-9.5360482e-08,1.5351168e-07,-2.356935,-0.0064636129,9.6599874e-07,-1.5710235e-06,-0.00055037444,0.06919177,-8.7843242e-06,1.4627473e-05,0.0064064673
254,0.253,0.51999996,1.2854665,-0.29726385,-1.5791692,-3.9362744e-08,1.7449892e-07,0.77776632,-9.4398831e-08,1.5194789e-07,-2.3569355,-0.0063955147,9.572809e-07,-1.5565176e-06,-0.000544077,0.068462763,-8.7400014e-06,1.4546449e-05,0.0063337873
255,0.254,0.51999996,1.2854642,-0.2972672,-1.5791761,-3.8953463e-08,1.7272662e-07,0.77775996,-9.3445875e-08,1.5039856e-07,-2.356936,-0.0063281339,9.4860894e-07,-1.542095e-06,-0.000537851,0.067741438,-8.6946423e-06,1.4463874e-05,0.0062619258
256,0.255,0.51999996,1.2854619,-0.29727051,-1.5791829,-3.8548144e-08,1.7097063e-07,0.77775367,-9.2501567e-08,1.4886362e-07,-2.3569366,-0.006261463,9.399838e-07,-1.5277571e-06,-0.00053169566,0.067027713,-8.648305e-06,1.4379843e-05,0.0061908735
257,0.256,0.51999996,1.2854596,-0.2972738,-1.5791897,-3.8146761e-08,1.6923085e-07,0.77774744,-9.156586e-08,1.4734296e-07,-2.3569371,-0.0061954946,9.3140638e-07,-1.5135054e-06,-0.00052561016,0.066321508,-8.6010451e-06,1.4294446e-05,0.0061206215
258,0.257,0.51999996,1.2854573,-0.29727704,-1.5791964,-3.7749285e-08,1.6750718e-07,0.77774128,-9.0638706e-08,1.4583652e-07,-2.3569376,-0.0061302213,9.2287753e-07,-1.499341e-06,-0.00051959373,0.065622744,-8.5529165e-06,1.4207771e-05,0.0060511608
259,0.258,0.51999996,1.2854551,-0.29728026,-1.579203,-3.735569e-08,1.6579954e-07,0.77773518,-8.9720056e-08,1.4434419e-07,-2.3569381,-0.0060656356,9.1439803e-07,-1.485265e-06,-0.00051364559,0.064931342,-8.5039709e-06,1.4119903e-05,0.0059824825
260,0.259,0.51999996,1.2854529,-0.29728344,-1.5792095,-3.6965948e-08,1.6410781e-07,0.77772914,-8.8809861e-08,1.428659e-07,-2.3569387,-0.0060017305,9.0596863e-07,-1.4712786e-06,-0.00050776496,0.064247226,-8.4542584e-06,1.4030922e-05,0.0059145779
261,0.26,0.51999996,1.2854507,-0.29728658,-1.579216,-3.658003e-08,1.6243191e-07,0.77772317,-8.7908069e-08,1.4140155e-07,-2.3569392,-0.0059384986,8.9759002e-07,-1.4573827e-06,-0.00050195109,0.063570317,-8.403827e-06,1.3940906e-05,0.0058474383
262,0.261,0.51999996,1.2854485,-0.29728969,-1.5792224,-3.6197908e-08,1.6077173e-07,0.77771727,-8.7014629e-08,1.3995104e-07,-2.3569397,-0.0058759329,8.8926285e-07,-1.4435782e-06,-0.00049620323,0.062900541,-8.3527231e-06,1.3849932e-05,0.0057810552
263,0.262,0.51999996,1.2854464,-0.29729277,-1.5792287,-3.5819555e-08,1.5912718e-07,0.77771142,-8.6129491e-08,1.385143e-07,-2.3569402,-0.0058140265,8.8098772e-07,-1.4298661e-06,-0.00049052063,0.062237822,-8.3009914e-06,1.375807e-05,0.0057154201
264,0.263,0.51999996,1.2854443,-0.29729582,-1.579235,-3.5444942e-08,1.5749814e-07,0.77770564,-8.5252602e-08,1.3709122e-07,-2.3569406,-0.0057527723,8.7276521e-07,-1.416247e-06,-0.00048490255,0.061582085,-8.2486748e-06,1.3665391e-05,0.0056505246
265,0.264,0.51999996,1.2854422,-0.29729883,-1.5792412,-3.507404e-08,1.5588451e-07,0.77769991,-8.4383908e-08,1.3568171e-07,-2.3569411,-0.0056921634,8.6459582e-07,-1.4027218e-06,-0.00047934827,0.060933257,-8.1958148e-06,1.3571961e-05,0.0055863605
266,0.265,0.51999996,1.2854401,-0.29730182,-1.5792474,-3.4706821e-08,1.542862e-07,0.77769425,-8.3523357e-08,1.3428568e-07,-2.3569416,-0.0056321931,8.5648005e-07,-1.389291e-06,-0.00047385707,0.060291266,-8.1424513e-06,1.3477845e-05,0.0055229196
267,0.266,0.51999996,1.285438,-0.29730477,-1.5792534,-3.4343255e-08,1.5270309e-07,0.77768865,-8.2670894e-08,1.3290303e-07,-2.3569421,-0.0055728547,8.4841834e-07,-1.3759553e-06,-0.00046842824,0.059656039,-8.0886225e-06,1.3383104e-05,0.0054601938
268,0.267,0.51999996,1.285436,-0.29730769,-1.5792594,-3.3983314e-08,1.5113508e-07,0.77768311,-8.1826466e-08,1.3153367e-07,-2.3569425,-0.0055141415,8.4041111e-07,-1.3627151e-06,-0.00046306107,0.059027505,-8.0343656e-06,1.3287797e-05,0.005398175
269,0.268,0.51999996,1.285434,-0.29731058,-1.5792654,-3.362697e-08,1.4958206e-07,0.77767762,-8.0990017e-08,1.3017751e-07,-2.356943,-0.0054560468,8.3245872e-07,-1.349571e-06,-0.00045775488,0.058405594,-7.9797159e-06,1.3191982e-05,0.0053368554
270,0.269,0.51999996,1.285432,-0.29731344,-1.5792713,-3.3274192e-08,1.4804393e-07,0.77767219,-8.0161493e-08,1.2883444e-07,-2.3569435,-0.0053985643,8.2456151e-07,-1.3365235e-06,-0.00045250897,0.057790235,-7.9247077e-06,1.3095712e-05,0.0052762271
271,0.27,0.51999996,1.28543,-0.29731627,-1.5792771,-3.2924953e-08,1.4652057e-07,0.77766682,-7.9340839e-08,1.2750436e-07,-2.3569439,-0.0053416874,8.1671981e-07,-1.3235728e-06,-0.00044732266,0.05718136,-7.869374e-06,1.2999042e-05,0.0052162825
272,0.271,0.51999996,1.2854281,-0.29731907,-1.5792828,-3.2579223e-08,1.4501189e-07,0.77766151,-7.8527998e-08,1.2618719e-07,-2.3569444,-0.0052854097,8.0893387e-07,-1.3107193e-06,-0.00044219528,0.0565789,-7.8137462e-06,1.290202e-05,0.0051570137
273,0.272,0.51999996,1.2854262,-0.29732184,-1.5792885,-3.2236972e-08,1.4351777e-07,0.77765625,-7.7722915e-08,1.2488283e-07,-2.3569448,-0.005229725,8.0120396e-07,-1.2979632e-06,-0.00043712616,0.055982788,-7.757855e-06,1.2804696e-05,0.0050984134
274,0.273,0.51999996,1.2854243,-0.29732458,-1.5792942,-3.1898173e-08,1.420381e-07,0.77765105,-7.6925534e-08,1.2359117e-07,-2.3569452,-0.0051746269,7.935303e-07,-1.2853049e-06,-0.00043211466,0.055392956,-7.7017294e-06,1.2707116e-05,0.0050404739
275,0.274,0.51999996,1.2854224,-0.29732729,-1.5792998,-3.1562796e-08,1.4057277e-07,0.7776459,-7.6135798e-08,1.2231212e-07,-2.3569457,-0.0051201094,7.8591307e-07,-1.2727445e-06,-0.00042716011,0.05480934,-7.6453977e-06,1.2609324e-05,0.0049831879
276,0.275,0.51999997,1.2854205,-0.29732997,-1.5793053,-3.1230812e-08,1.3912168e-07,0.77764081,-7.5353651e-08,1.2104558e-07,-2.3569461,-0.0050661663,7.7835243e-07,-1.2602821e-06,-0.00042226189,0.054231872,-7.5888867e-06,1.2511363e-05,0.0049265481
277,0.276,0.51999997,1.2854187,-0.29733263,-1.5793107,-3.0902191e-08,1.3768471e-07,0.77763577,-7.4579037e-08,1.1979146e-07,-2.3569465,-0.0050127915,7.7084854e-07,-1.2479179e-06,-0.00041741934,0.053660489,-7.5322226e-06,1.2413275e-05,0.0048705472
278,0.277,0.51999997,1.2854168,-0.29733526,-1.5793161,-3.0576906e-08,1.3626176e-07,0.77763078,-7.3811897e-08,1.1854965e-07,-2.3569469,-0.004959979,7.6340151e-07,-1.2356518e-06,-0.00041263185,0.053095127,-7.4754301e-06,1.2315098e-05,0.0048151781
279,0.278,0.51999997,1.285415,-0.29733786,-1.5793215,-3.0254927e-08,1.3485271e-07,0.77762585,-7.3052177e-08,1.1732006e-07,-2.3569473,-0.004907723,7.5601143e-07,-1.2234841e-06,-0.00040789878,0.052535721,-7.4185332e-06,1.221687e-05,0.0047604337
280,0.279,0.51999997,1.2854132,-0.29734043,-1.5793268,-2.9936226e-08,1.3345746e-07,0.77762097,-7.2299818e-08,1.1610258e-07,-2.3569477,-0.0048560175,7.4867836e-07,-1.2114146e-06,-0.00040321954,0.051982209,-7.3615549e-06,1.2118627e-05,0.0047063069
281,0.28,0.51999997,1.2854115,-0.29734297,-1.579332,-2.9620773e-08,1.320759e-07,0.77761614,-7.1554763e-08,1.1489713e-07,-2.3569481,-0.0048048569,7.4140236e-07,-1.1994433e-06,-0.00039859351,0.051434529,-7.3045173e-06,1.2020403e-05,0.004652791
282,0.281,0.51999997,1.2854097,-0.29734549,-1.5793372,-2.930854e-08,1.3070791e-07,0.77761136,-7.0816956e-08,1.137036e-07,-2.3569485,-0.0047542352,7.3418346e-07,-1.1875701e-06,-0.00039402008,0.05089262,-7.2474414e-06,1.1922232e-05,0.0045998789
283,0.282,0.51999997,1.285408,-0.29734798,-1.5793423,-2.8999498e-08,1.2935339e-07,0.77760663,-7.0086339e-08,1.1252189e-07,-2.3569489,-0.0047041469,7.2702166e-07,-1.175795e-06,-0.00038949868,0.05035642,-7.1903476e-06,1.1824145e-05,0.0045475641
284,0.283,0.51999997,1.2854063,-0.29735045,-1.5793474,-2.8693619e-08,1.2801222e-07,0.77760195,-6.9362855e-08,1.1135191e-07,-2.3569493,-0.0046545863,7.1991695e-07,-1.1641179e-06,-0.0003850287,0.04982587,-7.1332553e-06,1.1726172e-05,0.0044958397
285,0.284,0.51999997,1.2854046,-0.29735289,-1.5793524,-2.8390874e-08,1.266843e-07,0.77759732,-6.8646448e-08,1.1019356e-07,-2.3569497,-0.0046055478,7.128693e-07,-1.1525384e-06,-0.00038060957,0.04930091,-7.0761832e-06,1.1628343e-05,0.0044446991
286,0.285,0.51999997,1.2854029,-0.2973553,-1.5793573,-2.8091236e-08,1.2536952e-07,0.77759274,-6.793706e-08,1.0904673e-07,-2.3569501,-0.0045570261,7.0587867e-07,-1.1410566e-06,-0.00037624072,0.048781481,-7.0191491e-06,1.1530684e-05,0.0043941359
287,0.286,0.51999997,1.2854013,-0.29735769,-1.5793622,-2.7794675e-08,1.2406776e-07,0.7775882,-6.7234634e-08,1.0791135e-07,-2.3569504,-0.0045090155,6.9894499e-07,-1.1296721e-06,-0.00037192157,0.048267525,-6.9621702e-06,1.1433222e-05,0.0043441435
288,0.287,0.51999997,1.2853996,-0.29736005,-1.5793671,-2.7501164e-08,1.2277893e-07,0.77758372,-6.6539113e-08,1.0678729e-07,-2.3569508,-0.0044615108,6.9206818e-07,-1.1183847e-06,-0.00036765157,0.047758984,-6.9052627e-06,1.1335983e-05,0.0042947155
289,0.288,0.51999997,1.285398,-0.29736239,-1.5793719,-2.7210675e-08,1.215029e-07,0.77757928,-6.5850441e-08,1.0567448e-07,-2.3569512,-0.0044145066,6.8524815e-07,-1.1071942e-06,-0.00036343016,0.047255801,-6.8484425e-06,1.1238991e-05,0.0042458456
290,0.289,0.51999997,1.2853964,-0.2973647,-1.5793767,-2.692318e-08,1.2023957e-07,0.77757489,-6.516856e-08,1.0457281e-07,-2.3569515,-0.0043679976,6.7848478e-07,-1.0961003e-06,-0.00035925679,0.04675792,-6.7917244e-06,1.1142267e-05,0.0041975276
291,0.29,0.51999997,1.2853948,-0.29736699,-1.5793814,-2.6638651e-08,1.1898884e-07,0.77757054,-6.4493414e-08,1.0348218e-07,-2.3569519,-0.0043219787,6.7177796e-07,-1.0851027e-06,-0.00035513092,0.046265285,-6.735123e-06,1.1045835e-05,0.0041497553
292,0.291,0.51999997,1.2853933,-0.29736926,-1.579386,-2.6357061e-08,1.1775059e-07,0.77756624,-6.3824948e-08,1.0240251e-07,-2.3569522,-0.0042764445,6.6512754e-07,-1.074201e-06,-0.00035105201,0.04577784,-6.6786517e-06,1.0949714e-05,0.0041025225
293,0.292,0.51999997,1.2853917,-0.2973715,-1.5793906,-2.6078382e-08,1.1652472e-07,0.77756199,-6.3163103e-08,1.0133368e-07,-2.3569526,-0.0042313902,6.5853338e-07,-1.063395e-06,-0.00034701954,0.045295532,-6.6223239e-06,1.0853926e-05,0.0040558231
294,0.293,0.51999997,1.2853902,-0.29737372,-1.5793952,-2.5802587e-08,1.1531112e-07,0.77755778,-6.2507825e-08,1.0027562e-07,-2.3569529,-0.0041868105,6.5199532e-07,-1.0526842e-06,-0.00034303298,0.044818304,-6.5661519e-06,1.0758488e-05,0.0040096513
295,0.294,0.51999997,1.2853886,-0.29737591,-1.5793997,-2.5529649e-08,1.1410968e-07,0.77755361,-6.1859056e-08,9.9228221e-08,-2.3569533,-0.0041427005,6.4551317e-07,-1.0420684e-06,-0.0003390918,0.044346105,-6.5101478e-06,1.0663418e-05,0.0039640011
296,0.295,0.51999997,1.2853871,-0.29737808,-1.5794041,-2.525954e-08,1.129203e-07,0.77754949,-6.1216742e-08,9.8191389e-08,-2.3569536,-0.0040990552,6.3908676e-07,-1.031547e-06,-0.0003351955,0.043878882,-6.4543229e-06,1.0568734e-05,0.0039188666
297,0.296,0.51999997,1.2853857,-0.29738023,-1.5794085,-2.4992234e-08,1.1174286e-07,0.77754542,-6.0580827e-08,9.7165033e-08,-2.356954,-0.0040558698,6.3271589e-07,-1.0211197e-06,-0.00033134357,0.043416581,-6.398688e-06,1.0474452e-05,0.0038742421
298,0.297,0.51999997,1.2853842,-0.29738235,-1.5794129,-2.4727704e-08,1.1057728e-07,0.77754138,-5.9951255e-08,9.6149056e-08,-2.3569543,-0.0040131393,6.2640035e-07,-1.010786e-06,-0.00032753551,0.042959151,-6.3432536e-06,1.0380587e-05,0.0038301218
299,0.298,0.51999997,1.2853827,-0.29738446,-1.5794172,-2.4465924e-08,1.0942343e-07,0.77753739,-5.9327971e-08,9.5143367e-08,-2.3569546,-0.0039708591,6.2013994e-07,-1.0005456e-06,-0.00032377082,0.04250654,-6.2880296e-06,1.0287154e-05,0.0037865
300,0.299,0.51999997,1.2853813,-0.29738654,-1.5794215,-2.4206868e-08,1.0828121e-07,0.77753344,-5.871092e-08,9.4147872e-08,-2.3569549,-0.0039290243,6.1393441e-07,-9.903979e-07,-0.00032004901,0.042058698,-6.2330251e-06,1.0194166e-05,0.0037433713
301,0.3,0.51999997,1.2853799,-0.2973886,-1.5794257,-2.3950508e-08,1.0715053e-07,0.77752953,-5.8100048e-08,9.3162479e-08,-2.3569552,-0.0038876303,6.0778355e-07,-9.8034252e-07,-0.0003163696,0.041615575,-6.1782493e-06,1.0101637e-05,0.0037007299
302,0.301,0.51999997,1.2853785,-0.29739064,-1.5794299,-2.369682e-08,1.0603127e-07,0.77752566,-5.7495299e-08,9.2187095e-08,-2.3569556,-0.0038466724,6.0168711e-07,-9.7037897e-07,-0.00031273211,0.041177121,-6.1237106e-06,1.0009579e-05,0.0036585706
303,0.302,0.51999997,1.2853771,-0.29739265,-1.579434,-2.3445776e-08,1.0492333e-07,0.77752184,-5.6896619e-08,9.1221629e-08,-2.3569559,-0.003806146,5.9564484e-07,-9.6050676e-07,-0.00030913607,0.040743286,-6.069417e-06,9.9180025e-06,0.0036168878
304,0.303,0.51999997,1.2853757,-0.29739465,-1.5794381,-2.3197352e-08,1.0382662e-07,0.77751805,-5.6303955e-08,9.026599e-08,-2.3569562,-0.0037660467,5.8965648e-07,-9.5072538e-07,-0.000305581,0.040314023,-6.0153762e-06,9.8269199e-06,0.0035756763
305,0.304,0.51999997,1.2853743,-0.29739662,-1.5794422,-2.2951522e-08,1.0274102e-07,0.7775143,-5.5717252e-08,8.9320088e-08,-2.3569565,-0.0037263697,5.8372178e-07,-9.4103433e-07,-0.00030206644,0.039889282,-5.9615954e-06,9.7363411e-06,0.0035349306
306,0.305,0.51999997,1.285373,-0.29739857,-1.5794462,-2.2708261e-08,1.0166644e-07,0.7775106,-5.5136458e-08,8.8383832e-08,-2.3569568,-0.0036871109,5.7784045e-07,-9.3143309e-07,-0.00029859193,0.039469016,-5.9080814e-06,9.6462757e-06,0.0034946457
307,0.306,0.51999997,1.2853716,-0.2974005,-1.5794502,-2.2467543e-08,1.0060277e-07,0.77750693,-5.4561518e-08,8.7457132e-08,-2.3569571,-0.0036482656,5.7201223e-07,-9.2192112e-07,-0.00029515703,0.039053179,-5.8548407e-06,9.556733e-06,0.0034548163
308,0.307,0.51999997,1.2853703,-0.29740242,-1.5794541,-2.2229343e-08,9.9549924e-08,0.7775033,-5.399238e-08,8.65399e-08,-2.3569574,-0.0036098296,5.6623684e-07,-9.1249791e-07,-0.00029176129,0.038641722,-5.8018795e-06,9.4677214e-06,0.0034154373
309,0.308,0.51999998,1.285369,-0.29740431,-1.579458,-2.1993638e-08,9.8507788e-08,0.77749971,-5.3428992e-08,8.5632048e-08,-2.3569577,-0.0035717986,5.6051397e-07,-9.031629e-07,-0.00028840425,0.038234601,-5.7492036e-06,9.379249e-06,0.0033765036
310,0.309,0.51999998,1.2853677,-0.29740618,-1.5794618,-2.1760401e-08,9.7476267e-08,0.77749616,-5.28713e-08,8.4733487e-08,-2.356958,-0.0035341682,5.5484334e-07,-8.9391554e-07,-0.00028508548,0.037831769,-5.6968183e-06,9.2913233e-06,0.0033380103
311,0.31,0.51999998,1.2853664,-0.29740803,-1.5794656,-2.1529609e-08,9.6455263e-08,0.77749264,-5.2319253e-08,8.3844129e-08,-2.3569582,-0.0034969343,5.4922466e-07,-8.8475527e-07,-0.00028180456,0.037433182,-5.6447289e-06,9.2039512e-06,0.0032999524
312,0.311,0.51999998,1.2853652,-0.29740986,-1.5794694,-2.1301237e-08,9.5444678e-08,0.77748916,-5.1772799e-08,8.2963889e-08,-2.3569585,-0.0034600927,5.4365761e-07,-8.7568154e-07,-0.00027856105,0.037038794,-5.5929401e-06,9.1171392e-06,0.003262325
313,0.312,0.51999998,1.2853639,-0.29741168,-1.5794731,-2.1075261e-08,9.4444413e-08,0.77748572,-5.1231886e-08,8.209268e-08,-2.3569588,-0.0034236393,5.381419e-07,-8.6669377e-07,-0.00027535453,0.036648562,-5.5414564e-06,9.0308934e-06,0.0032251233
314,0.313,0.51999998,1.2853627,-0.29741347,-1.5794768,-2.0851658e-08,9.3454373e-08,0.77748231,-5.0696464e-08,8.1230416e-08,-2.3569591,-0.0033875699,5.326772e-07,-8.5779138e-07,-0.00027218458,0.036262441,-5.4902821e-06,8.9452193e-06,0.0031883425
315,0.314,0.51999998,1.2853615,-0.29741525,-1.5794804,-2.0630404e-08,9.2474461e-08,0.77747894,-5.0166481e-08,8.0377012e-08,-2.3569593,-0.0033518805,5.2726321e-07,-8.4897381e-07,-0.00026905078,0.035880388,-5.4394212e-06,8.860122e-06,0.0031519779
316,0.315,0.51999998,1.2853602,-0.297417,-1.579484,-2.0411475e-08,9.1504581e-08,0.77747561,-4.9641887e-08,7.9532384e-08,-2.3569596,-0.0033165672,5.2189961e-07,-8.4024046e-07,-0.00026595273,0.035502361,-5.3888773e-06,8.7756062e-06,0.0031160247
317,0.316,0.51999998,1.285359,-0.29741874,-1.5794876,-2.0194847e-08,9.0544638e-08,0.77747231,-4.9122632e-08,7.8696447e-08,-2.3569599,-0.0032816259,5.1658607e-07,-8.3159075e-07,-0.00026289003,0.035128317,-5.3386538e-06,8.6916763e-06,0.0030804784
318,0.317,0.51999998,1.2853579,-0.29742046,-1.5794911,-1.9980499e-08,8.9594538e-08,0.77746905,-4.8608665e-08,7.7869119e-08,-2.3569601,-0.0032470527,5.1132226e-07,-8.2302409e-07,-0.00025986226,0.034758213,-5.2887541e-06,8.6083362e-06,0.0030453344
319,0.318,0.51999998,1.2853567,-0.29742216,-1.5794946,-1.9768406e-08,8.8654187e-08,0.77746582,-4.8099938e-08,7.7050317e-08,-2.3569604,-0.0032128438,5.0610787e-07,-8.1453987e-07,-0.00025686905,0.034392009,-5.2391809e-06,8.5255894e-06,0.0030105882
320,0.319,0.51999998,1.2853555,-0.29742385,-1.579498,-1.9558546e-08,8.7723493e-08,0.77746262,-4.75964e-08,7.6239957e-08,-2.3569606,-0.0031789953,5.0094255e-07,-8.0613751e-07,-0.00025390999,0.034029664,-5.1899371e-06,8.4434391e-06,0.0029762353
321,0.32,0.51999998,1.2853544,-0.29742551,-1.5795014,-1.9350897e-08,8.6802362e-08,0.77745946,-4.7098004e-08,7.543796e-08,-2.3569609,-0.0031455035,4.9582598e-07,-7.9781639e-07,-0.0002509847,0.033671136,-5.1410251e-06,8.3618882e-06,0.0029422712
322,0.321,0.51999998,1.2853532,-0.29742716,-1.5795048,-1.9145436e-08,8.5890704e-08,0.77745633,-4.66047e-08,7.4644244e-08,-2.3569611,-0.0031123644,4.9075783e-07,-7.8957593e-07,-0.0002480928,0.033316386,-5.0924473e-06,8.2809392e-06,0.0029086917
323,0.322,0.51999998,1.2853521,-0.29742879,-1.5795082,-1.8942141e-08,8.4988426e-08,0.77745323,-4.611644e-08,7.3858728e-08,-2.3569614,-0.0030795746,4.8573774e-07,-7.8141551e-07,-0.00024523391,0.032965373,-5.0442057e-06,8.2005942e-06,0.0028754924
324,0.323,0.51999998,1.285351,-0.2974304,-1.5795115,-1.874099e-08,8.4095439e-08,0.77745017,-4.5633176e-08,7.3081333e-08,-2.3569616,-0.0030471302,4.8076539e-07,-7.7333452e-07,-0.00024240765,0.032618059,-4.9963022e-06,8.1208553e-06,0.0028426689
325,0.324,0.51999998,1.2853499,-0.297432,-1.5795147,-1.8541961e-08,8.3211653e-08,0.77744714,-4.5154861e-08,7.231198e-08,-2.3569619,-0.0030150276,4.7584043e-07,-7.6533236e-07,-0.00023961366,0.032274404,-4.9487385e-06,8.041724e-06,0.0028102172
326,0.325,0.51999998,1.2853488,-0.29743358,-1.579518,-1.8345032e-08,8.2336979e-08,0.77744414,-4.4681448e-08,7.155059e-08,-2.3569621,-0.0029832633,4.7096253e-07,-7.5740842e-07,-0.00023685157,0.031934369,-4.9015161e-06,7.9632017e-06,0.002778133
327,0.326,0.51999998,1.2853477,-0.29743514,-1.5795212,-1.8150183e-08,8.1471328e-08,0.77744117,-4.4212889e-08,7.0797085e-08,-2.3569624,-0.0029518336,4.6613133e-07,-7.4956209e-07,-0.00023412102,0.031597918,-4.8546365e-06,7.8852894e-06,0.0027464122
328,0.327,0.51999998,1.2853467,-0.29743669,-1.5795244,-1.7957391e-08,8.0614613e-08,0.77743824,-4.3749139e-08,7.0051388e-08,-2.3569626,-0.002920735,4.613465e-07,-7.4179275e-07,-0.00023142165,0.031265011,-4.8081006e-06,7.8079879e-06,0.0027150506
329,0.328,0.51999998,1.2853456,-0.29743822,-1.5795275,-1.7766636e-08,7.9766747e-08,0.77743533,-4.329015e-08,6.9313423e-08,-2.3569628,-0.0028899641,4.5660768e-07,-7.340998e-07,-0.0002287531,0.030935612,-4.7619097e-06,7.7312979e-06,0.0026840443
330,0.329,0.51999998,1.2853446,-0.29743974,-1.5795306,-1.7577897e-08,7.8927643e-08,0.77743246,-4.2835878e-08,6.8583112e-08,-2.356963,-0.0028595174,4.5191454e-07,-7.2648262e-07,-0.00022611504,0.030609684,-4.7160646e-06,7.6552196e-06,0.0026533893
331,0.33,0.51999998,1.2853435,-0.29744123,-1.5795337,-1.7391154e-08,7.8097216e-08,0.77742961,-4.2386276e-08,6.7860382e-08,-2.3569633,-0.0028293914,4.4726673e-07,-7.189406e-07,-0.00022350711,0.030287189,-4.6705659e-06,7.5797531e-06,0.0026230815
332,0.331,0.51999998,1.2853425,-0.29744272,-1.5795367,-1.7206384e-08,7.7275381e-08,0.7774268,-4.1941299e-08,6.7145156e-08,-2.3569635,-0.0027995829,4.4266389e-07,-7.1147313e-07,-0.00022092898,0.029968092,-4.6254142e-06,7.5048984e-06,0.0025931172
333,0.332,0.51999998,1.2853415,-0.29744418,-1.5795397,-1.702357e-08,7.6462054e-08,0.77742401,-4.1500903e-08,6.6437361e-08,-2.3569637,-0.0027700884,4.3810568e-07,-7.0407959e-07,-0.0002183803,0.029652358,-4.58061e-06,7.4306551e-06,0.0025634924
334,0.333,0.51999998,1.2853405,-0.29744564,-1.5795427,-1.6842689e-08,7.565715e-08,0.77742126,-4.1065043e-08,6.5736924e-08,-2.3569639,-0.0027409046,4.3359175e-07,-6.9675939e-07,-0.00021586074,0.02933995,-4.5361536e-06,7.3570227e-06,0.0025342033
335,0.334,0.51999998,1.2853395,-0.29744707,-1.5795456,-1.6663723e-08,7.4860587e-08,0.77741853,-4.0633675e-08,6.504377e-08,-2.3569641,-0.0027120284,4.2912176e-07,-6.895119e-07,-0.00021336997,0.029030833,-4.4920452e-06,7.2840005e-06,0.0025052461
336,0.335,0.51999998,1.2853385,-0.29744849,-1.5795485,-1.6486652e-08,7.4072283e-08,0.77741583,-4.0206756e-08,6.4357827e-08,-2.3569644,-0.0026834563,4.2469536e-07,-6.8233652e-07,-0.00021090767,0.028724973,-4.4482848e-06,7.2115876e-06,0.0024766172
337,0.336,0.51999998,1.2853376,-0.2974499,-1.5795514,-1.6311455e-08,7.3292156e-08,0.77741316,-3.9784241e-08,6.3679025e-08,-2.3569646,-0.0026551853,4.2031219e-07,-6.7523264e-07,-0.00020847351,0.028422336,-4.4048723e-06,7.139783e-06,0.0024483127
338,0.337,0.51999998,1.2853366,-0.29745129,-1.5795543,-1.6138114e-08,7.2520125e-08,0.77741052,-3.9366088e-08,6.3007291e-08,-2.3569648,-0.0026272121,4.1597192e-07,-6.6819965e-07,-0.00020606717,0.028122888,-4.3618077e-06,7.0685855e-06,0.0024203291
339,0.338,0.51999998,1.2853357,-0.29745267,-1.5795571,-1.5966609e-08,7.175611e-08,0.77740791,-3.8952255e-08,6.2342555e-08,-2.356965,-0.0025995337,4.1167419e-07,-6.6123695e-07,-0.00020368834,0.027826594,-4.3190905e-06,6.9979936e-06,0.0023926628
340,0.339,0.51999998,1.2853347,-0.29745403,-1.5795599,-1.5796922e-08,7.1000031e-08,0.77740532,-3.8542698e-08,6.1684747e-08,-2.3569652,-0.0025721469,4.0741865e-07,-6.5434394e-07,-0.00020133671,0.027533423,-4.2767206e-06,6.9280059e-06,0.0023653101
341,0.34,0.51999998,1.2853338,-0.29745538,-1.5795626,-1.5629033e-08,7.025181e-08,0.77740276,-3.8137375e-08,6.1033798e-08,-2.3569654,-0.0025450486,4.0320496e-07,-6.4752001e-07,-0.00019901196,0.02724334,-4.2346973e-06,6.8586207e-06,0.0023382675
342,0.341,0.51999998,1.2853329,-0.29745671,-1.5795653,-1.5462924e-08,6.9511368e-08,0.77740023,-3.7736246e-08,6.0389638e-08,-2.3569656,-0.0025182358,3.9903278e-07,-6.4076457e-07,-0.0001967138,0.026956313,-4.1930201e-06,6.7898361e-06,0.0023115317
343,0.342,0.51999998,1.285332,-0.29745803,-1.579568,-1.5298576e-08,6.8778628e-08,0.77739773,-3.7339269e-08,5.97522e-08,-2.3569658,-0.0024917055,3.9490176e-07,-6.3407701e-07,-0.00019444192,0.026672311,-4.1516883e-06,6.7216502e-06,0.002285099
344,0.343,0.51999998,1.2853311,-0.29745934,-1.5795707,-1.5135971e-08,6.8053512e-08,0.77739525,-3.6946402e-08,5.9121417e-08,-2.356966,-0.0024654547,3.9081155e-07,-6.2745674e-07,-0.00019219602,0.026391301,-4.1107013e-06,6.654061e-06,0.0022589661
345,0.344,0.51999998,1.2853302,-0.29746063,-1.5795734,-1.497509e-08,6.7335945e-08,0.77739279,-3.6557605e-08,5.849722e-08,-2.3569662,-0.0024394804,3.8676182e-07,-6.2090317e-07,-0.00018997581,0.026113251,-4.0700581e-06,6.5870663e-06,0.0022331296
346,0.345,0.51999998,1.2853293,-0.29746191,-1.579576,-1.4815917e-08,6.6625851e-08,0.77739037,-3.6172838e-08,5.7879544e-08,-2.3569663,-0.0024137799,3.8275221e-07,-6.1441571e-07,-0.00018778099,0.025838131,-4.0297579e-06,6.5206638e-06,0.0022075862
347,0.346,0.51999998,1.2853285,-0.29746317,-1.5795786,-1.4658432e-08,6.5923155e-08,0.77738797,-3.579206e-08,5.7268323e-08,-2.3569665,-0.0023883501,3.7878239e-07,-6.0799377e-07,-0.00018561129,0.02556591,-3.9897997e-06,6.4548511e-06,0.0021823325
348,0.347,0.51999998,1.2853276,-0.29746442,-1.5795811,-1.4502619e-08,6.5227783e-08,0.77738559,-3.5415233e-08,5.6663491e-08,-2.3569667,-0.0023631882,3.7485201e-07,-6.0163675e-07,-0.0001834664,0.025296557,-3.9501825e-06,6.3896257e-06,0.0021573654
349,0.348,0.51999998,1.2853268,-0.29746566,-1.5795837,-1.434846e-08,6.4539661e-08,0.77738324,-3.5042317e-08,5.6064984e-08,-2.3569669,-0.0023382914,3.7096075e-07,-5.9534409e-07,-0.00018134606,0.025030042,-3.9109052e-06,6.3249849e-06,0.0021326816
350,0.349,0.51999998,1.2853259,-0.29746689,-1.5795862,-1.4195937e-08,6.3858716e-08,0.77738091,-3.4673273e-08,5.5472739e-08,-2.3569671,-0.0023136569,3.6710825e-07,-5.8911519e-07,-0.00017924999,0.024766335,-3.8719664e-06,6.2609262e-06,0.0021082778
351,0.35,0.51999998,1.2853251,-0.2974681,-1.5795886,-1.4045034e-08,6.3184877e-08,0.77737861,-3.4308062e-08,5.4886691e-08,-2.3569673,-0.002289282,3.6329419e-07,-5.8294949e-07,-0.0001771779,0.024505406,-3.8333651e-06,6.1974468e-06,0.002084151
352,0.351,0.51999998,1.2853243,-0.2974693,-1.5795911,-1.3895733e-08,6.251807e-08,0.77737634,-3.3946646e-08,5.4306777e-08,-2.3569674,-0.0022651638,3.5951822e-07,-5.7684639e-07,-0.00017512953,0.024247226,-3.7951e-06,6.1345437e-06,0.0020602979
353,0.352,0.51999998,1.2853235,-0.29747049,-1.5795935,-1.3748018e-08,6.1858226e-08,0.77737408,-3.3588988e-08,5.3732936e-08,-2.3569676,-0.0022412998,3.5578001e-07,-5.7080534e-07,-0.0001731046,0.023991767,-3.7571695e-06,6.072214e-06,0.0020367157
354,0.353,0.51999998,1.2853226,-0.29747166,-1.5795959,-1.3601872e-08,6.1205274e-08,0.77737185,-3.3235049e-08,5.3165105e-08,-2.3569678,-0.0022176872,3.5207924e-07,-5.6482577e-07,-0.00017110286,0.023738999,-3.7195725e-06,6.0104548e-06,0.0020134011
355,0.354,0.51999998,1.2853219,-0.29747282,-1.5795983,-1.3457278e-08,6.0559144e-08,0.77736965,-3.2884792e-08,5.2603223e-08,-2.356968,-0.0021943233,3.4841557e-07,-5.589071e-07,-0.00016912404,0.023488894,-3.6823073e-06,5.949263e-06,0.0019903511
356,0.355,0.51999998,1.2853211,-0.29747397,-1.5796007,-1.3314221e-08,5.9919767e-08,0.77736746,-3.2538181e-08,5.204723e-08,-2.3569681,-0.0021712057,3.4478866e-07,-5.5304878e-07,-0.00016716787,0.023241425,-3.6453725e-06,5.8886354e-06,0.0019675629
357,0.356,0.51999999,1.2853203,-0.29747511,-1.579603,-1.3172684e-08,5.9287075e-08,0.7773653,-3.2195178e-08,5.1497065e-08,-2.3569683,-0.0021483315,3.411982e-07,-5.4725024e-07,-0.0001652341,0.022996562,-3.6087666e-06,5.8285689e-06,0.0019450333
358,0.357,0.51999999,1.2853195,-0.29747623,-1.5796053,-1.3032651e-08,5.8661e-08,0.77736317,-3.1855748e-08,5.095267e-08,-2.3569684,-0.0021256984,3.3764385e-07,-5.4151094e-07,-0.00016332247,0.02275428,-3.5724878e-06,5.7690601e-06,0.0019227596
359,0.358,0.51999999,1.2853187,-0.29747735,-1.5796076,-1.2894106e-08,5.8041475e-08,0.77736105,-3.1519854e-08,5.0413984e-08,-2.3569686,-0.0021033037,3.3412529e-07,-5.3583031e-07,-0.00016143275,0.02251455,-3.5365347e-06,5.7101058e-06,0.0019007388
360,0.359,0.51999999,1.285318,-0.29747845,-1.5796098,-1.2757034e-08,5.7428432e-08,0.77735896,-3.1187462e-08,4.9880951e-08,-2.3569688,-0.002081145,3.306422e-07,-5.3020781e-07,-0.00015956466,0.022277346,-3.5009055e-06,5.6517027e-06,0.0018789681
361,0.36,0.51999999,1.2853172,-0.29747954,-1.579612,-1.262142e-08,5.6821806e-08,0.77735689,-3.0858535e-08,4.9353511e-08,-2.3569689,-0.0020592197,3.2719425e-07,-5.2464289e-07,-0.00015771798,0.022042641,-3.4655985e-06,5.5938472e-06,0.0018574447
362,0.361,0.51999999,1.2853165,-0.29748062,-1.5796142,-1.2487247e-08,5.6221532e-08,0.77735484,-3.0533038e-08,4.8831608e-08,-2.3569691,-0.0020375254,3.2378114e-07,-5.1913501e-07,-0.00015589245,0.021810409,-3.430612e-06,5.536536e-06,0.0018361657
363,0.362,0.51999999,1.2853158,-0.29748169,-1.5796164,-1.23545e-08,5.5627545e-08,0.77735281,-3.0210938e-08,4.8315184e-08,-2.3569692,-0.0020160596,3.2040253e-07,-5.1368363e-07,-0.00015408784,0.021580624,-3.3959442e-06,5.4797656e-06,0.0018151284
364,0.363,0.51999999,1.2853151,-0.29748274,-1.5796186,-1.2223166e-08,5.5039781e-08,0.77735081,-2.9892199e-08,4.7804184e-08,-2.3569694,-0.0019948201,3.1705811e-07,-5.0828821e-07,-0.00015230391,0.02135326,-3.3615932e-06,5.4235324e-06,0.0017943302
365,0.364,0.51999999,1.2853143,-0.29748379,-1.5796207,-1.2093227e-08,5.4458176e-08,0.77734882,-2.9576787e-08,4.7298552e-08,-2.3569695,-0.0019738043,3.1374757e-07,-5.0294823e-07,-0.00015054043,0.021128291,-3.3275573e-06,5.3678329e-06,0.0017737682
366,0.365,0.51999999,1.2853136,-0.29748482,-1.5796228,-1.1964671e-08,5.3882667e-08,0.77734686,-2.926467e-08,4.6798232e-08,-2.3569697,-0.0019530099,3.1047059e-07,-4.9766315e-07,-0.00014879715,0.020905693,-3.2938346e-06,5.3126635e-06,0.0017534399
367,0.366,0.51999999,1.2853129,-0.29748585,-1.5796249,-1.1837482e-08,5.3313192e-08,0.77734492,-2.8955813e-08,4.6303171e-08,-2.3569698,-0.0019324346,3.0722688e-07,-4.9243245e-07,-0.00014707386,0.02068544,-3.2604231e-06,5.2580206e-06,0.0017333425
368,0.367,0.51999999,1.2853122,-0.29748686,-1.579627,-1.1711646e-08,5.274969e-08,0.777343,-2.8650183e-08,4.5813313e-08,-2.35697,-0.001912076,3.0401611e-07,-4.8725561e-07,-0.00014537032,0.020467507,-3.2273211e-06,5.2039004e-06,0.0017134736
369,0.368,0.51999999,1.2853116,-0.29748786,-1.579629,-1.1587149e-08,5.2192098e-08,0.77734109,-2.8347748e-08,4.5328606e-08,-2.3569701,-0.001891932,3.0083798e-07,-4.8213211e-07,-0.00014368631,0.02025187,-3.1945264e-06,5.1502994e-06,0.0016938304
370,0.369,0.51999999,1.2853109,-0.29748885,-1.5796311,-1.1463976e-08,5.1640356e-08,0.77733921,-2.8048475e-08,4.4848996e-08,-2.3569703,-0.0018720001,2.9769219e-07,-4.7706144e-07,-0.00014202161,0.020038506,-3.1620373e-06,5.0972139e-06,0.0016744105
371,0.37,0.51999999,1.2853102,-0.29748983,-1.5796331,-1.1342113e-08,5.1094405e-08,0.77733735,-2.7752331e-08,4.4374431e-08,-2.3569704,-0.0018522783,2.9457843e-07,-4.7204309e-07,-0.000140376,0.019827389,-3.1298516e-06,5.04464e-06,0.0016552114
372,0.371,0.51999999,1.2853095,-0.2974908,-1.5796351,-1.1221547e-08,5.0554184e-08,0.77733551,-2.7459286e-08,4.3904858e-08,-2.3569706,-0.0018327643,2.914964e-07,-4.6707655e-07,-0.00013874926,0.019618497,-3.0979675e-06,4.9925742e-06,0.0016362305
373,0.372,0.51999999,1.2853089,-0.29749177,-1.579637,-1.1102264e-08,5.0019636e-08,0.77733368,-2.7169307e-08,4.3440226e-08,-2.3569707,-0.0018134558,2.8844581e-07,-4.6216132e-07,-0.00013714117,0.019411806,-3.0663828e-06,4.9410126e-06,0.0016174655
374,0.373,0.51999999,1.2853082,-0.29749272,-1.579639,-1.098425e-08,4.9490701e-08,0.77733188,-2.6882363e-08,4.2980484e-08,-2.3569708,-0.0017943508,2.8542636e-07,-4.5729689e-07,-0.00013555154,0.019207292,-3.0350957e-06,4.8899514e-06,0.0015989137
375,0.374,0.51999999,1.2853076,-0.29749366,-1.5796409,-1.0867491e-08,4.8967322e-08,0.7773301,-2.6598423e-08,4.2525582e-08,-2.356971,-0.001775447,2.8243775e-07,-4.5248279e-07,-0.00013398013,0.019004933,-3.004104e-06,4.839387e-06,0.001580573
376,0.375,0.51999999,1.285307,-0.29749459,-1.5796428,-1.0751976e-08,4.8449441e-08,0.77732833,-2.6317457e-08,4.2075469e-08,-2.3569711,-0.0017567424,2.7947969e-07,-4.4771851e-07,-0.00013242676,0.018804706,-2.9734057e-06,4.7893154e-06,0.0015624408
377,0.376,0.51999999,1.2853063,-0.29749551,-1.5796447,-1.0637689e-08,4.7937003e-08,0.77732658,-2.6039433e-08,4.1630095e-08,-2.3569712,-0.0017382349,2.765519e-07,-4.4300357e-07,-0.00013089121,0.018606589,-2.9429988e-06,4.739733e-06,0.0015445148
378,0.377,0.51999999,1.2853057,-0.29749642,-1.5796465,-1.0524619e-08,4.742995e-08,0.77732485,-2.5764323e-08,4.1189412e-08,-2.3569714,-0.0017199223,2.7365408e-07,-4.3833748e-07,-0.00012937328,0.018410559,-2.9128811e-06,4.6906359e-06,0.0015267927
379,0.378,0.51999999,1.2853051,-0.29749732,-1.5796483,-1.0412752e-08,4.6928228e-08,0.77732314,-2.5492095e-08,4.0753372e-08,-2.3569715,-0.0017018027,2.7078594e-07,-4.3371977e-07,-0.00012787276,0.018216594,-2.8830506e-06,4.6420202e-06,0.0015092722
380,0.379,0.51999999,1.2853045,-0.29749821,-1.5796502,-1.0302076e-08,4.6431781e-08,0.77732145,-2.5222721e-08,4.0321925e-08,-2.3569716,-0.001683874,2.6794721e-07,-4.2914996e-07,-0.00012638947,0.018024673,-2.8535052e-06,4.5938823e-06,0.001491951
381,0.38,0.51999999,1.2853039,-0.29749909,-1.579652,-1.0192578e-08,4.5940555e-08,0.77731977,-2.4956172e-08,3.9895024e-08,-2.3569717,-0.0016661342,2.651376e-07,-4.2462757e-07,-0.00012492321,0.017834774,-2.8242428e-06,4.5462183e-06,0.0014748268
382,0.381,0.51999999,1.2853033,-0.29749997,-1.5796538,-1.0084245e-08,4.5454495e-08,0.77731812,-2.4692417e-08,3.9472622e-08,-2.3569719,-0.0016485813,2.6235683e-07,-4.2015214e-07,-0.00012347378,0.017646876,-2.7952614e-06,4.4990243e-06,0.0014578975
383,0.382,0.51999999,1.2853027,-0.29750083,-1.5796555,-9.9770656e-09,4.497355e-08,0.77731648,-2.4431429e-08,3.9054673e-08,-2.356972,-0.0016312133,2.5960462e-07,-4.1572321e-07,-0.00012204098,0.017460957,-2.7665588e-06,4.4522966e-06,0.0014411608
384,0.383,0.51999999,1.2853021,-0.29750168,-1.5796573,-9.8710269e-09,4.4497664e-08,0.77731485,-2.417318e-08,3.864113e-08,-2.3569721,-0.0016140282,2.568807e-07,-4.1134031e-07,-0.00012062464,0.017276998,-2.7381328e-06,4.4060313e-06,0.0014246146
385,0.384,0.51999999,1.2853015,-0.29750253,-1.579659,-9.7661168e-09,4.4026787e-08,0.77731325,-2.391764e-08,3.8231946e-08,-2.3569722,-0.0015970243,2.5418479e-07,-4.0700299e-07,-0.00011922456,0.017094976,-2.7099815e-06,4.3602246e-06,0.0014082567
386,0.385,0.51999999,1.285301,-0.29750337,-1.5796607,-9.6623236e-09,4.3560866e-08,0.77731166,-2.3664782e-08,3.7827078e-08,-2.3569724,-0.0015801995,2.5151663e-07,-4.0271079e-07,-0.00011784056,0.016914872,-2.6821026e-06,4.3148728e-06,0.001392085
387,0.386,0.51999999,1.2853004,-0.2975042,-1.5796624,-9.5596352e-09,4.309985e-08,0.77731009,-2.3414579e-08,3.742648e-08,-2.3569725,-0.0015635519,2.4887594e-07,-3.9846327e-07,-0.00011647246,0.016736666,-2.6544941e-06,4.269972e-06,0.0013760973
388,0.387,0.51999999,1.2852999,-0.29750501,-1.5796641,-9.4580399e-09,4.2643688e-08,0.77730853,-2.3167003e-08,3.7030107e-08,-2.3569726,-0.0015470797,2.4626246e-07,-3.9425998e-07,-0.00011512007,0.016560337,-2.6271538e-06,4.2255185e-06,0.0013602917
389,0.388,0.51999999,1.2852993,-0.29750583,-1.5796657,-9.3575262e-09,4.219233e-08,0.77730699,-2.2922027e-08,3.6637916e-08,-2.3569727,-0.0015307811,2.4367591e-07,-3.9010048e-07,-0.00011378322,0.016385866,-2.6000797e-06,4.1815084e-06,0.001344666
390,0.389,0.51999999,1.2852988,-0.29750663,-1.5796673,-9.2580825e-09,4.1745726e-08,0.77730547,-2.2679624e-08,3.6249863e-08,-2.3569728,-0.0015146542,2.4111605e-07,-3.8598432e-07,-0.00011246172,0.016213233,-2.5732696e-06,4.137938e-06,0.0013292182
391,0.39,0.51999999,1.2852982,-0.29750742,-1.579669,-9.1596974e-09,4.1303826e-08,0.77730396,-2.2439768e-08,3.5865904e-08,-2.3569729,-0.0014986972,2.385826e-07,-3.8191109e-07,-0.00011115541,0.016042419,-2.5467213e-06,4.0948035e-06,0.0013139463
392,0.391,0.51999999,1.2852977,-0.29750821,-1.5796706,-9.0623596e-09,4.0866582e-08,0.77730247,-2.2202433e-08,3.5485998e-08,-2.356973,-0.0014829083,2.3607531e-07,-3.7788034e-07,-0.00010986411,0.015873405,-2.5204329e-06,4.0521012e-06,0.0012988483
393,0.392,0.51999999,1.2852972,-0.29750898,-1.5796721,-8.9660582e-09,4.0433945e-08,0.777301,-2.1967592e-08,3.5110101e-08,-2.3569731,-0.0014672857,2.3359393e-07,-3.7389165e-07,-0.00010858766,0.015706172,-2.4944021e-06,4.0098273e-06,0.0012839222
394,0.393,0.51999999,1.2852966,-0.29750975,-1.5796737,-8.8707819e-09,4.0005867e-08,0.77729954,-2.1735219e-08,3.4738173e-08,-2.3569733,-0.0014518277,2.3113819e-07,-3.6994459e-07,-0.00010732587,0.0155407,-2.4686269e-06,3.9679781e-06,0.0012691662
395,0.394,0.51999999,1.2852961,-0.29751051,-1.5796753,-8.7765199e-09,3.9582302e-08,0.77729809,-2.150529e-08,3.4370171e-08,-2.3569734,-0.0014365326,2.2870784e-07,-3.6603876e-07,-0.00010607858,0.015376972,-2.4431052e-06,3.9265499e-06,0.0012545782
396,0.395,0.51999999,1.2852956,-0.29751127,-1.5796768,-8.6832614e-09,3.9163201e-08,0.77729666,-2.1277778e-08,3.4006054e-08,-2.3569735,-0.0014213987,2.2630264e-07,-3.6217372e-07,-0.00010484564,0.015214968,-2.4178348e-06,3.8855389e-06,0.0012401564
397,0.396,0.51999999,1.2852951,-0.29751201,-1.5796783,-8.5909957e-09,3.8748519e-08,0.77729525,-2.1052659e-08,3.3645783e-08,-2.3569736,-0.0014064241,2.2392234e-07,-3.5834908e-07,-0.00010362687,0.015054672,-2.3928136e-06,3.8449416e-06,0.0012258989
398,0.397,0.51999999,1.2852946,-0.29751275,-1.5796798,-8.4997123e-09,3.833821e-08,0.77729385,-2.0829909e-08,3.3289316e-08,-2.3569737,-0.0013916074,2.2156669e-07,-3.5456442e-07,-0.00010242211,0.014896064,-2.3680397e-06,3.8047541e-06,0.0012118039
399,0.398,0.51999999,1.2852941,-0.29751348,-1.5796813,-8.4094007e-09,3.7932228e-08,0.77729247,-2.0609502e-08,3.2936614e-08,-2.3569738,-0.0013769467,2.1923544e-07,-3.5081934e-07,-0.00010123121,0.014739128,-2.3435108e-06,3.7649728e-06,0.0011978695
400,0.399,0.51999999,1.2852936,-0.2975142,-1.5796828,-8.3200505e-09,3.7530527e-08,0.7772911,-2.0391414e-08,3.2587638e-08,-2.3569739,-0.0013624405,2.1692836e-07,-3.4711343e-07,-0.000100054,0.014583845,-2.319225e-06,3.7255941e-06,0.0011840938
401,0.4,0.51999999,1.2852931,-0.29751491,-1.5796842,-8.2316515e-09,3.7133064e-08,0.77728974,-2.0175621e-08,3.2242348e-08,-2.356974,-0.0013480872,2.146452e-07,-3.4344631e-07,-9.8890337e-05,0.014430198,-2.2951801e-06,3.6866145e-06,0.0011704752
402,0.401,0.51999999,1.2852926,-0.29751562,-1.5796857,-8.1441935e-09,3.6739793e-08,0.7772884,-1.9962099e-08,3.1900707e-08,-2.3569741,-0.001333885,2.1238573e-07,-3.3981757e-07,-9.7740057e-05,0.01427817,-2.2713741e-06,3.6480301e-06,0.0011570117
403,0.402,0.51999999,1.2852922,-0.29751632,-1.5796871,-8.0576667e-09,3.6350672e-08,0.77728707,-1.9750826e-08,3.1562675e-08,-2.3569742,-0.0013198325,2.1014971e-07,-3.3622683e-07,-9.660301e-05,0.014127743,-2.2478049e-06,3.6098376e-06,0.0011437018
404,0.403,0.51999999,1.2852917,-0.29751701,-1.5796885,-7.9720609e-09,3.5965658e-08,0.77728576,-1.9541777e-08,3.1228215e-08,-2.3569743,-0.001305928,2.0793691e-07,-3.326737e-07,-9.5479046e-05,0.013978902,-2.2244704e-06,3.5720332e-06,0.0011305435
405,0.404,0.51999999,1.2852912,-0.29751769,-1.5796899,-7.8873664e-09,3.5584706e-08,0.77728446,-1.9334929e-08,3.089729e-08,-2.3569744,-0.00129217,2.0574709e-07,-3.2915779e-07,-9.4368015e-05,0.013831628,-2.2013687e-06,3.5346134e-06,0.0011175353
406,0.405,0.51999999,1.2852908,-0.29751837,-1.5796913,-7.8035736e-09,3.5207775e-08,0.77728318,-1.913026e-08,3.0569863e-08,-2.3569745,-0.0012785569,2.0358003e-07,-3.2567874e-07,-9.3269769e-05,0.013685906,-2.1784977e-06,3.4975748e-06,0.0011046754
407,0.406,0.51999999,1.2852903,-0.29751904,-1.5796926,-7.7206727e-09,3.4834822e-08,0.77728191,-1.8927746e-08,3.0245896e-08,-2.3569745,-0.0012650873,2.0143549e-07,-3.2223616e-07,-9.2184164e-05,0.01354172,-2.1558553e-06,3.4609137e-06,0.0010919621
408,0.407,0.51999999,1.2852899,-0.2975197,-1.579694,-7.6386544e-09,3.4465807e-08,0.77728065,-1.8727366e-08,2.9925354e-08,-2.3569746,-0.0012517596,1.9931326e-07,-3.1882967e-07,-9.1111054e-05,0.013399052,-2.1334396e-06,3.4246268e-06,0.0010793938
409,0.408,0.51999999,1.2852894,-0.29752036,-1.5796953,-7.5575091e-09,3.4100687e-08,0.7772794,-1.8529097e-08,2.9608201e-08,-2.3569747,-0.0012385723,1.9721311e-07,-3.1545892e-07,-9.0050298e-05,0.013257888,-2.1112485e-06,3.3887104e-06,0.0010669689
410,0.409,0.51999999,1.285289,-0.29752101,-1.5796966,-7.4772276e-09,3.3739423e-08,0.77727817,-1.8332918e-08,2.9294401e-08,-2.3569748,-0.0012255239,1.9513481e-07,-3.1212353e-07,-8.9001754e-05,0.013118211,-2.0892801e-06,3.3531612e-06,0.0010546857
411,0.41,0.51999999,1.2852885,-0.29752165,-1.579698,-7.3978006e-09,3.3381974e-08,0.77727695,-1.8138806e-08,2.8983918e-08,-2.3569749,-0.001212613,1.9307815e-07,-3.0882315e-07,-8.7965283e-05,0.012980006,-2.0675323e-06,3.3179757e-06,0.0010425425
412,0.411,0.51999999,1.2852881,-0.29752229,-1.5796992,-7.3192191e-09,3.30283e-08,0.77727574,-1.794674e-08,2.8676719e-08,-2.356975,-0.0011998381,1.9104292e-07,-3.0555741e-07,-8.6940747e-05,0.012843256,-2.0460031e-06,3.2831506e-06,0.0010305379
413,0.412,0.51999999,1.2852877,-0.29752291,-1.5797005,-7.241474e-09,3.2678361e-08,0.77727455,-1.7756699e-08,2.8372769e-08,-2.3569751,-0.0011871978,1.8902888e-07,-3.0232596e-07,-8.5928011e-05,0.012707948,-2.0246907e-06,3.2486823e-06,0.0010186703
414,0.413,0.51999999,1.2852873,-0.29752354,-1.5797018,-7.1645565e-09,3.2332118e-08,0.77727337,-1.7568661e-08,2.8072033e-08,-2.3569752,-0.0011746907,1.8703584e-07,-2.9912845e-07,-8.4926939e-05,0.012574065,-2.0035931e-06,3.2145676e-06,0.001006938
415,0.414,0.51999999,1.2852868,-0.29752415,-1.579703,-7.0884577e-09,3.1989534e-08,0.7772722,-1.7382606e-08,2.7774478e-08,-2.3569752,-0.0011623154,1.8506357e-07,-2.9596453e-07,-8.3937398e-05,0.012441592,-1.9827082e-06,3.1808031e-06,0.00099533969
416,0.415,0.51999999,1.2852864,-0.29752476,-1.5797043,-7.0131688e-09,3.1650568e-08,0.77727104,-1.7198513e-08,2.7480071e-08,-2.3569753,-0.0011500704,1.8311187e-07,-2.9283386e-07,-8.2959257e-05,0.012310516,-1.9620342e-06,3.1473855e-06,0.00098387369
417,0.416,0.51999999,1.285286,-0.29752536,-1.5797055,-6.9386813e-09,3.1315184e-08,0.7772699,-1.7016362e-08,2.7188778e-08,-2.3569754,-0.0011379544,1.8118054e-07,-2.8973608e-07,-8.1992387e-05,0.01218082,-1.9415692e-06,3.1143114e-06,0.00097253855
418,0.417,0.51999999,1.2852856,-0.29752596,-1.5797067,-6.8649865e-09,3.0983344e-08,0.77726877,-1.6836132e-08,2.6900566e-08,-2.3569755,-0.0011259661,1.7926936e-07,-2.8667087e-07,-8.1036657e-05,0.012052491,-1.9213111e-06,3.0815776e-06,0.00096133278
419,0.418,0.51999999,1.2852852,-0.29752655,-1.5797079,-6.7920761e-09,3.065501e-08,0.77726765,-1.6657803e-08,2.6615403e-08,-2.3569756,-0.0011141041,1.7737812e-07,-2.8363789e-07,-8.0091941e-05,0.011925513,-1.9012582e-06,3.0491809e-06,0.00095025494
420,0.419,0.51999999,1.2852848,-0.29752713,-1.5797091,-6.7199417e-09,3.0330147e-08,0.77726654,-1.6481356e-08,2.6333258e-08,-2.3569757,-0.001102367,1.7550664e-07,-2.806368e-07,-7.9158113e-05,0.011799874,-1.8814086e-06,3.017118e-06,0.00093930355
421,0.42,0.51999999,1.2852844,-0.29752771,-1.5797103,-6.6485749e-09,3.0008717e-08,0.77726544,-1.630677e-08,2.6054098e-08,-2.3569757,-0.0010907536,1.736547e-07,-2.7766728e-07,-7.8235049e-05,0.011675558,-1.8617602e-06,2.9853856e-06,0.0009284772
422,0.421,0.51999999,1.2852841,-0.29752828,-1.5797115,-6.5779677e-09,2.9690685e-08,0.77726436,-1.6134027e-08,2.5777892e-08,-2.3569758,-0.0010792626,1.7182212e-07,-2.7472901e-07,-7.7322626e-05,0.011552552,-1.8423114e-06,2.9539806e-06,0.00091777447
423,0.422,0.51999999,1.2852837,-0.29752885,-1.5797126,-6.5081118e-09,2.9376014e-08,0.77726329,-1.5963107e-08,2.5504609e-08,-2.3569759,-0.0010678926,1.7000868e-07,-2.7182165e-07,-7.6420722e-05,0.011430842,-1.8230602e-06,2.9228999e-06,0.00090719395
424,0.423,0.51999999,1.2852833,-0.29752941,-1.5797137,-6.4389994e-09,2.906467e-08,0.77726222,-1.5793991e-08,2.5234218e-08,-2.356976,-0.0010566424,1.6821421e-07,-2.6894489e-07,-7.5529217e-05,0.011310414,-1.8040047e-06,2.8921403e-06,0.00089673426
425,0.424,0.51999999,1.2852829,-0.29752996,-1.5797149,-6.3706224e-09,2.8756618e-08,0.77726117,-1.562666e-08,2.4966689e-08,-2.356976,-0.0010455107,1.6643849e-07,-2.6609841e-07,-7.4647994e-05,0.011191256,-1.7851433e-06,2.8616986e-06,0.00088639404
426,0.425,0.51999999,1.2852825,-0.29753051,-1.579716,-6.302973e-09,2.8451823e-08,0.77726013,-1.5461095e-08,2.4701991e-08,-2.3569761,-0.0010344963,1.6468135e-07,-2.632819e-07,-7.3776933e-05,0.011073352,-1.7664739e-06,2.8315718e-06,0.00087617192
427,0.426,0.51999999,1.2852822,-0.29753105,-1.5797171,-6.2360435e-09,2.8150251e-08,0.7772591,-1.5297278e-08,2.4440095e-08,-2.3569762,-0.0010235979,1.629426e-07,-2.6049505e-07,-7.2915919e-05,0.010956691,-1.7479949e-06,2.8017568e-06,0.00086606658
428,0.427,0.51999999,1.2852818,-0.29753159,-1.5797182,-6.1698262e-09,2.7851867e-08,0.77725808,-1.5135192e-08,2.4180972e-08,-2.3569763,-0.0010128144,1.6122204e-07,-2.5773755e-07,-7.2064837e-05,0.010841258,-1.7297044e-06,2.7722506e-06,0.00085607668
429,0.428,0.51999999,1.2852815,-0.29753212,-1.5797193,-6.1043134e-09,2.755664e-08,0.77725708,-1.4974816e-08,2.3924591e-08,-2.3569763,-0.0010021445,1.5951949e-07,-2.550091e-07,-7.1223574e-05,0.010727042,-1.7116007e-06,2.7430501e-06,0.00084620092
430,0.429,0.51999999,1.2852811,-0.29753264,-1.5797203,-6.0394977e-09,2.7264535e-08,0.77725608,-1.4816135e-08,2.3670924e-08,-2.3569764,-0.00099158694,1.5783477e-07,-2.523094e-07,-7.0392017e-05,0.01061403,-1.6936819e-06,2.7141523e-06,0.00083643801
431,0.43,0.51999999,1.2852808,-0.29753316,-1.5797214,-5.9753716e-09,2.6975519e-08,0.77725509,-1.4659129e-08,2.3419944e-08,-2.3569765,-0.00098114064,1.5616769e-07,-2.4963814e-07,-6.9570056e-05,0.010502208,-1.6759464e-06,2.6855543e-06,0.00082678667
432,0.431,0.51999999,1.2852804,-0.29753368,-1.5797224,-5.9119278e-09,2.668956e-08,0.77725412,-1.4503782e-08,2.317162e-08,-2.3569765,-0.0009708044,1.5451807e-07,-2.4699504e-07,-6.8757581e-05,0.010391564,-1.6583923e-06,2.6572531e-06,0.00081724562
433,0.432,0.51999999,1.2852801,-0.29753419,-1.5797235,-5.8491591e-09,2.6406627e-08,0.77725315,-1.4350076e-08,2.2925925e-08,-2.3569766,-0.00096057705,1.5288574e-07,-2.443798e-07,-6.7954484e-05,0.010282085,-1.641018e-06,2.6292457e-06,0.00080781363
434,0.433,0.51999999,1.2852797,-0.29753469,-1.5797245,-5.7870581e-09,2.6126686e-08,0.7772522,-1.4197993e-08,2.2682833e-08,-2.3569767,-0.00095045745,1.5127052e-07,-2.4179213e-07,-6.7160656e-05,0.010173761,-1.6238217e-06,2.6015294e-06,0.00079848945
435,0.434,0.51999999,1.2852794,-0.29753519,-1.5797255,-5.7256177e-09,2.5849707e-08,0.77725125,-1.4047517e-08,2.2442314e-08,-2.3569767,-0.00094044447,1.4967223e-07,-2.3923174e-07,-6.6375993e-05,0.010066577,-1.6068017e-06,2.5741011e-06,0.00078927186
436,0.435,0.51999999,1.2852791,-0.29753568,-1.5797265,-5.664831e-09,2.5575659e-08,0.77725032,-1.3898632e-08,2.2204342e-08,-2.3569768,-0.00093053697,1.4809069e-07,-2.3669835e-07,-6.560039e-05,0.0099605228,-1.5899563e-06,2.546958e-06,0.00078015965
437,0.436,0.51999999,1.2852787,-0.29753617,-1.5797275,-5.604691e-09,2.530451e-08,0.77724939,-1.3751319e-08,2.196889e-08,-2.3569769,-0.00092073386,1.4652575e-07,-2.3419169e-07,-6.4833742e-05,0.0098555858,-1.5732839e-06,2.5200974e-06,0.00077115164
438,0.437,0.51999999,1.2852784,-0.29753665,-1.5797285,-5.5451907e-09,2.5036231e-08,0.77724847,-1.3605564e-08,2.1735932e-08,-2.3569769,-0.00091103402,1.4497721e-07,-2.3171146e-07,-6.4075948e-05,0.0097517545,-1.5567827e-06,2.4935163e-06,0.00076224663
439,0.438,0.51999999,1.2852781,-0.29753713,-1.5797294,-5.4863233e-09,2.477079e-08,0.77724757,-1.3461349e-08,2.1505441e-08,-2.356977,-0.00090143637,1.4344493e-07,-2.292574e-07,-6.3326906e-05,0.0096490171,-1.5404512e-06,2.4672121e-06,0.00075344346
440,0.439,0.51999999,1.2852778,-0.2975376,-1.5797304,-5.4280821e-09,2.4508158e-08,0.77724667,-1.3318658e-08,2.1277391e-08,-2.3569771,-0.00089193983,1.4192872e-07,-2.2682924e-07,-6.2586516e-05,0.009547362,-1.5242876e-06,2.4411819e-06,0.00074474097
441,0.44,0.51999999,1.2852774,-0.29753807,-1.5797313,-5.3704604e-09,2.4248306e-08,0.77724578,-1.3177475e-08,2.1051757e-08,-2.3569771,-0.00088254335,1.4042843e-07,-2.2442669e-07,-6.185468e-05,0.009446778,-1.5082904e-06,2.4154229e-06,0.00073613802
442,0.441,0.51999999,1.2852771,-0.29753853,-1.5797323,-5.3134516e-09,2.3991204e-08,0.77724491,-1.3037785e-08,2.0828512e-08,-2.3569772,-0.00087324586,1.3894389e-07,-2.220495e-07,-6.1131299e-05,0.0093472537,-1.4924579e-06,2.3899326e-06,0.00072763349
443,0.442,0.51999999,1.2852768,-0.29753899,-1.5797332,-5.2570492e-09,2.3736823e-08,0.77724404,-1.2899572e-08,2.0607632e-08,-2.3569773,-0.00086404632,1.3747494e-07,-2.1969741e-07,-6.0416276e-05,0.009248778,-1.4767885e-06,2.3647081e-06,0.00071922625
444,0.443,0.51999999,1.2852765,-0.29753944,-1.5797341,-5.2012466e-09,2.3485135e-08,0.77724318,-1.276282e-08,2.0389092e-08,-2.3569773,-0.0008549437,1.3602141e-07,-2.1737014e-07,-5.9709516e-05,0.0091513397,-1.4612806e-06,2.3397469e-06,0.0007109152
445,0.444,0.51999999,1.2852762,-0.29753989,-1.579735,-5.1460376e-09,2.3236111e-08,0.77724233,-1.2627514e-08,2.0172867e-08,-2.3569774,-0.00084593697,1.3458315e-07,-2.1506745e-07,-5.9010925e-05,0.0090549281,-1.4459327e-06,2.3150463e-06,0.00070269925
446,0.445,0.51999999,1.2852759,-0.29754033,-1.5797359,-5.0914156e-09,2.2989723e-08,0.77724149,-1.2493638e-08,1.9958933e-08,-2.3569774,-0.00083702514,1.3316e-07,-2.1278906e-07,-5.8320409e-05,0.0089595321,-1.4307432e-06,2.2906036e-06,0.00069457732
447,0.446,0.51999999,1.2852756,-0.29754077,-1.5797368,-5.0373746e-09,2.2745944e-08,0.77724065,-1.2361179e-08,1.9747265e-08,-2.3569775,-0.00082820719,1.3175181e-07,-2.1053474e-07,-5.7637875e-05,0.0088651413,-1.4157106e-06,2.2664162e-06,0.00068654835
448,0.447,0.51999999,1.2852753,-0.2975412,-1.5797377,-4.9839083e-09,2.2504745e-08,0.77723983,-1.223012e-08,1.953784e-08,-2.3569775,-0.00081948215,1.3035841e-07,-2.0830423e-07,-5.6963232e-05,0.0087717449,-1.4008332e-06,2.2424817e-06,0.00067861127
449,0.448,0.51999999,1.285275,-0.29754163,-1.5797386,-4.9310106e-09,2.22661e-08,0.77723901,-1.2100447e-08,1.9330633e-08,-2.3569776,-0.00081084902,1.2897967e-07,-2.0609727e-07,-5.629639e-05,0.0086793325,-1.3861096e-06,2.2187973e-06,0.00067076505
450,0.449,0.51999999,1.2852748,-0.29754206,-1.5797395,-4.8786754e-09,2.2029982e-08,0.77723821,-1.1972146e-08,1.9125622e-08,-2.3569777,-0.00080230685,1.2761541e-07,-2.0391363e-07,-5.563726e-05,0.0085878937,-1.3715382e-06,2.1953607e-06,0.00066300865
451,0.45,0.51999999,1.2852745,-0.29754248,-1.5797403,-4.8268967e-09,2.1796364e-08,0.77723741,-1.1845202e-08,1.8922783e-08,-2.3569777,-0.00079385467,1.2626551e-07,-2.0175306e-07,-5.4985752e-05,0.0084974183,-1.3571176e-06,2.1721692e-06,0.00065534105
452,0.451,0.51999999,1.2852742,-0.29754289,-1.5797411,-4.7756685e-09,2.1565219e-08,0.77723662,-1.1719601e-08,1.8722093e-08,-2.3569778,-0.00078549153,1.249298e-07,-1.9961531e-07,-5.4341781e-05,0.0084078961,-1.3428462e-06,2.1492205e-06,0.00064776125
453,0.452,0.51999999,1.2852739,-0.29754331,-1.579742,-4.7249851e-09,2.1336522e-08,0.77723584,-1.1595328e-08,1.8523529e-08,-2.3569778,-0.0007772165,1.2360813e-07,-1.9750015e-07,-5.3705259e-05,0.008319317,-1.3287226e-06,2.1265119e-06,0.00064026825
454,0.453,0.51999999,1.2852736,-0.29754371,-1.5797428,-4.6748405e-09,2.1110247e-08,0.77723506,-1.147237e-08,1.832707e-08,-2.3569779,-0.00076902866,1.2230038e-07,-1.9540735e-07,-5.3076102e-05,0.0082316712,-1.3147454e-06,2.1040412e-06,0.00063286106
455,0.454,0.51999999,1.2852734,-0.29754412,-1.5797436,-4.6252291e-09,2.0886368e-08,0.7772343,-1.1350713e-08,1.8132692e-08,-2.3569779,-0.00076092707,1.2100638e-07,-1.9333666e-07,-5.2454224e-05,0.0081449488,-1.300913e-06,2.0818059e-06,0.00062553871
456,0.455,0.51999999,1.2852731,-0.29754452,-1.5797444,-4.5761452e-09,2.066486e-08,0.77723354,-1.1230344e-08,1.7940375e-08,-2.356978,-0.00075291083,1.19726e-07,-1.9128786e-07,-5.1839543e-05,0.0080591401,-1.287224e-06,2.0598035e-06,0.00061830023
457,0.456,0.51999999,1.2852728,-0.29754491,-1.5797452,-4.5275831e-09,2.0445699e-08,0.77723279,-1.1111248e-08,1.7750095e-08,-2.356978,-0.00074497905,1.184591e-07,-1.8926071e-07,-5.1231976e-05,0.0079742354,-1.273677e-06,2.0380317e-06,0.00061114468
458,0.457,0.51999999,1.2852726,-0.2975453,-1.579746,-4.4795373e-09,2.0228858e-08,0.77723205,-1.0993412e-08,1.7561832e-08,-2.3569781,-0.00073713083,1.1720553e-07,-1.8725499e-07,-5.0631442e-05,0.0078902252,-1.2602706e-06,2.0164882e-06,0.0006040711
459,0.458,0.51999999,1.2852723,-0.29754569,-1.5797468,-4.4320023e-09,2.0014314e-08,0.77723132,-1.0876824e-08,1.7375564e-08,-2.3569781,-0.00072936529,1.1596516e-07,-1.8527048e-07,-5.003786e-05,0.0078071001,-1.2470034e-06,1.9951707e-06,0.00059707858
460,0.459,0.52,1.2852721,-0.29754607,-1.5797476,-4.3849725e-09,1.9802042e-08,0.77723059,-1.0761469e-08,1.719127e-08,-2.3569782,-0.00072168157,1.1473785e-07,-1.8330695e-07,-4.945115e-05,0.0077248508,-1.233874e-06,1.9740767e-06,0.00059016618
461,0.46,0.52,1.2852718,-0.29754645,-1.5797484,-4.3384428e-09,1.9592019e-08,0.77722988,-1.0647335e-08,1.7008929e-08,-2.3569782,-0.00071407879,1.1352347e-07,-1.8136418e-07,-4.8871233e-05,0.0076434681,-1.220881e-06,1.9532041e-06,0.000583333
462,0.461,0.52,1.2852715,-0.29754682,-1.5797491,-4.2924076e-09,1.9384221e-08,0.77722917,-1.0534409e-08,1.6828521e-08,-2.3569783,-0.00070655611,1.1232187e-07,-1.7944196e-07,-4.8298033e-05,0.0075629427,-1.2080231e-06,1.9325505e-06,0.00057657813
463,0.462,0.52,1.2852713,-0.29754719,-1.5797499,-4.2468618e-09,1.9178624e-08,0.77722846,-1.0422678e-08,1.6650024e-08,-2.3569783,-0.00069911268,1.1113294e-07,-1.7754007e-07,-4.7731471e-05,0.0074832657,-1.1952988e-06,1.9121138e-06,0.00056990069
464,0.463,0.52,1.2852711,-0.29754756,-1.5797506,-4.2018e-09,1.8975205e-08,0.77722777,-1.0312131e-08,1.647342e-08,-2.3569784,-0.00069174767,1.0995652e-07,-1.7565828e-07,-4.7171471e-05,0.0074044282,-1.1827069e-06,1.8918916e-06,0.0005632998
465,0.464,0.52,1.2852708,-0.29754792,-1.5797513,-4.1572173e-09,1.8773941e-08,0.77722708,-1.0202753e-08,1.6298688e-08,-2.3569784,-0.00068446025,1.0879251e-07,-1.7379641e-07,-4.6617959e-05,0.0073264213,-1.1702461e-06,1.8718819e-06,0.00055677459
466,0.465,0.52,1.2852706,-0.29754828,-1.5797521,-4.1131084e-09,1.8574809e-08,0.7772264,-1.0094533e-08,1.6125808e-08,-2.3569785,-0.00067724961,1.0764076e-07,-1.7195423e-07,-4.607086e-05,0.0072492362,-1.1579149e-06,1.8520823e-06,0.00055032419
467,0.466,0.52,1.2852703,-0.29754863,-1.5797528,-4.0694683e-09,1.8377787e-08,0.77722572,-9.9874592e-09,1.595476e-08,-2.3569785,-0.00067011493,1.0650115e-07,-1.7013153e-07,-4.5530101e-05,0.0071728643,-1.1457121e-06,1.8324909e-06,0.00054394776
468,0.467,0.52,1.2852701,-0.29754898,-1.5797535,-4.026292e-09,1.8182852e-08,0.77722506,-9.8815188e-09,1.5785525e-08,-2.3569786,-0.00066305542,1.0537355e-07,-1.6832812e-07,-4.4995608e-05,0.007097297,-1.1336365e-06,1.8131053e-06,0.00053764446
469,0.468,0.52,1.2852699,-0.29754933,-1.5797542,-3.9835745e-09,1.7989982e-08,0.7772244,-9.7767001e-09,1.5618084e-08,-2.3569786,-0.00065607028,1.0425784e-07,-1.6654378e-07,-4.446731e-05,0.0070225258,-1.1216867e-06,1.7939235e-06,0.00053141344
470,0.469,0.52,1.2852696,-0.29754968,-1.5797549,-3.9413111e-09,1.7799157e-08,0.77722375,-9.6729913e-09,1.5452419e-08,-2.3569787,-0.00064915873,1.0315389e-07,-1.6477833e-07,-4.3945136e-05,0.0069485424,-1.1098614e-06,1.7749435e-06,0.0005252539
471,0.47,0.52,1.2852694,-0.29755002,-1.5797556,-3.8994968e-09,1.7610353e-08,0.7772231,-9.5703806e-09,1.5288509e-08,-2.3569787,-0.00064231999,1.0206158e-07,-1.6303156e-07,-4.3429015e-05,0.0068753385,-1.0981595e-06,1.756163e-06,0.00051916502
472,0.471,0.52,1.2852692,-0.29755035,-1.5797563,-3.8581268e-09,1.742355e-08,0.77722246,-9.4688566e-09,1.5126337e-08,-2.3569787,-0.0006355533,1.0098079e-07,-1.6130327e-07,-4.2918879e-05,0.0068029058,-1.0865795e-06,1.7375801e-06,0.00051314599
473,0.472,0.52,1.285269,-0.29755069,-1.579757,-3.8171964e-09,1.7238726e-08,0.77722183,-9.3684076e-09,1.4965884e-08,-2.3569788,-0.0006288579,9.9911401e-08,-1.5959327e-07,-4.2414658e-05,0.0067312362,-1.0751205e-06,1.7191927e-06,0.00050719603
474,0.473,0.52,1.2852687,-0.29755102,-1.5797576,-3.776701e-09,1.7055861e-08,0.7772212,-9.2690224e-09,1.4807132e-08,-2.3569788,-0.00062223304,9.885329e-08,-1.5790137e-07,-4.1916284e-05,0.0066603217,-1.063781e-06,1.7009988e-06,0.00050131434
475,0.474,0.52,1.2852685,-0.29755134,-1.5797583,-3.7366358e-09,1.6874933e-08,0.77722058,-9.1706898e-09,1.4650063e-08,-2.3569789,-0.00061567797,9.780634e-08,-1.5622737e-07,-4.1423691e-05,0.0065901544,-1.0525598e-06,1.6829965e-06,0.00049550014
476,0.475,0.52,1.2852683,-0.29755166,-1.5797589,-3.6969964e-09,1.6695923e-08,0.77721997,-9.0733986e-09,1.449466e-08,-2.3569789,-0.00060919195,9.6770436e-08,-1.545711e-07,-4.0936812e-05,0.0065207262,-1.0414559e-06,1.6651836e-06,0.00048975268
477,0.476,0.52,1.2852681,-0.29755198,-1.5797596,-3.6577781e-09,1.651881e-08,0.77721937,-8.9771379e-09,1.4340903e-08,-2.3569789,-0.00060277427,9.5745462e-08,-1.5293235e-07,-4.0455582e-05,0.0064520295,-1.0304679e-06,1.6475583e-06,0.00048407119
478,0.477,0.52,1.2852679,-0.2975523,-1.5797602,-3.6189765e-09,1.6343574e-08,0.77721877,-8.8818968e-09,1.4188777e-08,-2.356979,-0.0005964242,9.4731304e-08,-1.5131095e-07,-3.9979935e-05,0.0063840566,-1.0195948e-06,1.6301186e-06,0.00047845492
479,0.478,0.52,1.2852677,-0.29755261,-1.5797609,-3.5805872e-09,1.6170196e-08,0.77721817,-8.7876646e-09,1.4038264e-08,-2.356979,-0.00059014103,9.3727849e-08,-1.4970672e-07,-3.9509808e-05,0.0063167998,-1.0088353e-06,1.6128626e-06,0.00047290313
480,0.479,0.52,1.2852675,-0.29755292,-1.5797615,-3.5426057e-09,1.5998654e-08,0.77721759,-8.6944305e-09,1.3889347e-08,-2.3569791,-0.00058392405,9.2734984e-08,-1.4811947e-07,-3.9045137e-05,0.0062502516,-9.9818825e-07,1.5957884e-06,0.00046741508
481,0.48,0.52,1.2852673,-0.29755323,-1.5797621,-3.5050277e-09,1.5828931e-08,0.77721701,-8.6021841e-09,1.3742008e-08,-2.3569791,-0.00057777257,9.1752599e-08,-1.4654902e-07,-3.8585859e-05,0.0061844045,-9.8765256e-07,1.5788941e-06,0.00046199005
482,0.481,0.52,1.285267,-0.29755353,-1.5797627,-3.467849e-09,1.5661007e-08,0.77721643,-8.5109149e-09,1.3596232e-08,-2.3569791,-0.0005716859,9.0780585e-08,-1.449952e-07,-3.8131913e-05,0.0061192512,-9.7722707e-07,1.5621778e-06,0.00045662732
483,0.482,0.52,1.2852668,-0.29755383,-1.5797633,-3.4310652e-09,1.5494863e-08,0.77721586,-8.4206126e-09,1.3452002e-08,-2.3569792,-0.00056566335,8.9818833e-08,-1.4345783e-07,-3.7683238e-05,0.0060547842,-9.6691065e-07,1.5456377e-06,0.00045132619
484,0.483,0.52,1.2852667,-0.29755413,-1.5797639,-3.3946721e-09,1.533048e-08,0.7772153,-8.331267e-09,1.33093e-08,-2.3569792,-0.00055970424,8.8867235e-08,-1.4193674e-07,-3.7239772e-05,0.0059909965,-9.567022e-07,1.529272e-06,0.00044608594
485,0.484,0.52,1.2852665,-0.29755442,-1.5797645,-3.3586657e-09,1.5167839e-08,0.77721474,-8.242868e-09,1.3168112e-08,-2.3569793,-0.00055380792,8.7925685e-08,-1.4043176e-07,-3.6801456e-05,0.0059278808,-9.4660061e-07,1.5130788e-06,0.0004409059
486,0.485,0.52,1.2852663,-0.29755471,-1.5797651,-3.3230417e-09,1.5006922e-08,0.77721419,-8.1554056e-09,1.3028421e-08,-2.3569793,-0.00054797372,8.6994078e-08,-1.3894272e-07,-3.6368231e-05,0.00586543,-9.3660479e-07,1.4970564e-06,0.00043578536
487,0.486,0.52,1.2852661,-0.297555,-1.5797657,-3.2877961e-09,1.4847711e-08,0.77721365,-8.06887e-09,1.2890211e-08,-2.3569793,-0.00054220098,8.607231e-08,-1.3746944e-07,-3.5940038e-05,0.0058036372,-9.2671364e-07,1.4812029e-06,0.00043072366
488,0.487,0.52,1.2852659,-0.29755528,-1.5797663,-3.2529248e-09,1.4690187e-08,0.77721311,-7.9832512e-09,1.2753466e-08,-2.3569794,-0.00053648905,8.5160277e-08,-1.3601177e-07,-3.551682e-05,0.0057424954,-9.1692611e-07,1.4655167e-06,0.00042572013
489,0.488,0.52,1.2852657,-0.29755556,-1.5797668,-3.218424e-09,1.4534334e-08,0.77721257,-7.8985397e-09,1.2618172e-08,-2.3569794,-0.0005308373,8.4257879e-08,-1.3456953e-07,-3.5098519e-05,0.0056819977,-9.0724113e-07,1.4499959e-06,0.0004207741
490,0.489,0.52,1.2852655,-0.29755584,-1.5797674,-3.1842896e-09,1.4380132e-08,0.77721205,-7.8147259e-09,1.2484312e-08,-2.3569794,-0.0005252451,8.3365013e-08,-1.3314257e-07,-3.4685078e-05,0.0056221375,-8.9765765e-07,1.4346389e-06,0.00041588491
491,0.49,0.52,1.2852653,-0.29755612,-1.5797679,-3.1505177e-09,1.4227566e-08,0.77721152,-7.7318002e-09,1.2351871e-08,-2.3569795,-0.0005197118,8.248158e-08,-1.3173072e-07,-3.4276443e-05,0.0055629078,-8.8817462e-07,1.4194439e-06,0.00041105192
492,0.491,0.52,1.2852651,-0.29755639,-1.5797685,-3.1171045e-09,1.4076616e-08,0.77721101,-7.6497533e-09,1.2220835e-08,-2.3569795,-0.0005142368,8.1607481e-08,-1.3033383e-07,-3.3872557e-05,0.0055043022,-8.7879101e-07,1.4044093e-06,0.0004062745
493,0.492,0.52,1.285265,-0.29755666,-1.579769,-3.0840462e-09,1.3927267e-08,0.77721049,-7.568576e-09,1.2091189e-08,-2.3569795,-0.00050881948,8.0742617e-08,-1.2895174e-07,-3.3473366e-05,0.0054463141,-8.6950581e-07,1.3895334e-06,0.000401552
494,0.493,0.52,1.2852648,-0.29755692,-1.5797696,-3.0513389e-09,1.3779502e-08,0.77720999,-7.4882589e-09,1.1962917e-08,-2.3569796,-0.00050345923,7.9886893e-08,-1.2758428e-07,-3.3078817e-05,0.0053889368,-8.6031799e-07,1.3748145e-06,0.0003968838
495,0.494,0.52,1.2852646,-0.29755719,-1.5797701,-3.018979e-09,1.3633303e-08,0.77720949,-7.4087931e-09,1.1836006e-08,-2.3569796,-0.00049815546,7.9040212e-08,-1.2623131e-07,-3.2688855e-05,0.0053321641,-8.5122657e-07,1.360251e-06,0.00039226928
496,0.495,0.52,1.2852644,-0.29755745,-1.5797706,-2.9869627e-09,1.3488654e-08,0.77720899,-7.3301695e-09,1.171044e-08,-2.3569796,-0.00049290755,7.820248e-08,-1.2489268e-07,-3.2303428e-05,0.0052759895,-8.4223054e-07,1.3458413e-06,0.00038770783
497,0.496,0.52,1.2852643,-0.29755771,-1.5797712,-2.9552864e-09,1.3345538e-08,0.7772085,-7.2523792e-09,1.1586206e-08,-2.3569797,-0.00048771494,7.7373602e-08,-1.2356822e-07,-3.1922483e-05,0.0052204067,-8.3332893e-07,1.3315837e-06,0.00038319885
498,0.497,0.52,1.2852641,-0.29755796,-1.5797717,-2.9239465e-09,1.320394e-08,0.77720802,-7.1754135e-09,1.1463289e-08,-2.3569797,-0.00048257703,7.6553485e-08,-1.222578e-07,-3.154597e-05,0.0051654094,-8.2452076e-07,1.3174767e-06,0.00037874173
499,0.498,0.52,1.2852639,-0.29755822,-1.5797722,-2.8929393e-09,1.3063843e-08,0.77720754,-7.0992635e-09,1.1341676e-08,-2.3569797,-0.00047749325,7.5742038e-08,-1.2096126e-07,-3.1173837e-05,0.0051109916,-8.1580507e-07,1.3035186e-06,0.00037433589
500,0.499,0.52,1.2852638,-0.29755847,-1.5797727,-2.8622614e-09,1.2925232e-08,0.77720706,-7.0239208e-09,1.1221353e-08,-2.3569798,-0.00047246302,7.4939169e-08,-1.1967845e-07,-3.0806034e-05,0.0050571472,-8.071809e-07,1.289708e-06,0.00036998074
501,0.5,0.52,1.2852636,-0.29755871,-1.5797732,-2.8319093e-09,1.278809e-08,0.77720659,-6.9493767e-09,1.1102306e-08,-2.3569798,-0.00046748579,7.4144789e-08,-1.1840924e-07,-3.0442511e-05,0.00500387,-7.9864731e-07,1.2760434e-06,0.00036567571
502,0.501,0.52,1.2852634,-0.29755896,-1.5797737,-2.8018794e-09,1.2652403e-08,0.77720613,-6.8756228e-09,1.0984521e-08,-2.3569798,-0.00046256099,7.3358807e-08,-1.1715348e-07,-3.0083218e-05,0.0049511541,-7.9020337e-07,1.262523e-06,0.00036142021
503,0.502,0.52,1.2852633,-0.2975592,-1.5797742,-2.7721683e-09,1.2518154e-08,0.77720567,-6.8026507e-09,1.0867985e-08,-2.3569799,-0.00045768808,7.2581137e-08,-1.1591102e-07,-2.9728108e-05,0.0048989935,-7.8184815e-07,1.2491456e-06,0.00035721369
504,0.503,0.52,1.2852631,-0.29755944,-1.5797747,-2.7427727e-09,1.2385329e-08,0.77720521,-6.7304522e-09,1.0752686e-08,-2.3569799,-0.0004528665,7.181169e-08,-1.1468173e-07,-2.9377131e-05,0.0048473825,-7.7358072e-07,1.2359095e-06,0.0003530556
505,0.504,0.52,1.2852629,-0.29755968,-1.5797751,-2.7136892e-09,1.2253912e-08,0.77720476,-6.6590191e-09,1.0638609e-08,-2.3569799,-0.00044809572,7.105038e-08,-1.1346547e-07,-2.9030241e-05,0.0047963153,-7.6540019e-07,1.2228132e-06,0.00034894536
506,0.505,0.52,1.2852628,-0.29755991,-1.5797756,-2.6849144e-09,1.2123889e-08,0.77720431,-6.5883434e-09,1.0525742e-08,-2.3569799,-0.0004433752,7.0297121e-08,-1.1226209e-07,-2.868739e-05,0.004745786,-7.5730566e-07,1.2098554e-06,0.00034488245
507,0.506,0.52,1.2852626,-0.29756014,-1.5797761,-2.6564451e-09,1.1995245e-08,0.77720387,-6.5184169e-09,1.0414072e-08,-2.35698,-0.00043870441,6.955183e-08,-1.1107147e-07,-2.8348532e-05,0.0046957891,-7.4929623e-07,1.1970346e-06,0.00034086631
508,0.507,0.52,1.2852625,-0.29756037,-1.5797766,-2.6282781e-09,1.1867964e-08,0.77720344,-6.4492318e-09,1.0303586e-08,-2.35698,-0.00043408283,6.8814421e-08,-1.0989346e-07,-2.801362e-05,0.004646319,-7.4137102e-07,1.1843493e-06,0.00033689643
509,0.508,0.52,1.2852623,-0.2975606,-1.579777,-2.6004101e-09,1.1742034e-08,0.77720301,-6.3807802e-09,1.0194272e-08,-2.35698,-0.00042950993,6.8084813e-08,-1.0872794e-07,-2.768261e-05,0.00459737,-7.3352916e-07,1.1717981e-06,0.00033297226
510,0.509,0.52,1.2852622,-0.29756083,-1.5797775,-2.5728379e-09,1.1617439e-08,0.77720258,-6.3130544e-09,1.0086118e-08,-2.3569801,-0.00042498521,6.7362923e-08,-1.0757477e-07,-2.7355456e-05,0.0045489367,-7.2576979e-07,1.1593795e-06,0.00032909329
511,0.51,0.52,1.285262,-0.29756105,-1.5797779,-2.5455584e-09,1.1494165e-08,0.77720216,-6.2460467e-09,9.9791106e-09,-2.3569801,-0.00042050816,6.664867e-08,-1.0643382e-07,-2.7032115e-05,0.0045010137,-7.1809205e-07,1.1470923e-06,0.000325259
512,0.511,0.52,1.2852619,-0.29756127,-1.5797784,-2.5185685e-09,1.1372198e-08,0.77720174,-6.1797495e-09,9.8732381e-09,-2.3569801,-0.00041607827,6.5941973e-08,-1.0530496e-07,-2.6712541e-05,0.0044535956,-7.104951e-07,1.1349351e-06,0.00032146888
513,0.512,0.52,1.2852617,-0.29756149,-1.5797788,-2.491865e-09,1.1251525e-08,0.77720132,-6.1141552e-09,9.7684886e-09,-2.3569801,-0.00041169505,6.5242754e-08,-1.0418807e-07,-2.6396692e-05,0.004406677,-7.0297809e-07,1.1229063e-06,0.00031772243
514,0.513,0.52,1.2852616,-0.2975617,-1.5797792,-2.465445e-09,1.1132132e-08,0.77720091,-6.0492565e-09,9.6648501e-09,-2.3569802,-0.00040735801,6.4550932e-08,-1.0308302e-07,-2.6084524e-05,0.0043602528,-6.955402e-07,1.1110048e-06,0.00031401915
515,0.514,0.52,1.2852615,-0.29756192,-1.5797797,-2.4393055e-09,1.1014005e-08,0.77720051,-5.985046e-09,9.5623108e-09,-2.3569802,-0.00040306666,6.3866432e-08,-1.0198967e-07,-2.5775996e-05,0.0043143176,-6.881806e-07,1.0992292e-06,0.00031035854
516,0.515,0.52,1.2852613,-0.29756213,-1.5797801,-2.4134434e-09,1.089713e-08,0.77720011,-5.9215164e-09,9.4608591e-09,-2.3569802,-0.00039882052,6.3189174e-08,-1.0090792e-07,-2.5471065e-05,0.0042688664,-6.8089849e-07,1.0875782e-06,0.00030674013
517,0.516,0.52,1.2852612,-0.29756234,-1.5797805,-2.3878558e-09,1.0781495e-08,0.77719971,-5.8586604e-09,9.3604834e-09,-2.3569802,-0.00039461911,6.2519084e-08,-9.9837636e-08,-2.516969e-05,0.004223894,-6.7369305e-07,1.0760504e-06,0.00030316342
518,0.517,0.52,1.285261,-0.29756254,-1.5797809,-2.3625397e-09,1.0667087e-08,0.77719932,-5.7964711e-09,9.2611724e-09,-2.3569803,-0.00039046197,6.1856085e-08,-9.8778694e-08,-2.487183e-05,0.0041793955,-6.665635e-07,1.0646445e-06,0.00029962794
519,0.518,0.52,1.2852609,-0.29756275,-1.5797814,-2.3374924e-09,1.0553892e-08,0.77719893,-5.7349412e-09,9.1629148e-09,-2.3569803,-0.00038634862,6.1200103e-08,-9.7730978e-08,-2.4577444e-05,0.0041353657,-6.5950903e-07,1.0533593e-06,0.00029613322
520,0.519,0.52,1.2852608,-0.29756295,-1.5797818,-2.3127108e-09,1.0441897e-08,0.77719855,-5.6740639e-09,9.0656993e-09,-2.3569803,-0.0003822786,6.0551065e-08,-9.6694367e-08,-2.4286492e-05,0.0040917998,-6.5252887e-07,1.0421935e-06,0.00029267879
521,0.52,0.52,1.2852606,-0.29756315,-1.5797822,-2.2881923e-09,1.0331091e-08,0.77719816,-5.6138322e-09,8.969515e-09,-2.3569803,-0.00037825146,5.9908896e-08,-9.5668745e-08,-2.3998935e-05,0.0040486929,-6.4562224e-07,1.0311459e-06,0.0002892642
522,0.521,0.52,1.2852605,-0.29756335,-1.5797826,-2.263934e-09,1.0221459e-08,0.77719779,-5.5542393e-09,8.8743509e-09,-2.3569804,-0.00037426675,5.9273524e-08,-9.4653995e-08,-2.3714734e-05,0.0040060401,-6.3878839e-07,1.0202151e-06,0.00028588899
523,0.522,0.52,1.2852604,-0.29756355,-1.579783,-2.2399331e-09,1.0112991e-08,0.77719742,-5.4952784e-09,8.7801962e-09,-2.3569804,-0.00037032401,5.8644879e-08,-9.3650003e-08,-2.3433849e-05,0.0039638367,-6.3202655e-07,1.0094001e-06,0.00028255271
524,0.523,0.52,1.2852602,-0.29756374,-1.5797834,-2.216187e-09,1.0005672e-08,0.77719705,-5.4369428e-09,8.6870402e-09,-2.3569804,-0.00036642281,5.8022888e-08,-9.2656653e-08,-2.3156243e-05,0.0039220779,-6.2533596e-07,9.9869944e-07,0.00027925491
525,0.524,0.52,1.2852601,-0.29756393,-1.5797837,-2.1926928e-09,9.8994925e-09,0.77719668,-5.379226e-09,8.5948723e-09,-2.3569804,-0.00036256271,5.7407482e-08,-9.1673835e-08,-2.2881878e-05,0.0038807591,-6.187159e-07,9.8811208e-07,0.00027599516
526,0.525,0.52,1.28526,-0.29756412,-1.5797841,-2.1694479e-09,9.7944388e-09,0.77719632,-5.3221213e-09,8.503682e-09,-2.3569804,-0.00035874328,5.6798591e-08,-9.0701436e-08,-2.2610716e-05,0.0038398755,-6.1216563e-07,9.7763677e-07,0.00027277302
527,0.526,0.52,1.2852599,-0.29756431,-1.5797845,-2.1464497e-09,9.6904993e-09,0.77719597,-5.2656223e-09,8.413459e-09,-2.3569805,-0.00035496408,5.6196148e-08,-8.9739346e-08,-2.234272e-05,0.0037994227,-6.056844e-07,9.6727234e-07,0.00026958806
528,0.527,0.52,1.2852597,-0.2975645,-1.5797849,-2.1236956e-09,9.5876624e-09,0.77719561,-5.2097226e-09,8.3241931e-09,-2.3569805,-0.0003512247,5.5600083e-08,-8.8787456e-08,-2.2077855e-05,0.0037593961,-5.9927152e-07,9.5701763e-07,0.00026643985
529,0.528,0.52,1.2852596,-0.29756468,-1.5797853,-2.1011828e-09,9.4859162e-09,0.77719526,-5.1544158e-09,8.235874e-09,-2.3569805,-0.00034752471,5.5010329e-08,-8.7845657e-08,-2.1816083e-05,0.0037197911,-5.9292625e-07,9.4687147e-07,0.00026332798
530,0.529,0.52,1.2852595,-0.29756486,-1.5797856,-2.078909e-09,9.3852493e-09,0.77719492,-5.0996956e-09,8.1484917e-09,-2.3569805,-0.0003438637,5.442682e-08,-8.6913844e-08,-2.1557369e-05,0.0036806035,-5.8664791e-07,9.3683272e-07,0.00026025202
531,0.53,0.52,1.2852594,-0.29756504,-1.579786,-2.0568715e-09,9.2856502e-09,0.77719458,-5.0455559e-09,8.0620364e-09,-2.3569806,-0.00034024126,5.3849491e-08,-8.599191e-08,-2.1301677e-05,0.0036418286,-5.8043578e-07,9.2690024e-07,0.00025721158
532,0.531,0.52,1.2852593,-0.29756522,-1.5797863,-2.0350678e-09,9.1871075e-09,0.77719424,-4.9919905e-09,7.9764981e-09,-2.3569806,-0.00033665698,5.3278275e-08,-8.5079751e-08,-2.1048974e-05,0.0036034623,-5.7428918e-07,9.1707293e-07,0.00025420624
533,0.532,0.52,1.2852591,-0.2975654,-1.5797867,-2.0134955e-09,9.0896102e-09,0.7771939,-4.9389933e-09,7.8918671e-09,-2.3569806,-0.00033311046,5.2713108e-08,-8.4177262e-08,-2.0799223e-05,0.0035655001,-5.6820742e-07,9.0734967e-07,0.0002512356
534,0.533,0.52,1.285259,-0.29756557,-1.5797871,-1.992152e-09,8.993147e-09,0.77719357,-4.8865583e-09,7.8081339e-09,-2.3569806,-0.00032960131,5.2153927e-08,-8.3284343e-08,-2.0552392e-05,0.003527938,-5.6218982e-07,8.9772937e-07,0.00024829927
535,0.534,0.52,1.2852589,-0.29756574,-1.5797874,-1.971035e-09,8.8977071e-09,0.77719324,-4.8346795e-09,7.7252889e-09,-2.3569806,-0.00032612912,5.1600668e-08,-8.2400892e-08,-2.0308447e-05,0.0034907715,-5.5623572e-07,8.8821093e-07,0.00024539685
536,0.535,0.52,1.2852588,-0.29756592,-1.5797877,-1.9501421e-09,8.8032796e-09,0.77719292,-4.7833511e-09,7.6433227e-09,-2.3569807,-0.00032269351,5.105327e-08,-8.1526807e-08,-2.0067353e-05,0.0034539966,-5.5034445e-07,8.7879328e-07,0.00024252795
537,0.536,0.52,1.2852587,-0.29756608,-1.5797881,-1.9294708e-09,8.7098538e-09,0.7771926,-4.7325671e-09,7.562226e-09,-2.3569807,-0.00031929409,5.0511669e-08,-8.0661991e-08,-1.9829079e-05,0.0034176091,-5.4451535e-07,8.6947537e-07,0.0002396922
538,0.537,0.52,1.2852586,-0.29756625,-1.5797884,-1.9090188e-09,8.6174191e-09,0.77719228,-4.682322e-09,7.4819895e-09,-2.3569807,-0.00031593049,4.9975805e-08,-7.9806344e-08,-1.9593591e-05,0.003381605,-5.3874777e-07,8.6025614e-07,0.00023688921
539,0.538,0.52,1.2852585,-0.29756642,-1.5797888,-1.8887837e-09,8.5259648e-09,0.77719197,-4.6326098e-09,7.4026042e-09,-2.3569807,-0.00031260232,4.9445617e-08,-7.895977e-08,-1.9360858e-05,0.0033459802,-5.3304108e-07,8.5113455e-07,0.0002341186
540,0.539,0.52,1.2852584,-0.29756658,-1.5797891,-1.8687634e-09,8.4354808e-09,0.77719165,-4.5834251e-09,7.324061e-09,-2.3569807,-0.00030930922,4.8921046e-08,-7.8122173e-08,-1.9130847e-05,0.0033107307,-5.2739462e-07,8.4210956e-07,0.00023138001
541,0.54,0.52,1.2852583,-0.29756674,-1.5797894,-1.8489554e-09,8.3459566e-09,0.77719135,-4.5347621e-09,7.2463509e-09,-2.3569808,-0.0003060508,4.8402031e-08,-7.7293458e-08,-1.8903528e-05,0.0032758526,-5.2180778e-07,8.3318016e-07,0.00022867308
542,0.541,0.52,1.2852581,-0.2975669,-1.5797897,-1.8293576e-09,8.2573822e-09,0.77719104,-4.4866155e-09,7.1694652e-09,-2.3569808,-0.00030282672,4.7888515e-08,-7.647353e-08,-1.8678868e-05,0.0032413419,-5.1627992e-07,8.2434535e-07,0.00022599743
543,0.542,0.52,1.285258,-0.29756706,-1.5797901,-1.8099676e-09,8.1697473e-09,0.77719074,-4.4389796e-09,7.0933951e-09,-2.3569808,-0.0002996366,4.738044e-08,-7.5662296e-08,-1.8456838e-05,0.0032071948,-5.1081044e-07,8.1560411e-07,0.00022335271
544,0.543,0.52,1.2852579,-0.29756722,-1.5797904,-1.7907834e-09,8.0830422e-09,0.77719044,-4.3918492e-09,7.018132e-09,-2.3569808,-0.00029648008,4.6877747e-08,-7.4859665e-08,-1.8237406e-05,0.0031734074,-5.0539871e-07,8.0695547e-07,0.00022073856
545,0.544,0.52,1.2852578,-0.29756737,-1.5797907,-1.7718026e-09,7.9972568e-09,0.77719015,-4.3452188e-09,6.9436672e-09,-2.3569808,-0.00029335682,4.638038e-08,-7.4065545e-08,-1.8020543e-05,0.003139976,-5.0004413e-07,7.9839845e-07,0.00021815464
546,0.545,0.52,1.2852577,-0.29756753,-1.579791,-1.7530232e-09,7.9123816e-09,0.77718986,-4.2990831e-09,6.8699924e-09,-2.3569809,-0.00029026646,4.5888283e-08,-7.3279846e-08,-1.780622e-05,0.0031068969,-4.9474611e-07,7.8993207e-07,0.00021560061
547,0.546,0.52,1.2852576,-0.29756768,-1.5797913,-1.734443e-09,7.8284067e-09,0.77718957,-4.253437e-09,6.7970992e-09,-2.3569809,-0.00028720866,4.54014e-08,-7.2502479e-08,-1.7594406e-05,0.0030741662,-4.8950405e-07,7.8155538e-07,0.00021307611
548,0.547,0.52,1.2852575,-0.29756783,-1.5797916,-1.7160599e-09,7.7453228e-09,0.77718928,-4.2082751e-09,6.7249792e-09,-2.3569809,-0.00028418308,4.4919676e-08,-7.1733356e-08,-1.7385073e-05,0.0030417803,-4.8431736e-07,7.7326744e-07,0.00021058081
549,0.548,0.52,1.2852574,-0.29756798,-1.5797919,-1.6978717e-09,7.6631202e-09,0.777189,-4.1635925e-09,6.6536242e-09,-2.3569809,-0.00028118936,4.4443056e-08,-7.0972389e-08,-1.7178192e-05,0.0030097356,-4.7918547e-07,7.6506731e-07,0.00020811437
550,0.549,0.52,1.2852573,-0.29756813,-1.5797922,-1.6798765e-09,7.5817898e-09,0.77718872,-4.119384e-09,6.5830263e-09,-2.3569809,-0.00027822719,4.3971487e-08,-7.0219491e-08,-1.6973734e-05,0.0029780285,-4.741078e-07,7.5695405e-07,0.00020567647
551,0.55,0.52,1.2852572,-0.29756827,-1.5797925,-1.6620722e-09,7.5013222e-09,0.77718844,-4.0756445e-09,6.5131772e-09,-2.3569809,-0.00027529622,4.3504916e-08,-6.9474578e-08,-1.6771672e-05,0.0029466555,-4.6908377e-07,7.4892676e-07,0.00020326678
552,0.551,0.52,1.2852571,-0.29756842,-1.5797928,-1.6444567e-09,7.4217083e-09,0.77718817,-4.0323692e-09,6.4440692e-09,-2.356981,-0.00027239613,4.3043288e-08,-6.8737565e-08,-1.6571978e-05,0.002915613,-4.6411284e-07,7.4098452e-07,0.00020088497
553,0.552,0.52,1.2852571,-0.29756856,-1.5797931,-1.627028e-09,7.3429391e-09,0.7771879,-3.989553e-09,6.3756943e-09,-2.356981,-0.00026952659,4.2586553e-08,-6.8008367e-08,-1.6374625e-05,0.0028848975,-4.5919443e-07,7.3312644e-07,0.00019853072
554,0.553,0.52,1.285257,-0.2975687,-1.5797934,-1.6097842e-09,7.2650055e-09,0.77718763,-3.9471912e-09,6.3080447e-09,-2.356981,-0.00026668728,4.2134658e-08,-6.7286903e-08,-1.6179584e-05,0.0028545056,-4.5432801e-07,7.2535162e-07,0.00019620373
555,0.554,0.52,1.2852569,-0.29756884,-1.5797936,-1.5927232e-09,7.1878988e-09,0.77718736,-3.9052789e-09,6.2411128e-09,-2.356981,-0.00026387788,4.1687553e-08,-6.657309e-08,-1.5986831e-05,0.0028244339,-4.4951301e-07,7.1765918e-07,0.00019390367
556,0.555,0.52,1.2852568,-0.29756898,-1.5797939,-1.5758433e-09,7.1116101e-09,0.7771871,-3.8638113e-09,6.1748909e-09,-2.356981,-0.00026109808,4.1245186e-08,-6.5866847e-08,-1.5796337e-05,0.0027946791,-4.4474891e-07,7.1004826e-07,0.00019163024
557,0.556,0.52,1.2852567,-0.29756912,-1.5797942,-1.5591423e-09,7.0361308e-09,0.77718684,-3.8227838e-09,6.1093715e-09,-2.356981,-0.00025834756,4.0807508e-08,-6.5168095e-08,-1.5608078e-05,0.0027652377,-4.4003517e-07,7.02518e-07,0.00018938314
558,0.557,0.52,1.2852566,-0.29756925,-1.5797945,-1.5426184e-09,6.9614524e-09,0.77718659,-3.7821916e-09,6.0445472e-09,-2.3569811,-0.00025562602,4.0374468e-08,-6.4476752e-08,-1.5422026e-05,0.0027361064,-4.3537126e-07,6.9506753e-07,0.00018716205
559,0.558,0.52,1.2852565,-0.29756939,-1.5797947,-1.5262698e-09,6.8875662e-09,0.77718633,-3.7420302e-09,5.9804107e-09,-2.3569811,-0.00025293315,3.9946019e-08,-6.3792742e-08,-1.5238157e-05,0.0027072821,-4.3075665e-07,6.8769602e-07,0.00018496669
560,0.559,0.52,1.2852564,-0.29756952,-1.579795,-1.5100946e-09,6.814464e-09,0.77718608,-3.702295e-09,5.9169545e-09,-2.3569811,-0.00025026865,3.9522111e-08,-6.3115986e-08,-1.5056445e-05,0.0026787614,-4.2619083e-07,6.8040263e-07,0.00018279676
561,0.56,0.52,1.2852563,-0.29756965,-1.5797953,-1.4940909e-09,6.7421374e-09,0.77718583,-3.6629815e-09,5.8541715e-09,-2.3569811,-0.00024763222,3.9102696e-08,-6.2446408e-08,-1.4876866e-05,0.0026505412,-4.2167329e-07,6.7318654e-07,0.00018065196
562,0.561,0.52,1.2852562,-0.29756978,-1.5797955,-1.4782569e-09,6.6705781e-09,0.77718558,-3.6240852e-09,5.7920545e-09,-2.3569811,-0.00024502356,3.8687728e-08,-6.178393e-08,-1.4699394e-05,0.0026226183,-4.1720352e-07,6.6604693e-07,0.00017853202
563,0.562,0.52,1.2852562,-0.29756991,-1.5797958,-1.4625909e-09,6.5997781e-09,0.77718534,-3.5856016e-09,5.7305965e-09,-2.3569811,-0.00024244239,3.8277158e-08,-6.1128479e-08,-1.4524005e-05,0.0025949896,-4.1278101e-07,6.5898298e-07,0.00017643663
564,0.563,0.52,1.2852561,-0.29757003,-1.579796,-1.447091e-09,6.5297293e-09,0.7771851,-3.5475265e-09,5.6697906e-09,-2.3569811,-0.0002398884,3.7870941e-08,-6.047998e-08,-1.4350675e-05,0.0025676519,-4.0840527e-07,6.5199391e-07,0.00017436553
565,0.564,0.52,1.285256,-0.29757016,-1.5797963,-1.4317554e-09,6.4604237e-09,0.77718486,-3.5098554e-09,5.6096297e-09,-2.3569812,-0.00023736133,3.746903e-08,-5.9838359e-08,-1.417938e-05,0.0025406023,-4.0407581e-07,6.4507891e-07,0.00017231843
566,0.565,0.52,1.2852559,-0.29757028,-1.5797965,-1.4165825e-09,6.3918535e-09,0.77718462,-3.4725841e-09,5.550107e-09,-2.3569812,-0.00023486087,3.7071379e-08,-5.9203542e-08,-1.4010096e-05,0.0025138376,-3.9979214e-07,6.3823721e-07,0.00017029506
567,0.566,0.52,1.2852558,-0.29757041,-1.5797968,-1.4015704e-09,6.3240108e-09,0.77718439,-3.4357084e-09,5.4912158e-09,-2.3569812,-0.00023238676,3.6677945e-08,-5.8575459e-08,-1.3842801e-05,0.0024873549,-3.9555377e-07,6.3146802e-07,0.00016829515
568,0.567,0.52,1.2852558,-0.29757053,-1.579797,-1.3867175e-09,6.2568879e-09,0.77718416,-3.399224e-09,5.4329494e-09,-2.3569812,-0.00022993871,3.6288681e-08,-5.7954037e-08,-1.3677471e-05,0.0024611512,-3.9136024e-07,6.2477059e-07,0.00016631842
569,0.568,0.52,1.2852557,-0.29757065,-1.5797973,-1.3720222e-09,6.1904773e-09,0.77718393,-3.3631269e-09,5.3753011e-09,-2.3569812,-0.00022751645,3.5903545e-08,-5.7339206e-08,-1.3514083e-05,0.0024352236,-3.8721107e-07,6.1814414e-07,0.00016436462
570,0.569,0.52,1.2852556,-0.29757077,-1.5797975,-1.3574826e-09,6.1247713e-09,0.7771837,-3.3274129e-09,5.3182644e-09,-2.3569812,-0.00022511971,3.5522492e-08,-5.6730896e-08,-1.3352616e-05,0.0024095691,-3.8310579e-07,6.1158794e-07,0.00016243347
571,0.57,0.52,1.2852555,-0.29757089,-1.5797978,-1.3430973e-09,6.0597625e-09,0.77718348,-3.2920779e-09,5.2618328e-09,-2.3569812,-0.00022274821,3.5145479e-08,-5.6129038e-08,-1.3193045e-05,0.0023841849,-3.7904394e-07,6.0510124e-07,0.00016052472
572,0.571,0.52,1.2852554,-0.297571,-1.579798,-1.3288644e-09,5.9954434e-09,0.77718326,-3.2571179e-09,5.2059999e-09,-2.3569812,-0.0002204017,3.4772463e-08,-5.5533564e-08,-1.303535e-05,0.0023590681,-3.7502507e-07,5.986833e-07,0.00015863811
573,0.572,0.52,1.2852554,-0.29757112,-1.5797982,-1.3147825e-09,5.9318069e-09,0.77718304,-3.222529e-09,5.1507594e-09,-2.3569813,-0.00021807991,3.4403402e-08,-5.4944406e-08,-1.2879509e-05,0.0023342159,-3.7104872e-07,5.9233339e-07,0.00015677338
574,0.573,0.52,1.2852553,-0.29757123,-1.5797985,-1.3008499e-09,5.8688455e-09,0.77718282,-3.1883071e-09,5.0961048e-09,-2.3569813,-0.00021578258,3.4038255e-08,-5.4361496e-08,-1.2725501e-05,0.0023096255,-3.6711444e-07,5.860508e-07,0.00015493029
575,0.574,0.52,1.2852552,-0.29757135,-1.5797987,-1.287065e-09,5.8065522e-09,0.77718261,-3.1544485e-09,5.0420301e-09,-2.3569813,-0.00021350945,3.367698e-08,-5.3784769e-08,-1.2573303e-05,0.0022852942,-3.6322179e-07,5.798348e-07,0.00015310859
576,0.575,0.52,1.2852551,-0.29757146,-1.5797989,-1.2734262e-09,5.7449199e-09,0.7771824,-3.1209493e-09,4.9885291e-09,-2.3569813,-0.00021126027,3.3319535e-08,-5.321416e-08,-1.2422895e-05,0.0022612193,-3.5937034e-07,5.7368471e-07,0.00015130803
577,0.576,0.52,1.2852551,-0.29757157,-1.5797991,-1.2599321e-09,5.6839416e-09,0.77718219,-3.0878057e-09,4.9355957e-09,-2.3569813,-0.00020903479,3.2965881e-08,-5.2649602e-08,-1.2274257e-05,0.0022373979,-3.5555965e-07,5.6759982e-07,0.00014952837
578,0.577,0.52,1.285255,-0.29757168,-1.5797993,-1.246581e-09,5.6236103e-09,0.77718198,-3.0550138e-09,4.8832239e-09,-2.3569813,-0.00020683274,3.2615977e-08,-5.2091033e-08,-1.2127367e-05,0.0022138276,-3.5178929e-07,5.6157943e-07,0.00014776936
579,0.578,0.52,1.2852549,-0.29757179,-1.5797996,-1.2333715e-09,5.5639192e-09,0.77718177,-3.02257e-09,4.8314077e-09,-2.3569813,-0.0002046539,3.2269783e-08,-5.1538388e-08,-1.1982205e-05,0.0021905055,-3.4805882e-07,5.5562287e-07,0.00014603078
580,0.579,0.52,1.2852549,-0.29757189,-1.5797998,-1.2203021e-09,5.5048615e-09,0.77718157,-2.9904705e-09,4.7801412e-09,-2.3569813,-0.00020249801,3.1927261e-08,-5.0991606e-08,-1.1838752e-05,0.0021674292,-3.4436785e-07,5.4972947e-07,0.00014431238
581,0.58,0.52,1.2852548,-0.297572,-1.5798,-1.2073712e-09,5.4464304e-09,0.77718137,-2.9587118e-09,4.7294187e-09,-2.3569814,-0.00020036483,3.1588371e-08,-5.0450623e-08,-1.1696987e-05,0.0021445959,-3.4071594e-07,5.4389854e-07,0.00014261394
582,0.581,0.52,1.2852547,-0.29757211,-1.5798002,-1.1945774e-09,5.3886194e-09,0.77718117,-2.9272902e-09,4.6792342e-09,-2.3569814,-0.00019825412,3.1253075e-08,-4.9915378e-08,-1.1556891e-05,0.0021220032,-3.3710268e-07,5.3812944e-07,0.00014093523
583,0.582,0.52,1.2852547,-0.29757221,-1.5798004,-1.1819192e-09,5.3314218e-09,0.77718097,-2.8962021e-09,4.6295822e-09,-2.3569814,-0.00019616565,3.0921334e-08,-4.938581e-08,-1.1418445e-05,0.0020996485,-3.3352768e-07,5.324215e-07,0.00013927601
584,0.583,0.52,1.2852546,-0.29757231,-1.5798006,-1.1693953e-09,5.2748312e-09,0.77718078,-2.865444e-09,4.580457e-09,-2.3569814,-0.00019409918,3.0593112e-08,-4.886186e-08,-1.1281629e-05,0.0020775294,-3.2999052e-07,5.2677408e-07,0.00013763606
585,0.584,0.52,1.2852545,-0.29757241,-1.5798008,-1.1570041e-09,5.218841e-09,0.77718058,-2.8350124e-09,4.5318529e-09,-2.3569814,-0.00019205448,3.0268372e-08,-4.8343467e-08,-1.1146424e-05,0.0020556432,-3.2649081e-07,5.2118653e-07,0.00013601518
586,0.585,0.52,1.2852545,-0.29757251,-1.579801,-1.1447442e-09,5.163445e-09,0.77718039,-2.8049038e-09,4.4837645e-09,-2.3569814,-0.00019003132,2.9947075e-08,-4.7830573e-08,-1.1012812e-05,0.0020339876,-3.2302815e-07,5.1565823e-07,0.00013441312
587,0.586,0.52,1.2852544,-0.29757261,-1.5798012,-1.1326144e-09,5.1086368e-09,0.7771802,-2.7751148e-09,4.4361863e-09,-2.3569814,-0.00018802947,2.9629186e-08,-4.7323119e-08,-1.0880774e-05,0.0020125602,-3.1960215e-07,5.1018855e-07,0.00013282968
588,0.587,0.52,1.2852543,-0.29757271,-1.5798014,-1.1206131e-09,5.0544103e-09,0.77718002,-2.745642e-09,4.3891129e-09,-2.3569814,-0.00018604872,2.9314668e-08,-4.6821048e-08,-1.0750292e-05,0.0019913585,-3.1621242e-07,5.0477686e-07,0.00013126465
589,0.588,0.52,1.2852543,-0.29757281,-1.5798016,-1.1087391e-09,5.0007591e-09,0.77717983,-2.7164821e-09,4.3425388e-09,-2.3569814,-0.00018408883,2.9003486e-08,-4.6324303e-08,-1.0621348e-05,0.0019703802,-3.1285859e-07,4.9942255e-07,0.00012971781
590,0.589,0.52,1.2852542,-0.29757291,-1.5798018,-1.0969909e-09,4.9476773e-09,0.77717965,-2.6876317e-09,4.2964589e-09,-2.3569815,-0.00018214958,2.8695605e-08,-4.5832827e-08,-1.0493923e-05,0.0019496229,-3.0954027e-07,4.9412502e-07,0.00012818895
591,0.59,0.52,1.2852541,-0.297573,-1.579802,-1.0853673e-09,4.8951587e-09,0.77717947,-2.6590876e-09,4.2508679e-09,-2.3569815,-0.00018023077,2.839099e-08,-4.5346564e-08,-1.0368001e-05,0.0019290842,-3.0625708e-07,4.8888365e-07,0.00012667786
592,0.591,0.52,1.2852541,-0.2975731,-1.5798022,-1.0738668e-09,4.8431975e-09,0.77717929,-2.6308465e-09,4.2057606e-09,-2.3569815,-0.00017833217,2.8089605e-08,-4.4865459e-08,-1.0243563e-05,0.001908762,-3.0300867e-07,4.8369787e-07,0.00012518435
593,0.592,0.52,1.285254,-0.29757319,-1.5798024,-1.0624884e-09,4.7917877e-09,0.77717911,-2.6029052e-09,4.1611319e-09,-2.3569815,-0.00017645357,2.7791418e-08,-4.4389457e-08,-1.0120593e-05,0.0018886538,-2.9979465e-07,4.7856707e-07,0.00012370821
594,0.593,0.52,1.2852539,-0.29757328,-1.5798026,-1.0512305e-09,4.7409234e-09,0.77717893,-2.5752605e-09,4.1169766e-09,-2.3569815,-0.00017459476,2.7496393e-08,-4.3918504e-08,-9.9990734e-06,0.0018687575,-2.9661467e-07,4.7349068e-07,0.00012224924
595,0.594,0.52,1.2852539,-0.29757337,-1.5798028,-1.0400919e-09,4.6905988e-09,0.77717876,-2.5479092e-09,4.0732899e-09,-2.3569815,-0.00017275553,2.7204498e-08,-4.3452548e-08,-9.8789871e-06,0.0018490708,-2.9346838e-07,4.6846811e-07,0.00012080724
596,0.595,0.52,1.2852538,-0.29757346,-1.5798029,-1.0290715e-09,4.6408084e-09,0.77717859,-2.5208484e-09,4.0300666e-09,-2.3569815,-0.00017093568,2.6915699e-08,-4.2991533e-08,-9.7603177e-06,0.0018295914,-2.903554e-07,4.6349881e-07,0.00011938202
597,0.596,0.52,1.2852538,-0.29757355,-1.5798031,-1.0181678e-09,4.5915462e-09,0.77717842,-2.4940748e-09,3.9873019e-09,-2.3569815,-0.000169135,2.6629963e-08,-4.253541e-08,-9.6430487e-06,0.0018103173,-2.872754e-07,4.585822e-07,0.00011797338
598,0.597,0.52,1.2852537,-0.29757364,-1.5798033,-1.0073797e-09,4.5428069e-09,0.77717825,-2.4675854e-09,3.9449909e-09,-2.3569815,-0.00016735329,2.6347259e-08,-4.2084124e-08,-9.5271637e-06,0.0017912463,-2.8422801e-07,4.5371773e-07,0.00011658113
599,0.598,0.52,1.2852537,-0.29757373,-1.5798035,-9.96706e-10,4.4945848e-09,0.77717808,-2.4413772e-09,3.9031288e-09,-2.3569815,-0.00016559034,2.6067554e-08,-4.1637626e-08,-9.4126466e-06,0.0017723761,-2.8121291e-07,4.4890484e-07,0.00011520509
600,0.599,0.52,1.2852536,-0.29757382,-1.5798036,-9.8614542e-10,4.4468744e-09,0.77717792,-2.4154473e-09,3.8617109e-09,-2.3569816,-0.00016384598,2.5790816e-08,-4.1195864e-08,-9.2994815e-06,0.0017537048,-2.7822975e-07,4.4414299e-07,0.00011384507
601,0.6,0.52,1.2852535,-0.2975739,-1.5798038,-9.7569678e-10,4.3996703e-09,0.77717776,-2.3897927e-09,3.8207324e-09,-2.3569816,-0.00016211998,2.5517013e-08,-4.0758788e-08,-9.1876528e-06,0.0017352302,-2.7527819e-07,4.3943164e-07,0.00011250088
602,0.601,0.52,1.2852535,-0.29757399,-1.579804,-9.6535889e-10,4.3529672e-09,0.77717759,-2.3644104e-09,3.7801886e-09,-2.3569816,-0.00016041217,2.5246115e-08,-4.0326348e-08,-9.0771447e-06,0.0017169502,-2.7235789e-07,4.3477025e-07,0.00011117234
603,0.602,0.52,1.2852534,-0.29757407,-1.5798042,-9.5513057e-10,4.3067597e-09,0.77717743,-2.3392975e-09,3.7400751e-09,-2.3569816,-0.00015872235,2.4978092e-08,-3.9898496e-08,-8.967942e-06,0.0016988627,-2.6946853e-07,4.3015829e-07,0.00010985927
604,0.603,0.52,1.2852534,-0.29757416,-1.5798043,-9.4501067e-10,4.2610425e-09,0.77717728,-2.3144513e-09,3.7003871e-09,-2.3569816,-0.00015705034,2.4712911e-08,-3.9475182e-08,-8.8600294e-06,0.0016809659,-2.6660978e-07,4.2559524e-07,0.00010856149
605,0.604,0.52,1.2852533,-0.29757424,-1.5798045,-9.3499803e-10,4.2158105e-09,0.77717712,-2.2898689e-09,3.6611202e-09,-2.3569816,-0.00015539593,2.4450544e-08,-3.9056359e-08,-8.7533918e-06,0.0016632575,-2.6378132e-07,4.2108058e-07,0.00010727883
606,0.605,0.52,1.2852533,-0.29757432,-1.5798046,-9.2509152e-10,4.1710586e-09,0.77717697,-2.2655474e-09,3.6222699e-09,-2.3569816,-0.00015375896,2.419096e-08,-3.8641978e-08,-8.6480146e-06,0.0016457358,-2.6098283e-07,4.1661379e-07,0.00010601112
607,0.606,0.52,1.2852532,-0.2975744,-1.5798048,-9.1529001e-10,4.1267815e-09,0.77717681,-2.2414842e-09,3.5838318e-09,-2.3569816,-0.00015213923,2.3934131e-08,-3.8231994e-08,-8.5438829e-06,0.0016283986,-2.5821398e-07,4.1219438e-07,0.00010475817
608,0.607,0.52,1.2852532,-0.29757448,-1.579805,-9.0559239e-10,4.0829744e-09,0.77717666,-2.2176764e-09,3.5458015e-09,-2.3569816,-0.00015053656,2.3680026e-08,-3.7826358e-08,-8.4409822e-06,0.001611244,-2.5547447e-07,4.0782183e-07,0.00010351982
609,0.608,0.52,1.2852531,-0.29757456,-1.5798051,-8.9599755e-10,4.0396321e-09,0.77717651,-2.1941214e-09,3.5081748e-09,-2.3569816,-0.00014895078,2.3428617e-08,-3.7425026e-08,-8.3392983e-06,0.0015942702,-2.5276399e-07,4.0349566e-07,0.00010229591
610,0.609,0.52,1.2852531,-0.29757464,-1.5798053,-8.865044e-10,3.9967498e-09,0.77717636,-2.1708165e-09,3.4709472e-09,-2.3569816,-0.0001473817,2.3179876e-08,-3.702795e-08,-8.2388169e-06,0.0015774752,-2.5008223e-07,3.9921537e-07,0.00010108626
611,0.61,0.52,1.285253,-0.29757471,-1.5798054,-8.7711187e-10,3.9543226e-09,0.77717622,-2.147759e-09,3.4341146e-09,-2.3569817,-0.00014582915,2.2933774e-08,-3.6635087e-08,-8.1395239e-06,0.0015608572,-2.4742889e-07,3.9498047e-07,9.9890715e-05
612,0.611,0.52,1.285253,-0.29757479,-1.5798056,-8.6781889e-10,3.9123457e-09,0.77717607,-2.1249463e-09,3.3976729e-09,-2.3569817,-0.00014429296,2.2690283e-08,-3.6246392e-08,-8.0414056e-06,0.0015444142,-2.4480367e-07,3.9079048e-07,9.8709107e-05
613,0.612,0.52,1.2852529,-0.29757487,-1.5798057,-8.5862439e-10,3.8708143e-09,0.77717593,-2.1023759e-09,3.3616177e-09,-2.3569817,-0.00014277295,2.2449375e-08,-3.586182e-08,-7.9444482e-06,0.0015281444,-2.4220626e-07,3.8664493e-07,9.7541277e-05
614,0.613,0.52,1.2852529,-0.29757494,-1.5798059,-8.4952735e-10,3.8297236e-09,0.77717579,-2.080045e-09,3.3259451e-09,-2.3569817,-0.00014126895,2.2211024e-08,-3.5481327e-08,-7.8486383e-06,0.0015120461,-2.3963638e-07,3.8254335e-07,9.6387066e-05
615,0.614,0.52,1.2852528,-0.29757501,-1.579806,-8.4052672e-10,3.789069e-09,0.77717565,-2.0579513e-09,3.290651e-09,-2.3569817,-0.0001397808,2.1975201e-08,-3.5104871e-08,-7.7539623e-06,0.0014961173,-2.3709373e-07,3.7848526e-07,9.5246318e-05
616,0.615,0.52,1.2852528,-0.29757509,-1.5798062,-8.3162148e-10,3.7488458e-09,0.77717551,-2.0360921e-09,3.2557314e-09,-2.3569817,-0.00013830832,2.1741881e-08,-3.4732408e-08,-7.6604072e-06,0.0014803563,-2.3457803e-07,3.7447022e-07,9.4118877e-05
617,0.616,0.52,1.2852527,-0.29757516,-1.5798063,-8.2281062e-10,3.7090495e-09,0.77717537,-2.014465e-09,3.2211822e-09,-2.3569817,-0.00013685136,2.1511037e-08,-3.4363897e-08,-7.5679597e-06,0.0014647614,-2.3208899e-07,3.7049775e-07,9.3004589e-05
618,0.617,0.52,1.2852527,-0.29757523,-1.5798065,-8.1409314e-10,3.6696756e-09,0.77717523,-1.9930676e-09,3.1869996e-09,-2.3569817,-0.00013540974,2.1282642e-08,-3.3999294e-08,-7.4766071e-06,0.0014493308,-2.2962633e-07,3.6656742e-07,9.1903303e-05
619,0.618,0.52,1.2852526,-0.2975753,-1.5798066,-8.0546805e-10,3.6307196e-09,0.7771751,-1.9718973e-09,3.1531797e-09,-2.3569817,-0.00013398332,2.105667e-08,-3.363856e-08,-7.3863364e-06,0.0014340627,-2.2718977e-07,3.6267877e-07,9.0814869e-05
620,0.619,0.52,1.2852526,-0.29757537,-1.5798068,-7.9693436e-10,3.592177e-09,0.77717497,-1.9509518e-09,3.1197187e-09,-2.3569817,-0.00013257191,2.0833097e-08,-3.3281652e-08,-7.2971352e-06,0.0014189555,-2.2477904e-07,3.5883137e-07,8.9739139e-05
621,0.62,0.52,1.2852525,-0.29757544,-1.5798069,-7.8849112e-10,3.5540434e-09,0.77717483,-1.9302287e-09,3.0866126e-09,-2.3569817,-0.00013117538,2.0611895e-08,-3.2928531e-08,-7.2089908e-06,0.0014040075,-2.2239386e-07,3.5502476e-07,8.8675966e-05
622,0.621,0.52,1.2852525,-0.29757551,-1.579807,-7.8013735e-10,3.5163146e-09,0.7771747,-1.9097257e-09,3.0538578e-09,-2.3569817,-0.00012979356,2.0393041e-08,-3.2579156e-08,-7.1218909e-06,0.0013892169,-2.2003396e-07,3.5125854e-07,8.7625206e-05
623,0.622,0.52,1.2852525,-0.29757558,-1.5798072,-7.7187212e-10,3.4789861e-09,0.77717457,-1.8894403e-09,3.0214506e-09,-2.3569817,-0.00012842629,2.017651e-08,-3.2233486e-08,-7.0358235e-06,0.0013745821,-2.1769908e-07,3.4753225e-07,8.6586714e-05
624,0.623,0.52,1.2852524,-0.29757565,-1.5798073,-7.6369447e-10,3.4420539e-09,0.77717445,-1.8693703e-09,2.9893872e-09,-2.3569818,-0.00012707343,1.9962276e-08,-3.1891484e-08,-6.9507763e-06,0.0013601015,-2.1538894e-07,3.4384549e-07,8.556035e-05
625,0.624,0.52,1.2852524,-0.29757571,-1.5798074,-7.5560349e-10,3.4055136e-09,0.77717432,-1.8495135e-09,2.957664e-09,-2.3569818,-0.00012573482,1.9750315e-08,-3.155311e-08,-6.8667375e-06,0.0013457735,-2.131033e-07,3.4019784e-07,8.4545974e-05
626,0.625,0.52,1.2852523,-0.29757578,-1.5798076,-7.4759826e-10,3.3693611e-09,0.77717419,-1.8298674e-09,2.9262773e-09,-2.3569818,-0.00012441032,1.9540604e-08,-3.1218326e-08,-6.7836953e-06,0.0013315964,-2.1084188e-07,3.3658887e-07,8.3543446e-05
627,0.626,0.52,1.2852523,-0.29757584,-1.5798077,-7.3967785e-10,3.3335923e-09,0.77717407,-1.81043e-09,2.8952237e-09,-2.3569818,-0.00012309976,1.9333118e-08,-3.0887093e-08,-6.7016381e-06,0.0013175686,-2.0860444e-07,3.3301817e-07,8.255263e-05
628,0.627,0.52,1.2852522,-0.29757591,-1.5798078,-7.3184139e-10,3.2982031e-09,0.77717395,-1.791199e-09,2.8644996e-09,-2.3569818,-0.00012180301,1.9127835e-08,-3.0559374e-08,-6.6205544e-06,0.0013036887,-2.0639071e-07,3.2948535e-07,8.1573392e-05
629,0.628,0.52,1.2852522,-0.29757597,-1.579808,-7.2408797e-10,3.2631895e-09,0.77717383,-1.7721722e-09,2.8341015e-09,-2.3569818,-0.00012051992,1.8924729e-08,-3.0235132e-08,-6.5404327e-06,0.0012899549,-2.0420046e-07,3.2599e-07,8.0605597e-05
630,0.629,0.52,1.2852522,-0.29757604,-1.5798081,-7.1641671e-10,3.2285476e-09,0.77717371,-1.7533474e-09,2.8040259e-09,-2.3569818,-0.00011925035,1.8723779e-08,-2.9914329e-08,-6.4612618e-06,0.0012763659,-2.0203342e-07,3.2253172e-07,7.9649113e-05
631,0.63,0.52,1.2852521,-0.2975761,-1.5798082,-7.0882674e-10,3.1942733e-09,0.77717359,-1.7347225e-09,2.7742694e-09,-2.3569818,-0.00011799416,1.8524962e-08,-2.959693e-08,-6.3830306e-06,0.00126292,-1.9988936e-07,3.1911013e-07,7.870381e-05
632,0.631,0.52,1.2852521,-0.29757616,-1.5798083,-7.0131721e-10,3.1603627e-09,0.77717347,-1.7162953e-09,2.7448287e-09,-2.3569818,-0.00011675119,1.8328255e-08,-2.9282898e-08,-6.3057282e-06,0.0012496158,-1.9776803e-07,3.1572482e-07,7.7769558e-05
633,0.632,0.52,1.285252,-0.29757622,-1.5798085,-6.9388725e-10,3.1268121e-09,0.77717336,-1.6980638e-09,2.7157003e-09,-2.3569818,-0.00011552132,1.8133635e-08,-2.8972197e-08,-6.2293436e-06,0.0012364517,-1.9566919e-07,3.1237542e-07,7.684623e-05
634,0.633,0.52,1.285252,-0.29757628,-1.5798086,-6.8653603e-10,3.0936176e-09,0.77717324,-1.680026e-09,2.686881e-09,-2.3569818,-0.00011430441,1.7941081e-08,-2.8664792e-08,-6.1538662e-06,0.0012234263,-1.935926e-07,3.0906155e-07,7.59337e-05
635,0.634,0.52,1.285252,-0.29757634,-1.5798087,-6.7926271e-10,3.0607753e-09,0.77717313,-1.6621796e-09,2.6583674e-09,-2.3569818,-0.00011310032,1.775057e-08,-2.8360649e-08,-6.0792853e-06,0.0012105381,-1.9153803e-07,3.0578282e-07,7.5031842e-05
636,0.635,0.52,1.2852519,-0.2975764,-1.5798088,-6.7206646e-10,3.0282816e-09,0.77717301,-1.6445228e-09,2.6301564e-09,-2.3569818,-0.00011190891,1.7562081e-08,-2.8059732e-08,-6.0055904e-06,0.0011977857,-1.8950524e-07,3.0253887e-07,7.4140534e-05
637,0.636,0.52,1.2852519,-0.29757646,-1.5798089,-6.6494647e-10,2.9961329e-09,0.7771729,-1.6270535e-09,2.6022447e-09,-2.3569818,-0.00011073005,1.7375593e-08,-2.7762007e-08,-5.9327712e-06,0.0011851676,-1.8749401e-07,2.9932933e-07,7.3259653e-05
638,0.637,0.52,1.2852518,-0.29757652,-1.579809,-6.5790192e-10,2.9643253e-09,0.77717279,-1.6097696e-09,2.5746292e-09,-2.3569818,-0.00010956361,1.7191083e-08,-2.7467441e-08,-5.8608174e-06,0.0011726825,-1.8550411e-07,2.9615383e-07,7.238908e-05
639,0.638,0.52,1.2852518,-0.29757658,-1.5798092,-6.5093203e-10,2.9328553e-09,0.77717268,-1.5926693e-09,2.5473067e-09,-2.3569818,-0.00010840945,1.7008533e-08,-2.7176e-08,-5.7897189e-06,0.0011603289,-1.835353e-07,2.9301202e-07,7.1528695e-05
640,0.639,0.52,1.2852518,-0.29757663,-1.5798093,-6.4403599e-10,2.9017193e-09,0.77717258,-1.5757506e-09,2.5202741e-09,-2.3569819,-0.00010726746,1.6827919e-08,-2.6887651e-08,-5.7194657e-06,0.0011481055,-1.8158737e-07,2.8990353e-07,7.0678379e-05
641,0.64,0.52,1.2852517,-0.29757669,-1.5798094,-6.3721302e-10,2.8709138e-09,0.77717247,-1.5590116e-09,2.4935283e-09,-2.3569819,-0.0001061375,1.6649223e-08,-2.6602361e-08,-5.6500478e-06,0.0011360108,-1.796601e-07,2.8682801e-07,6.9838017e-05
642,0.641,0.52,1.2852517,-0.29757674,-1.5798095,-6.3046235e-10,2.8404352e-09,0.77717236,-1.5424503e-09,2.4670663e-09,-2.3569819,-0.00010501944,1.6472423e-08,-2.6320097e-08,-5.5814556e-06,0.0011240435,-1.7775326e-07,2.8378511e-07,6.9007494e-05
643,0.642,0.52,1.2852517,-0.2975768,-1.5798096,-6.2378321e-10,2.8102802e-09,0.77717226,-1.5260648e-09,2.4408851e-09,-2.3569819,-0.00010391316,1.62975e-08,-2.6040828e-08,-5.5136793e-06,0.0011122023,-1.7586665e-07,2.8077449e-07,6.8186696e-05
644,0.643,0.52,1.2852516,-0.29757685,-1.5798097,-6.1717485e-10,2.7804452e-09,0.77717216,-1.5098534e-09,2.4149817e-09,-2.3569819,-0.00010281853,1.6124433e-08,-2.5764521e-08,-5.4467094e-06,0.0011004859,-1.7400004e-07,2.777958e-07,6.7375509e-05
645,0.644,0.52,1.2852516,-0.29757691,-1.5798098,-6.1063651e-10,2.7509269e-09,0.77717205,-1.4938141e-09,2.3893531e-09,-2.3569819,-0.00010173543,1.5953203e-08,-2.5491146e-08,-5.3805364e-06,0.0010888928,-1.7215322e-07,2.7484871e-07,6.6573825e-05
646,0.645,0.52,1.2852516,-0.29757696,-1.5798099,-6.0416745e-10,2.7217218e-09,0.77717195,-1.4779452e-09,2.3639965e-09,-2.3569819,-0.00010066375,1.5783791e-08,-2.5220671e-08,-5.315151e-06,0.0010774219,-1.70326e-07,2.7193287e-07,6.578153e-05
647,0.646,0.52,1.2852515,-0.29757701,-1.57981,-5.9776694e-10,2.6928268e-09,0.77717185,-1.4622447e-09,2.3389089e-09,-2.3569819,-9.9603349e-05,1.5616176e-08,-2.4953066e-08,-5.250544e-06,0.0010660719,-1.6851814e-07,2.6904797e-07,6.4998519e-05
648,0.647,0.52,1.2852515,-0.29757707,-1.5798101,-5.9143425e-10,2.6642384e-09,0.77717175,-1.446711e-09,2.3140875e-09,-2.3569819,-9.8554123e-05,1.5450341e-08,-2.4688299e-08,-5.1867062e-06,0.0010548414,-1.6672947e-07,2.6619366e-07,6.4224682e-05
649,0.648,0.52,1.2852515,-0.29757712,-1.5798102,-5.8516866e-10,2.6359535e-09,0.77717166,-1.4313423e-09,2.2895295e-09,-2.3569819,-9.7515949e-05,1.5286266e-08,-2.4426342e-08,-5.1236287e-06,0.0010437293,-1.6495976e-07,2.6336964e-07,6.3459915e-05
650,0.649,0.52,1.2852514,-0.29757717,-1.5798103,-5.7896946e-10,2.6079687e-09,0.77717156,-1.4161367e-09,2.265232e-09,-2.3569819,-9.6488713e-05,1.5123933e-08,-2.4167163e-08,-5.0613025e-06,0.0010327342,-1.6320882e-07,2.6057557e-07,6.2704112e-05
651,0.65,0.52,1.2852514,-0.29757722,-1.5798105,-5.7283594e-10,2.5802811e-09,0.77717146,-1.4010927e-09,2.2411924e-09,-2.3569819,-9.5472298e-05,1.4963323e-08,-2.3910734e-08,-4.9997188e-06,0.0010218549,-1.6147645e-07,2.5781113e-07,6.1957168e-05
652,0.651,0.52,1.2852514,-0.29757727,-1.5798106,-5.6676741e-10,2.5528872e-09,0.77717137,-1.3862084e-09,2.2174078e-09,-2.3569819,-9.446659e-05,1.4804417e-08,-2.3657026e-08,-4.9388689e-06,0.0010110902,-1.5976246e-07,2.5507602e-07,6.1218983e-05
653,0.652,0.52,1.2852513,-0.29757732,-1.5798106,-5.6076319e-10,2.5257842e-09,0.77717127,-1.3714821e-09,2.1938756e-09,-2.3569819,-9.3471476e-05,1.4647199e-08,-2.3406009e-08,-4.8787442e-06,0.001000439,-1.5806664e-07,2.5236992e-07,6.0489453e-05
654,0.653,0.52,1.2852513,-0.29757737,-1.5798107,-5.5482258e-10,2.4989688e-09,0.77717118,-1.3569123e-09,2.1705931e-09,-2.3569819,-9.2486846e-05,1.4491649e-08,-2.3157655e-08,-4.8193362e-06,0.00098989995,-1.5638881e-07,2.4969252e-07,5.9768479e-05
655,0.654,0.52,1.2852513,-0.29757742,-1.5798108,-5.4894491e-10,2.4724381e-09,0.77717109,-1.3424972e-09,2.1475577e-09,-2.3569819,-9.1512588e-05,1.433775e-08,-2.2911936e-08,-4.7606365e-06,0.00097947193,-1.5472877e-07,2.4704352e-07,5.9055962e-05
656,0.655,0.52,1.2852512,-0.29757746,-1.5798109,-5.4312953e-10,2.4461889e-09,0.777171,-1.3282352e-09,2.1247666e-09,-2.3569819,-9.0548593e-05,1.4185485e-08,-2.2668824e-08,-4.7026368e-06,0.00096915377,-1.5308635e-07,2.4442263e-07,5.8351805e-05
657,0.656,0.52,1.2852512,-0.29757751,-1.579811,-5.3737576e-10,2.4202184e-09,0.77717091,-1.3141246e-09,2.1022174e-09,-2.3569819,-8.9594754e-05,1.4034836e-08,-2.2428291e-08,-4.6453288e-06,0.00095894431,-1.5146134e-07,2.4182953e-07,5.7655909e-05
658,0.657,0.52,1.2852512,-0.29757756,-1.5798111,-5.3168295e-10,2.3945235e-09,0.77717082,-1.3001639e-09,2.0799075e-09,-2.3569819,-8.8650962e-05,1.3885786e-08,-2.219031e-08,-4.5887045e-06,0.00094884241,-1.4985357e-07,2.3926394e-07,5.6968179e-05
659,0.658,0.52,1.2852511,-0.29757761,-1.5798112,-5.2605046e-10,2.3691013e-09,0.77717073,-1.2863514e-09,2.0578343e-09,-2.356982,-8.7717113e-05,1.3738319e-08,-2.1954853e-08,-4.5327558e-06,0.00093884692,-1.4826286e-07,2.3672557e-07,5.6288521e-05
660,0.659,0.52,1.2852511,-0.29757765,-1.5798113,-5.2047765e-10,2.343949e-09,0.77717064,-1.2726857e-09,2.0359953e-09,-2.356982,-8.6793101e-05,1.3592417e-08,-2.1721895e-08,-4.4774748e-06,0.00092895674,-1.4668902e-07,2.3421412e-07,5.5616841e-05
661,0.66,0.52,1.2852511,-0.2975777,-1.5798114,-5.1496389e-10,2.3190637e-09,0.77717056,-1.259165e-09,2.014388e-09,-2.356982,-8.5878824e-05,1.3448063e-08,-2.1491408e-08,-4.4228537e-06,0.00091917075,-1.4513187e-07,2.3172931e-07,5.4953048e-05
662,0.661,0.52,1.285251,-0.29757774,-1.5798115,-5.0950854e-10,2.2944425e-09,0.77717047,-1.245788e-09,1.99301e-09,-2.356982,-8.4974177e-05,1.3305242e-08,-2.1263366e-08,-4.3688846e-06,0.00090948785,-1.4359124e-07,2.2927086e-07,5.4297048e-05
663,0.662,0.52,1.285251,-0.29757779,-1.5798116,-5.04111e-10,2.2700826e-09,0.77717039,-1.232553e-09,1.9718588e-09,-2.356982,-8.4079061e-05,1.3163938e-08,-2.1037744e-08,-4.31556e-06,0.00089990696,-1.4206695e-07,2.2683848e-07,5.3648753e-05
664,0.663,0.52,1.285251,-0.29757783,-1.5798117,-4.9877064e-10,2.2459813e-09,0.7771703,-1.2194586e-09,1.9509321e-09,-2.356982,-8.3193374e-05,1.3024133e-08,-2.0814516e-08,-4.2628723e-06,0.000890427,-1.4055884e-07,2.2443191e-07,5.3008072e-05
665,0.664,0.52,1.285251,-0.29757787,-1.5798118,-4.9348687e-10,2.2221359e-09,0.77717022,-1.2065033e-09,1.9302274e-09,-2.356982,-8.2317017e-05,1.2885812e-08,-2.0593655e-08,-4.210814e-06,0.00088104691,-1.3906672e-07,2.2205086e-07,5.2374917e-05
666,0.665,0.52,1.2852509,-0.29757792,-1.5798118,-4.8825907e-10,2.1985435e-09,0.77717014,-1.1936855e-09,1.9097424e-09,-2.356982,-8.1449892e-05,1.274896e-08,-2.0375138e-08,-4.1593776e-06,0.00087176563,-1.3759043e-07,2.1969508e-07,5.1749201e-05
667,0.666,0.52,1.2852509,-0.29757796,-1.5798119,-4.8308667e-10,2.1752016e-09,0.77717006,-1.1810039e-09,1.8894748e-09,-2.356982,-8.0591901e-05,1.261356e-08,-2.0158939e-08,-4.108556e-06,0.00086258213,-1.361298e-07,2.1736428e-07,5.1130839e-05
668,0.667,0.52,1.2852509,-0.297578,-1.579812,-4.7796907e-10,2.1521074e-09,0.77716998,-1.168457e-09,1.8694223e-09,-2.356982,-7.9742949e-05,1.2479598e-08,-1.9945034e-08,-4.0583418e-06,0.00085349538,-1.3468467e-07,2.1505821e-07,5.0519743e-05
669,0.668,0.52,1.2852509,-0.29757804,-1.5798121,-4.7290569e-10,2.1292583e-09,0.7771699,-1.1560433e-09,1.8495825e-09,-2.356982,-7.8902941e-05,1.2347058e-08,-1.9733398e-08,-4.0087279e-06,0.00084450436,-1.3325486e-07,2.1277659e-07,4.9915831e-05
670,0.669,0.52,1.2852508,-0.29757809,-1.5798122,-4.6789595e-10,2.1066518e-09,0.77716982,-1.1437614e-09,1.8299532e-09,-2.356982,-7.8071781e-05,1.2215925e-08,-1.9524008e-08,-3.9597073e-06,0.00083560805,-1.3184023e-07,2.1051919e-07,4.9319019e-05
671,0.67,0.52,1.2852508,-0.29757813,-1.5798123,-4.6293929e-10,2.0842853e-09,0.77716974,-1.13161e-09,1.8105322e-09,-2.356982,-7.7249377e-05,1.2086185e-08,-1.9316839e-08,-3.9112729e-06,0.00082680546,-1.304406e-07,2.0828572e-07,4.8729224e-05
672,0.671,0.52,1.2852508,-0.29757817,-1.5798123,-4.5803515e-10,2.0621561e-09,0.77716966,-1.1195877e-09,1.7913173e-09,-2.356982,-7.6435636e-05,1.1957821e-08,-1.9111868e-08,-3.863418e-06,0.00081809561,-1.2905583e-07,2.0607595e-07,4.8146365e-05
673,0.672,0.52,1.2852507,-0.29757821,-1.5798124,-4.5318296e-10,2.0402619e-09,0.77716959,-1.107693e-09,1.7723063e-09,-2.356982,-7.5630467e-05,1.183082e-08,-1.8909071e-08,-3.8161357e-06,0.00080947751,-1.2768574e-07,2.0388962e-07,4.7570361e-05
674,0.673,0.52,1.2852507,-0.29757825,-1.5798125,-4.4838218e-10,2.0186e-09,0.77716951,-1.0959247e-09,1.753497e-09,-2.356982,-7.4833781e-05,1.1705168e-08,-1.8708426e-08,-3.7694191e-06,0.0008009502,-1.2633019e-07,2.0172649e-07,4.7001134e-05
675,0.674,0.52,1.2852507,-0.29757829,-1.5798126,-4.4363227e-10,1.9971681e-09,0.77716944,-1.0842813e-09,1.7348873e-09,-2.356982,-7.4045487e-05,1.158085e-08,-1.850991e-08,-3.7232618e-06,0.00079251273,-1.2498902e-07,1.9958629e-07,4.6438604e-05
676,0.675,0.52,1.2852507,-0.29757832,-1.5798127,-4.3893268e-10,1.9759637e-09,0.77716937,-1.0727616e-09,1.7164751e-09,-2.356982,-7.3265497e-05,1.1457851e-08,-1.83135e-08,-3.6776571e-06,0.00078416414,-1.2366208e-07,1.9746881e-07,4.5882694e-05
677,0.676,0.52,1.2852506,-0.29757836,-1.5798127,-4.3428288e-10,1.9549844e-09,0.77716929,-1.0613643e-09,1.6982582e-09,-2.356982,-7.2493724e-05,1.1336158e-08,-1.8119174e-08,-3.6325984e-06,0.0007759035,-1.2234922e-07,1.9537378e-07,4.5333326e-05
678,0.677,0.52,1.2852506,-0.2975784,-1.5798128,-4.2968234e-10,1.9342277e-09,0.77716922,-1.050088e-09,1.6802347e-09,-2.356982,-7.1730081e-05,1.1215757e-08,-1.7926909e-08,-3.5880794e-06,0.00076772988,-1.2105029e-07,1.9330098e-07,4.4790424e-05
679,0.678,0.52,1.2852506,-0.29757844,-1.5798129,-4.2513054e-10,1.9136914e-09,0.77716915,-1.0389315e-09,1.6624023e-09,-2.356982,-7.0974482e-05,1.1096635e-08,-1.7736684e-08,-3.5440938e-06,0.00075964237,-1.1976514e-07,1.9125016e-07,4.4253914e-05
680,0.679,0.52,1.2852506,-0.29757848,-1.579813,-4.2062696e-10,1.8933731e-09,0.77716908,-1.0278935e-09,1.6447593e-09,-2.356982,-7.0226843e-05,1.0978777e-08,-1.7548478e-08,-3.5006352e-06,0.00075164006,-1.1849363e-07,1.892211e-07,4.3723721e-05
681,0.68,0.52,1.2852506,-0.29757851,-1.579813,-4.161711e-10,1.8732704e-09,0.77716901,-1.0169727e-09,1.6273034e-09,-2.356982,-6.948708e-05,1.086217e-08,-1.7362268e-08,-3.4576974e-06,0.00074372205,-1.1723561e-07,1.8721357e-07,4.3199773e-05
682,0.681,0.52,1.2852505,-0.29757855,-1.5798131,-4.1176245e-10,1.8533812e-09,0.77716894,-1.0061679e-09,1.6100327e-09,-2.356982,-6.875511e-05,1.0746802e-08,-1.7178034e-08,-3.4152743e-06,0.00073588746,-1.1599093e-07,1.8522733e-07,4.2681996e-05
683,0.682,0.52,1.2852505,-0.29757858,-1.5798132,-4.074005e-10,1.8337031e-09,0.77716887,-9.9547786e-10,1.5929454e-09,-2.356982,-6.8030851e-05,1.0632658e-08,-1.6995754e-08,-3.3733598e-06,0.0007281354,-1.1475947e-07,1.8326216e-07,4.2170318e-05
684,0.683,0.52,1.2852505,-0.29757862,-1.5798132,-4.0308477e-10,1.8142338e-09,0.7771688,-9.8490137e-10,1.5760393e-09,-2.356982,-6.7314221e-05,1.0519726e-08,-1.6815409e-08,-3.3319479e-06,0.00072046501,-1.1354106e-07,1.8131783e-07,4.1664669e-05
685,0.684,0.52,1.2852505,-0.29757866,-1.5798133,-3.9881476e-10,1.7949712e-09,0.77716874,-9.7443721e-10,1.5593126e-09,-2.3569821,-6.660514e-05,1.0407993e-08,-1.6636976e-08,-3.2910328e-06,0.00071287542,-1.1233559e-07,1.7939413e-07,4.1164978e-05
686,0.685,0.52,1.2852504,-0.29757869,-1.5798134,-3.9458998e-10,1.7759131e-09,0.77716867,-9.6408419e-10,1.5427634e-09,-2.3569821,-6.5903529e-05,1.0297447e-08,-1.6460437e-08,-3.2506085e-06,0.00070536578,-1.1114291e-07,1.7749084e-07,4.0671177e-05
687,0.686,0.52,1.2852504,-0.29757873,-1.5798135,-3.9040997e-10,1.7570573e-09,0.7771686,-9.5384113e-10,1.5263899e-09,-2.3569821,-6.5209309e-05,1.0188074e-08,-1.6285771e-08,-3.2106693e-06,0.00069793526,-1.0996288e-07,1.7560774e-07,4.0183197e-05
688,0.687,0.52,1.2852504,-0.29757876,-1.5798135,-3.8627423e-10,1.7384016e-09,0.77716854,-9.4370687e-10,1.51019e-09,-2.3569821,-6.4522402e-05,1.0079862e-08,-1.6112958e-08,-3.1712095e-06,0.00069058301,-1.0879538e-07,1.7374462e-07,3.970097e-05
689,0.688,0.52,1.2852504,-0.29757879,-1.5798136,-3.8218232e-10,1.719944e-09,0.77716848,-9.3368025e-10,1.4941621e-09,-2.3569821,-6.3842732e-05,9.9727995e-09,-1.5941978e-08,-3.1322233e-06,0.00068330822,-1.0764026e-07,1.7190126e-07,3.922443e-05
690,0.689,0.52,1.2852504,-0.29757883,-1.5798137,-3.7813375e-10,1.7016823e-09,0.77716841,-9.2376013e-10,1.4783042e-09,-2.3569821,-6.3170221e-05,9.8668735e-09,-1.5772813e-08,-3.0937052e-06,0.00067611007,-1.0649741e-07,1.7007745e-07,3.8753509e-05
691,0.69,0.52,1.2852503,-0.29757886,-1.5798137,-3.7412807e-10,1.6836145e-09,0.77716835,-9.1394537e-10,1.4626147e-09,-2.3569821,-6.2504794e-05,9.7620722e-09,-1.5605442e-08,-3.0556498e-06,0.00066898774,-1.0536668e-07,1.6827299e-07,3.8288144e-05
692,0.691,0.52,1.2852503,-0.29757889,-1.5798138,-3.7016483e-10,1.6657384e-09,0.77716829,-9.0423487e-10,1.4470916e-09,-2.3569821,-6.1846377e-05,9.6583837e-09,-1.5439847e-08,-3.0180515e-06,0.00066194045,-1.0424794e-07,1.6648767e-07,3.7828268e-05
693,0.692,0.52,1.2852503,-0.29757892,-1.5798139,-3.6624358e-10,1.6480521e-09,0.77716823,-8.946275e-10,1.4317332e-09,-2.3569821,-6.1194896e-05,9.555796e-09,-1.5276009e-08,-2.9809049e-06,0.0006549674,-1.0314108e-07,1.6472129e-07,3.7373818e-05
694,0.693,0.52,1.2852503,-0.29757896,-1.5798139,-3.6236387e-10,1.6305536e-09,0.77716816,-8.8512218e-10,1.4165378e-09,-2.3569821,-6.0550278e-05,9.4542976e-09,-1.5113909e-08,-2.9442047e-06,0.00064806781,-1.0204597e-07,1.6297365e-07,3.6924732e-05
695,0.694,0.52,1.2852502,-0.29757899,-1.579814,-3.5852526e-10,1.6132408e-09,0.7771681,-8.7571782e-10,1.4015037e-09,-2.3569821,-5.9912451e-05,9.3538769e-09,-1.4953529e-08,-2.9079456e-06,0.0006412409,-1.0096248e-07,1.6124455e-07,3.6480947e-05
696,0.695,0.52,1.2852502,-0.29757902,-1.579814,-3.5472732e-10,1.5961118e-09,0.77716804,-8.6641335e-10,1.386629e-09,-2.3569821,-5.9281342e-05,9.2545224e-09,-1.4794851e-08,-2.8721225e-06,0.00063448591,-9.9890481e-08,1.595338e-07,3.60424e-05
697,0.696,0.52,1.2852502,-0.29757905,-1.5798141,-3.5096961e-10,1.5791646e-09,0.77716799,-8.5720772e-10,1.3719123e-09,-2.3569821,-5.8656882e-05,9.1562228e-09,-1.4637856e-08,-2.8367301e-06,0.00062780208,-9.882986e-08,1.5784118e-07,3.5609031e-05
698,0.697,0.52,1.2852502,-0.29757908,-1.5798142,-3.4725171e-10,1.5623973e-09,0.77716793,-8.4809986e-10,1.3573517e-09,-2.3569821,-5.8039e-05,9.058967e-09,-1.4482527e-08,-2.8017635e-06,0.00062118866,-9.7780497e-08,1.5616653e-07,3.5180781e-05
699,0.698,0.52,1.2852502,-0.29757911,-1.5798142,-3.435732e-10,1.5458081e-09,0.77716787,-8.3908874e-10,1.3429456e-09,-2.3569821,-5.7427627e-05,8.9627439e-09,-1.4328845e-08,-2.7672175e-06,0.00061464492,-9.6742269e-08,1.5450964e-07,3.4757588e-05
700,0.699,0.52,1.2852501,-0.29757914,-1.5798143,-3.3993365e-10,1.5293949e-09,0.77716781,-8.3017334e-10,1.3286923e-09,-2.3569821,-5.6822695e-05,8.8675424e-09,-1.4176795e-08,-2.7330872e-06,0.00060817011,-9.5715059e-08,1.5287032e-07,3.4339394e-05
701,0.7,0.52,1.2852501,-0.29757917,-1.5798143,-3.3633267e-10,1.5131559e-09,0.77716776,-8.2135264e-10,1.3145903e-09,-2.3569821,-5.6224134e-05,8.7733518e-09,-1.4026357e-08,-2.6993677e-06,0.0006017635,-9.4698752e-08,1.512484e-07,3.3926141e-05
702,0.701,0.52,1.2852501,-0.2975792,-1.5798144,-3.3276983e-10,1.4970893e-09,0.7771677,-8.1262563e-10,1.300638e-09,-2.3569821,-5.563188e-05,8.6801613e-09,-1.3877516e-08,-2.6660541e-06,0.00059542439,-9.3693231e-08,1.4964369e-07,3.3517772e-05
703,0.702,0.52,1.2852501,-0.29757923,-1.5798145,-3.2924474e-10,1.4811933e-09,0.77716764,-8.0399133e-10,1.2868337e-09,-2.3569821,-5.5045864e-05,8.5879604e-09,-1.3730254e-08,-2.6331416e-06,0.00058915206,-9.2698382e-08,1.4805599e-07,3.311423e-05
704,0.703,0.52,1.2852501,-0.29757926,-1.5798145,-3.2575699e-10,1.4654661e-09,0.77716759,-7.9544873e-10,1.2731759e-09,-2.3569821,-5.4466021e-05,8.4967384e-09,-1.3584554e-08,-2.6006256e-06,0.00058294581,-9.1714088e-08,1.4648514e-07,3.2715458e-05
705,0.704,0.52,1.2852501,-0.29757929,-1.5798146,-3.2230619e-10,1.4499058e-09,0.77716754,-7.8699687e-10,1.2596631e-09,-2.3569821,-5.3892286e-05,8.4064851e-09,-1.34404e-08,-2.5685012e-06,0.00057680494,-9.0740241e-08,1.4493096e-07,3.23214e-05
706,0.705,0.52,1.28525,-0.29757932,-1.5798146,-3.1889194e-10,1.4345106e-09,0.77716748,-7.786348e-10,1.2462936e-09,-2.3569821,-5.3324596e-05,8.3171901e-09,-1.3297776e-08,-2.5367639e-06,0.00057072876,-8.9776728e-08,1.4339326e-07,3.1932001e-05
707,0.706,0.52,1.28525,-0.29757934,-1.5798147,-3.1551387e-10,1.4192789e-09,0.77716743,-7.7036154e-10,1.233066e-09,-2.3569821,-5.2762885e-05,8.2288433e-09,-1.3156665e-08,-2.5054091e-06,0.00056471658,-8.8823445e-08,1.4187187e-07,3.154721e-05
708,0.707,0.52,1.28525,-0.29757937,-1.5798147,-3.1217158e-10,1.4042089e-09,0.77716738,-7.6217617e-10,1.2199788e-09,-2.3569821,-5.2207092e-05,8.1414347e-09,-1.3017051e-08,-2.4744322e-06,0.00055876775,-8.7880277e-08,1.4036662e-07,3.1166968e-05
709,0.708,0.52,1.28525,-0.2975794,-1.5798148,-3.088647e-10,1.3892989e-09,0.77716732,-7.5407774e-10,1.2070304e-09,-2.3569821,-5.1657153e-05,8.0549541e-09,-1.2878918e-08,-2.4438289e-06,0.00055288158,-8.694712e-08,1.3887734e-07,3.0791226e-05
710,0.709,0.52,1.28525,-0.29757943,-1.5798148,-3.0559285e-10,1.3745471e-09,0.77716727,-7.4606533e-10,1.1942194e-09,-2.3569821,-5.1113008e-05,7.9693919e-09,-1.2742251e-08,-2.4135946e-06,0.00054705742,-8.6023866e-08,1.3740386e-07,3.041993e-05
711,0.71,0.52,1.28525,-0.29757945,-1.5798149,-3.0235566e-10,1.359952e-09,0.77716722,-7.3813804e-10,1.1815444e-09,-2.3569821,-5.0574595e-05,7.8847382e-09,-1.2607034e-08,-2.383725e-06,0.00054129462,-8.511041e-08,1.3594601e-07,3.0053028e-05
712,0.711,0.52,1.2852499,-0.29757948,-1.579815,-2.9915276e-10,1.3455118e-09,0.77716717,-7.3029495e-10,1.1690039e-09,-2.3569821,-5.0041853e-05,7.8009834e-09,-1.2473251e-08,-2.3542158e-06,0.00053559252,-8.4206652e-08,1.3450363e-07,2.969047e-05
713,0.712,0.52,1.2852499,-0.29757951,-1.579815,-2.959838e-10,1.3312249e-09,0.77716712,-7.2253518e-10,1.1565965e-09,-2.3569821,-4.9514724e-05,7.718118e-09,-1.2340888e-08,-2.3250628e-06,0.0005299505,-8.3312485e-08,1.3307655e-07,2.9332203e-05
714,0.713,0.52,1.2852499,-0.29757953,-1.5798151,-2.928484e-10,1.3170896e-09,0.77716707,-7.1485783e-10,1.1443207e-09,-2.3569821,-4.8993147e-05,7.6361325e-09,-1.220993e-08,-2.2962616e-06,0.00052436791,-8.2427808e-08,1.3166461e-07,2.8978179e-05
715,0.714,0.52,1.2852499,-0.29757956,-1.5798151,-2.8974622e-10,1.3031044e-09,0.77716702,-7.0726204e-10,1.1321753e-09,-2.3569821,-4.8477065e-05,7.5550177e-09,-1.208036e-08,-2.2678082e-06,0.00051884413,-8.1552521e-08,1.3026764e-07,2.8628348e-05
716,0.715,0.52,1.2852499,-0.29757958,-1.5798152,-2.866769e-10,1.2892677e-09,0.77716698,-6.9974693e-10,1.1201586e-09,-2.3569821,-4.7966419e-05,7.4747641e-09,-1.1952166e-08,-2.2396983e-06,0.00051337854,-8.0686523e-08,1.288855e-07,2.828266e-05
717,0.716,0.52,1.2852499,-0.29757961,-1.5798152,-2.836401e-10,1.2755778e-09,0.77716693,-6.9231165e-10,1.1082696e-09,-2.3569821,-4.7461153e-05,7.3953628e-09,-1.1825332e-08,-2.2119281e-06,0.00050797053,-7.9829717e-08,1.2751802e-07,2.7941068e-05
718,0.717,0.52,1.2852498,-0.29757963,-1.5798153,-2.8063547e-10,1.2620333e-09,0.77716688,-6.8495536e-10,1.0965066e-09,-2.3569821,-4.6961209e-05,7.3168047e-09,-1.1699843e-08,-2.1844933e-06,0.00050261949,-7.8982005e-08,1.2616504e-07,2.7603523e-05
719,0.718,0.52,1.2852498,-0.29757966,-1.5798153,-2.7766267e-10,1.2486326e-09,0.77716683,-6.7767721e-10,1.0848685e-09,-2.3569821,-4.6466531e-05,7.2390807e-09,-1.1575686e-08,-2.1573901e-06,0.00049732482,-7.8143292e-08,1.2482642e-07,2.7269979e-05
720,0.719,0.52,1.2852498,-0.29757968,-1.5798154,-2.7472135e-10,1.2353742e-09,0.77716679,-6.7047637e-10,1.0733539e-09,-2.3569821,-4.5977065e-05,7.1621822e-09,-1.1452846e-08,-2.1306145e-06,0.00049208592,-7.7313483e-08,1.23502e-07,2.694039e-05
721,0.72,0.52,1.2852498,-0.29757971,-1.5798154,-2.718112e-10,1.2222565e-09,0.77716674,-6.6335202e-10,1.0619615e-09,-2.3569821,-4.5492755e-05,7.0861002e-09,-1.133131e-08,-2.1041627e-06,0.00048690222,-7.6492481e-08,1.2219163e-07,2.6614707e-05
722,0.721,0.52,1.2852498,-0.29757973,-1.5798155,-2.6893188e-10,1.209278e-09,0.7771667,-6.5630336e-10,1.05069e-09,-2.3569821,-4.5013546e-05,7.0108261e-09,-1.1211063e-08,-2.0780307e-06,0.00048177312,-7.5680192e-08,1.2089516e-07,2.6292886e-05
723,0.722,0.52,1.2852498,-0.29757975,-1.5798155,-2.6608306e-10,1.1964373e-09,0.77716665,-6.4932957e-10,1.0395381e-09,-2.3569822,-4.4539385e-05,6.9363514e-09,-1.1092092e-08,-2.0522148e-06,0.00047669806,-7.4876525e-08,1.1961244e-07,2.5974882e-05
724,0.723,0.52,1.2852497,-0.29757978,-1.5798155,-2.6326441e-10,1.183733e-09,0.77716661,-6.4242986e-10,1.0285046e-09,-2.3569822,-4.407022e-05,6.8626676e-09,-1.0974383e-08,-2.0267113e-06,0.00047167646,-7.4081388e-08,1.1834333e-07,2.566065e-05
725,0.724,0.52,1.2852497,-0.2975798,-1.5798156,-2.6047563e-10,1.1711635e-09,0.77716656,-6.3560344e-10,1.0175881e-09,-2.3569822,-4.3605996e-05,6.7897663e-09,-1.0857923e-08,-2.0015164e-06,0.00046670776,-7.3294692e-08,1.1708769e-07,2.5350146e-05
726,0.725,0.52,1.2852497,-0.29757982,-1.5798156,-2.5771638e-10,1.1587275e-09,0.77716652,-6.2884955e-10,1.0067875e-09,-2.3569822,-4.3146663e-05,6.7176391e-09,-1.0742699e-08,-1.9766265e-06,0.0004617914,-7.2516348e-08,1.1584537e-07,2.5043327e-05
727,0.726,0.52,1.2852497,-0.29757985,-1.5798157,-2.5498637e-10,1.1464234e-09,0.77716648,-6.221674e-10,9.9610147e-10,-2.3569822,-4.2692169e-05,6.6462779e-09,-1.0628697e-08,-1.9520379e-06,0.00045692684,-7.1746264e-08,1.1461622e-07,2.4740149e-05
728,0.727,0.52,1.2852497,-0.29757987,-1.5798157,-2.5228528e-10,1.13425e-09,0.77716644,-6.1555623e-10,9.8552886e-10,-2.3569822,-4.2242462e-05,6.5756745e-09,-1.0515905e-08,-1.9277471e-06,0.00045211352,-7.0984355e-08,1.1340011e-07,2.4440569e-05
729,0.728,0.52,1.2852497,-0.29757989,-1.5798158,-2.496128e-10,1.1222059e-09,0.77716639,-6.0901529e-10,9.7506846e-10,-2.3569822,-4.1797492e-05,6.5058209e-09,-1.040431e-08,-1.9037506e-06,0.00044735091,-7.0230534e-08,1.1219691e-07,2.4144547e-05
730,0.729,0.52,1.2852497,-0.29757991,-1.5798158,-2.4696863e-10,1.1102896e-09,0.77716635,-6.0254384e-10,9.6471905e-10,-2.3569822,-4.135721e-05,6.4367091e-09,-1.0293899e-08,-1.8800448e-06,0.00044263846,-6.9484716e-08,1.1100647e-07,2.385204e-05
731,0.73,0.52,1.2852496,-0.29757993,-1.5798159,-2.4435247e-10,1.0984998e-09,0.77716631,-5.9614114e-10,9.5447948e-10,-2.3569822,-4.0921566e-05,6.3683312e-09,-1.0184659e-08,-1.8566263e-06,0.00043797567,-6.8746813e-08,1.0982866e-07,2.3563007e-05
732,0.731,0.52,1.2852496,-0.29757995,-1.5798159,-2.4176402e-10,1.0868352e-09,0.77716627,-5.8980645e-10,9.4434857e-10,-2.3569822,-4.049051e-05,6.3006795e-09,-1.0076578e-08,-1.8334917e-06,0.00043336199,-6.8016743e-08,1.0866335e-07,2.3277407e-05
733,0.732,0.52,1.2852496,-0.29757998,-1.5798159,-2.39203e-10,1.0752944e-09,0.77716623,-5.8353905e-10,9.3432517e-10,-2.3569822,-4.0063996e-05,6.2337462e-09,-9.9696443e-09,-1.8106376e-06,0.00042879691,-6.7294424e-08,1.075104e-07,2.2995201e-05
734,0.733,0.52,1.2852496,-0.29758,-1.579816,-2.366691e-10,1.0638761e-09,0.77716619,-5.7733824e-10,9.2440814e-10,-2.3569822,-3.9641975e-05,6.1675238e-09,-9.863845e-09,-1.7880607e-06,0.00042427993,-6.6579772e-08,1.0636967e-07,2.2716348e-05
735,0.734,0.52,1.2852496,-0.29758002,-1.579816,-2.3416205e-10,1.052579e-09,0.77716615,-5.712033e-10,9.1459635e-10,-2.3569822,-3.9224399e-05,6.1020046e-09,-9.7591683e-09,-1.7657576e-06,0.00041981053,-6.5872705e-08,1.0524105e-07,2.2440809e-05
736,0.735,0.52,1.2852496,-0.29758004,-1.5798161,-2.3168155e-10,1.0414019e-09,0.77716611,-5.6513353e-10,9.0488869e-10,-2.3569822,-3.8811222e-05,6.0371812e-09,-9.6556022e-09,-1.7437252e-06,0.00041538821,-6.5173145e-08,1.0412441e-07,2.2168546e-05
737,0.736,0.52,1.2852496,-0.29758006,-1.5798161,-2.2922733e-10,1.0303435e-09,0.77716607,-5.5912825e-10,8.9528404e-10,-2.3569822,-3.8402397e-05,5.9730463e-09,-9.553135e-09,-1.7219602e-06,0.00041101248,-6.4481013e-08,1.0301961e-07,2.189952e-05
738,0.737,0.52,1.2852496,-0.29758008,-1.5798161,-2.2679911e-10,1.0194024e-09,0.77716603,-5.5318676e-10,8.8578133e-10,-2.3569822,-3.7997879e-05,5.9095925e-09,-9.451755e-09,-1.7004594e-06,0.00040668284,-6.3796227e-08,1.0192653e-07,2.1633694e-05
739,0.738,0.52,1.2852495,-0.2975801,-1.5798162,-2.2439661e-10,1.0085775e-09,0.777166,-5.4730838e-10,8.7637945e-10,-2.3569822,-3.7597622e-05,5.8468125e-09,-9.3514507e-09,-1.6792197e-06,0.00040239882,-6.3118711e-08,1.0084505e-07,2.1371029e-05
740,0.739,0.52,1.2852495,-0.29758012,-1.5798162,-2.2201956e-10,9.9786754e-10,0.77716596,-5.4149246e-10,8.6707735e-10,-2.3569822,-3.7201582e-05,5.7846993e-09,-9.2522106e-09,-1.658238e-06,0.00039815992,-6.2448386e-08,9.9775037e-08,2.1111489e-05
741,0.74,0.52,1.2852495,-0.29758014,-1.5798163,-2.1966769e-10,9.8727126e-10,0.77716592,-5.3573832e-10,8.5787397e-10,-2.3569822,-3.6809713e-05,5.7232457e-09,-9.1540236e-09,-1.6375112e-06,0.00039396568,-6.1785177e-08,9.8716378e-08,2.0855037e-05
742,0.741,0.52,1.2852495,-0.29758016,-1.5798163,-2.1734073e-10,9.7678749e-10,0.77716589,-5.3004531e-10,8.4876826e-10,-2.3569822,-3.6421973e-05,5.6624448e-09,-9.0568784e-09,-1.6170363e-06,0.00038981562,-6.1129009e-08,9.766895e-08,2.0601637e-05
743,0.742,0.52,1.2852495,-0.29758018,-1.5798163,-2.1503842e-10,9.6641501e-10,0.77716585,-5.2441278e-10,8.3975918e-10,-2.3569822,-3.6038317e-05,5.6022896e-09,-8.9607639e-09,-1.5968102e-06,0.00038570929,-6.0479808e-08,9.6632635e-08,2.0351254e-05
744,0.743,0.52,1.2852495,-0.2975802,-1.5798164,-2.1276051e-10,9.5615265e-10,0.77716581,-5.1884009e-10,8.3084571e-10,-2.3569822,-3.5658702e-05,5.5427732e-09,-8.8656692e-09,-1.5768301e-06,0.00038164621,-5.9837497e-08,9.5607314e-08,2.0103851e-05
745,0.744,0.52,1.2852495,-0.29758021,-1.5798164,-2.1050672e-10,9.4599924e-10,0.77716578,-5.133266e-10,8.2202683e-10,-2.3569822,-3.5283086e-05,5.483889e-09,-8.7715836e-09,-1.5570929e-06,0.00037762593,-5.9202006e-08,9.459287e-08,1.9859394e-05
746,0.745,0.52,1.2852495,-0.29758023,-1.5798164,-2.082768e-10,9.3595363e-10,0.77716574,-5.0787168e-10,8.1330154e-10,-2.3569822,-3.4911427e-05,5.4256301e-09,-8.6784962e-09,-1.5375958e-06,0.000373648,-5.8573262e-08,9.358919e-08,1.9617849e-05
747,0.746,0.52,1.2852494,-0.29758025,-1.5798165,-2.0607051e-10,9.2601467e-10,0.77716571,-5.0247472e-10,8.0466884e-10,-2.3569822,-3.4543683e-05,5.3679899e-09,-8.5863966e-09,-1.518336e-06,0.00036971198,-5.7951193e-08,9.2596157e-08,1.9379181e-05
748,0.747,0.52,1.2852494,-0.29758027,-1.5798165,-2.0388759e-10,9.1618123e-10,0.77716567,-4.9713509e-10,7.9612776e-10,-2.3569822,-3.4179813e-05,5.3109619e-09,-8.4952742e-09,-1.4993105e-06,0.00036581742,-5.7335727e-08,9.1613659e-08,1.9143357e-05
749,0.748,0.52,1.2852494,-0.29758029,-1.5798166,-2.0172779e-10,9.0645219e-10,0.77716564,-4.9185219e-10,7.8767732e-10,-2.3569822,-3.3819776e-05,5.2545396e-09,-8.4051186e-09,-1.4805167e-06,0.00036196389,-5.6726797e-08,9.0641585e-08,1.8910343e-05
750,0.749,0.52,1.2852494,-0.2975803,-1.5798166,-1.9959087e-10,8.9682644e-10,0.77716561,-4.8662541e-10,7.7931656e-10,-2.3569822,-3.3463531e-05,5.1987165e-09,-8.3159197e-09,-1.4619517e-06,0.00035815096,-5.6124329e-08,8.9679823e-08,1.8680106e-05
751,0.75,0.52,1.2852494,-0.29758032,-1.5798166,-1.9747659e-10,8.8730288e-10,0.77716557,-4.8145416e-10,7.7104453e-10,-2.3569822,-3.311104e-05,5.1434863e-09,-8.2276672e-09,-1.4436128e-06,0.00035437819,-5.5528259e-08,8.8728264e-08,1.8452614e-05
752,0.751,0.52,1.2852494,-0.29758034,-1.5798167,-1.9538471e-10,8.7788043e-10,0.77716554,-4.7633784e-10,7.6286028e-10,-2.3569822,-3.2762261e-05,5.0888426e-09,-8.1403511e-09,-1.4254974e-06,0.00035064516,-5.4938517e-08,8.7786801e-08,1.8227835e-05
753,0.752,0.52,1.2852494,-0.29758036,-1.5798167,-1.9331498e-10,8.6855802e-10,0.77716551,-4.7127589e-10,7.547629e-10,-2.3569822,-3.2417156e-05,5.0347793e-09,-8.0539616e-09,-1.4076027e-06,0.00034695146,-5.4355035e-08,8.6855325e-08,1.8005736e-05
754,0.753,0.52,1.2852494,-0.29758037,-1.5798167,-1.9126718e-10,8.5933458e-10,0.77716548,-4.6626771e-10,7.4675144e-10,-2.3569822,-3.2075687e-05,4.9812902e-09,-7.9684886e-09,-1.3899261e-06,0.00034329668,-5.3777748e-08,8.5933732e-08,1.7786286e-05
755,0.754,0.52,1.2852494,-0.29758039,-1.5798168,-1.8924107e-10,8.5020907e-10,0.77716544,-4.6131274e-10,7.3882501e-10,-2.3569822,-3.1737815e-05,4.9283692e-09,-7.8839226e-09,-1.3724651e-06,0.00033968039,-5.320659e-08,8.5021915e-08,1.7569454e-05
756,0.755,0.52,1.2852493,-0.29758041,-1.5798168,-1.8723642e-10,8.4118044e-10,0.77716541,-4.5641041e-10,7.3098269e-10,-2.3569822,-3.1403502e-05,4.8760103e-09,-7.8002539e-09,-1.355217e-06,0.0003361022,-5.2641496e-08,8.4119773e-08,1.735521e-05
757,0.756,0.52,1.2852493,-0.29758042,-1.5798168,-1.8525301e-10,8.3224767e-10,0.77716538,-4.5156016e-10,7.2322361e-10,-2.3569822,-3.107271e-05,4.8242074e-09,-7.717473e-09,-1.3381793e-06,0.0003325617,-5.20824e-08,8.32272e-08,1.7143523e-05
758,0.757,0.52,1.2852493,-0.29758044,-1.5798169,-1.8329061e-10,8.2340974e-10,0.77716535,-4.4676144e-10,7.1554686e-10,-2.3569822,-3.0745403e-05,4.7729548e-09,-7.6355704e-09,-1.3213495e-06,0.0003290585,-5.1529243e-08,8.2344098e-08,1.6934363e-05
759,0.758,0.52,1.2852493,-0.29758046,-1.5798169,-1.81349e-10,8.1466564e-10,0.77716532,-4.420137e-10,7.0795159e-10,-2.3569822,-3.0421544e-05,4.7222464e-09,-7.554537e-09,-1.3047252e-06,0.0003255922,-5.0981956e-08,8.1470364e-08,1.67277e-05
760,0.759,0.52,1.2852493,-0.29758047,-1.5798169,-1.7942795e-10,8.0601437e-10,0.77716529,-4.373164e-10,7.0043693e-10,-2.3569822,-3.0101097e-05,4.6720767e-09,-7.4743633e-09,-1.2883038e-06,0.00032216242,-5.0440481e-08,8.06059e-08,1.6523505e-05
761,0.76,0.52,1.2852493,-0.29758049,-1.579817,-1.7752725e-10,7.9745496e-10,0.77716526,-4.3266901e-10,6.9300201e-10,-2.3569822,-2.9784025e-05,4.6224398e-09,-7.3950403e-09,-1.2720829e-06,0.00031876877,-4.9904755e-08,7.9750607e-08,1.6321749e-05
762,0.761,0.52,1.2852493,-0.2975805,-1.579817,-1.7564669e-10,7.8898642e-10,0.77716523,-4.2807099e-10,6.85646e-10,-2.3569822,-2.9470293e-05,4.5733301e-09,-7.316559e-09,-1.2560602e-06,0.00031541086,-4.9374716e-08,7.8904388e-08,1.6122403e-05
763,0.762,0.52,1.2852493,-0.29758052,-1.579817,-1.7378605e-10,7.8060779e-10,0.7771652,-4.2352183e-10,6.7836805e-10,-2.3569822,-2.9159866e-05,4.524742e-09,-7.2389105e-09,-1.2402332e-06,0.00031208834,-4.8850306e-08,7.8067148e-08,1.592544e-05
764,0.763,0.52,1.2852493,-0.29758053,-1.579817,-1.7194511e-10,7.7231812e-10,0.77716517,-4.1902099e-10,6.7116735e-10,-2.3569822,-2.8852709e-05,4.47667e-09,-7.1620859e-09,-1.2245997e-06,0.00030880081,-4.8331462e-08,7.7238788e-08,1.573083e-05
765,0.764,0.52,1.2852493,-0.29758055,-1.5798171,-1.7012368e-10,7.6411646e-10,0.77716514,-4.1456797e-10,6.6404306e-10,-2.3569822,-2.8548787e-05,4.4291085e-09,-7.0860765e-09,-1.2091573e-06,0.00030554791,-4.7818127e-08,7.6419217e-08,1.5538547e-05
766,0.765,0.52,1.2852492,-0.29758056,-1.5798171,-1.6832154e-10,7.5600188e-10,0.77716511,-4.1016227e-10,6.5699439e-10,-2.3569822,-2.8248067e-05,4.3820522e-09,-7.0108736e-09,-1.1939037e-06,0.00030232928,-4.7310242e-08,7.5608341e-08,1.5348563e-05
767,0.766,0.52,1.2852492,-0.29758058,-1.5798171,-1.6653849e-10,7.4797345e-10,0.77716509,-4.0580337e-10,6.5002051e-10,-2.3569822,-2.7950515e-05,4.3354957e-09,-6.9364686e-09,-1.1788367e-06,0.00029914456,-4.6807751e-08,7.4806069e-08,1.5160851e-05
768,0.767,0.52,1.2852492,-0.29758059,-1.5798172,-1.6477433e-10,7.4003027e-10,0.77716506,-4.0149078e-10,6.4312065e-10,-2.3569822,-2.7656097e-05,4.2894337e-09,-6.8628532e-09,-1.1639541e-06,0.00029599339,-4.6310594e-08,7.4012307e-08,1.4975383e-05
769,0.768,0.52,1.2852492,-0.29758061,-1.5798172,-1.6302886e-10,7.3217142e-10,0.77716503,-3.9722401e-10,6.3629402e-10,-2.3569822,-2.7364781e-05,4.2438609e-09,-6.7900189e-09,-1.1492536e-06,0.00029287541,-4.5818717e-08,7.3226968e-08,1.4792136e-05
770,0.769,0.52,1.2852492,-0.29758062,-1.5798172,-1.6130188e-10,7.24396e-10,0.777165,-3.9300257e-10,6.2953984e-10,-2.3569822,-2.7076533e-05,4.1987722e-09,-6.7179575e-09,-1.134733e-06,0.00028979028,-4.5332061e-08,7.2449959e-08,1.461108e-05
771,0.77,0.52,1.2852492,-0.29758064,-1.5798172,-1.5959319e-10,7.1670314e-10,0.77716498,-3.8882598e-10,6.2285734e-10,-2.3569822,-2.6791322e-05,4.1541623e-09,-6.6466606e-09,-1.1203903e-06,0.00028673765,-4.4850573e-08,7.1681195e-08,1.4432192e-05
772,0.771,0.52,1.2852492,-0.29758065,-1.5798173,-1.579026e-10,7.0909196e-10,0.77716495,-3.8469377e-10,6.1624576e-10,-2.3569822,-2.6509115e-05,4.1100263e-09,-6.5761204e-09,-1.1062232e-06,0.00028371717,-4.4374196e-08,7.0920585e-08,1.4255445e-05
773,0.772,0.52,1.2852492,-0.29758066,-1.5798173,-1.5622992e-10,7.0156159e-10,0.77716492,-3.8060546e-10,6.0970434e-10,-2.3569822,-2.6229881e-05,4.0663591e-09,-6.5063286e-09,-1.0922297e-06,0.00028072852,-4.3902878e-08,7.0168046e-08,1.4080814e-05
774,0.773,0.52,1.2852492,-0.29758068,-1.5798173,-1.5457495e-10,6.9411117e-10,0.7771649,-3.7656058e-10,6.0323236e-10,-2.3569822,-2.5953588e-05,4.0231557e-09,-6.4372774e-09,-1.0784077e-06,0.00027777135,-4.3436565e-08,6.9423492e-08,1.3908274e-05
775,0.774,0.52,1.2852492,-0.29758069,-1.5798174,-1.5293752e-10,6.8673985e-10,0.77716487,-3.7255868e-10,5.9682905e-10,-2.3569822,-2.5680206e-05,3.9804112e-09,-6.3689589e-09,-1.0647551e-06,0.00027484533,-4.2975202e-08,6.8686835e-08,1.3737801e-05
776,0.775,0.52,1.2852492,-0.29758071,-1.5798174,-1.5131743e-10,6.794468e-10,0.77716485,-3.685993e-10,5.9049371e-10,-2.3569822,-2.5409703e-05,3.9381207e-09,-6.3013653e-09,-1.05127e-06,0.00027195013,-4.251874e-08,6.7957996e-08,1.3569371e-05
777,0.776,0.52,1.2852491,-0.29758072,-1.5798174,-1.4971451e-10,6.7223119e-10,0.77716482,-3.6468199e-10,5.842256e-10,-2.3569822,-2.514205e-05,3.8962794e-09,-6.234489e-09,-1.0379502e-06,0.00026908543,-4.2067123e-08,6.7236888e-08,1.3402959e-05
778,0.777,0.52,1.2852491,-0.29758073,-1.5798174,-1.4812856e-10,6.6509218e-10,0.7771648,-3.608063e-10,5.7802402e-10,-2.3569822,-2.4877216e-05,3.8548825e-09,-6.1683223e-09,-1.0247939e-06,0.00026625091,-4.1620301e-08,6.652343e-08,1.3238541e-05
779,0.778,0.52,1.2852491,-0.29758074,-1.5798175,-1.4655941e-10,6.5802897e-10,0.77716477,-3.5697178e-10,5.7188825e-10,-2.3569822,-2.4615173e-05,3.8139253e-09,-6.1028577e-09,-1.011799e-06,0.00026344625,-4.1178224e-08,6.5817542e-08,1.3076095e-05
780,0.779,0.52,1.2852491,-0.29758076,-1.5798175,-1.4500689e-10,6.5104076e-10,0.77716475,-3.5317801e-10,5.658176e-10,-2.3569822,-2.4355889e-05,3.7734031e-09,-6.0380877e-09,-9.9896365e-07,0.00026067113,-4.0740841e-08,6.5119143e-08,1.2915596e-05
781,0.78,0.52,1.2852491,-0.29758077,-1.5798175,-1.4347081e-10,6.4412674e-10,0.77716472,-3.4942454e-10,5.5981138e-10,-2.3569822,-2.4099337e-05,3.7333114e-09,-5.9740051e-09,-9.8628592e-07,0.00025792525,-4.0308103e-08,6.4428155e-08,1.2757023e-05
782,0.781,0.52,1.2852491,-0.29758078,-1.5798175,-1.41951e-10,6.3728613e-10,0.7771647,-3.4571096e-10,5.5386891e-10,-2.3569822,-2.3845487e-05,3.6936455e-09,-5.9106024e-09,-9.737639e-07,0.0002552083,-3.9879959e-08,6.3744496e-08,1.2600351e-05
783,0.782,0.52,1.2852491,-0.2975808,-1.5798176,-1.4044729e-10,6.3051816e-10,0.77716467,-3.4203683e-10,5.479895e-10,-2.3569822,-2.3594311e-05,3.654401e-09,-5.8478725e-09,-9.6139574e-07,0.00025251996,-3.945636e-08,6.3068091e-08,1.2445559e-05
784,0.783,0.52,1.2852491,-0.29758081,-1.5798176,-1.3895951e-10,6.2382204e-10,0.77716465,-3.3840174e-10,5.421725e-10,-2.3569822,-2.3345781e-05,3.6155733e-09,-5.7858083e-09,-9.4917958e-07,0.00024985995,-3.9037261e-08,6.2398863e-08,1.2292625e-05
785,0.784,0.52,1.2852491,-0.29758082,-1.5798176,-1.3748749e-10,6.1719702e-10,0.77716463,-3.3480527e-10,5.3641722e-10,-2.3569822,-2.3099869e-05,3.577158e-09,-5.7244026e-09,-9.3711361e-07,0.00024722795,-3.862261e-08,6.1736733e-08,1.2141526e-05
786,0.785,0.52,1.2852491,-0.29758083,-1.5798176,-1.3603106e-10,6.1064234e-10,0.7771646,-3.3124701e-10,5.3072304e-10,-2.3569822,-2.2856548e-05,3.5391507e-09,-5.6636485e-09,-9.2519601e-07,0.00024462368,-3.8212363e-08,6.1081629e-08,1.1992241e-05
787,0.786,0.52,1.2852491,-0.29758084,-1.5798177,-1.3459006e-10,6.0415726e-10,0.77716458,-3.2772656e-10,5.2508928e-10,-2.3569822,-2.2615789e-05,3.5015472e-09,-5.6035391e-09,-9.13425e-07,0.00024204685,-3.7806471e-08,6.0433475e-08,1.1844749e-05
788,0.787,0.52,1.2852491,-0.29758086,-1.5798177,-1.3316432e-10,5.9774103e-10,0.77716456,-3.2424352e-10,5.1951532e-10,-2.3569822,-2.2377567e-05,3.4643431e-09,-5.5440675e-09,-9.0179883e-07,0.00023949716,-3.7404892e-08,5.97922e-08,1.1699029e-05
789,0.788,0.52,1.2852491,-0.29758087,-1.5798177,-1.3175369e-10,5.9139293e-10,0.77716454,-3.2079748e-10,5.1400051e-10,-2.3569822,-2.2141854e-05,3.4275342e-09,-5.4852271e-09,-8.9031576e-07,0.00023697433,-3.7007577e-08,5.9157728e-08,1.1555059e-05
790,0.789,0.52,1.285249,-0.29758088,-1.5798177,-1.30358e-10,5.8511224e-10,0.77716452,-3.1738805e-10,5.0854423e-10,-2.3569822,-2.1908624e-05,3.3911163e-09,-5.4270109e-09,-8.7897406e-07,0.00023447808,-3.6614479e-08,5.8529986e-08,1.141282e-05
791,0.79,0.52,1.285249,-0.29758089,-1.5798178,-1.2897709e-10,5.7889823e-10,0.77716449,-3.1401486e-10,5.0314587e-10,-2.3569822,-2.1677851e-05,3.3550852e-09,-5.3694126e-09,-8.6777204e-07,0.00023200812,-3.6225557e-08,5.7908906e-08,1.1272289e-05
792,0.791,0.52,1.285249,-0.2975809,-1.5798178,-1.2761081e-10,5.7275019e-10,0.77716447,-3.106775e-10,4.9780479e-10,-2.3569822,-2.1449509e-05,3.3194368e-09,-5.3124254e-09,-8.5670801e-07,0.00022956419,-3.5840763e-08,5.7294414e-08,1.1133448e-05
793,0.792,0.52,1.285249,-0.29758091,-1.5798178,-1.2625901e-10,5.6666744e-10,0.77716445,-3.073756e-10,4.9252041e-10,-2.3569822,-2.1223572e-05,3.2841671e-09,-5.256043e-09,-8.4578032e-07,0.00022714599,-3.5460054e-08,5.6686441e-08,1.0996276e-05
794,0.793,0.52,1.285249,-0.29758092,-1.5798178,-1.2492152e-10,5.6064927e-10,0.77716443,-3.0410879e-10,4.8729211e-10,-2.3569822,-2.1000015e-05,3.249272e-09,-5.2002588e-09,-8.3498732e-07,0.00022475327,-3.508339e-08,5.6084919e-08,1.0860755e-05
795,0.794,0.52,1.285249,-0.29758094,-1.5798178,-1.235982e-10,5.5469501e-10,0.77716441,-3.0087669e-10,4.821193e-10,-2.3569822,-2.0778813e-05,3.2147476e-09,-5.1450666e-09,-8.2432741e-07,0.00022238576,-3.4710724e-08,5.5489778e-08,1.0726862e-05
796,0.795,0.52,1.285249,-0.29758095,-1.5798179,-1.222889e-10,5.4880396e-10,0.77716439,-2.9767892e-10,4.7700139e-10,-2.3569822,-2.0559941e-05,3.18059e-09,-5.09046e-09,-8.1379897e-07,0.00022004319,-3.4342017e-08,5.4900952e-08,1.0594582e-05
797,0.796,0.52,1.285249,-0.29758096,-1.5798179,-1.2099347e-10,5.4297547e-10,0.77716437,-2.9451514e-10,4.7193779e-10,-2.3569822,-2.0343375e-05,3.1467952e-09,-5.036433e-09,-8.0340042e-07,0.00021772529,-3.3977224e-08,5.4318373e-08,1.0463893e-05
798,0.797,0.52,1.285249,-0.29758097,-1.5798179,-1.1971176e-10,5.3720886e-10,0.77716435,-2.9138497e-10,4.6692794e-10,-2.3569823,-2.0129089e-05,3.1133593e-09,-4.9829792e-09,-7.931302e-07,0.00021543181,-3.3616306e-08,5.3741977e-08,1.0334777e-05
799,0.798,0.52,1.285249,-0.29758098,-1.5798179,-1.1844362e-10,5.3150348e-10,0.77716433,-2.8828807e-10,4.6197126e-10,-2.3569823,-1.9917062e-05,3.0802786e-09,-4.9300926e-09,-7.8298676e-07,0.00021316249,-3.3259219e-08,5.3171693e-08,1.0207215e-05
800,0.799,0.52,1.285249,-0.29758099,-1.5798179,-1.1718892e-10,5.2585868e-10,0.77716431,-2.8522406e-10,4.5706719e-10,-2.3569823,-1.9707267e-05,3.0475493e-09,-4.8777673e-09,-7.7296859e-07,0.00021091708,-3.2905925e-08,5.2607461e-08,1.008119e-05
801,0.8,0.52,1.285249,-0.297581,-1.579818,-1.1594751e-10,5.2027382e-10,0.77716429,-2.8219262e-10,4.5221517e-10,-2.3569823,-1.9499683e-05,3.0151677e-09,-4.8259972e-09,-7.6307416e-07,0.00020869532,-3.2556383e-08,5.2049217e-08,9.9566833e-06
802,0.801,0.52,1.285249,-0.29758101,-1.579818,-1.1471925e-10,5.1474826e-10,0.77716427,-2.7919338e-10,4.4741465e-10,-2.3569823,-1.9294285e-05,2.9831301e-09,-4.7747765e-09,-7.5330198e-07,0.00020649696,-3.2210553e-08,5.1496894e-08,9.8336761e-06
803,0.802,0.52,1.285249,-0.29758102,-1.579818,-1.1350401e-10,5.0928137e-10,0.77716425,-2.7622601e-10,4.4266507e-10,-2.3569823,-1.9091051e-05,2.9514328e-09,-4.7240993e-09,-7.436506e-07,0.00020432176,-3.1868394e-08,5.0950432e-08,9.712151e-06
804,0.803,0.52,1.285249,-0.29758103,-1.579818,-1.1230163e-10,5.0387253e-10,0.77716423,-2.7329018e-10,4.3796591e-10,-2.3569823,-1.8889958e-05,2.9200722e-09,-4.6739598e-09,-7.3411854e-07,0.00020216948,-3.152987e-08,5.0409767e-08,9.5920909e-06
805,0.804,0.52,1.2852489,-0.29758104,-1.579818,-1.1111199e-10,4.9852112e-10,0.77716421,-2.7038554e-10,4.3331662e-10,-2.3569823,-1.8690982e-05,2.8890447e-09,-4.6243524e-09,-7.2470436e-07,0.00020003987,-3.119494e-08,4.9874839e-08,9.4734779e-06
806,0.805,0.52,1.2852489,-0.29758105,-1.5798181,-1.0993495e-10,4.9322653e-10,0.77716419,-2.6751176e-10,4.2871667e-10,-2.3569823,-1.8494103e-05,2.8583468e-09,-4.5752715e-09,-7.1540666e-07,0.00019793269,-3.0863567e-08,4.9345586e-08,9.3562953e-06
807,0.806,0.52,1.2852489,-0.29758106,-1.5798181,-1.0877038e-10,4.8798816e-10,0.77716417,-2.6466851e-10,4.2416555e-10,-2.3569823,-1.8299298e-05,2.827975e-09,-4.5267114e-09,-7.0622402e-07,0.00019584771,-3.0535713e-08,4.8821949e-08,9.2405261e-06
808,0.807,0.52,1.2852489,-0.29758107,-1.5798181,-1.0761815e-10,4.8280541e-10,0.77716416,-2.6185548e-10,4.1966273e-10,-2.3569823,-1.8106545e-05,2.7979259e-09,-4.4786665e-09,-6.9715505e-07,0.0001937847,-3.021134e-08,4.8303867e-08,9.1261537e-06
809,0.808,0.52,1.2852489,-0.29758108,-1.5798181,-1.0647812e-10,4.7767769e-10,0.77716414,-2.5907234e-10,4.1520771e-10,-2.3569823,-1.7915822e-05,2.7681959e-09,-4.4311315e-09,-6.8819839e-07,0.00019174341,-2.9890413e-08,4.7791282e-08,9.0131613e-06
810,0.809,0.52,1.2852489,-0.29758109,-1.5798181,-1.0535017e-10,4.7260442e-10,0.77716412,-2.5631877e-10,4.1079996e-10,-2.3569823,-1.7727108e-05,2.7387818e-09,-4.384101e-09,-6.7935267e-07,0.00018972363,-2.9572892e-08,4.7284135e-08,8.9015322e-06
811,0.81,0.52,1.2852489,-0.2975811,-1.5798182,-1.0423417e-10,4.6758502e-10,0.7771641,-2.5359446e-10,4.06439e-10,-2.3569823,-1.7540383e-05,2.7096801e-09,-4.3375695e-09,-6.7061656e-07,0.00018772513,-2.9258743e-08,4.6782368e-08,8.7912508e-06
812,0.811,0.52,1.2852489,-0.29758111,-1.5798182,-1.0312998e-10,4.6261892e-10,0.77716409,-2.508991e-10,4.0212433e-10,-2.3569823,-1.7355624e-05,2.6808876e-09,-4.2915318e-09,-6.6198873e-07,0.00018574767,-2.8947932e-08,4.6285927e-08,8.6823015e-06
813,0.812,0.52,1.2852489,-0.29758112,-1.5798182,-1.020375e-10,4.5770555e-10,0.77716407,-2.4823238e-10,3.9785545e-10,-2.3569823,-1.7172811e-05,2.6524009e-09,-4.2459826e-09,-6.5346788e-07,0.00018379105,-2.8640422e-08,4.5794752e-08,8.5746679e-06
814,0.813,0.52,1.2852489,-0.29758112,-1.5798182,-1.0095659e-10,4.5284435e-10,0.77716405,-2.45594e-10,3.9363188e-10,-2.3569823,-1.6991924e-05,2.6242169e-09,-4.2009168e-09,-6.4505271e-07,0.00018185504,-2.8336177e-08,4.5308789e-08,8.4683344e-06
815,0.814,0.52,1.2852489,-0.29758113,-1.5798182,-9.9887122e-11,4.4803477e-10,0.77716403,-2.4298365e-10,3.8945313e-10,-2.3569823,-1.6812942e-05,2.5963322e-09,-4.1563292e-09,-6.3674195e-07,0.00017993943,-2.8035163e-08,4.4827982e-08,8.3632861e-06
816,0.815,0.52,1.2852489,-0.29758114,-1.5798182,-9.8828987e-11,4.4327626e-10,0.77716402,-2.4040103e-10,3.8531874e-10,-2.3569823,-1.6635846e-05,2.5687438e-09,-4.1122148e-09,-6.2853433e-07,0.00017804399,-2.7737346e-08,4.4352276e-08,8.2595073e-06
817,0.816,0.52,1.2852489,-0.29758115,-1.5798183,-9.7782061e-11,4.3856827e-10,0.777164,-2.3784586e-10,3.8122823e-10,-2.3569823,-1.6460615e-05,2.5414484e-09,-4.0685685e-09,-6.2042861e-07,0.00017616852,-2.7442689e-08,4.3881616e-08,8.1569824e-06
818,0.817,0.52,1.2852489,-0.29758116,-1.5798183,-9.6746225e-11,4.3391028e-10,0.77716398,-2.3531785e-10,3.7718114e-10,-2.3569823,-1.628723e-05,2.514443e-09,-4.0253854e-09,-6.1242356e-07,0.00017431281,-2.7151165e-08,4.3415952e-08,8.055698e-06
819,0.818,0.52,1.2852489,-0.29758117,-1.5798183,-9.5721362e-11,4.2930175e-10,0.77716397,-2.3281669e-10,3.73177e-10,-2.3569823,-1.6115672e-05,2.4877245e-09,-3.9826605e-09,-6.0451795e-07,0.00017247664,-2.6862735e-08,4.2955227e-08,7.9556381e-06
820,0.819,0.52,1.2852489,-0.29758118,-1.5798183,-9.4707354e-11,4.2474216e-10,0.77716395,-2.3034211e-10,3.6921536e-10,-2.3569823,-1.594592e-05,2.4612898e-09,-3.9403891e-09,-5.9671058e-07,0.00017065982,-2.6577369e-08,4.2499391e-08,7.856789e-06
821,0.82,0.52,1.2852489,-0.29758118,-1.5798183,-9.3704088e-11,4.2023098e-10,0.77716394,-2.2789383e-10,3.6529577e-10,-2.3569823,-1.5777957e-05,2.435136e-09,-3.8985662e-09,-5.8900027e-07,0.00016886214,-2.6295033e-08,4.2048392e-08,7.7591361e-06
822,0.821,0.52,1.2852489,-0.29758119,-1.5798183,-9.2711449e-11,4.157677e-10,0.77716392,-2.2547156e-10,3.6141778e-10,-2.3569823,-1.5611763e-05,2.4092599e-09,-3.8571871e-09,-5.8138585e-07,0.00016708339,-2.6015696e-08,4.1602178e-08,7.662665e-06
823,0.822,0.52,1.2852488,-0.2975812,-1.5798184,-9.1729326e-11,4.1135182e-10,0.7771639,-2.2307503e-10,3.5758096e-10,-2.3569823,-1.544732e-05,2.3836588e-09,-3.8162472e-09,-5.7386614e-07,0.00016532338,-2.5739324e-08,4.1160698e-08,7.5673613e-06
824,0.823,0.52,1.2852488,-0.29758121,-1.5798184,-9.0757605e-11,4.0698282e-10,0.77716389,-2.2070397e-10,3.5378485e-10,-2.3569823,-1.5284608e-05,2.3583296e-09,-3.7757416e-09,-5.6644e-07,0.00016358192,-2.546589e-08,4.0723903e-08,7.4732121e-06
825,0.824,0.52,1.2852488,-0.29758122,-1.5798184,-8.9796178e-11,4.0266022e-10,0.77716387,-2.183581e-10,3.5002904e-10,-2.3569823,-1.5123611e-05,2.3332695e-09,-3.735666e-09,-5.591063e-07,0.00016185879,-2.5195359e-08,4.0291742e-08,7.3802033e-06
826,0.825,0.52,1.2852488,-0.29758123,-1.5798184,-8.8844935e-11,3.9838352e-10,0.77716386,-2.1603716e-10,3.4631309e-10,-2.3569823,-1.496431e-05,2.3084757e-09,-3.6960156e-09,-5.5186392e-07,0.00016015382,-2.49277e-08,3.9864167e-08,7.2883212e-06
827,0.826,0.52,1.2852488,-0.29758123,-1.5798184,-8.7903769e-11,3.9415224e-10,0.77716384,-2.1374089e-10,3.4263659e-10,-2.3569823,-1.4806687e-05,2.2839452e-09,-3.656786e-09,-5.4471175e-07,0.00015846681,-2.4662883e-08,3.9441127e-08,7.197552e-06
828,0.827,0.52,1.2852488,-0.29758124,-1.5798184,-8.6972572e-11,3.8996588e-10,0.77716383,-2.1146901e-10,3.389991e-10,-2.3569823,-1.4650724e-05,2.2596753e-09,-3.6179727e-09,-5.376487e-07,0.00015679757,-2.440088e-08,3.9022576e-08,7.1078833e-06
829,0.828,0.52,1.2852488,-0.29758125,-1.5798185,-8.605124e-11,3.8582398e-10,0.77716382,-2.0922128e-10,3.3540023e-10,-2.3569823,-1.4496403e-05,2.2356633e-09,-3.5795713e-09,-5.3067369e-07,0.00015514591,-2.4141658e-08,3.8608466e-08,7.0193018e-06
830,0.829,0.52,1.2852488,-0.29758126,-1.5798185,-8.5139666e-11,3.8172606e-10,0.7771638,-2.0699743e-10,3.3183955e-10,-2.3569823,-1.4343709e-05,2.2119063e-09,-3.5415774e-09,-5.2378565e-07,0.00015351165,-2.388519e-08,3.819875e-08,6.9317946e-06
831,0.83,0.52,1.2852488,-0.29758126,-1.5798185,-8.423775e-11,3.7767165e-10,0.77716379,-2.0479721e-10,3.2831667e-10,-2.3569823,-1.4192623e-05,2.1884017e-09,-3.5039867e-09,-5.1698353e-07,0.00015189461,-2.3631447e-08,3.7793381e-08,6.845349e-06
832,0.831,0.52,1.2852488,-0.29758127,-1.5798185,-8.3345387e-11,3.736603e-10,0.77716377,-2.0262037e-10,3.2483118e-10,-2.3569823,-1.4043128e-05,2.1651469e-09,-3.4667949e-09,-5.1026627e-07,0.0001502946,-2.3380397e-08,3.7392313e-08,6.7599516e-06
833,0.832,0.52,1.2852488,-0.29758128,-1.5798185,-8.2462476e-11,3.6969154e-10,0.77716376,-2.0046667e-10,3.2138268e-10,-2.3569823,-1.3895208e-05,2.142139e-09,-3.4299978e-09,-5.0363286e-07,0.00014871145,-2.3132015e-08,3.6995502e-08,6.675591e-06
834,0.833,0.52,1.2852488,-0.29758129,-1.5798185,-8.1588918e-11,3.6576492e-10,0.77716374,-1.9833585e-10,3.1797079e-10,-2.3569823,-1.3748847e-05,2.1193756e-09,-3.3935912e-09,-4.9708228e-07,0.00014714497,-2.288627e-08,3.66029e-08,6.5922543e-06
835,0.834,0.52,1.2852488,-0.29758129,-1.5798185,-8.0724614e-11,3.6188001e-10,0.77716373,-1.9622767e-10,3.1459511e-10,-2.3569823,-1.3604027e-05,2.0968541e-09,-3.357571e-09,-4.9061351e-07,0.00014559499,-2.2643135e-08,3.6214464e-08,6.5099293e-06
836,0.835,0.52,1.2852488,-0.2975813,-1.5798186,-7.9869465e-11,3.5803634e-10,0.77716372,-1.941419e-10,3.1125526e-10,-2.3569823,-1.3460732e-05,2.0745718e-09,-3.321933e-09,-4.8422557e-07,0.00014406134,-2.2402581e-08,3.5830148e-08,6.428604e-06
837,0.836,0.52,1.2852488,-0.29758131,-1.5798186,-7.9023375e-11,3.5423349e-10,0.7771637,-1.9207829e-10,3.0795086e-10,-2.3569823,-1.3318947e-05,2.0525262e-09,-3.2866732e-09,-4.7791747e-07,0.00014254385,-2.2164583e-08,3.5449911e-08,6.3482667e-06
838,0.837,0.52,1.2852488,-0.29758131,-1.5798186,-7.8186248e-11,3.5047103e-10,0.77716369,-1.9003661e-10,3.0468154e-10,-2.3569823,-1.3178655e-05,2.0307148e-09,-3.2517876e-09,-4.7168825e-07,0.00014104235,-2.1929111e-08,3.5073706e-08,6.268905e-06
839,0.838,0.52,1.2852488,-0.29758132,-1.5798186,-7.7357988e-11,3.4674851e-10,0.77716368,-1.8801663e-10,3.0144692e-10,-2.3569823,-1.3039842e-05,2.0091351e-09,-3.2172722e-09,-4.6553693e-07,0.00013955665,-2.1696143e-08,3.4701497e-08,6.1905088e-06
840,0.839,0.52,1.2852488,-0.29758133,-1.5798186,-7.6538501e-11,3.4306553e-10,0.77716366,-1.8601811e-10,2.9824663e-10,-2.3569823,-1.290249e-05,1.9877847e-09,-3.1831231e-09,-4.5946259e-07,0.00013808661,-2.1465647e-08,3.4333235e-08,6.113065e-06
841,0.84,0.52,1.2852488,-0.29758133,-1.5798186,-7.5727696e-11,3.3942166e-10,0.77716365,-1.8404083e-10,2.950803e-10,-2.3569823,-1.2766585e-05,1.9666612e-09,-3.1493364e-09,-4.5346428e-07,0.00013663206,-2.1237599e-08,3.3968879e-08,6.0365627e-06
842,0.841,0.52,1.2852488,-0.29758134,-1.5798186,-7.4925479e-11,3.3581648e-10,0.77716364,-1.8208456e-10,2.9194759e-10,-2.3569823,-1.2632112e-05,1.945762e-09,-3.1159083e-09,-4.4754107e-07,0.00013519283,-2.1011973e-08,3.360839e-08,5.9609909e-06
843,0.842,0.52,1.2852488,-0.29758135,-1.5798187,-7.413176e-11,3.3224958e-10,0.77716363,-1.8014908e-10,2.8884813e-10,-2.3569823,-1.2499055e-05,1.9250849e-09,-3.0828349e-09,-4.4169206e-07,0.00013376876,-2.0788745e-08,3.3251727e-08,5.886339e-06
844,0.843,0.52,1.2852488,-0.29758135,-1.5798187,-7.3346449e-11,3.2872056e-10,0.77716361,-1.7823417e-10,2.8578157e-10,-2.3569823,-1.23674e-05,1.9046274e-09,-3.0501124e-09,-4.3591634e-07,0.00013235969,-2.0567888e-08,3.2898849e-08,5.8125955e-06
845,0.844,0.52,1.2852487,-0.29758136,-1.5798187,-7.2569457e-11,3.2522902e-10,0.7771636,-1.7633961e-10,2.8274756e-10,-2.3569823,-1.2237132e-05,1.8843873e-09,-3.0177373e-09,-4.3021301e-07,0.00013096546,-2.0349376e-08,3.2549715e-08,5.7397496e-06
846,0.845,0.52,1.2852487,-0.29758137,-1.5798187,-7.1800695e-11,3.2177455e-10,0.77716359,-1.7446518e-10,2.7974575e-10,-2.3569823,-1.2108236e-05,1.8643622e-09,-2.9857057e-09,-4.245812e-07,0.00012958592,-2.0133184e-08,3.2204284e-08,5.6677902e-06
847,0.846,0.52,1.2852487,-0.29758137,-1.5798187,-7.1040077e-11,3.1835677e-10,0.77716358,-1.7261067e-10,2.767758e-10,-2.3569823,-1.1980697e-05,1.8445499e-09,-2.9540141e-09,-4.1902003e-07,0.00012822091,-1.9919289e-08,3.1862519e-08,5.5967076e-06
848,0.847,0.52,1.2852487,-0.29758138,-1.5798187,-7.0287516e-11,3.1497528e-10,0.77716357,-1.7077587e-10,2.7383738e-10,-2.3569823,-1.1854502e-05,1.824948e-09,-2.9226588e-09,-4.1352865e-07,0.00012687028,-1.9707664e-08,3.1524378e-08,5.52649e-06
849,0.848,0.52,1.2852487,-0.29758139,-1.5798187,-6.9542927e-11,3.116297e-10,0.77716355,-1.6896057e-10,2.7093015e-10,-2.3569823,-1.1729637e-05,1.8055544e-09,-2.8916362e-09,-4.0810621e-07,0.00012553388,-1.9498288e-08,3.1189827e-08,5.4571286e-06
850,0.849,0.52,1.2852487,-0.29758139,-1.5798187,-6.8806225e-11,3.0831965e-10,0.77716354,-1.6716455e-10,2.6805378e-10,-2.3569823,-1.1606086e-05,1.7863669e-09,-2.8609429e-09,-4.0275185e-07,0.00012421156,-1.9291138e-08,3.0858827e-08,5.3886128e-06
851,0.85,0.52,1.2852487,-0.2975814,-1.5798188,-6.8077327e-11,3.0504474e-10,0.77716353,-1.6538763e-10,2.6520794e-10,-2.3569823,-1.1483837e-05,1.7673831e-09,-2.8305753e-09,-3.9746476e-07,0.00012290316,-1.9086184e-08,3.0531336e-08,5.3209315e-06
852,0.851,0.52,1.2852487,-0.2975814,-1.5798188,-6.7356151e-11,3.0180462e-10,0.77716352,-1.6362959e-10,2.6239231e-10,-2.3569823,-1.1362876e-05,1.7486011e-09,-2.80053e-09,-3.9224411e-07,0.00012160855,-1.8883409e-08,3.0207322e-08,5.254076e-06
853,0.852,0.52,1.2852487,-0.29758141,-1.5798188,-6.6642613e-11,2.985989e-10,0.77716351,-1.6189023e-10,2.5960656e-10,-2.3569823,-1.1243189e-05,1.7300186e-09,-2.7708035e-09,-3.8708909e-07,0.00012032758,-1.8682789e-08,2.9886747e-08,5.1880364e-06
854,0.853,0.52,1.2852487,-0.29758142,-1.5798188,-6.5936635e-11,2.9542723e-10,0.7771635,-1.6016935e-10,2.5685038e-10,-2.3569823,-1.1124763e-05,1.7116336e-09,-2.7413926e-09,-3.8199891e-07,0.0001190601,-1.8484299e-08,2.9569572e-08,5.1228024e-06
855,0.854,0.52,1.2852487,-0.29758142,-1.5798188,-6.5238135e-11,2.9228923e-10,0.77716349,-1.5846676e-10,2.5412346e-10,-2.3569823,-1.1007584e-05,1.6934439e-09,-2.7122937e-09,-3.7697276e-07,0.00011780597,-1.8287916e-08,2.9255762e-08,5.0583639e-06
856,0.855,0.52,1.2852487,-0.29758143,-1.5798188,-6.4547034e-11,2.8918456e-10,0.77716347,-1.5678227e-10,2.5142548e-10,-2.3569823,-1.0891639e-05,1.6754474e-09,-2.6835037e-09,-3.7200988e-07,0.00011656505,-1.8093619e-08,2.8945282e-08,4.9947119e-06
857,0.856,0.52,1.2852487,-0.29758143,-1.5798188,-6.3863253e-11,2.8611286e-10,0.77716346,-1.5511567e-10,2.4875614e-10,-2.3569823,-1.0776916e-05,1.6576421e-09,-2.6550191e-09,-3.6710948e-07,0.0001153372,-1.7901387e-08,2.8638098e-08,4.9318374e-06
858,0.857,0.52,1.2852487,-0.29758144,-1.5798188,-6.3186717e-11,2.8307378e-10,0.77716345,-1.5346679e-10,2.4611514e-10,-2.3569823,-1.0663401e-05,1.640026e-09,-2.6268369e-09,-3.622708e-07,0.00011412229,-1.7711198e-08,2.8334174e-08,4.8697314e-06
859,0.858,0.52,1.2852487,-0.29758144,-1.5798188,-6.2517346e-11,2.8006698e-10,0.77716344,-1.5183543e-10,2.4350217e-10,-2.3569823,-1.0551082e-05,1.6225971e-09,-2.5989538e-09,-3.5749309e-07,0.00011292018,-1.7523027e-08,2.8033473e-08,4.8083833e-06
860,0.859,0.52,1.2852487,-0.29758145,-1.5798189,-6.1855067e-11,2.770921e-10,0.77716343,-1.5022141e-10,2.4091694e-10,-2.3569823,-1.0439946e-05,1.6053533e-09,-2.5713666e-09,-3.5277561e-07,0.00011173073,-1.7336853e-08,2.7735961e-08,4.7477847e-06
861,0.86,0.52,1.2852487,-0.29758146,-1.5798189,-6.1199803e-11,2.7414881e-10,0.77716342,-1.4862454e-10,2.3835914e-10,-2.3569823,-1.032998e-05,1.5882927e-09,-2.5440722e-09,-3.4811761e-07,0.00011055381,-1.7152659e-08,2.7441608e-08,4.6879275e-06
862,0.861,0.52,1.2852487,-0.29758146,-1.5798189,-6.055148e-11,2.7123679e-10,0.77716341,-1.4704464e-10,2.358285e-10,-2.3569823,-1.0221173e-05,1.5714134e-09,-2.5170674e-09,-3.4351837e-07,0.00010938928,-1.6970421e-08,2.7150378e-08,4.6288019e-06
863,0.862,0.52,1.2852487,-0.29758147,-1.5798189,-5.9910025e-11,2.6835568e-10,0.7771634,-1.4548154e-10,2.3332472e-10,-2.3569823,-1.0113513e-05,1.5547135e-09,-2.4903492e-09,-3.3897717e-07,0.00010823702,-1.6790119e-08,2.6862239e-08,4.5703996e-06
864,0.863,0.52,1.2852487,-0.29758147,-1.5798189,-5.9275365e-11,2.6550517e-10,0.77716339,-1.4393504e-10,2.3084752e-10,-2.3569823,-1.0006986e-05,1.5381909e-09,-2.4639146e-09,-3.344933e-07,0.00010709691,-1.661173e-08,2.6577155e-08,4.5127111e-06
865,0.864,0.52,1.2852487,-0.29758148,-1.5798189,-5.8647428e-11,2.6268494e-10,0.77716338,-1.4240498e-10,2.2839661e-10,-2.3569823,-9.901581e-06,1.521844e-09,-2.4377606e-09,-3.3006606e-07,0.0001059688,-1.6435238e-08,2.6295098e-08,4.4557291e-06
866,0.865,0.52,1.2852487,-0.29758148,-1.5798189,-5.8026143e-11,2.5989465e-10,0.77716337,-1.4089118e-10,2.2597172e-10,-2.3569823,-9.7972865e-06,1.5056706e-09,-2.4118841e-09,-3.2569476e-07,0.00010485257,-1.6260618e-08,2.6016032e-08,4.399444e-06
867,0.866,0.52,1.2852487,-0.29758149,-1.5798189,-5.7411439e-11,2.57134e-10,0.77716336,-1.3939346e-10,2.2357256e-10,-2.3569823,-9.6940906e-06,1.4896692e-09,-2.3862822e-09,-3.2137871e-07,0.0001037481,-1.6087856e-08,2.5739929e-08,4.3438487e-06
868,0.867,0.52,1.2852487,-0.29758149,-1.5798189,-5.6803247e-11,2.5440266e-10,0.77716335,-1.3791167e-10,2.2119888e-10,-2.3569823,-9.5919818e-06,1.4738377e-09,-2.360952e-09,-3.1711724e-07,0.00010265527,-1.5916928e-08,2.5466755e-08,4.2889338e-06
869,0.868,0.52,1.2852487,-0.2975815,-1.5798189,-5.6201497e-11,2.5170033e-10,0.77716334,-1.3644562e-10,2.1885039e-10,-2.3569823,-9.4909485e-06,1.4581744e-09,-2.3358907e-09,-3.1290966e-07,0.00010157395,-1.5747816e-08,2.5196481e-08,4.2346918e-06
870,0.869,0.52,1.2852487,-0.2975815,-1.579819,-5.5606122e-11,2.4902669e-10,0.77716333,-1.3499515e-10,2.1652683e-10,-2.3569823,-9.3909795e-06,1.4426776e-09,-2.3110953e-09,-3.0875534e-07,0.00010050402,-1.55805e-08,2.4929075e-08,4.1811146e-06
871,0.87,0.52,1.2852487,-0.29758151,-1.579819,-5.5017054e-11,2.4638145e-10,0.77716332,-1.335601e-10,2.1422793e-10,-2.3569823,-9.2920634e-06,1.4273454e-09,-2.2865631e-09,-3.0465361e-07,9.9445359e-05,-1.5414962e-08,2.4664506e-08,4.1281939e-06
872,0.871,0.52,1.2852487,-0.29758151,-1.579819,-5.4434226e-11,2.4376431e-10,0.77716331,-1.321403e-10,2.1195344e-10,-2.3569823,-9.1941893e-06,1.4121761e-09,-2.2622912e-09,-3.0060382e-07,9.8397851e-05,-1.5251181e-08,2.4402744e-08,4.0759222e-06
873,0.872,0.52,1.2852486,-0.29758152,-1.579819,-5.3857571e-11,2.4117495e-10,0.77716331,-1.3073558e-10,2.0970309e-10,-2.3569823,-9.0973462e-06,1.397168e-09,-2.238277e-09,-2.9660534e-07,9.7361377e-05,-1.5089138e-08,2.4143758e-08,4.0242908e-06
874,0.873,0.52,1.2852486,-0.29758152,-1.579819,-5.3287026e-11,2.3861309e-10,0.7771633,-1.293458e-10,2.0747663e-10,-2.3569823,-9.0015231e-06,1.3823193e-09,-2.2145176e-09,-2.9265755e-07,9.6335822e-05,-1.4928819e-08,2.3887521e-08,3.9732932e-06
875,0.874,0.52,1.2852486,-0.29758153,-1.579819,-5.2722524e-11,2.3607844e-10,0.77716329,-1.2797079e-10,2.052738e-10,-2.3569823,-8.9067094e-06,1.3676285e-09,-2.1910103e-09,-2.8875981e-07,9.5321069e-05,-1.4770201e-08,2.3634003e-08,3.9229214e-06
876,0.875,0.52,1.2852486,-0.29758153,-1.579819,-5.2164002e-11,2.3357071e-10,0.77716328,-1.2661039e-10,2.0309436e-10,-2.3569823,-8.8128945e-06,1.3530936e-09,-2.1677525e-09,-2.8491152e-07,9.4317005e-05,-1.4613269e-08,2.3383175e-08,3.8731682e-06
877,0.876,0.52,1.2852486,-0.29758154,-1.579819,-5.1611397e-11,2.3108961e-10,0.77716327,-1.2526444e-10,2.0093805e-10,-2.3569823,-8.7200677e-06,1.3387133e-09,-2.1447416e-09,-2.8111207e-07,9.3323518e-05,-1.4458003e-08,2.3135008e-08,3.8240253e-06
878,0.877,0.52,1.2852486,-0.29758154,-1.579819,-5.1064646e-11,2.2863486e-10,0.77716326,-1.2393281e-10,1.9880463e-10,-2.3569823,-8.6282187e-06,1.3244857e-09,-2.1219749e-09,-2.7736085e-07,9.2340497e-05,-1.4304386e-08,2.2889475e-08,3.7754862e-06
879,0.878,0.52,1.2852486,-0.29758155,-1.579819,-5.0523686e-11,2.2620618e-10,0.77716325,-1.2261532e-10,1.9669386e-10,-2.3569823,-8.5373372e-06,1.3104093e-09,-2.0994498e-09,-2.7365728e-07,9.1367831e-05,-1.4152402e-08,2.2646547e-08,3.7275432e-06
880,0.879,0.52,1.2852486,-0.29758155,-1.579819,-4.9988457e-11,2.2380329e-10,0.77716324,-1.2131184e-10,1.9460549e-10,-2.3569823,-8.447413e-06,1.2964824e-09,-2.0771638e-09,-2.7000077e-07,9.040541e-05,-1.4002034e-08,2.2406199e-08,3.6801899e-06
881,0.88,0.52,1.2852486,-0.29758155,-1.5798191,-4.9458898e-11,2.2142592e-10,0.77716324,-1.2002221e-10,1.9253929e-10,-2.3569823,-8.358436e-06,1.2827036e-09,-2.0551143e-09,-2.6639073e-07,8.9453128e-05,-1.3853261e-08,2.2168399e-08,3.6334181e-06
882,0.881,0.52,1.2852486,-0.29758156,-1.5798191,-4.8934948e-11,2.190738e-10,0.77716323,-1.1874628e-10,1.9049503e-10,-2.3569823,-8.2703963e-06,1.2690711e-09,-2.0332988e-09,-2.6282661e-07,8.8510877e-05,-1.3706068e-08,2.1933123e-08,3.5872217e-06
883,0.882,0.52,1.2852486,-0.29758156,-1.5798191,-4.8416549e-11,2.1674666e-10,0.77716322,-1.1748392e-10,1.8847246e-10,-2.3569823,-8.1832839e-06,1.2555835e-09,-2.0117149e-09,-2.5930783e-07,8.7578551e-05,-1.3560438e-08,2.1700342e-08,3.5415927e-06
884,0.883,0.52,1.2852486,-0.29758157,-1.5798191,-4.7903641e-11,2.1444423e-10,0.77716321,-1.1623497e-10,1.8647137e-10,-2.3569823,-8.0970891e-06,1.2422392e-09,-1.99036e-09,-2.5583384e-07,8.6656047e-05,-1.3416357e-08,2.1470033e-08,3.4965259e-06
885,0.884,0.52,1.2852486,-0.29758157,-1.5798191,-4.7396167e-11,2.1216625e-10,0.7771632,-1.149993e-10,1.8449152e-10,-2.3569823,-8.0118022e-06,1.2290366e-09,-1.9692318e-09,-2.5240408e-07,8.5743259e-05,-1.3273806e-08,2.1242168e-08,3.4520135e-06
886,0.885,0.52,1.2852486,-0.29758158,-1.5798191,-4.6894068e-11,2.0991247e-10,0.77716319,-1.1377676e-10,1.8253268e-10,-2.3569823,-7.9274137e-06,1.2159744e-09,-1.9483278e-09,-2.4901802e-07,8.4840088e-05,-1.3132769e-08,2.1016721e-08,3.4080491e-06
887,0.886,0.52,1.2852486,-0.29758158,-1.5798191,-4.6397289e-11,2.0768262e-10,0.77716319,-1.1256721e-10,1.8059464e-10,-2.3569823,-7.8439141e-06,1.2030509e-09,-1.9276456e-09,-2.456751e-07,8.394643e-05,-1.2993231e-08,2.0793667e-08,3.3646263e-06
888,0.887,0.52,1.2852486,-0.29758158,-1.5798191,-4.5905771e-11,2.0547645e-10,0.77716318,-1.1137052e-10,1.7867717e-10,-2.3569823,-7.7612941e-06,1.1902648e-09,-1.907183e-09,-2.4237481e-07,8.3062185e-05,-1.2855173e-08,2.0572978e-08,3.3217377e-06
889,0.888,0.52,1.2852486,-0.29758159,-1.5798191,-4.5419461e-11,2.0329372e-10,0.77716317,-1.1018654e-10,1.7678005e-10,-2.3569823,-7.6795443e-06,1.1776145e-09,-1.8869375e-09,-2.3911661e-07,8.2187255e-05,-1.2718582e-08,2.035463e-08,3.2793776e-06
890,0.889,0.52,1.2852486,-0.29758159,-1.5798191,-4.4938302e-11,2.0113416e-10,0.77716316,-1.0901515e-10,1.7490308e-10,-2.3569823,-7.5986556e-06,1.1650986e-09,-1.8669069e-09,-2.3589999e-07,8.1321542e-05,-1.2583442e-08,2.0138599e-08,3.2375391e-06
891,0.89,0.52,1.2852486,-0.2975816,-1.5798191,-4.4462241e-11,1.9899754e-10,0.77716316,-1.0785621e-10,1.7304602e-10,-2.3569823,-7.5186189e-06,1.1527157e-09,-1.847089e-09,-2.3272443e-07,8.0464947e-05,-1.2449738e-08,1.9924862e-08,3.1962172e-06
892,0.891,0.52,1.2852486,-0.2975816,-1.5798191,-4.3991222e-11,1.9688361e-10,0.77716315,-1.0670959e-10,1.7120869e-10,-2.3569823,-7.4394253e-06,1.1404644e-09,-1.8274813e-09,-2.2958944e-07,7.9617376e-05,-1.2317455e-08,1.9713393e-08,3.1554046e-06
893,0.892,0.52,1.2852486,-0.2975816,-1.5798192,-4.3525193e-11,1.9479213e-10,0.77716314,-1.0557515e-10,1.6939085e-10,-2.3569823,-7.3610659e-06,1.1283433e-09,-1.8080817e-09,-2.264945e-07,7.8778733e-05,-1.2186575e-08,1.9504167e-08,3.1150951e-06
894,0.893,0.52,1.2852486,-0.29758161,-1.5798192,-4.3064101e-11,1.9272286e-10,0.77716313,-1.0445277e-10,1.6759232e-10,-2.3569823,-7.2835319e-06,1.1163509e-09,-1.7888881e-09,-2.2343912e-07,7.7948924e-05,-1.2057088e-08,1.9297162e-08,3.0752835e-06
895,0.894,0.52,1.2852486,-0.29758161,-1.5798192,-4.2607894e-11,1.9067557e-10,0.77716313,-1.0334232e-10,1.6581287e-10,-2.3569823,-7.2068146e-06,1.104486e-09,-1.7698981e-09,-2.2042281e-07,7.7127857e-05,-1.1928976e-08,1.9092354e-08,3.0359631e-06
896,0.895,0.52,1.2852486,-0.29758162,-1.5798192,-4.2156519e-11,1.8865003e-10,0.77716312,-1.0224368e-10,1.6405232e-10,-2.3569823,-7.1309054e-06,1.0927472e-09,-1.7511097e-09,-2.174451e-07,7.6315438e-05,-1.1802226e-08,1.8889721e-08,2.9971286e-06
897,0.896,0.52,1.2852486,-0.29758162,-1.5798192,-4.1709926e-11,1.8664599e-10,0.77716311,-1.011567e-10,1.6231045e-10,-2.3569823,-7.0557957e-06,1.081133e-09,-1.7325207e-09,-2.1450551e-07,7.5511578e-05,-1.167682e-08,1.8689235e-08,2.958773e-06
898,0.897,0.52,1.2852486,-0.29758162,-1.5798192,-4.1268063e-11,1.8466324e-10,0.77716311,-1.0008129e-10,1.6058708e-10,-2.3569823,-6.9814772e-06,1.0696423e-09,-1.714129e-09,-2.1160356e-07,7.4716184e-05,-1.1552747e-08,1.8490878e-08,2.9208918e-06
899,0.898,0.52,1.2852486,-0.29758163,-1.5798192,-4.0830882e-11,1.8270155e-10,0.7771631,-9.9017297e-11,1.58882e-10,-2.3569823,-6.9079416e-06,1.0582737e-09,-1.6959325e-09,-2.0873879e-07,7.392917e-05,-1.1429991e-08,1.8294624e-08,2.8834782e-06
900,0.899,0.52,1.2852486,-0.29758163,-1.5798192,-4.0398331e-11,1.8076069e-10,0.77716309,-9.7964616e-11,1.5719502e-10,-2.3569823,-6.8351805e-06,1.0470259e-09,-1.6779292e-09,-2.0591073e-07,7.3150445e-05,-1.130854e-08,1.8100454e-08,2.8465276e-06
901,0.9,0.52,1.2852486,-0.29758163,-1.5798192,-3.9970363e-11,1.7884044e-10,0.77716308,-9.6923125e-11,1.5552595e-10,-2.3569823,-6.7631858e-06,1.0358976e-09,-1.6601169e-09,-2.0311895e-07,7.2379923e-05,-1.1188379e-08,1.7908345e-08,2.8100337e-06
902,0.901,0.52,1.2852486,-0.29758164,-1.5798192,-3.9546929e-11,1.7694059e-10,0.77716308,-9.5892702e-11,1.5387459e-10,-2.3569823,-6.6919495e-06,1.0248876e-09,-1.6424936e-09,-2.0036298e-07,7.1617518e-05,-1.1069495e-08,1.7718274e-08,2.7739915e-06
903,0.902,0.52,1.2852486,-0.29758164,-1.5798192,-3.912798e-11,1.7506091e-10,0.77716307,-9.4873232e-11,1.5224077e-10,-2.3569823,-6.6214635e-06,1.0139945e-09,-1.6250574e-09,-1.9764238e-07,7.0863144e-05,-1.0951873e-08,1.753022e-08,2.7383949e-06
904,0.903,0.52,1.2852486,-0.29758164,-1.5798192,-3.8713469e-11,1.732012e-10,0.77716306,-9.3864597e-11,1.5062429e-10,-2.3569823,-6.55172e-06,1.0032172e-09,-1.6078063e-09,-1.9495672e-07,7.0116717e-05,-1.0835501e-08,1.7344161e-08,2.7032388e-06
905,0.904,0.52,1.2852486,-0.29758165,-1.5798192,-3.830335e-11,1.7136124e-10,0.77716306,-9.2866682e-11,1.4902497e-10,-2.3569823,-6.4827112e-06,9.9255438e-10,-1.5907383e-09,-1.9230556e-07,6.9378152e-05,-1.0720364e-08,1.7160076e-08,2.6685179e-06
906,0.905,0.52,1.2852486,-0.29758165,-1.5798192,-3.7897575e-11,1.6954082e-10,0.77716305,-9.1879374e-11,1.4744263e-10,-2.3569823,-6.4144292e-06,9.8200489e-10,-1.5738514e-09,-1.8968848e-07,6.8647367e-05,-1.0606451e-08,1.6977945e-08,2.634227e-06
907,0.906,0.52,1.2852486,-0.29758165,-1.5798193,-3.7496098e-11,1.6773974e-10,0.77716305,-9.090256e-11,1.4587709e-10,-2.3569823,-6.3468665e-06,9.7156749e-10,-1.5571438e-09,-1.8710505e-07,6.792428e-05,-1.0493748e-08,1.6797747e-08,2.6003611e-06
908,0.907,0.52,1.2852486,-0.29758166,-1.5798193,-3.7098875e-11,1.6595778e-10,0.77716304,-8.9936128e-11,1.4432817e-10,-2.3569823,-6.2800154e-06,9.61241e-10,-1.5406134e-09,-1.8455486e-07,6.720881e-05,-1.0382244e-08,1.6619462e-08,2.5669152e-06
909,0.908,0.52,1.2852486,-0.29758166,-1.5798193,-3.6705859e-11,1.6419475e-10,0.77716303,-8.8979968e-11,1.4279569e-10,-2.3569823,-6.2138685e-06,9.5102424e-10,-1.5242586e-09,-1.8203749e-07,6.6500876e-05,-1.0271923e-08,1.6443068e-08,2.5338838e-06
910,0.909,0.52,1.2852486,-0.29758166,-1.5798193,-3.6317007e-11,1.6245045e-10,0.77716303,-8.803397e-11,1.4127948e-10,-2.3569823,-6.1484183e-06,9.4091604e-10,-1.5080773e-09,-1.7955254e-07,6.5800399e-05,-1.0162773e-08,1.6268545e-08,2.5012615e-06
911,0.91,0.52,1.2852486,-0.29758167,-1.5798193,-3.5932275e-11,1.6072467e-10,0.77716302,-8.7098028e-11,1.3977936e-10,-2.3569823,-6.0836576e-06,9.3091525e-10,-1.4920677e-09,-1.7709961e-07,6.5107302e-05,-1.0054784e-08,1.6095875e-08,2.4690443e-06
912,0.911,0.52,1.2852486,-0.29758167,-1.5798193,-3.5551618e-11,1.5901721e-10,0.77716301,-8.6172033e-11,1.3829517e-10,-2.3569823,-6.019579e-06,9.2102073e-10,-1.4762281e-09,-1.7467829e-07,6.4421505e-05,-9.9479429e-09,1.5925039e-08,2.4372271e-06
913,0.912,0.52,1.2852486,-0.29758167,-1.5798193,-3.5174993e-11,1.573279e-10,0.77716301,-8.525588e-11,1.3682674e-10,-2.3569823,-5.9561753e-06,9.1123134e-10,-1.4605566e-09,-1.7228819e-07,6.3742932e-05,-9.8422359e-09,1.5756014e-08,2.4058045e-06
914,0.913,0.52,1.2852486,-0.29758168,-1.5798193,-3.4802358e-11,1.5565652e-10,0.777163,-8.4349466e-11,1.3537389e-10,-2.3569823,-5.8934395e-06,9.0154598e-10,-1.4450514e-09,-1.6992894e-07,6.3071507e-05,-9.7376524e-09,1.5588784e-08,2.3747722e-06
915,0.914,0.52,1.2852486,-0.29758168,-1.5798193,-3.4433671e-11,1.540029e-10,0.777163,-8.3452685e-11,1.3393647e-10,-2.3569823,-5.8313645e-06,8.9196354e-10,-1.4297108e-09,-1.6760014e-07,6.2407155e-05,-9.6341791e-09,1.5423328e-08,2.3441251e-06
916,0.915,0.52,1.2852485,-0.29758168,-1.5798193,-3.4068889e-11,1.5236684e-10,0.77716299,-8.2565436e-11,1.325143e-10,-2.3569823,-5.7699434e-06,8.8248292e-10,-1.4145331e-09,-1.6530141e-07,6.1749801e-05,-9.5318051e-09,1.5259627e-08,2.313859e-06
917,0.916,0.52,1.2852485,-0.29758169,-1.5798193,-3.3707972e-11,1.5074816e-10,0.77716299,-8.1687618e-11,1.3110724e-10,-2.3569823,-5.7091693e-06,8.7310305e-10,-1.3995164e-09,-1.6303239e-07,6.1099371e-05,-9.4305188e-09,1.5097664e-08,2.2839691e-06
918,0.917,0.52,1.2852485,-0.29758169,-1.5798193,-3.3350878e-11,1.4914667e-10,0.77716298,-8.081913e-11,1.2971511e-10,-2.3569823,-5.6490353e-06,8.6382284e-10,-1.3846591e-09,-1.6079269e-07,6.0455792e-05,-9.3303075e-09,1.4937418e-08,2.2544506e-06
919,0.918,0.52,1.2852485,-0.29758169,-1.5798193,-3.2997568e-11,1.4756218e-10,0.77716297,-7.9959873e-11,1.2833776e-10,-2.3569823,-5.5895347e-06,8.5464126e-10,-1.3699595e-09,-1.5858197e-07,5.9818993e-05,-9.2311609e-09,1.4778873e-08,2.2252991e-06
920,0.919,0.52,1.2852485,-0.29758169,-1.5798193,-3.2648e-11,1.4599453e-10,0.77716297,-7.9109749e-11,1.2697504e-10,-2.3569823,-5.5306608e-06,8.4555724e-10,-1.3554159e-09,-1.5639986e-07,5.9188902e-05,-9.1330679e-09,1.4622011e-08,2.1965103e-06
921,0.92,0.52,1.2852485,-0.2975817,-1.5798193,-3.2302135e-11,1.4444353e-10,0.77716296,-7.8268661e-11,1.2562678e-10,-2.3569823,-5.4724071e-06,8.3656974e-10,-1.3410267e-09,-1.5424599e-07,5.8565448e-05,-9.0360191e-09,1.4466815e-08,2.1680805e-06
922,0.921,0.52,1.2852485,-0.2975817,-1.5798193,-3.1959934e-11,1.42909e-10,0.77716296,-7.7436514e-11,1.2429283e-10,-2.3569823,-5.414767e-06,8.2767775e-10,-1.3267902e-09,-1.5212002e-07,5.7948561e-05,-8.9399976e-09,1.4313263e-08,2.1400036e-06
923,0.922,0.52,1.2852485,-0.2975817,-1.5798193,-3.1621358e-11,1.4139077e-10,0.77716295,-7.6613211e-11,1.2297304e-10,-2.3569823,-5.357734e-06,8.1888026e-10,-1.3127048e-09,-1.5002161e-07,5.7338173e-05,-8.8449982e-09,1.4161342e-08,2.1122768e-06
924,0.923,0.52,1.2852485,-0.29758171,-1.5798194,-3.1286369e-11,1.3988866e-10,0.77716295,-7.5798659e-11,1.2166727e-10,-2.3569823,-5.3013018e-06,8.1017624e-10,-1.2987689e-09,-1.4795041e-07,5.6734213e-05,-8.7510101e-09,1.4011035e-08,2.0848962e-06
925,0.924,0.52,1.2852485,-0.29758171,-1.5798194,-3.0954929e-11,1.3840251e-10,0.77716294,-7.4992765e-11,1.2037536e-10,-2.3569823,-5.2454639e-06,8.0156472e-10,-1.284981e-09,-1.4590607e-07,5.6136616e-05,-8.6580188e-09,1.3862322e-08,2.0578563e-06
926,0.925,0.52,1.2852485,-0.29758171,-1.5798194,-3.0627e-11,1.3693214e-10,0.77716294,-7.4195438e-11,1.1909716e-10,-2.3569823,-5.1902143e-06,7.9304471e-10,-1.2713394e-09,-1.4388827e-07,5.5545314e-05,-8.5660141e-09,1.3715185e-08,2.0311531e-06
927,0.926,0.52,1.2852485,-0.29758171,-1.5798194,-3.0302545e-11,1.3547739e-10,0.77716293,-7.3406585e-11,1.1783253e-10,-2.3569823,-5.1355466e-06,7.8461523e-10,-1.2578425e-09,-1.4189667e-07,5.496024e-05,-8.4749872e-09,1.3569611e-08,2.004783e-06
928,0.927,0.52,1.2852485,-0.29758172,-1.5798194,-2.9981527e-11,1.3403809e-10,0.77716293,-7.2626117e-11,1.1658133e-10,-2.3569823,-5.0814547e-06,7.7627533e-10,-1.244489e-09,-1.3993095e-07,5.438133e-05,-8.3849293e-09,1.3425583e-08,1.9787424e-06
929,0.928,0.52,1.2852485,-0.29758172,-1.5798194,-2.966391e-11,1.3261408e-10,0.77716292,-7.1853945e-11,1.1534341e-10,-2.3569823,-5.0279326e-06,7.6802406e-10,-1.2312771e-09,-1.3799078e-07,5.3808517e-05,-8.2958259e-09,1.3283082e-08,1.9530263e-06
930,0.929,0.52,1.2852485,-0.29758172,-1.5798194,-2.9349657e-11,1.3120519e-10,0.77716292,-7.1089981e-11,1.1411864e-10,-2.3569823,-4.9749742e-06,7.5986046e-10,-1.2182055e-09,-1.3607585e-07,5.3241738e-05,-8.2076699e-09,1.3142093e-08,1.9276313e-06
931,0.93,0.52,1.2852485,-0.29758173,-1.5798194,-2.9038734e-11,1.2981126e-10,0.77716291,-7.0334137e-11,1.1290686e-10,-2.3569823,-4.9225737e-06,7.5178362e-10,-1.2052727e-09,-1.3418583e-07,5.268093e-05,-8.120451e-09,1.3002601e-08,1.9025537e-06
932,0.931,0.52,1.2852485,-0.29758173,-1.5798194,-2.8731104e-11,1.2843215e-10,0.77716291,-6.9586327e-11,1.1170795e-10,-2.3569823,-4.8707251e-06,7.4379261e-10,-1.1924771e-09,-1.3232042e-07,5.2126029e-05,-8.0341575e-09,1.2864589e-08,1.877789e-06
933,0.932,0.52,1.2852485,-0.29758173,-1.5798194,-2.8426734e-11,1.2706768e-10,0.7771629,-6.8846466e-11,1.1052177e-10,-2.3569823,-4.8194227e-06,7.3588652e-10,-1.1798173e-09,-1.3047932e-07,5.1576973e-05,-7.9487815e-09,1.2728041e-08,1.8533338e-06
934,0.933,0.52,1.2852485,-0.29758173,-1.5798194,-2.8125588e-11,1.257177e-10,0.7771629,-6.811447e-11,1.0934818e-10,-2.3569823,-4.7686606e-06,7.2806444e-10,-1.1672919e-09,-1.2866221e-07,5.10337e-05,-7.8643126e-09,1.2592943e-08,1.8291845e-06
935,0.934,0.52,1.2852485,-0.29758174,-1.5798194,-2.7827632e-11,1.2438206e-10,0.77716289,-6.7390254e-11,1.0818705e-10,-2.3569823,-4.7184333e-06,7.2032549e-10,-1.1548995e-09,-1.2686879e-07,5.049615e-05,-7.7807413e-09,1.2459278e-08,1.8053373e-06
936,0.935,0.52,1.2852485,-0.29758174,-1.5798194,-2.7532833e-11,1.2306061e-10,0.77716289,-6.6673736e-11,1.0703825e-10,-2.3569823,-4.6687349e-06,7.1266877e-10,-1.1426386e-09,-1.2509878e-07,4.9964263e-05,-7.6980582e-09,1.2327033e-08,1.7817886e-06
937,0.936,0.52,1.2852485,-0.29758174,-1.5798194,-2.7241156e-11,1.2175319e-10,0.77716288,-6.5964835e-11,1.0590165e-10,-2.3569823,-4.6195601e-06,7.0509342e-10,-1.1305078e-09,-1.2335187e-07,4.9437978e-05,-7.6162514e-09,1.2196189e-08,1.7585339e-06
938,0.937,0.52,1.2852485,-0.29758174,-1.5798194,-2.695257e-11,1.2045966e-10,0.77716288,-6.5263468e-11,1.0477711e-10,-2.3569823,-4.5709032e-06,6.9759857e-10,-1.1185058e-09,-1.2162778e-07,4.8917237e-05,-7.5353156e-09,1.2066735e-08,1.7355708e-06
939,0.938,0.52,1.2852485,-0.29758174,-1.5798194,-2.6667041e-11,1.1917987e-10,0.77716287,-6.4569557e-11,1.0366451e-10,-2.3569823,-4.5227589e-06,6.9018337e-10,-1.1066312e-09,-1.1992623e-07,4.8401981e-05,-7.4552386e-09,1.1938654e-08,1.7128949e-06
940,0.939,0.52,1.2852485,-0.29758175,-1.5798194,-2.6384537e-11,1.1791367e-10,0.77716287,-6.3883022e-11,1.0256372e-10,-2.3569823,-4.4751216e-06,6.8284698e-10,-1.0948826e-09,-1.1824692e-07,4.7892153e-05,-7.3760113e-09,1.1811931e-08,1.6905028e-06
941,0.94,0.52,1.2852485,-0.29758175,-1.5798194,-2.6105025e-11,1.1666092e-10,0.77716286,-6.3203785e-11,1.0147462e-10,-2.3569823,-4.4279862e-06,6.7558854e-10,-1.0832588e-09,-1.1658958e-07,4.7387695e-05,-7.2976273e-09,1.1686555e-08,1.6683918e-06
942,0.941,0.52,1.2852485,-0.29758175,-1.5798194,-2.5828475e-11,1.1542148e-10,0.77716286,-6.2531768e-11,1.0039708e-10,-2.3569823,-4.3813472e-06,6.6840724e-10,-1.0717583e-09,-1.1495394e-07,4.688855e-05,-7.2200782e-09,1.156251e-08,1.6465587e-06
943,0.942,0.52,1.2852485,-0.29758175,-1.5798194,-2.5554854e-11,1.141952e-10,0.77716286,-6.1866894e-11,9.9330976e-11,-2.3569823,-4.3351995e-06,6.6130225e-10,-1.0603799e-09,-1.1333972e-07,4.6394664e-05,-7.1433518e-09,1.1439782e-08,1.624999e-06
944,0.943,0.52,1.2852485,-0.29758176,-1.5798195,-2.5284132e-11,1.1298195e-10,0.77716285,-6.1209087e-11,9.8276194e-11,-2.3569823,-4.2895378e-06,6.5427277e-10,-1.0491222e-09,-1.1174666e-07,4.590598e-05,-7.0674388e-09,1.1318354e-08,1.6037091e-06
945,0.944,0.52,1.2852485,-0.29758176,-1.5798195,-2.5016278e-11,1.1178158e-10,0.77716285,-6.0558273e-11,9.7232611e-11,-2.3569823,-4.2443572e-06,6.4731798e-10,-1.0379841e-09,-1.1017448e-07,4.5422444e-05,-6.9923336e-09,1.1198216e-08,1.5826868e-06
946,0.945,0.52,1.2852485,-0.29758176,-1.5798195,-2.4751262e-11,1.1059396e-10,0.77716284,-5.9914377e-11,9.6200107e-11,-2.3569823,-4.1996524e-06,6.4043711e-10,-1.0269641e-09,-1.0862293e-07,4.4944001e-05,-6.9180269e-09,1.1079354e-08,1.5619287e-06
947,0.946,0.52,1.2852485,-0.29758176,-1.5798195,-2.4489053e-11,1.0941896e-10,0.77716284,-5.9277326e-11,9.5178565e-11,-2.3569823,-4.1554185e-06,6.3362936e-10,-1.0160612e-09,-1.0709175e-07,4.4470598e-05,-6.8445077e-09,1.0961751e-08,1.5414307e-06
948,0.947,0.52,1.2852485,-0.29758177,-1.5798195,-2.4229622e-11,1.0825644e-10,0.77716283,-5.8647046e-11,9.4167869e-11,-2.3569823,-4.1116505e-06,6.2689396e-10,-1.005274e-09,-1.0558068e-07,4.4002181e-05,-6.7717718e-09,1.0845398e-08,1.521191e-06
949,0.948,0.52,1.2852485,-0.29758177,-1.5798195,-2.397294e-11,1.0710627e-10,0.77716283,-5.8023466e-11,9.3167902e-11,-2.3569823,-4.0683436e-06,6.2023013e-10,-9.9460125e-10,-1.0408947e-07,4.3538699e-05,-6.6998081e-09,1.073028e-08,1.5012056e-06
950,0.949,0.52,1.2852485,-0.29758177,-1.5798195,-2.3718977e-11,1.0596831e-10,0.77716283,-5.7406514e-11,9.2178552e-11,-2.3569823,-4.0254928e-06,6.1363712e-10,-9.8404182e-10,-1.0261786e-07,4.3080099e-05,-6.6286087e-09,1.0616383e-08,1.4814714e-06
951,0.95,0.52,1.2852485,-0.29758177,-1.5798195,-2.3467704e-11,1.0484244e-10,0.77716282,-5.6796121e-11,9.1199706e-11,-2.3569823,-3.9830933e-06,6.0711418e-10,-9.7359447e-10,-1.0116562e-07,4.2626329e-05,-6.5581639e-09,1.0503693e-08,1.4619847e-06
952,0.951,0.52,1.2852485,-0.29758177,-1.5798195,-2.3219093e-11,1.0372853e-10,0.77716282,-5.6192216e-11,9.0231252e-11,-2.3569823,-3.9411405e-06,6.0066056e-10,-9.6325802e-10,-9.9732499e-08,4.2177339e-05,-6.4884687e-09,1.03922e-08,1.4427436e-06
953,0.952,0.52,1.2852485,-0.29758178,-1.5798195,-2.2973116e-11,1.0262645e-10,0.77716281,-5.5594731e-11,8.927308e-11,-2.3569823,-3.8996295e-06,5.9427552e-10,-9.5303128e-10,-9.8318253e-08,4.1733079e-05,-6.4195162e-09,1.0281893e-08,1.4237454e-06
954,0.953,0.52,1.2852485,-0.29758178,-1.5798195,-2.2729745e-11,1.0153608e-10,0.77716281,-5.5003597e-11,8.832508e-11,-2.3569823,-3.8585558e-06,5.8795834e-10,-9.429131e-10,-9.6922648e-08,4.1293498e-05,-6.3512923e-09,1.0172752e-08,1.4049853e-06
955,0.954,0.52,1.2852485,-0.29758178,-1.5798195,-2.2488952e-11,1.0045729e-10,0.77716281,-5.4418747e-11,8.7387145e-11,-2.3569823,-3.8179147e-06,5.8170829e-10,-9.3290232e-10,-9.5545447e-08,4.0858548e-05,-6.2837962e-09,1.0064772e-08,1.3864624e-06
956,0.955,0.52,1.2852485,-0.29758178,-1.5798195,-2.225071e-11,9.9389956e-11,0.7771628,-5.3840114e-11,8.6459169e-11,-2.3569823,-3.7777017e-06,5.7552467e-10,-9.229978e-10,-9.4186419e-08,4.0428179e-05,-6.2170158e-09,9.9579367e-09,1.3681726e-06
957,0.956,0.52,1.2852485,-0.29758178,-1.5798195,-2.2014992e-11,9.8333961e-11,0.7771628,-5.3267631e-11,8.5541044e-11,-2.3569823,-3.7379123e-06,5.6940676e-10,-9.1319841e-10,-9.2845335e-08,4.0002343e-05,-6.1509449e-09,9.8522354e-09,1.3501133e-06
958,0.957,0.52,1.2852485,-0.29758179,-1.5798195,-2.1781771e-11,9.7289183e-11,0.7771628,-5.2701235e-11,8.4632667e-11,-2.3569823,-3.698542e-06,5.6335386e-10,-9.0350304e-10,-9.1521968e-08,3.9580993e-05,-6.0855785e-09,9.7476581e-09,1.3322824e-06
959,0.958,0.52,1.2852485,-0.29758179,-1.5798195,-2.1551021e-11,9.6255502e-11,0.77716279,-5.2140859e-11,8.3733935e-11,-2.3569823,-3.6595864e-06,5.573653e-10,-8.9391059e-10,-9.0216096e-08,3.9164082e-05,-6.0209038e-09,9.6441883e-09,1.3146757e-06
960,0.959,0.52,1.2852485,-0.29758179,-1.5798195,-2.1322716e-11,9.5232801e-11,0.77716279,-5.158644e-11,8.2844744e-11,-2.3569823,-3.6210411e-06,5.5144037e-10,-8.8441996e-10,-8.8927496e-08,3.8751562e-05,-5.9569176e-09,9.5418176e-09,1.2972917e-06
961,0.96,0.52,1.2852485,-0.29758179,-1.5798195,-2.1096829e-11,9.4220963e-11,0.77716278,-5.1037915e-11,8.1964993e-11,-2.3569823,-3.5829018e-06,5.4557841e-10,-8.7503007e-10,-8.7655952e-08,3.8343387e-05,-5.8936105e-09,9.4405327e-09,1.2801271e-06
962,0.961,0.52,1.2852485,-0.29758179,-1.5798195,-2.0873335e-11,9.3219873e-11,0.77716278,-5.0495221e-11,8.1094583e-11,-2.3569823,-3.5451642e-06,5.3977875e-10,-8.6573985e-10,-8.6401246e-08,3.7939511e-05,-5.8309767e-09,9.3403232e-09,1.2631796e-06
963,0.962,0.52,1.2852485,-0.2975818,-1.5798195,-2.0652209e-11,9.2229417e-11,0.77716278,-4.9958295e-11,8.0233414e-11,-2.3569823,-3.5078241e-06,5.3404073e-10,-8.5654825e-10,-8.5163167e-08,3.753989e-05,-5.7690064e-09,9.2411757e-09,1.2464455e-06
964,0.963,0.52,1.2852485,-0.2975818,-1.5798195,-2.0433426e-11,9.1249481e-11,0.77716277,-4.9427078e-11,7.9381389e-11,-2.3569823,-3.4708773e-06,5.2836369e-10,-8.4745421e-10,-8.3941506e-08,3.7144479e-05,-5.7076951e-09,9.1430807e-09,1.229923e-06
965,0.964,0.52,1.2852485,-0.2975818,-1.5798195,-2.0216961e-11,9.0279954e-11,0.77716277,-4.8901507e-11,7.8538409e-11,-2.3569823,-3.4343197e-06,5.2274699e-10,-8.3845671e-10,-8.2736052e-08,3.6753232e-05,-5.6470371e-09,9.0460285e-09,1.2136101e-06
966,0.965,0.52,1.2852485,-0.2975818,-1.5798195,-2.0002788e-11,8.9320726e-11,0.77716277,-4.8381524e-11,7.7704379e-11,-2.3569823,-3.3981472e-06,5.1718997e-10,-8.2955472e-10,-8.1546602e-08,3.6366107e-05,-5.5870229e-09,8.9500057e-09,1.1975034e-06
967,0.966,0.52,1.2852485,-0.2975818,-1.5798195,-1.9790885e-11,8.8371687e-11,0.77716276,-4.7867068e-11,7.6879205e-11,-2.3569823,-3.3623557e-06,5.1169201e-10,-8.2074722e-10,-8.0372953e-08,3.5983059e-05,-5.5276457e-09,8.8550014e-09,1.1816004e-06
968,0.967,0.52,1.2852485,-0.2975818,-1.5798195,-1.9581227e-11,8.7432729e-11,0.77716276,-4.7358081e-11,7.6062791e-11,-2.3569823,-3.3269411e-06,5.0625249e-10,-8.1203321e-10,-7.9214905e-08,3.5604046e-05,-5.4689e-09,8.7610059e-09,1.165899e-06
969,0.968,0.52,1.2852485,-0.29758181,-1.5798195,-1.9373789e-11,8.6503745e-11,0.77716276,-4.6854505e-11,7.5255045e-11,-2.3569823,-3.2918996e-06,5.0087077e-10,-8.034117e-10,-7.807226e-08,3.5229026e-05,-5.4107778e-09,8.6680076e-09,1.150396e-06
970,0.969,0.52,1.2852485,-0.29758181,-1.5798196,-1.916855e-11,8.5584628e-11,0.77716275,-4.6356282e-11,7.4455875e-11,-2.3569823,-3.2572272e-06,4.9554625e-10,-7.9488171e-10,-7.6944824e-08,3.4857956e-05,-5.3532728e-09,8.5759958e-09,1.1350895e-06
971,0.97,0.52,1.2852485,-0.29758181,-1.5798196,-1.8965485e-11,8.4675275e-11,0.77716275,-4.5863356e-11,7.3665191e-11,-2.3569823,-3.22292e-06,4.9027832e-10,-7.8644227e-10,-7.5832403e-08,3.4490794e-05,-5.296379e-09,8.4849608e-09,1.119977e-06
972,0.971,0.52,1.2852485,-0.29758181,-1.5798196,-1.8764571e-11,8.3775581e-11,0.77716275,-4.5375669e-11,7.2882901e-11,-2.3569823,-3.1889741e-06,4.8506637e-10,-7.7809241e-10,-7.4734807e-08,3.4127501e-05,-5.2400906e-09,8.3948926e-09,1.1050564e-06
973,0.972,0.52,1.2852485,-0.29758181,-1.5798196,-1.8565785e-11,8.2885444e-11,0.77716274,-4.4893167e-11,7.2108917e-11,-2.3569823,-3.1553858e-06,4.7990981e-10,-7.6983118e-10,-7.3651846e-08,3.3768033e-05,-5.1844029e-09,8.3057828e-09,1.090326e-06
974,0.973,0.52,1.2852485,-0.29758181,-1.5798196,-1.8369106e-11,8.2004763e-11,0.77716274,-4.4415794e-11,7.134315e-11,-2.3569823,-3.1221513e-06,4.7480806e-10,-7.6165765e-10,-7.2583337e-08,3.3412353e-05,-5.129304e-09,8.2176162e-09,1.0757818e-06
975,0.974,0.52,1.2852485,-0.29758182,-1.5798196,-1.817451e-11,8.1133436e-11,0.77716274,-4.3943497e-11,7.0585514e-11,-2.3569823,-3.0892668e-06,4.6976052e-10,-7.5357088e-10,-7.1529094e-08,3.3060418e-05,-5.0747896e-09,8.1303845e-09,1.0614221e-06
976,0.975,0.52,1.2852485,-0.29758182,-1.5798196,-1.7981976e-11,8.0271365e-11,0.77716273,-4.3476219e-11,6.9835922e-11,-2.3569823,-3.0567288e-06,4.6476664e-10,-7.4556995e-10,-7.0488938e-08,3.2712191e-05,-5.0208548e-09,8.0440788e-09,1.0472449e-06
977,0.976,0.52,1.2852485,-0.29758182,-1.5798196,-1.7791482e-11,7.9418451e-11,0.77716273,-4.301391e-11,6.9094289e-11,-2.3569823,-3.0245334e-06,4.5982582e-10,-7.3765396e-10,-6.9462688e-08,3.2367632e-05,-4.9674948e-09,7.9586909e-09,1.0332482e-06
978,0.977,0.52,1.2852485,-0.29758182,-1.5798196,-1.7603006e-11,7.8574597e-11,0.77716273,-4.2556515e-11,6.836053e-11,-2.3569823,-2.9926772e-06,4.5493752e-10,-7.2982199e-10,-6.8450168e-08,3.2026703e-05,-4.9147012e-09,7.8742086e-09,1.0194294e-06
979,0.978,0.52,1.2852485,-0.29758182,-1.5798196,-1.7416526e-11,7.7739707e-11,0.77716273,-4.2103983e-11,6.7634561e-11,-2.3569823,-2.9611565e-06,4.5010117e-10,-7.2207316e-10,-6.7451204e-08,3.1689364e-05,-4.8624675e-09,7.790622e-09,1.0057861e-06
980,0.979,0.52,1.2852485,-0.29758182,-1.5798196,-1.7232022e-11,7.6913686e-11,0.77716272,-4.1656261e-11,6.6916301e-11,-2.3569823,-2.9299678e-06,4.4531622e-10,-7.1440659e-10,-6.6465623e-08,3.1355579e-05,-4.8107875e-09,7.7079213e-09,9.923161e-07
981,0.98,0.52,1.2852485,-0.29758183,-1.5798196,-1.7049473e-11,7.6096439e-11,0.77716272,-4.1213299e-11,6.6205666e-11,-2.3569823,-2.8991076e-06,4.4058213e-10,-7.068214e-10,-6.5493254e-08,3.102531e-05,-4.7596578e-09,7.6260992e-09,9.7901779e-07
982,0.981,0.52,1.2852485,-0.29758183,-1.5798196,-1.6868858e-11,7.5287873e-11,0.77716272,-4.0775046e-11,6.5502577e-11,-2.3569823,-2.8685725e-06,4.3589835e-10,-6.9931673e-10,-6.4533929e-08,3.0698519e-05,-4.7090718e-09,7.5451458e-09,9.6588895e-07
983,0.982,0.52,1.2852485,-0.29758183,-1.5798196,-1.6690156e-11,7.4487897e-11,0.77716271,-4.0341452e-11,6.4806953e-11,-2.3569823,-2.838359e-06,4.3126435e-10,-6.9189173e-10,-6.3587483e-08,3.0375171e-05,-4.6590229e-09,7.4650513e-09,9.5292732e-07
984,0.983,0.52,1.2852485,-0.29758183,-1.5798196,-1.6513348e-11,7.3696418e-11,0.77716271,-3.9912468e-11,6.4118714e-11,-2.3569823,-2.8084637e-06,4.266796e-10,-6.8454554e-10,-6.265375e-08,3.0055229e-05,-4.609506e-09,7.3858071e-09,9.4013086e-07
985,0.984,0.52,1.2852485,-0.29758183,-1.5798196,-1.6338413e-11,7.2913347e-11,0.77716271,-3.9488044e-11,6.3437783e-11,-2.3569823,-2.7788834e-06,4.2214358e-10,-6.7727734e-10,-6.1732569e-08,2.9738657e-05,-4.5605165e-09,7.307405e-09,9.2749795e-07
986,0.985,0.52,1.2852485,-0.29758183,-1.5798196,-1.6165331e-11,7.2138594e-11,0.77716271,-3.9068132e-11,6.2764082e-11,-2.3569823,-2.7496146e-06,4.1765577e-10,-6.7008629e-10,-6.0823779e-08,2.9425419e-05,-4.5120464e-09,7.2298341e-09,9.1502597e-07
987,0.986,0.52,1.2852485,-0.29758183,-1.5798196,-1.5994083e-11,7.1372071e-11,0.7771627,-3.8652685e-11,6.2097534e-11,-2.3569823,-2.7206541e-06,4.1321565e-10,-6.6297158e-10,-5.9927222e-08,2.9115481e-05,-4.4640925e-09,7.1530875e-09,9.0271354e-07
988,0.987,0.52,1.2852485,-0.29758184,-1.5798196,-1.5824649e-11,7.0613691e-11,0.7771627,-3.8241654e-11,6.1438063e-11,-2.3569823,-2.6919986e-06,4.0882273e-10,-6.5593239e-10,-5.9042741e-08,2.8808808e-05,-4.4166472e-09,7.0771548e-09,8.9055801e-07
989,0.988,0.52,1.2852485,-0.29758184,-1.5798196,-1.565701e-11,6.9863367e-11,0.7771627,-3.7834992e-11,6.0785594e-11,-2.3569823,-2.6636449e-06,4.0447649e-10,-6.4896792e-10,-5.8170184e-08,2.8505365e-05,-4.3697063e-09,7.0020282e-09,8.7855785e-07
990,0.989,0.52,1.2852485,-0.29758184,-1.5798196,-1.5491147e-11,6.9121013e-11,0.77716269,-3.7432654e-11,6.0140053e-11,-2.3569823,-2.63559e-06,4.0017645e-10,-6.4207739e-10,-5.7309396e-08,2.8205118e-05,-4.3232632e-09,6.9276981e-09,8.6671086e-07
991,0.99,0.52,1.2852485,-0.29758184,-1.5798196,-1.5327041e-11,6.8386546e-11,0.77716269,-3.7034593e-11,5.9501366e-11,-2.3569823,-2.6078305e-06,3.9592211e-10,-6.3526e-10,-5.6460228e-08,2.7908034e-05,-4.2773143e-09,6.8541574e-09,8.5501547e-07
992,0.991,0.52,1.2852485,-0.29758184,-1.5798196,-1.5164674e-11,6.765988e-11,0.77716269,-3.6640764e-11,5.886946e-11,-2.3569823,-2.5803634e-06,3.9171299e-10,-6.2851499e-10,-5.5622532e-08,2.7614079e-05,-4.2318525e-09,6.7813963e-09,8.4346929e-07
993,0.992,0.52,1.2852485,-0.29758184,-1.5798196,-1.5004027e-11,6.6940934e-11,0.77716269,-3.6251122e-11,5.8244264e-11,-2.3569823,-2.5531856e-06,3.875486e-10,-6.2184157e-10,-5.479616e-08,2.7323221e-05,-4.1868747e-09,6.7094081e-09,8.3207119e-07
994,0.993,0.52,1.2852485,-0.29758184,-1.5798196,-1.4845083e-11,6.6229624e-11,0.77716268,-3.5865623e-11,5.7625706e-11,-2.3569823,-2.526294e-06,3.8342848e-10,-6.15239e-10,-5.3980968e-08,2.7035426e-05,-4.1423741e-09,6.6381835e-09,8.208187e-07
995,0.994,0.52,1.2852484,-0.29758185,-1.5798196,-1.4687822e-11,6.5525872e-11,0.77716268,-3.5484221e-11,5.7013715e-11,-2.3569823,-2.4996858e-06,3.7935214e-10,-6.0870652e-10,-5.317681e-08,2.6750663e-05,-4.0983486e-09,6.5677166e-09,8.0971109e-07
996,0.995,0.52,1.2852484,-0.29758185,-1.5798196,-1.4532227e-11,6.4829595e-11,0.77716268,-3.5106875e-11,5.6408223e-11,-2.3569823,-2.4733577e-06,3.7531914e-10,-6.0224338e-10,-5.2383548e-08,2.6468899e-05,-4.0547888e-09,6.4979959e-09,7.9874518e-07
997,0.996,0.52,1.2852484,-0.29758185,-1.5798196,-1.437828e-11,6.4140714e-11,0.77716268,-3.473354e-11,5.580916e-11,-2.3569823,-2.447307e-06,3.7132899e-10,-5.9584886e-10,-5.1601041e-08,2.6190103e-05,-4.0116916e-09,6.4290149e-09,7.8791978e-07
998,0.997,0.52,1.2852484,-0.29758185,-1.5798196,-1.4225965e-11,6.3459151e-11,0.77716267,-3.4364174e-11,5.5216457e-11,-2.3569823,-2.4215307e-06,3.6738126e-10,-5.8952222e-10,-5.0829151e-08,2.5914244e-05,-3.9690526e-09,6.3607661e-09,7.7723336e-07
999,0.998,0.52,1.2852484,-0.29758185,-1.5798196,-1.4075263e-11,6.2784829e-11,0.77716267,-3.3998735e-11,5.4630048e-11,-2.3569823,-2.3960259e-06,3.6347548e-10,-5.8326274e-10,-5.0067741e-08,2.564129e-05,-3.9268677e-09,6.2932425e-09,7.6668441e-07
1000,0.999,0.52,1.2852484,-0.29758185,-1.5798196,-1.3926158e-11,6.211767e-11,0.77716267,-3.3637182e-11,5.4049865e-11,-2.3569823,-2.3707897e-06,3.5961122e-10,-5.770697e-10,-4.9316677e-08,2.5371212e-05,-3.8851312e-09,6.2264357e-09,7.5627097e-07
1001,1,0.52,1.2852484,-0.29758185,-1.5798196,-1.3778633e-11,6.1457599e-11,0.77716267,-3.3279472e-11,5.3475842e-11,-2.3569823,-2.3458194e-06,3.5578803e-10,-5.7094241e-10,-4.8575825e-08,2.5103978e-05,-3.8438381e-09,6.1603382e-09,7.4599114e-07
1002,1.001,0.52,1.2852484,-0.29758185,-1.5798196,-1.3632671e-11,6.0804539e-11,0.77716267,-3.2925565e-11,5.2907914e-11,-2.3569823,-2.321112e-06,3.5200547e-10,-5.6488017e-10,-4.7845056e-08,2.483956e-05,-3.8029835e-09,6.0949419e-09,7.3584333e-07
1003,1.002,0.52,1.2852484,-0.29758186,-1.5798196,-1.3488255e-11,6.0158417e-11,0.77716266,-3.257542e-11,5.2346017e-11,-2.3569823,-2.2966649e-06,3.4826312e-10,-5.5888228e-10,-4.7124238e-08,2.4577926e-05,-3.7625633e-09,6.03024e-09,7.2582621e-07
1004,1.003,0.52,1.2852484,-0.29758186,-1.5798196,-1.3345369e-11,5.9519158e-11,0.77716266,-3.2228998e-11,5.1790086e-11,-2.3569823,-2.2724753e-06,3.4456055e-10,-5.5294807e-10,-4.6413245e-08,2.4319048e-05,-3.7225711e-09,5.9662234e-09,7.1593743e-07
1005,1.004,0.52,1.2852484,-0.29758186,-1.5798196,-1.3203997e-11,5.8886691e-11,0.77716266,-3.188626e-11,5.1240058e-11,-2.3569823,-2.2485405e-06,3.4089732e-10,-5.4707685e-10,-4.571195e-08,2.4062898e-05,-3.683004e-09,5.9028865e-09,7.0617582e-07
1006,1.005,0.52,1.2852484,-0.29758186,-1.5798197,-1.3064123e-11,5.8260943e-11,0.77716266,-3.1547165e-11,5.069587e-11,-2.3569823,-2.2248578e-06,3.3727304e-10,-5.4126796e-10,-4.5020228e-08,2.3809445e-05,-3.6438582e-09,5.8402224e-09,6.9654021e-07
1007,1.006,0.52,1.2852484,-0.29758186,-1.5798197,-1.292573e-11,5.7641841e-11,0.77716265,-3.1211675e-11,5.015746e-11,-2.3569823,-2.2014245e-06,3.3368728e-10,-5.3552074e-10,-4.4337956e-08,2.3558662e-05,-3.6051272e-09,5.7782225e-09,6.870282e-07
1008,1.007,0.52,1.2852484,-0.29758186,-1.5798197,-1.2788804e-11,5.7029317e-11,0.77716265,-3.0879752e-11,4.9624767e-11,-2.3569823,-2.178238e-06,3.3013962e-10,-5.2983452e-10,-4.366501e-08,2.3310521e-05,-3.5668117e-09,5.7168842e-09,6.7763983e-07
1009,1.008,0.52,1.2852484,-0.29758186,-1.5798197,-1.2653329e-11,5.64233e-11,0.77716265,-3.0551358e-11,4.909773e-11,-2.3569823,-2.1552958e-06,3.2662968e-10,-5.2420867e-10,-4.3001273e-08,2.3064994e-05,-3.5289e-09,5.656194e-09,6.6837162e-07
1010,1.009,0.52,1.2852484,-0.29758186,-1.5798197,-1.2519288e-11,5.5823721e-11,0.77716265,-3.0226455e-11,4.8576289e-11,-2.3569823,-2.1325952e-06,3.2315704e-10,-5.1864254e-10,-4.2346623e-08,2.2822052e-05,-3.4913925e-09,5.5961491e-09,6.5922356e-07
1011,1.01,0.52,1.2852484,-0.29758187,-1.5798197,-1.2386668e-11,5.5230511e-11,0.77716265,-2.9905006e-11,4.8060385e-11,-2.3569823,-2.1101338e-06,3.1972131e-10,-5.1313551e-10,-4.1700945e-08,2.258167e-05,-3.4542825e-09,5.5367406e-09,6.5019318e-07
1012,1.011,0.52,1.2852484,-0.29758187,-1.5798197,-1.2255453e-11,5.4643603e-11,0.77716264,-2.9586976e-11,4.754996e-11,-2.3569823,-2.0879089e-06,3.163221e-10,-5.0768693e-10,-4.1064123e-08,2.234382e-05,-3.4175668e-09,5.4779626e-09,6.4127924e-07
1013,1.012,0.52,1.2852484,-0.29758187,-1.5798197,-1.2125629e-11,5.406293e-11,0.77716264,-2.9272326e-11,4.7044953e-11,-2.3569823,-2.0659181e-06,3.1295903e-10,-5.022962e-10,-4.0436042e-08,2.2108475e-05,-3.3812417e-09,5.4198089e-09,6.3248058e-07
1014,1.013,0.52,1.2852484,-0.29758187,-1.5798197,-1.1997179e-11,5.3488426e-11,0.77716264,-2.8961022e-11,4.654531e-11,-2.3569823,-2.0441589e-06,3.0963169e-10,-4.969627e-10,-3.9816589e-08,2.1875609e-05,-3.345302e-09,5.3622719e-09,6.2379546e-07
1015,1.014,0.52,1.2852484,-0.29758187,-1.5798197,-1.1870091e-11,5.2920025e-11,0.77716264,-2.8653027e-11,4.6050971e-11,-2.3569823,-2.0226289e-06,3.0633973e-10,-4.9168582e-10,-3.9205652e-08,2.1645196e-05,-3.309745e-09,5.3053462e-09,6.1522284e-07
1016,1.015,0.52,1.2852484,-0.29758187,-1.5798197,-1.1744349e-11,5.2357662e-11,0.77716264,-2.8348307e-11,4.5561882e-11,-2.3569823,-2.0013257e-06,3.0308275e-10,-4.8646495e-10,-3.8603121e-08,2.141721e-05,-3.2745665e-09,5.2490253e-09,6.0676141e-07
1017,1.016,0.52,1.2852484,-0.29758187,-1.5798197,-1.1619939e-11,5.1801274e-11,0.77716263,-2.8046827e-11,4.5077986e-11,-2.3569823,-1.9802468e-06,2.9986039e-10,-4.8129951e-10,-3.8008888e-08,2.1191625e-05,-3.239761e-09,5.1933016e-09,5.9840924e-07
1018,1.017,0.52,1.2852484,-0.29758187,-1.5798197,-1.1496848e-11,5.1250796e-11,0.77716263,-2.7748552e-11,4.4599228e-11,-2.3569823,-1.95939e-06,2.9667228e-10,-4.7618891e-10,-3.7422845e-08,2.0968417e-05,-3.2053248e-09,5.1381687e-09,5.901651e-07
1019,1.018,0.52,1.2852484,-0.29758187,-1.5798197,-1.137506e-11,5.0706166e-11,0.77716263,-2.7453448e-11,4.4125553e-11,-2.3569823,-1.9387529e-06,2.9351806e-10,-4.7113256e-10,-3.6844886e-08,2.0747559e-05,-3.1712554e-09,5.0836217e-09,5.8202813e-07
1020,1.019,0.52,1.2852484,-0.29758187,-1.5798197,-1.1254563e-11,5.0167323e-11,0.77716263,-2.7161482e-11,4.3656908e-11,-2.3569823,-1.9183331e-06,2.9039737e-10,-4.6612989e-10,-3.6274905e-08,2.0529028e-05,-3.1375474e-09,5.0296532e-09,5.7399643e-07
1021,1.02,0.52,1.2852484,-0.29758188,-1.5798197,-1.1135342e-11,4.9634204e-11,0.77716263,-2.687262e-11,4.319324e-11,-2.3569823,-1.8981284e-06,2.8730985e-10,-4.6118033e-10,-3.57128e-08,2.0312799e-05,-3.1041968e-09,4.9762568e-09,5.6606861e-07
1022,1.021,0.52,1.2852484,-0.29758188,-1.5798197,-1.1017385e-11,4.9106748e-11,0.77716262,-2.6586829e-11,4.2734495e-11,-2.3569823,-1.8781366e-06,2.8425514e-10,-4.5628332e-10,-3.5158468e-08,2.0098848e-05,-3.0712029e-09,4.9234292e-09,5.5824424e-07
1023,1.022,0.52,1.2852484,-0.29758188,-1.5798197,-1.0900677e-11,4.8584896e-11,0.77716262,-2.6304077e-11,4.2280621e-11,-2.3569823,-1.8583553e-06,2.8123291e-10,-4.5143829e-10,-3.4611809e-08,1.9887149e-05,-3.0385568e-09,4.8711597e-09,5.5052081e-07
1024,1.023,0.52,1.2852484,-0.29758188,-1.5798197,-1.0785206e-11,4.8068588e-11,0.77716262,-2.6024331e-11,4.1831567e-11,-2.3569823,-1.8387823e-06,2.782428e-10,-4.466447e-10,-3.4072722e-08,1.9677681e-05,-3.0062598e-09,4.8194468e-09,5.4289844e-07
1025,1.024,0.52,1.2852484,-0.29758188,-1.5798197,-1.0670958e-11,4.7557765e-11,0.77716262,-2.5747559e-11,4.138728e-11,-2.3569823,-1.8194155e-06,2.7528447e-10,-4.41902e-10,-3.3541109e-08,1.9470419e-05,-2.9743039e-09,4.768281e-09,5.3537445e-07
1026,1.025,0.52,1.2852484,-0.29758188,-1.5798197,-1.0557921e-11,4.7052369e-11,0.77716262,-2.547373e-11,4.0947712e-11,-2.3569823,-1.8002527e-06,2.7235759e-10,-4.3720966e-10,-3.3016874e-08,1.926534e-05,-2.9426892e-09,4.7176597e-09,5.2794855e-07
1027,1.026,0.52,1.2852484,-0.29758188,-1.5798197,-1.0446081e-11,4.6552342e-11,0.77716261,-2.5202813e-11,4.0512811e-11,-2.3569823,-1.7812918e-06,2.6946182e-10,-4.3256712e-10,-3.249992e-08,1.9062422e-05,-2.9114095e-09,4.667575e-09,5.2061895e-07
1028,1.027,0.52,1.2852484,-0.29758188,-1.5798197,-1.0335427e-11,4.6057627e-11,0.77716261,-2.4934776e-11,4.0082528e-11,-2.3569823,-1.7625305e-06,2.6659683e-10,-4.2797388e-10,-3.1990151e-08,1.8861641e-05,-2.8804638e-09,4.6180231e-09,5.1338535e-07
1029,1.028,0.52,1.2852484,-0.29758188,-1.5798197,-1.0225944e-11,4.5568168e-11,0.77716261,-2.4669589e-11,3.9656814e-11,-2.3569823,-1.7439669e-06,2.6376229e-10,-4.2342939e-10,-3.1487476e-08,1.8662975e-05,-2.8498455e-09,4.5689961e-09,5.0624548e-07
1030,1.029,0.52,1.2852484,-0.29758188,-1.5798197,-1.0117622e-11,4.5083908e-11,0.77716261,-2.4407221e-11,3.9235621e-11,-2.3569823,-1.7255988e-06,2.6095788e-10,-4.1893315e-10,-3.09918e-08,1.8466401e-05,-2.8195545e-09,4.5204911e-09,4.9919916e-07
1031,1.03,0.52,1.2852484,-0.29758189,-1.5798197,-1.0010447e-11,4.4604794e-11,0.77716261,-2.4147643e-11,3.88189e-11,-2.3569823,-1.7074241e-06,2.5818328e-10,-4.1448465e-10,-3.0503032e-08,1.8271898e-05,-2.7895843e-09,4.4725002e-09,4.9224453e-07
1032,1.031,0.52,1.2852484,-0.29758189,-1.5798197,-9.9044078e-12,4.413077e-11,0.77716261,-2.3890825e-11,3.8406604e-11,-2.3569823,-1.6894409e-06,2.5543818e-10,-4.1008337e-10,-3.0021084e-08,1.8079444e-05,-2.7599324e-09,4.4250184e-09,4.8538049e-07
1033,1.032,0.52,1.2852484,-0.29758189,-1.5798197,-9.7994921e-12,4.3661781e-11,0.7771626,-2.3636737e-11,3.7998686e-11,-2.3569823,-1.6716471e-06,2.5272225e-10,-4.0572882e-10,-2.9545865e-08,1.7889017e-05,-2.730595e-09,4.3780401e-09,4.786058e-07
1034,1.033,0.52,1.2852484,-0.29758189,-1.5798197,-9.6956879e-12,4.3197775e-11,0.7771626,-2.3385351e-11,3.75951e-11,-2.3569823,-1.6540407e-06,2.500352e-10,-4.014205e-10,-2.9077289e-08,1.7700595e-05,-2.7015688e-09,4.33156e-09,4.7191929e-07
1035,1.034,0.52,1.2852484,-0.29758189,-1.5798197,-9.5929836e-12,4.2738699e-11,0.7771626,-2.3136638e-11,3.7195799e-11,-2.3569823,-1.6366198e-06,2.473767e-10,-3.9715792e-10,-2.8615268e-08,1.7514159e-05,-2.6728525e-09,4.2855744e-09,4.6532062e-07
1036,1.035,0.52,1.2852484,-0.29758189,-1.5798197,-9.4913674e-12,4.22845e-11,0.7771626,-2.2890569e-11,3.6800739e-11,-2.3569823,-1.6193823e-06,2.4474647e-10,-3.9294059e-10,-2.8159716e-08,1.7329686e-05,-2.6444421e-09,4.2400776e-09,4.5880848e-07
1037,1.036,0.52,1.2852484,-0.29758189,-1.5798197,-9.3908279e-12,4.1835126e-11,0.7771626,-2.2647117e-11,3.6409873e-11,-2.3569823,-1.6023264e-06,2.4214419e-10,-3.8876803e-10,-2.7710548e-08,1.7147156e-05,-2.6163331e-09,4.1950632e-09,4.5238138e-07
1038,1.037,0.52,1.2852484,-0.29758189,-1.5798197,-9.2913535e-12,4.1390527e-11,0.7771626,-2.2406253e-11,3.6023158e-11,-2.3569823,-1.5854502e-06,2.3956957e-10,-3.8463978e-10,-2.7267681e-08,1.6966549e-05,-2.5885229e-09,4.1505267e-09,4.4603857e-07
1039,1.038,0.52,1.2852484,-0.29758189,-1.5798197,-9.1929331e-12,4.095065e-11,0.77716259,-2.216795e-11,3.5640549e-11,-2.3569823,-1.5687517e-06,2.3702232e-10,-3.8055535e-10,-2.6831032e-08,1.6787844e-05,-2.5610071e-09,4.1064621e-09,4.3977837e-07
1040,1.039,0.52,1.2852484,-0.29758189,-1.5798197,-9.0955555e-12,4.0515448e-11,0.77716259,-2.1932181e-11,3.5262004e-11,-2.3569823,-1.5522291e-06,2.3450215e-10,-3.7651428e-10,-2.6400521e-08,1.6611022e-05,-2.5337839e-09,4.0628652e-09,4.3360028e-07
1041,1.04,0.52,1.2852484,-0.29758189,-1.5798197,-8.9992096e-12,4.0084868e-11,0.77716259,-2.1698919e-11,3.4887478e-11,-2.3569823,-1.5358805e-06,2.3200877e-10,-3.7251612e-10,-2.5976067e-08,1.6436062e-05,-2.5068493e-09,4.0197303e-09,4.27503e-07
1042,1.041,0.52,1.2852484,-0.29758189,-1.5798197,-8.9038845e-12,3.9658864e-11,0.77716259,-2.1468137e-11,3.4516929e-11,-2.3569823,-1.5197041e-06,2.2954189e-10,-3.685604e-10,-2.555759e-08,1.6262945e-05,-2.4802012e-09,3.9770536e-09,4.2148569e-07
1043,1.042,0.52,1.2852484,-0.2975819,-1.5798197,-8.8095694e-12,3.9237385e-11,0.77716259,-2.1239809e-11,3.4150315e-11,-2.3569823,-1.5036981e-06,2.2710123e-10,-3.6464668e-10,-2.5145012e-08,1.6091651e-05,-2.4538359e-09,3.9348294e-09,4.1554721e-07
1044,1.043,0.52,1.2852484,-0.2975819,-1.5798197,-8.7162536e-12,3.8820384e-11,0.77716259,-2.1013909e-11,3.3787594e-11,-2.3569823,-1.4878607e-06,2.2468652e-10,-3.6077452e-10,-2.4738255e-08,1.5922161e-05,-2.4277519e-09,3.8930543e-09,4.0968704e-07
1045,1.044,0.52,1.2852484,-0.2975819,-1.5798197,-8.6239265e-12,3.8407814e-11,0.77716259,-2.079041e-11,3.3428724e-11,-2.3569823,-1.4721901e-06,2.2229748e-10,-3.5694346e-10,-2.4337242e-08,1.5754457e-05,-2.4019464e-09,3.8517237e-09,4.0390431e-07
1046,1.045,0.52,1.2852484,-0.2975819,-1.5798197,-8.5325776e-12,3.7999626e-11,0.77716258,-2.0569288e-11,3.3073666e-11,-2.3569823,-1.4566845e-06,2.1993383e-10,-3.5315308e-10,-2.3941899e-08,1.5588519e-05,-2.3764129e-09,3.8108301e-09,3.9819685e-07
1047,1.046,0.52,1.2852484,-0.2975819,-1.5798197,-8.4421965e-12,3.7595776e-11,0.77716258,-2.0350517e-11,3.2722378e-11,-2.3569823,-1.4413423e-06,2.1759531e-10,-3.4940293e-10,-2.355215e-08,1.542433e-05,-2.3511521e-09,3.7703717e-09,3.9256482e-07
1048,1.047,0.52,1.2852484,-0.2975819,-1.5798197,-8.3527731e-12,3.7196216e-11,0.77716258,-2.0134073e-11,3.237482e-11,-2.3569823,-1.4261617e-06,2.1528165e-10,-3.4569261e-10,-2.3167922e-08,1.5261869e-05,-2.3261592e-09,3.7303424e-09,3.870067e-07
1049,1.048,0.52,1.2852484,-0.2975819,-1.5798197,-8.2642971e-12,3.6800901e-11,0.77716258,-1.9919929e-11,3.2030953e-11,-2.3569823,-1.4111409e-06,2.1299258e-10,-3.4202167e-10,-2.2789143e-08,1.510112e-05,-2.3014318e-09,3.6907378e-09,3.8152178e-07
1050,1.049,0.52,1.2852484,-0.2975819,-1.5798197,-8.1767586e-12,3.6409786e-11,0.77716258,-1.9708063e-11,3.1690737e-11,-2.3569823,-1.3962784e-06,2.1072784e-10,-3.3838971e-10,-2.2415739e-08,1.4942064e-05,-2.276969e-09,3.6515552e-09,3.7610973e-07
1051,1.05,0.52,1.2852484,-0.2975819,-1.5798197,-8.0901475e-12,3.6022826e-11,0.77716258,-1.9498449e-11,3.1354135e-11,-2.3569823,-1.3815724e-06,2.0848718e-10,-3.347963e-10,-2.2047641e-08,1.4784684e-05,-2.2527645e-09,3.6127872e-09,3.707685e-07
1052,1.051,0.52,1.2852484,-0.2975819,-1.5798197,-8.0044541e-12,3.5639978e-11,0.77716258,-1.9291065e-11,3.1021107e-11,-2.3569823,-1.3670213e-06,2.0627034e-10,-3.3124105e-10,-2.1684779e-08,1.4628961e-05,-2.2288167e-09,3.5744302e-09,3.6549754e-07
1053,1.052,0.52,1.2852484,-0.2975819,-1.5798197,-7.9196687e-12,3.5261197e-11,0.77716257,-1.9085885e-11,3.0691615e-11,-2.3569823,-1.3526235e-06,2.0407706e-10,-3.2772354e-10,-2.1327084e-08,1.4474878e-05,-2.2051243e-09,3.5364814e-09,3.6029629e-07
1054,1.053,0.52,1.2852484,-0.2975819,-1.5798197,-7.8357815e-12,3.488644e-11,0.77716257,-1.8882887e-11,3.0365622e-11,-2.3569823,-1.3383773e-06,2.019071e-10,-3.2424338e-10,-2.0974486e-08,1.4322419e-05,-2.1816835e-09,3.498935e-09,3.5516365e-07
1055,1.054,0.52,1.2852484,-0.2975819,-1.5798197,-7.7527832e-12,3.4515666e-11,0.77716257,-1.8682048e-11,3.0043091e-11,-2.3569823,-1.3242811e-06,1.997602e-10,-3.2080017e-10,-2.0626919e-08,1.4171565e-05,-2.1584939e-09,3.4617889e-09,3.5009973e-07
1056,1.055,0.52,1.2852484,-0.2975819,-1.5798197,-7.6706643e-12,3.414883e-11,0.77716257,-1.8483344e-11,2.9723985e-11,-2.3569823,-1.3103335e-06,1.9763613e-10,-3.1739351e-10,-2.0284316e-08,1.40223e-05,-2.1355473e-09,3.4250342e-09,3.4510179e-07
1057,1.056,0.52,1.2852484,-0.29758191,-1.5798197,-7.5894155e-12,3.3785892e-11,0.77716257,-1.8286753e-11,2.9408267e-11,-2.3569823,-1.2965327e-06,1.9553463e-10,-3.1402302e-10,-1.9946611e-08,1.3874608e-05,-2.1128458e-09,3.3886706e-09,3.4017026e-07
1058,1.057,0.52,1.2852484,-0.29758191,-1.5798197,-7.5090275e-12,3.342681e-11,0.77716257,-1.8092252e-11,2.9095903e-11,-2.3569823,-1.2828773e-06,1.9345547e-10,-3.1068832e-10,-1.961374e-08,1.3728471e-05,-2.0903858e-09,3.3526932e-09,3.3530416e-07
1059,1.058,0.52,1.2852484,-0.29758191,-1.5798197,-7.4294913e-12,3.3071543e-11,0.77716257,-1.7899819e-11,2.8786855e-11,-2.3569823,-1.2693657e-06,1.9139842e-10,-3.0738902e-10,-1.9285639e-08,1.3583873e-05,-2.0681632e-09,3.3170966e-09,3.3050204e-07
1060,1.059,0.52,1.2852484,-0.29758191,-1.5798197,-7.3507977e-12,3.272005e-11,0.77716256,-1.7709433e-11,2.848109e-11,-2.3569823,-1.2559965e-06,1.8936324e-10,-3.0412475e-10,-1.8962245e-08,1.3440798e-05,-2.0461777e-09,3.2818786e-09,3.2576379e-07
1061,1.06,0.52,1.2852484,-0.29758191,-1.5798197,-7.272938e-12,3.2372292e-11,0.77716256,-1.7521071e-11,2.8178571e-11,-2.3569823,-1.242768e-06,1.8734969e-10,-3.0089514e-10,-1.8643494e-08,1.3299231e-05,-2.0244263e-09,3.2470349e-09,3.2108849e-07
1062,1.061,0.52,1.2852484,-0.29758191,-1.5798197,-7.1959032e-12,3.2028229e-11,0.77716256,-1.7334712e-11,2.7879265e-11,-2.3569823,-1.2296789e-06,1.8535754e-10,-2.9769981e-10,-1.8329325e-08,1.3159155e-05,-2.0029058e-09,3.2125609e-09,3.1647505e-07
1063,1.062,0.52,1.2852484,-0.29758191,-1.5798197,-7.1196847e-12,3.1687821e-11,0.77716256,-1.7150335e-11,2.7583137e-11,-2.3569823,-1.2167276e-06,1.8338657e-10,-2.9453841e-10,-1.8019678e-08,1.3020554e-05,-1.9816141e-09,3.1784527e-09,3.1192309e-07
1064,1.063,0.52,1.2852484,-0.29758191,-1.5798197,-7.0442737e-12,3.1351031e-11,0.77716256,-1.6967918e-11,2.7290154e-11,-2.3569823,-1.2039128e-06,1.8143656e-10,-2.9141058e-10,-1.7714492e-08,1.2883413e-05,-1.9605495e-09,3.1447073e-09,3.0743186e-07
1065,1.064,0.52,1.2852484,-0.29758191,-1.5798197,-6.9696617e-12,3.1017818e-11,0.77716256,-1.6787441e-11,2.7000283e-11,-2.3569823,-1.1912329e-06,1.7950727e-10,-2.8831595e-10,-1.7413708e-08,1.2747716e-05,-1.9397073e-09,3.1113189e-09,3.0299996e-07
1066,1.065,0.52,1.2852484,-0.29758191,-1.5798198,-6.8958403e-12,3.0688146e-11,0.77716256,-1.6608883e-11,2.6713489e-11,-2.3569823,-1.1786866e-06,1.7759849e-10,-2.8525418e-10,-1.7117267e-08,1.2613449e-05,-1.9190875e-09,3.0782857e-09,2.9862716e-07
1067,1.066,0.52,1.2852484,-0.29758191,-1.5798198,-6.822801e-12,3.0361976e-11,0.77716256,-1.6432224e-11,2.6429742e-11,-2.3569823,-1.1662725e-06,1.7571001e-10,-2.8222492e-10,-1.6825112e-08,1.2480596e-05,-1.8986864e-09,3.0456029e-09,2.9431246e-07
1068,1.067,0.52,1.2852484,-0.29758191,-1.5798198,-6.7505356e-12,3.0039272e-11,0.77716256,-1.6257443e-11,2.6149007e-11,-2.3569823,-1.153989e-06,1.738416e-10,-2.7922782e-10,-1.6537185e-08,1.2349142e-05,-1.8785021e-09,3.0132669e-09,2.9005531e-07
1069,1.068,0.52,1.2852484,-0.29758191,-1.5798198,-6.679036e-12,2.9719997e-11,0.77716255,-1.608452e-11,2.5871254e-11,-2.3569823,-1.141835e-06,1.7199305e-10,-2.7626254e-10,-1.625343e-08,1.2219073e-05,-1.8585339e-09,2.9812756e-09,2.8585536e-07
1070,1.069,0.52,1.2852484,-0.29758191,-1.5798198,-6.6082939e-12,2.9404114e-11,0.77716255,-1.5913437e-11,2.559645e-11,-2.3569823,-1.129809e-06,1.7016415e-10,-2.7332875e-10,-1.5973791e-08,1.2090374e-05,-1.8387771e-09,2.9496233e-09,2.8171115e-07
1071,1.07,0.52,1.2852484,-0.29758191,-1.5798198,-6.5383013e-12,2.9091587e-11,0.77716255,-1.5744173e-11,2.5324565e-11,-2.3569823,-1.1179096e-06,1.6835469e-10,-2.704261e-10,-1.5698214e-08,1.1963031e-05,-1.8192281e-09,2.9183051e-09,2.7762157e-07
1072,1.071,0.52,1.2852484,-0.29758191,-1.5798198,-6.4690504e-12,2.8782381e-11,0.77716255,-1.5576708e-11,2.5055567e-11,-2.3569823,-1.1061356e-06,1.6656448e-10,-2.6755427e-10,-1.5426644e-08,1.1837029e-05,-1.7998883e-09,2.8873202e-09,2.7358712e-07
1073,1.072,0.52,1.2852484,-0.29758192,-1.5798198,-6.4005332e-12,2.847646e-11,0.77716255,-1.5411024e-11,2.4789426e-11,-2.3569823,-1.0944856e-06,1.6479329e-10,-2.6471294e-10,-1.5159028e-08,1.1712354e-05,-1.7807545e-09,2.8566647e-09,2.6960685e-07
1074,1.073,0.52,1.2852484,-0.29758192,-1.5798198,-6.332742e-12,2.8173789e-11,0.77716255,-1.5247103e-11,2.4526111e-11,-2.3569823,-1.0829583e-06,1.6304093e-10,-2.6190177e-10,-1.4895312e-08,1.1588992e-05,-1.7618231e-09,2.826334e-09,2.6567939e-07
1075,1.074,0.52,1.2852484,-0.29758192,-1.5798198,-6.265669e-12,2.7874334e-11,0.77716255,-1.5084924e-11,2.4265592e-11,-2.3569823,-1.0715524e-06,1.613072e-10,-2.5912045e-10,-1.4635445e-08,1.146693e-05,-1.7430937e-09,2.7963257e-09,2.6180471e-07
1076,1.075,0.52,1.2852484,-0.29758192,-1.5798198,-6.1993068e-12,2.7578061e-11,0.77716255,-1.492447e-11,2.400784e-11,-2.3569823,-1.0602666e-06,1.595919e-10,-2.5636865e-10,-1.4379374e-08,1.1346153e-05,-1.7245635e-09,2.7666362e-09,2.5798193e-07
1077,1.076,0.52,1.2852484,-0.29758192,-1.5798198,-6.1336477e-12,2.7284936e-11,0.77716255,-1.4765722e-11,2.3752826e-11,-2.3569823,-1.0490997e-06,1.5789484e-10,-2.5364608e-10,-1.412705e-08,1.1226649e-05,-1.706229e-09,2.7372608e-09,2.5421003e-07
1078,1.077,0.52,1.2852484,-0.29758192,-1.5798198,-6.0686843e-12,2.6994926e-11,0.77716254,-1.4608662e-11,2.3500519e-11,-2.3569823,-1.0380504e-06,1.5621582e-10,-2.5095241e-10,-1.3878421e-08,1.1108403e-05,-1.6880913e-09,2.7081989e-09,2.5048927e-07
1079,1.078,0.52,1.2852484,-0.29758192,-1.5798198,-6.0044093e-12,2.6707997e-11,0.77716254,-1.4453272e-11,2.3250892e-11,-2.3569823,-1.0271175e-06,1.5455465e-10,-2.4828735e-10,-1.3633438e-08,1.0991403e-05,-1.6701461e-09,2.6794453e-09,2.4681851e-07
1080,1.079,0.52,1.2852484,-0.29758192,-1.5798198,-5.9408152e-12,2.6424116e-11,0.77716254,-1.4299535e-11,2.3003916e-11,-2.3569823,-1.0162998e-06,1.5291113e-10,-2.4565057e-10,-1.3392052e-08,1.0875635e-05,-1.6523908e-09,2.6509962e-09,2.4319678e-07
1081,1.08,0.52,1.2852484,-0.29758192,-1.5798198,-5.877895e-12,2.6143252e-11,0.77716254,-1.4147432e-11,2.2759563e-11,-2.3569823,-1.005596e-06,1.5128509e-10,-2.430418e-10,-1.3154215e-08,1.0761086e-05,-1.634823e-09,2.622848e-09,2.3962334e-07
1082,1.081,0.52,1.2852484,-0.29758192,-1.5798198,-5.8156415e-12,2.5865372e-11,0.77716254,-1.3996947e-11,2.2517805e-11,-2.3569823,-9.9500488e-07,1.4967634e-10,-2.4046072e-10,-1.291988e-08,1.0647744e-05,-1.617443e-09,2.5949995e-09,2.3609825e-07
1083,1.082,0.52,1.2852484,-0.29758192,-1.5798198,-5.7540476e-12,2.5590444e-11,0.77716254,-1.3848062e-11,2.2278614e-11,-2.3569823,-9.8452536e-07,1.4808469e-10,-2.3790705e-10,-1.2688998e-08,1.0535596e-05,-1.6002478e-09,2.5674467e-09,2.326206e-07
1084,1.083,0.52,1.2852484,-0.29758192,-1.5798198,-5.6931063e-12,2.5318438e-11,0.77716254,-1.3700761e-11,2.2041963e-11,-2.3569823,-9.7415621e-07,1.4650996e-10,-2.353805e-10,-1.2461524e-08,1.0424629e-05,-1.5832339e-09,2.5401851e-09,2.2918919e-07
1085,1.084,0.52,1.2852484,-0.29758192,-1.5798198,-5.6328108e-12,2.5049322e-11,0.77716254,-1.3555026e-11,2.1807826e-11,-2.3569823,-9.6389628e-07,1.4495198e-10,-2.3288077e-10,-1.2237412e-08,1.0314831e-05,-1.5664033e-09,2.513215e-09,2.258048e-07
1086,1.085,0.52,1.2852484,-0.29758192,-1.5798198,-5.5731541e-12,2.4783065e-11,0.77716254,-1.341084e-11,2.1576175e-11,-2.3569823,-9.5374441e-07,1.4341055e-10,-2.3040758e-10,-1.2016616e-08,1.0206189e-05,-1.5497503e-09,2.4865301e-09,2.2246567e-07
1087,1.086,0.52,1.2852484,-0.29758192,-1.5798198,-5.5141296e-12,2.4519638e-11,0.77716254,-1.3268188e-11,2.1346984e-11,-2.3569823,-9.4369947e-07,1.4188551e-10,-2.2796065e-10,-1.179909e-08,1.0098692e-05,-1.5332768e-09,2.4601308e-09,2.1917244e-07
1088,1.087,0.52,1.2852484,-0.29758192,-1.5798198,-5.4557304e-12,2.4259009e-11,0.77716253,-1.3127053e-11,2.1120228e-11,-2.3569823,-9.3376032e-07,1.4037669e-10,-2.255397e-10,-1.1584792e-08,9.9923274e-06,-1.5169758e-09,2.4340096e-09,2.1592278e-07
1089,1.088,0.52,1.2852484,-0.29758192,-1.5798198,-5.39795e-12,2.400115e-11,0.77716253,-1.2987419e-11,2.0895879e-11,-2.3569823,-9.2392586e-07,1.388839e-10,-2.2314446e-10,-1.1373677e-08,9.8870828e-06,-1.5008488e-09,2.4081663e-09,2.1271735e-07
1090,1.089,0.52,1.2852484,-0.29758192,-1.5798198,-5.3407819e-12,2.374603e-11,0.77716253,-1.2849269e-11,2.0673913e-11,-2.3569823,-9.1419499e-07,1.3740699e-10,-2.2077465e-10,-1.1165703e-08,9.7829466e-06,-1.4848931e-09,2.3825971e-09,2.0955531e-07
1091,1.09,0.52,1.2852484,-0.29758193,-1.5798198,-5.2842195e-12,2.3493621e-11,0.77716253,-1.2712589e-11,2.0454304e-11,-2.3569823,-9.045666e-07,1.3594577e-10,-2.1843e-10,-1.0960827e-08,9.6799073e-06,-1.4691066e-09,2.3572991e-09,2.0643596e-07
1092,1.091,0.52,1.2852484,-0.29758193,-1.5798198,-5.2282564e-12,2.3243895e-11,0.77716253,-1.2577362e-11,2.0237028e-11,-2.3569823,-8.9503962e-07,1.3450009e-10,-2.1611024e-10,-1.0759007e-08,9.5779534e-06,-1.4534879e-09,2.3322696e-09,2.0335875e-07
1093,1.092,0.52,1.2852484,-0.29758193,-1.5798198,-5.1728863e-12,2.2996821e-11,0.77716253,-1.2443573e-11,2.0022059e-11,-2.3569823,-8.8561299e-07,1.3306979e-10,-2.1381512e-10,-1.0560201e-08,9.4770732e-06,-1.4380349e-09,2.3075055e-09,2.0032329e-07
1094,1.093,0.52,1.2852484,-0.29758193,-1.5798198,-5.1181029e-12,2.2752373e-11,0.77716253,-1.2311207e-11,1.9809373e-11,-2.3569823,-8.7628564e-07,1.3165468e-10,-2.1154436e-10,-1.0364369e-08,9.3772557e-06,-1.4227473e-09,2.2830054e-09,1.9732922e-07
1095,1.094,0.52,1.2852484,-0.29758193,-1.5798198,-5.0639e-12,2.2510523e-11,0.77716253,-1.2180249e-11,1.9598946e-11,-2.3569823,-8.6705653e-07,1.3025463e-10,-2.0929772e-10,-1.0171471e-08,9.2784897e-06,-1.4076199e-09,2.2587634e-09,1.9437502e-07
1096,1.095,0.52,1.2852484,-0.29758193,-1.5798198,-5.0102714e-12,2.2271242e-11,0.77716253,-1.2050683e-11,1.9390754e-11,-2.3569823,-8.5792463e-07,1.2886945e-10,-2.0707493e-10,-9.9814663e-09,9.1807638e-06,-1.3926548e-09,2.2347798e-09,1.9146145e-07
1097,1.096,0.52,1.2852484,-0.29758193,-1.5798198,-4.9572111e-12,2.2034504e-11,0.77716253,-1.1922495e-11,1.9184773e-11,-2.3569823,-8.4888891e-07,1.2749901e-10,-2.0487574e-10,-9.7943158e-09,9.0840673e-06,-1.3778486e-09,2.2110508e-09,1.8858748e-07
1098,1.097,0.52,1.2852484,-0.29758193,-1.5798198,-4.904713e-12,2.1800281e-11,0.77716253,-1.179567e-11,1.8980979e-11,-2.3569823,-8.3994836e-07,1.2614313e-10,-2.0269991e-10,-9.6099804e-09,8.9883892e-06,-1.3632004e-09,2.1875742e-09,1.8575278e-07
1099,1.098,0.52,1.2852484,-0.29758193,-1.5798198,-4.8527711e-12,2.1568547e-11,0.77716252,-1.1670194e-11,1.877935e-11,-2.3569823,-8.3110198e-07,1.2480167e-10,-2.0054718e-10,-9.4284217e-09,8.8937189e-06,-1.3487079e-09,2.1643468e-09,1.8295672e-07
1100,1.099,0.52,1.2852484,-0.29758193,-1.5798198,-4.8013796e-12,2.1339275e-11,0.77716252,-1.1546053e-11,1.8579862e-11,-2.3569823,-8.2234877e-07,1.2347447e-10,-1.984173e-10,-9.2496021e-09,8.8000459e-06,-1.3343693e-09,2.141366e-09,1.8019859e-07
1101,1.1,0.52,1.2852484,-0.29758193,-1.5798198,-4.7505327e-12,2.111244e-11,0.77716252,-1.1423231e-11,1.8382492e-11,-2.3569823,-8.1368776e-07,1.2216138e-10,-1.9631004e-10,-9.0734838e-09,8.7073595e-06,-1.320184e-09,2.11863e-09,1.7747842e-07
1102,1.101,0.52,1.2852484,-0.29758193,-1.5798198,-4.7002245e-12,2.0888014e-11,0.77716252,-1.1301716e-11,1.8187219e-11,-2.3569823,-8.0511796e-07,1.2086225e-10,-1.9422515e-10,-8.9000302e-09,8.6156494e-06,-1.3061489e-09,2.0961349e-09,1.747952e-07
1103,1.102,0.52,1.2852484,-0.29758193,-1.5798198,-4.6504494e-12,2.0665974e-11,0.77716252,-1.1181493e-11,1.799402e-11,-2.3569823,-7.9663843e-07,1.1957693e-10,-1.921624e-10,-8.7292054e-09,8.5249053e-06,-1.2922619e-09,2.0738778e-09,1.721483e-07
1104,1.103,0.52,1.2852484,-0.29758193,-1.5798198,-4.6012017e-12,2.0446293e-11,0.77716252,-1.1062548e-11,1.7802872e-11,-2.3569823,-7.8824821e-07,1.1830528e-10,-1.9012156e-10,-8.5609736e-09,8.435117e-06,-1.278522e-09,2.0518564e-09,1.6953731e-07
1105,1.104,0.52,1.2852484,-0.29758193,-1.5798198,-4.5524759e-12,2.0228946e-11,0.77716252,-1.0944869e-11,1.7613755e-11,-2.3569823,-7.7994635e-07,1.1704714e-10,-1.8810238e-10,-8.3952983e-09,8.3462743e-06,-1.2649297e-09,2.0300701e-09,1.6696261e-07
1106,1.105,0.52,1.2852484,-0.29758193,-1.5798198,-4.5042663e-12,2.0013908e-11,0.77716252,-1.082844e-11,1.7426646e-11,-2.3569823,-7.7173194e-07,1.1580239e-10,-1.8610464e-10,-8.2321453e-09,8.2583675e-06,-1.251481e-09,2.0085143e-09,1.6442286e-07
1107,1.106,0.52,1.2852484,-0.29758193,-1.5798198,-4.4565676e-12,1.9801156e-11,0.77716252,-1.071325e-11,1.7241524e-11,-2.3569823,-7.6360404e-07,1.1457086e-10,-1.8412812e-10,-8.0714795e-09,8.1713866e-06,-1.2381764e-09,1.9871884e-09,1.6191819e-07
1108,1.107,0.52,1.2852484,-0.29758193,-1.5798198,-4.4093743e-12,1.9590664e-11,0.77716252,-1.0599286e-11,1.7058369e-11,-2.3569823,-7.5556175e-07,1.1335243e-10,-1.8217258e-10,-7.9132666e-09,8.085322e-06,-1.2250136e-09,1.9660892e-09,1.5944796e-07
1109,1.108,0.52,1.2852484,-0.29758193,-1.5798198,-4.3626811e-12,1.9382409e-11,0.77716252,-1.0486533e-11,1.6877158e-11,-2.3569823,-7.4760417e-07,1.1214695e-10,-1.802378e-10,-7.7574736e-09,8.0001638e-06,-1.2119895e-09,1.9452131e-09,1.5701136e-07
1110,1.109,0.52,1.2852484,-0.29758193,-1.5798198,-4.3164826e-12,1.9176367e-11,0.77716252,-1.0374979e-11,1.6697872e-11,-2.3569823,-7.397304e-07,1.1095429e-10,-1.7832357e-10,-7.6040669e-09,7.9159024e-06,-1.1991034e-09,1.924558e-09,1.5460821e-07
1111,1.11,0.52,1.2852484,-0.29758193,-1.5798198,-4.2707737e-12,1.8972514e-11,0.77716252,-1.0264611e-11,1.6520491e-11,-2.3569823,-7.3193955e-07,1.0977431e-10,-1.7642967e-10,-7.4530141e-09,7.8325285e-06,-1.1863539e-09,1.9041219e-09,1.5223795e-07
1112,1.111,0.52,1.2852484,-0.29758193,-1.5798198,-4.2255491e-12,1.8770827e-11,0.77716251,-1.0155418e-11,1.6344993e-11,-2.3569823,-7.2423077e-07,1.0860688e-10,-1.7455588e-10,-7.3042832e-09,7.750033e-06,-1.1737395e-09,1.8839024e-09,1.4989994e-07
1113,1.112,0.52,1.2852484,-0.29758193,-1.5798198,-4.1808037e-12,1.8571284e-11,0.77716251,-1.0047385e-11,1.6171359e-11,-2.3569823,-7.1660318e-07,1.0745186e-10,-1.7270198e-10,-7.1578417e-09,7.6684062e-06,-1.1612594e-09,1.8638975e-09,1.4759429e-07
1114,1.113,0.52,1.2852484,-0.29758193,-1.5798198,-4.1365324e-12,1.8373861e-11,0.77716251,-9.9405014e-12,1.5999569e-11,-2.3569823,-7.0905592e-07,1.0630912e-10,-1.7086777e-10,-7.0136579e-09,7.5876392e-06,-1.1489129e-09,1.8441059e-09,1.4532065e-07
1115,1.114,0.52,1.2852484,-0.29758194,-1.5798198,-4.0927302e-12,1.8178535e-11,0.77716251,-9.8347546e-12,1.5829604e-11,-2.3569823,-7.0158816e-07,1.0517853e-10,-1.6905304e-10,-6.8717003e-09,7.5077229e-06,-1.1366983e-09,1.8245249e-09,1.4307858e-07
1116,1.115,0.52,1.2852484,-0.29758194,-1.5798198,-4.0493922e-12,1.7985286e-11,0.77716251,-9.7301323e-12,1.5661444e-11,-2.3569823,-6.9419904e-07,1.0405996e-10,-1.6725757e-10,-6.7319382e-09,7.4286482e-06,-1.1246139e-09,1.8051521e-09,1.4086765e-07
1117,1.116,0.52,1.2852484,-0.29758194,-1.5798198,-4.0065134e-12,1.7794089e-11,0.77716251,-9.6266227e-12,1.5495069e-11,-2.3569823,-6.8688776e-07,1.0295328e-10,-1.6548117e-10,-6.5943418e-09,7.3504065e-06,-1.1126565e-09,1.7859838e-09,1.3868681e-07
1118,1.117,0.52,1.2852484,-0.29758194,-1.5798198,-3.9640889e-12,1.7604925e-11,0.77716251,-9.5242139e-12,1.5330462e-11,-2.3569823,-6.7965348e-07,1.0185837e-10,-1.6372363e-10,-6.4588808e-09,7.2729888e-06,-1.1008266e-09,1.7670194e-09,1.3653626e-07
1119,1.118,0.52,1.2852484,-0.29758194,-1.5798198,-3.922114e-12,1.741777e-11,0.77716251,-9.4228942e-12,1.5167603e-11,-2.3569823,-6.7249539e-07,1.007751e-10,-1.6198476e-10,-6.325526e-09,7.1963867e-06,-1.0891222e-09,1.7482561e-09,1.3441527e-07
1120,1.119,0.52,1.2852484,-0.29758194,-1.5798198,-3.8805839e-12,1.7232605e-11,0.77716251,-9.3226521e-12,1.5006474e-11,-2.3569823,-6.654127e-07,9.9703349e-11,-1.6026435e-10,-6.1942483e-09,7.1205913e-06,-1.0775418e-09,1.7296916e-09,1.3232358e-07
1121,1.12,0.52,1.2852484,-0.29758194,-1.5798198,-3.8394938e-12,1.7049406e-11,0.77716251,-9.2234761e-12,1.4847056e-11,-2.3569823,-6.584046e-07,9.8642992e-11,-1.5856221e-10,-6.0650185e-09,7.0455944e-06,-1.0660853e-09,1.7113249e-09,1.3026107e-07
1122,1.121,0.52,1.2852484,-0.29758194,-1.5798198,-3.7988391e-12,1.6868155e-11,0.77716251,-9.1253548e-12,1.4689332e-11,-2.3569823,-6.5147032e-07,9.7593909e-11,-1.5687814e-10,-5.9378084e-09,6.9713874e-06,-1.0547505e-09,1.6931533e-09,1.2822707e-07
1123,1.122,0.52,1.2852484,-0.29758194,-1.5798198,-3.7586152e-12,1.668883e-11,0.77716251,-9.0282771e-12,1.4533282e-11,-2.3569823,-6.4460907e-07,9.6555979e-11,-1.5521196e-10,-5.8125898e-09,6.8979621e-06,-1.0435365e-09,1.6751748e-09,1.2622142e-07
1124,1.123,0.52,1.2852484,-0.29758194,-1.5798198,-3.7188176e-12,1.651141e-11,0.77716251,-8.9322317e-12,1.437889e-11,-2.3569823,-6.3782009e-07,9.5529086e-11,-1.5356346e-10,-5.6893352e-09,6.82531e-06,-1.0324412e-09,1.6573866e-09,1.2424355e-07
1125,1.124,0.52,1.2852484,-0.29758194,-1.5798198,-3.6794416e-12,1.6335875e-11,0.77716251,-8.8372079e-12,1.4226137e-11,-2.3569823,-6.3110261e-07,9.4513109e-11,-1.5193247e-10,-5.5680169e-09,6.7534232e-06,-1.0214645e-09,1.639788e-09,1.2229338e-07
1126,1.125,0.52,1.2852484,-0.29758194,-1.5798198,-3.6404829e-12,1.6162206e-11,0.7771625,-8.7431947e-12,1.4075007e-11,-2.3569823,-6.2445588e-07,9.3507935e-11,-1.503188e-10,-5.4486079e-09,6.6822936e-06,-1.0106046e-09,1.6223763e-09,1.2037045e-07
1127,1.126,0.52,1.2852484,-0.29758194,-1.5798198,-3.601937e-12,1.5990383e-11,0.7771625,-8.6501813e-12,1.3925483e-11,-2.3569823,-6.1787916e-07,9.251345e-11,-1.4872227e-10,-5.3310828e-09,6.6119131e-06,-9.9985783e-10,1.6051474e-09,1.1847352e-07
1128,1.127,0.52,1.2852484,-0.29758194,-1.5798198,-3.5637996e-12,1.5820385e-11,0.7771625,-8.5581571e-12,1.3777546e-11,-2.3569823,-6.113717e-07,9.1529538e-11,-1.4714269e-10,-5.2154139e-09,6.542274e-06,-9.8922774e-10,1.5881036e-09,1.1660382e-07
1129,1.128,0.52,1.2852484,-0.29758194,-1.5798198,-3.5260662e-12,1.5652193e-11,0.7771625,-8.4671117e-12,1.363118e-11,-2.3569823,-6.0493279e-07,9.0556086e-11,-1.4557988e-10,-5.1015756e-09,6.4733682e-06,-9.7871004e-10,1.5712401e-09,1.1476012e-07
1130,1.129,0.52,1.2852484,-0.29758194,-1.5798198,-3.4887327e-12,1.5485789e-11,0.7771625,-8.3770346e-12,1.3486369e-11,-2.3569823,-5.9856169e-07,8.9592985e-11,-1.4403367e-10,-4.9895422e-09,6.4051883e-06,-9.6830461e-10,1.5545561e-09,1.1294231e-07
1131,1.13,0.52,1.2852484,-0.29758194,-1.5798198,-3.4517949e-12,1.5321154e-11,0.7771625,-8.2879154e-12,1.3343097e-11,-2.3569823,-5.9225769e-07,8.8640124e-11,-1.4250387e-10,-4.8792891e-09,6.3377266e-06,-9.5800865e-10,1.5380484e-09,1.1114947e-07
1132,1.131,0.52,1.2852484,-0.29758194,-1.5798198,-3.4152484e-12,1.5158267e-11,0.7771625,-8.1997441e-12,1.3201345e-11,-2.3569823,-5.8602009e-07,8.7697394e-11,-1.4099032e-10,-4.7707912e-09,6.2709757e-06,-9.4782279e-10,1.5217166e-09,1.0938175e-07
1133,1.132,0.52,1.2852484,-0.29758194,-1.5798198,-3.3790892e-12,1.4997112e-11,0.7771625,-8.1125106e-12,1.30611e-11,-2.3569823,-5.7984819e-07,8.6764687e-11,-1.3949284e-10,-4.6640235e-09,6.2049277e-06,-9.3774566e-10,1.5055585e-09,1.0763909e-07
1134,1.133,0.52,1.2852484,-0.29758194,-1.5798198,-3.3433131e-12,1.4837669e-11,0.7771625,-8.0262048e-12,1.2922344e-11,-2.3569823,-5.7374129e-07,8.5841898e-11,-1.3801126e-10,-4.5589621e-09,6.1395753e-06,-9.2777479e-10,1.4895711e-09,1.0592065e-07
1135,1.134,0.52,1.2852484,-0.29758194,-1.5798198,-3.3079161e-12,1.4679921e-11,0.7771625,-7.9408169e-12,1.2785061e-11,-2.3569823,-5.6769871e-07,8.4928921e-11,-1.3654542e-10,-4.4555833e-09,6.0749112e-06,-9.1790908e-10,1.4737527e-09,1.0422604e-07
1136,1.135,0.52,1.2852484,-0.29758194,-1.5798198,-3.2728943e-12,1.4523849e-11,0.7771625,-7.8563372e-12,1.2649237e-11,-2.3569823,-5.6171977e-07,8.4025651e-11,-1.3509514e-10,-4.3538627e-09,6.0109283e-06,-9.0815022e-10,1.458104e-09,1.0255577e-07
1137,1.136,0.52,1.2852484,-0.29758194,-1.5798198,-3.2382435e-12,1.4369435e-11,0.7771625,-7.7727559e-12,1.2514856e-11,-2.3569823,-5.5580381e-07,8.3131985e-11,-1.3366026e-10,-4.2537776e-09,5.9476194e-06,-8.9849406e-10,1.4426206e-09,1.0090867e-07
1138,1.137,0.52,1.2852484,-0.29758194,-1.5798198,-3.2039599e-12,1.4216662e-11,0.7771625,-7.6900637e-12,1.2381901e-11,-2.3569823,-5.4995015e-07,8.224782e-11,-1.3224062e-10,-4.1553044e-09,5.8849771e-06,-8.8894114e-10,1.427302e-09,9.9285022e-08
1139,1.138,0.52,1.2852484,-0.29758194,-1.5798198,-3.1700396e-12,1.4065513e-11,0.7771625,-7.6082509e-12,1.2250359e-11,-2.3569823,-5.4415815e-07,8.1373059e-11,-1.3083605e-10,-4.0584214e-09,5.8229946e-06,-8.7948773e-10,1.4121441e-09,9.7683679e-08
1140,1.139,0.52,1.2852484,-0.29758194,-1.5798198,-3.1364788e-12,1.391597e-11,0.7771625,-7.5273082e-12,1.2120214e-11,-2.3569823,-5.3842715e-07,8.0507597e-11,-1.294464e-10,-3.9631047e-09,5.7616648e-06,-8.7013711e-10,1.3971492e-09,9.6105644e-08
1141,1.14,0.52,1.2852484,-0.29758194,-1.5798198,-3.1032735e-12,1.3768016e-11,0.7771625,-7.4472264e-12,1.1991452e-11,-2.3569823,-5.3275651e-07,7.9651339e-11,-1.2807151e-10,-3.8693334e-09,5.7009811e-06,-8.6088446e-10,1.3823122e-09,9.4549431e-08
1142,1.141,0.52,1.2852484,-0.29758194,-1.5798198,-3.0704202e-12,1.3621635e-11,0.7771625,-7.3679964e-12,1.1864057e-11,-2.3569823,-5.2714559e-07,7.8804185e-11,-1.2671122e-10,-3.7770851e-09,5.6409366e-06,-8.5173082e-10,1.3676333e-09,9.3015325e-08
1143,1.142,0.52,1.2852484,-0.29758194,-1.5798198,-3.0379149e-12,1.3476809e-11,0.7771625,-7.289609e-12,1.1738015e-11,-2.3569823,-5.2159378e-07,7.7966038e-11,-1.2536537e-10,-3.6863383e-09,5.5815247e-06,-8.4267516e-10,1.3531111e-09,9.1502981e-08
1144,1.143,0.52,1.2852484,-0.29758194,-1.5798198,-3.0057541e-12,1.3333522e-11,0.77716249,-7.2120553e-12,1.1613311e-11,-2.3569823,-5.1610043e-07,7.7136802e-11,-1.2403381e-10,-3.597072e-09,5.5227387e-06,-8.3371543e-10,1.3387428e-09,9.0011867e-08
1145,1.144,0.52,1.2852484,-0.29758194,-1.5798198,-2.9739341e-12,1.3191758e-11,0.77716249,-7.1353265e-12,1.1489933e-11,-2.3569823,-5.1066494e-07,7.6316383e-11,-1.2271639e-10,-3.5092648e-09,5.4645718e-06,-8.2485126e-10,1.3245273e-09,8.8542093e-08
1146,1.145,0.52,1.2852484,-0.29758194,-1.5798198,-2.9424513e-12,1.30515e-11,0.77716249,-7.0594138e-12,1.1367865e-11,-2.3569823,-5.052867e-07,7.5504687e-11,-1.2141296e-10,-3.4228959e-09,5.4070174e-06,-8.1608118e-10,1.3104625e-09,8.709333e-08
1147,1.146,0.52,1.2852484,-0.29758195,-1.5798198,-2.9113021e-12,1.2912733e-11,0.77716249,-6.9843085e-12,1.1247093e-11,-2.3569823,-4.9996511e-07,7.4701625e-11,-1.2012337e-10,-3.3379458e-09,5.3500689e-06,-8.0740191e-10,1.2965448e-09,8.5664477e-08
1148,1.147,0.52,1.2852484,-0.29758195,-1.5798198,-2.880483e-12,1.277544e-11,0.77716249,-6.910002e-12,1.1127604e-11,-2.3569823,-4.9469956e-07,7.3907098e-11,-1.1884748e-10,-3.2543928e-09,5.2937206e-06,-7.9881826e-10,1.2827778e-09,8.4256801e-08
1149,1.148,0.52,1.2852484,-0.29758195,-1.5798198,-2.8499905e-12,1.2639607e-11,0.77716249,-6.8364858e-12,1.1009384e-11,-2.3569823,-4.8948947e-07,7.3121021e-11,-1.1758513e-10,-3.1722184e-09,5.2379658e-06,-7.9032405e-10,1.2691556e-09,8.2868558e-08
1150,1.149,0.52,1.2852484,-0.29758195,-1.5798198,-2.819821e-12,1.2505217e-11,0.77716249,-6.7637515e-12,1.089242e-11,-2.3569823,-4.8433426e-07,7.2343303e-11,-1.1633619e-10,-3.0914024e-09,5.1827981e-06,-7.819203e-10,1.255678e-09,8.150022e-08
1151,1.15,0.52,1.2852484,-0.29758195,-1.5798198,-2.7899713e-12,1.2372255e-11,0.77716249,-6.6917909e-12,1.0776699e-11,-2.3569823,-4.7923334e-07,7.1573852e-11,-1.1510052e-10,-3.0119248e-09,5.1282115e-06,-7.7360701e-10,1.2423445e-09,8.0151753e-08
1152,1.151,0.52,1.2852484,-0.29758195,-1.5798198,-2.7604379e-12,1.2240706e-11,0.77716249,-6.6205956e-12,1.0662206e-11,-2.3569823,-4.7418615e-07,7.0812587e-11,-1.1387796e-10,-2.9337682e-09,5.0741997e-06,-7.6537916e-10,1.22915e-09,7.8821681e-08
1153,1.152,0.52,1.2852484,-0.29758195,-1.5798198,-2.7312175e-12,1.2110556e-11,0.77716249,-6.5501575e-12,1.054893e-11,-2.3569823,-4.6919211e-07,7.0059414e-11,-1.1266839e-10,-2.8569121e-09,5.0207571e-06,-7.5724155e-10,1.216098e-09,7.7511308e-08
1154,1.153,0.52,1.2852484,-0.29758195,-1.5798198,-2.7023066e-12,1.1981788e-11,0.77716249,-6.4804687e-12,1.0436856e-11,-2.3569823,-4.6425067e-07,6.931425e-11,-1.1147166e-10,-2.7813381e-09,4.9678771e-06,-7.4919e-10,1.203184e-09,7.6219725e-08
1155,1.154,0.52,1.2852484,-0.29758195,-1.5798198,-2.6737022e-12,1.1854389e-11,0.77716249,-6.4115211e-12,1.0325974e-11,-2.3569823,-4.5936128e-07,6.857701e-11,-1.1028765e-10,-2.7070283e-09,4.9155541e-06,-7.4122357e-10,1.1904069e-09,7.4946463e-08
1156,1.155,0.52,1.2852484,-0.29758195,-1.5798198,-2.6454009e-12,1.1728343e-11,0.77716249,-6.3433068e-12,1.0216269e-11,-2.3569823,-4.5452338e-07,6.7847609e-11,-1.091162e-10,-2.6339645e-09,4.8637821e-06,-7.333414e-10,1.177765e-09,7.3691347e-08
1157,1.156,0.52,1.2852484,-0.29758195,-1.5798198,-2.6173994e-12,1.1603638e-11,0.77716249,-6.2758181e-12,1.0107729e-11,-2.3569823,-4.4973644e-07,6.7125965e-11,-1.079572e-10,-2.5621288e-09,4.8125556e-06,-7.2554353e-10,1.1652578e-09,7.2454294e-08
1158,1.157,0.52,1.2852484,-0.29758195,-1.5798198,-2.5896947e-12,1.1480257e-11,0.77716249,-6.2090471e-12,1.0000342e-11,-2.3569823,-4.4499992e-07,6.6411993e-11,-1.068105e-10,-2.4915029e-09,4.7618686e-06,-7.1782937e-10,1.1528841e-09,7.1235302e-08
1159,1.158,0.52,1.2852484,-0.29758195,-1.5798198,-2.5622836e-12,1.1358188e-11,0.77716249,-6.1429864e-12,9.8940955e-12,-2.3569823,-4.4031328e-07,6.5705615e-11,-1.0567598e-10,-2.422071e-09,4.7117155e-06,-7.1019479e-10,1.1406397e-09,7.0033096e-08
1160,1.159,0.52,1.2852484,-0.29758195,-1.5798198,-2.5351629e-12,1.1237416e-11,0.77716249,-6.0776284e-12,9.7889777e-12,-2.3569823,-4.35676e-07,6.5006748e-11,-1.0455351e-10,-2.3538146e-09,4.6620905e-06,-7.0264289e-10,1.1285264e-09,6.8848627e-08
1161,1.16,0.52,1.2852484,-0.29758195,-1.5798198,-2.5083297e-12,1.1117927e-11,0.77716249,-6.0129655e-12,9.6849765e-12,-2.3569823,-4.3108756e-07,6.4315311e-11,-1.0344296e-10,-2.2867164e-09,4.6129883e-06,-6.951726e-10,1.116543e-09,6.7681663e-08
1162,1.161,0.52,1.2852484,-0.29758195,-1.5798198,-2.4817808e-12,1.0999708e-11,0.77716249,-5.9489904e-12,9.5820799e-12,-2.3569823,-4.2654745e-07,6.3631224e-11,-1.023442e-10,-2.2207599e-09,4.5644033e-06,-6.8778168e-10,1.104687e-09,6.6531537e-08
1163,1.162,0.52,1.2852484,-0.29758195,-1.5798198,-2.4555132e-12,1.0882746e-11,0.77716249,-5.8856957e-12,9.4802763e-12,-2.3569823,-4.2205516e-07,6.2954413e-11,-1.0125711e-10,-2.1559294e-09,4.5163302e-06,-6.8046794e-10,1.0929558e-09,6.5397491e-08
1164,1.163,0.52,1.2852484,-0.29758195,-1.5798198,-2.429524e-12,1.0767027e-11,0.77716249,-5.8230743e-12,9.3795541e-12,-2.3569823,-4.1761018e-07,6.2284802e-11,-1.0018157e-10,-2.0922089e-09,4.4687633e-06,-6.7323058e-10,1.0813477e-09,6.4279519e-08
1165,1.164,0.52,1.2852484,-0.29758195,-1.5798198,-2.4038101e-12,1.0652537e-11,0.77716249,-5.7611189e-12,9.2799017e-12,-2.3569823,-4.1321201e-07,6.1622308e-11,-9.9117445e-11,-2.029581e-09,4.4216973e-06,-6.6607256e-10,1.0698649e-09,6.3178472e-08
1166,1.165,0.52,1.2852484,-0.29758195,-1.5798198,-2.3783688e-12,1.0539264e-11,0.77716248,-5.6998226e-12,9.1813078e-12,-2.3569823,-4.0886017e-07,6.0966861e-11,-9.8064623e-11,-1.9680309e-09,4.3751271e-06,-6.5898904e-10,1.0585026e-09,6.2092893e-08
1167,1.166,0.52,1.2852484,-0.29758195,-1.5798198,-2.3531971e-12,1.0427195e-11,0.77716248,-5.6391782e-12,9.0837612e-12,-2.3569823,-4.0455416e-07,6.0318383e-11,-9.7022982e-11,-1.9075426e-09,4.3290476e-06,-6.5198169e-10,1.0472619e-09,6.102315e-08
1168,1.167,0.52,1.2852484,-0.29758195,-1.5798198,-2.3282921e-12,1.0316317e-11,0.77716248,-5.5791789e-12,8.9872507e-12,-2.3569823,-4.0029351e-07,5.9676797e-11,-9.59924e-11,-1.8480996e-09,4.2834533e-06,-6.4505076e-10,1.0361421e-09,5.9969689e-08
1169,1.168,0.52,1.2852484,-0.29758195,-1.5798198,-2.303651e-12,1.0206617e-11,0.77716248,-5.5198178e-12,8.8917654e-12,-2.3569823,-3.9607773e-07,5.9042035e-11,-9.4972762e-11,-1.7896881e-09,4.2383394e-06,-6.3819159e-10,1.0251389e-09,5.8930925e-08
1170,1.169,0.52,1.2852484,-0.29758195,-1.5798198,-2.2792711e-12,1.0098084e-11,0.77716248,-5.461088e-12,8.7972943e-12,-2.3569823,-3.9190634e-07,5.8414024e-11,-9.3963954e-11,-1.7322925e-09,4.1937004e-06,-6.3140498e-10,1.014252e-09,5.7907324e-08
1171,1.17,0.52,1.2852484,-0.29758195,-1.5798198,-2.2551495e-12,9.9907033e-12,0.77716248,-5.402983e-12,8.7038267e-12,-2.3569823,-3.877789e-07,5.779269e-11,-9.2965858e-11,-1.6758981e-09,4.1495316e-06,-6.2469093e-10,1.0034812e-09,5.6898733e-08
1172,1.171,0.52,1.2852484,-0.29758195,-1.5798198,-2.2312835e-12,9.8844642e-12,0.77716248,-5.345496e-12,8.611352e-12,-2.3569823,-3.8369492e-07,5.7177963e-11,-9.1978362e-11,-1.6204903e-09,4.1058281e-06,-6.1804816e-10,9.9282459e-10,5.5904818e-08
1173,1.172,0.52,1.2852484,-0.29758195,-1.5798198,-2.2076705e-12,9.7793542e-12,0.77716248,-5.2886205e-12,8.5198595e-12,-2.3569823,-3.7965396e-07,5.6569774e-11,-9.1001353e-11,-1.5660548e-09,4.0625848e-06,-6.1147513e-10,9.8228027e-10,5.4925224e-08
1174,1.173,0.52,1.2852484,-0.29758195,-1.5798198,-2.1843076e-12,9.6753612e-12,0.77716248,-5.23235e-12,8.4293388e-12,-2.3569823,-3.7565555e-07,5.5968053e-11,-9.003472e-11,-1.5125771e-09,4.019797e-06,-6.0497296e-10,9.7184875e-10,5.3960224e-08
1175,1.174,0.52,1.2852484,-0.29758195,-1.5798198,-2.1611924e-12,9.5724734e-12,0.77716248,-5.176678e-12,8.3397797e-12,-2.3569823,-3.7169926e-07,5.537273e-11,-8.9078354e-11,-1.4600436e-09,3.9774599e-06,-5.98539e-10,9.6152719e-10,5.3009058e-08
1176,1.175,0.52,1.2852484,-0.29758195,-1.5798198,-2.1383221e-12,9.4706791e-12,0.77716248,-5.1215981e-12,8.2511719e-12,-2.3569823,-3.6778464e-07,5.4783739e-11,-8.8132144e-11,-1.4084403e-09,3.9355689e-06,-5.9217422e-10,9.51316e-10,5.2071904e-08
1177,1.176,0.52,1.2852484,-0.29758195,-1.5798198,-2.1156941e-12,9.3699667e-12,0.77716248,-5.0671042e-12,8.1635053e-12,-2.3569823,-3.6391125e-07,5.4201009e-11,-8.7195981e-11,-1.3577532e-09,3.8941191e-06,-5.8587763e-10,9.4121368e-10,5.114869e-08
1178,1.177,0.52,1.2852484,-0.29758195,-1.5798198,-2.093306e-12,9.2703246e-12,0.77716248,-5.0131899e-12,8.0767699e-12,-2.3569823,-3.6007865e-07,5.3624476e-11,-8.626976e-11,-1.3079687e-09,3.8531059e-06,-5.7964829e-10,9.312189e-10,5.0239214e-08
1179,1.178,0.52,1.2852484,-0.29758195,-1.5798198,-2.0711551e-12,9.1717415e-12,0.77716248,-4.9598491e-12,7.9909559e-12,-2.3569823,-3.5628641e-07,5.3054072e-11,-8.5353373e-11,-1.2590735e-09,3.8125246e-06,-5.7348534e-10,9.2133043e-10,4.9343248e-08
1180,1.179,0.52,1.2852484,-0.29758195,-1.5798198,-2.0492389e-12,9.0742061e-12,0.77716248,-4.9070756e-12,7.9060534e-12,-2.3569823,-3.5253412e-07,5.2489736e-11,-8.4446721e-11,-1.2110552e-09,3.7723706e-06,-5.6738585e-10,9.1154509e-10,4.8459959e-08
1181,1.18,0.52,1.2852484,-0.29758195,-1.5798198,-2.027555e-12,8.9777073e-12,0.77716248,-4.8548636e-12,7.8220528e-12,-2.3569823,-3.4882135e-07,5.1931399e-11,-8.3549696e-11,-1.1638997e-09,3.7326395e-06,-5.6135297e-10,9.0186511e-10,4.7590279e-08
1182,1.181,0.52,1.2852484,-0.29758195,-1.5798198,-2.0061009e-12,8.8822341e-12,0.77716248,-4.8032069e-12,7.7389444e-12,-2.3569823,-3.4514767e-07,5.1379001e-11,-8.2662198e-11,-1.1175951e-09,3.6933269e-06,-5.5538331e-10,8.922872e-10,4.6733149e-08
1183,1.182,0.52,1.2852484,-0.29758195,-1.5798198,-1.9848741e-12,8.7877756e-12,0.77716248,-4.7520997e-12,7.6567189e-12,-2.3569823,-3.415127e-07,5.0832477e-11,-8.1784125e-11,-1.0721285e-09,3.6544283e-06,-5.4947714e-10,8.8281087e-10,4.5888818e-08
1184,1.183,0.52,1.2852484,-0.29758195,-1.5798198,-1.9638723e-12,8.694321e-12,0.77716248,-4.7015361e-12,7.5753668e-12,-2.3569823,-3.37916e-07,5.0291766e-11,-8.0915379e-11,-1.0274878e-09,3.6159392e-06,-5.4363265e-10,8.7343411e-10,4.5056696e-08
1185,1.184,0.52,1.2852484,-0.29758195,-1.5798198,-1.943093e-12,8.6018596e-12,0.77716248,-4.6515104e-12,7.4948789e-12,-2.3569823,-3.3435719e-07,4.9756805e-11,-8.0055859e-11,-9.8366039e-10,3.5778557e-06,-5.3785171e-10,8.6415821e-10,4.4237202e-08
1186,1.185,0.52,1.2852484,-0.29758195,-1.5798198,-1.9225339e-12,8.510381e-12,0.77716248,-4.6020168e-12,7.4152459e-12,-2.3569823,-3.3083585e-07,4.9227533e-11,-7.9205467e-11,-9.4063418e-10,3.5401734e-06,-5.3213218e-10,8.5498078e-10,4.3429874e-08
1187,1.186,0.52,1.2852484,-0.29758195,-1.5798198,-1.9021927e-12,8.4198745e-12,0.77716248,-4.5530496e-12,7.3364589e-12,-2.3569823,-3.2735161e-07,4.8703889e-11,-7.8364106e-11,-8.9839728e-10,3.5028878e-06,-5.2647328e-10,8.459006e-10,4.2634558e-08
1188,1.187,0.52,1.2852484,-0.29758195,-1.5798198,-1.8820671e-12,8.33033e-12,0.77716248,-4.5046034e-12,7.2585087e-12,-2.3569823,-3.2390406e-07,4.8185813e-11,-7.7531681e-11,-8.5693771e-10,3.465995e-06,-5.208751e-10,8.3691738e-10,4.1851238e-08
1189,1.188,0.52,1.2852484,-0.29758195,-1.5798198,-1.8621548e-12,8.2417372e-12,0.77716248,-4.4566725e-12,7.1813866e-12,-2.3569823,-3.2049282e-07,4.7673247e-11,-7.6708097e-11,-8.1624432e-10,3.4294907e-06,-5.1533527e-10,8.2802845e-10,4.107934e-08
1190,1.189,0.52,1.2852484,-0.29758195,-1.5798198,-1.8424534e-12,8.1540859e-12,0.77716248,-4.4092514e-12,7.1050837e-12,-2.3569823,-3.1711751e-07,4.7166132e-11,-7.5893258e-11,-7.7630491e-10,3.3933709e-06,-5.0985565e-10,8.1923506e-10,4.0319384e-08
1191,1.19,0.52,1.2852484,-0.29758195,-1.5798198,-1.8229609e-12,8.0673662e-12,0.77716248,-4.3623348e-12,7.0295914e-12,-2.3569823,-3.1377775e-07,4.666441e-11,-7.5087075e-11,-7.3710909e-10,3.3576316e-06,-5.0443308e-10,8.1053409e-10,3.957034e-08
1192,1.191,0.52,1.2852484,-0.29758195,-1.5798198,-1.8036749e-12,7.9815682e-12,0.77716248,-4.3159172e-12,6.954901e-12,-2.3569823,-3.1047316e-07,4.6168024e-11,-7.4289453e-11,-6.9864528e-10,3.3222686e-06,-4.9906841e-10,8.0192563e-10,3.8832658e-08
1193,1.192,0.52,1.2852484,-0.29758195,-1.5798198,-1.7845933e-12,7.8966821e-12,0.77716248,-4.2699934e-12,6.881004e-12,-2.3569823,-3.0720338e-07,4.5676916e-11,-7.3500303e-11,-6.6090267e-10,3.2872783e-06,-4.9376112e-10,7.9340903e-10,3.8105956e-08
1194,1.193,0.52,1.2852484,-0.29758195,-1.5798198,-1.7657139e-12,7.8126981e-12,0.77716247,-4.2245581e-12,6.807892e-12,-2.3569823,-3.0396803e-07,4.5191031e-11,-7.2719532e-11,-6.2387022e-10,3.2526566e-06,-4.8851069e-10,7.8498326e-10,3.7390287e-08
1195,1.194,0.52,1.2852484,-0.29758196,-1.5798198,-1.7470346e-12,7.7296068e-12,0.77716247,-4.1796062e-12,6.7355566e-12,-2.3569823,-3.0076676e-07,4.471031e-11,-7.1947052e-11,-5.8753661e-10,3.2183995e-06,-4.833171e-10,7.7664782e-10,3.6685836e-08
1196,1.195,0.52,1.2852484,-0.29758196,-1.5798198,-1.7285532e-12,7.6473986e-12,0.77716247,-4.1351324e-12,6.6639896e-12,-2.3569823,-2.9759921e-07,4.4234703e-11,-7.1182776e-11,-5.5189228e-10,3.1845032e-06,-4.7817722e-10,7.6839971e-10,3.5991499e-08
1197,1.196,0.52,1.2852484,-0.29758196,-1.5798198,-1.7102677e-12,7.5660641e-12,0.77716247,-4.0911317e-12,6.5931829e-12,-2.3569823,-2.9446501e-07,4.3764156e-11,-7.042662e-11,-5.1692731e-10,3.150964e-06,-4.7309046e-10,7.6023779e-10,3.5307143e-08
1198,1.197,0.52,1.2852484,-0.29758196,-1.5798198,-1.6921759e-12,7.4855941e-12,0.77716247,-4.047599e-12,6.5231283e-12,-2.3569823,-2.9136383e-07,4.3298612e-11,-6.9678493e-11,-4.8263042e-10,3.117778e-06,-4.6805955e-10,7.5216396e-10,3.4633641e-08
1199,1.198,0.52,1.2852484,-0.29758196,-1.5798198,-1.6742759e-12,7.4059794e-12,0.77716247,-4.0045295e-12,6.4538179e-12,-2.3569823,-2.8829531e-07,4.2838019e-11,-6.8938312e-11,-4.4899189e-10,3.0849414e-06,-4.6308156e-10,7.4417529e-10,3.3970234e-08
1200,1.199,0.52,1.2852484,-0.29758196,-1.5798198,-1.6565656e-12,7.3272108e-12,0.77716247,-3.9619181e-12,6.3852438e-12,-2.3569823,-2.852591e-07,4.2382323e-11,-6.820599e-11,-4.1600073e-10,3.0524506e-06,-4.5815829e-10,7.3627297e-10,3.3317521e-08
1201,1.2,0.52,1.2852484,-0.29758196,-1.5798198,-1.639043e-12,7.2492794e-12,0.77716247,-3.91976e-12,6.3173981e-12,-2.3569823,-2.8225487e-07,4.1931471e-11,-6.7481445e-11,-3.8364753e-10,3.0203021e-06,-4.5328695e-10,7.2845434e-10,3.2674634e-08
1202,1.201,0.52,1.2852484,-0.29758196,-1.5798198,-1.621706e-12,7.1721763e-12,0.77716247,-3.8780503e-12,6.2502731e-12,-2.3569823,-2.7928228e-07,4.1485417e-11,-6.6764596e-11,-3.5192351e-10,2.9884921e-06,-4.4846543e-10,7.2071706e-10,3.2040894e-08
1203,1.202,0.52,1.2852484,-0.29758196,-1.5798198,-1.6045528e-12,7.0958928e-12,0.77716247,-3.8367844e-12,6.1838612e-12,-2.3569823,-2.76341e-07,4.1044105e-11,-6.605536e-11,-3.2081839e-10,2.9570175e-06,-4.4369648e-10,7.1306318e-10,3.1417044e-08
1204,1.203,0.52,1.2852484,-0.29758196,-1.5798198,-1.5875814e-12,7.02042e-12,0.77716247,-3.7959574e-12,6.1181548e-12,-2.3569823,-2.734307e-07,4.0607488e-11,-6.5353658e-11,-2.9032325e-10,2.925874e-06,-4.3897679e-10,7.0548909e-10,3.080244e-08
1205,1.204,0.52,1.2852484,-0.29758196,-1.5798198,-1.5707898e-12,6.9457493e-12,0.77716247,-3.7555647e-12,6.0531464e-12,-2.3569823,-2.7055105e-07,4.0175512e-11,-6.4659407e-11,-2.6042782e-10,2.8950587e-06,-4.3430922e-10,6.9799712e-10,3.0197771e-08
1206,1.205,0.52,1.2852484,-0.29758196,-1.5798198,-1.5541762e-12,6.8718723e-12,0.77716247,-3.7156017e-12,5.9888286e-12,-2.3569823,-2.6770173e-07,3.974813e-11,-6.3972529e-11,-2.3112322e-10,2.8645679e-06,-4.296911e-10,6.9058463e-10,2.9602322e-08
1207,1.206,0.52,1.2852484,-0.29758196,-1.5798198,-1.5377387e-12,6.7987806e-12,0.77716247,-3.6760639e-12,5.925194e-12,-2.3569823,-2.6488242e-07,3.9325295e-11,-6.3292946e-11,-2.0240108e-10,2.8343983e-06,-4.2512063e-10,6.8324961e-10,2.9015533e-08
1208,1.207,0.52,1.2852484,-0.29758196,-1.5798198,-1.5214753e-12,6.7264657e-12,0.77716247,-3.6369466e-12,5.8622355e-12,-2.3569823,-2.6209279e-07,3.8906955e-11,-6.2620581e-11,-1.7425144e-10,2.8045464e-06,-4.2060019e-10,6.7599362e-10,2.843827e-08
1209,1.208,0.52,1.2852484,-0.29758196,-1.5798198,-1.5053843e-12,6.6549194e-12,0.77716247,-3.5982455e-12,5.7999457e-12,-2.3569823,-2.5933255e-07,3.8493066e-11,-6.1955358e-11,-1.4666671e-10,2.775009e-06,-4.16126e-10,6.6881317e-10,2.7869247e-08
1210,1.209,0.52,1.2852484,-0.29758196,-1.5798198,-1.4894638e-12,6.5841335e-12,0.77716247,-3.5599561e-12,5.7383176e-12,-2.3569823,-2.5660139e-07,3.8083579e-11,-6.12972e-11,-1.1963768e-10,2.7457826e-06,-4.116999e-10,6.6170933e-10,2.7309104e-08
1211,1.21,0.52,1.2852484,-0.29758196,-1.5798198,-1.4737121e-12,6.5141e-12,0.77716247,-3.522074e-12,5.6773443e-12,-2.3569823,-2.5389898e-07,3.7678447e-11,-6.0646033e-11,-9.3155451e-11,2.7168641e-06,-4.0732157e-10,6.5468146e-10,2.675785e-08
1212,1.211,0.52,1.2852484,-0.29758196,-1.5798198,-1.4581272e-12,6.4448109e-12,0.77716247,-3.4845948e-12,5.6170186e-12,-2.3569823,-2.5122504e-07,3.7277623e-11,-6.0001781e-11,-6.7211524e-11,2.68825e-06,-4.0298999e-10,6.4772838e-10,2.6215235e-08
1213,1.212,0.52,1.2852484,-0.29758196,-1.5798198,-1.4427076e-12,6.3762583e-12,0.77716247,-3.4475144e-12,5.5573338e-12,-2.3569823,-2.4857926e-07,3.6881061e-11,-5.9364371e-11,-4.1797766e-11,2.6599376e-06,-3.9870461e-10,6.4084943e-10,2.5680917e-08
1214,1.213,0.52,1.2852484,-0.29758196,-1.5798198,-1.4274513e-12,6.3084343e-12,0.77716247,-3.4108285e-12,5.4982831e-12,-2.3569823,-2.4596134e-07,3.6488718e-11,-5.8733733e-11,-1.6906254e-11,2.6319231e-06,-3.9446348e-10,6.3404222e-10,2.5154647e-08
1215,1.214,0.52,1.2852484,-0.29758196,-1.5798198,-1.4123567e-12,6.2413311e-12,0.77716247,-3.3745328e-12,5.4398596e-12,-2.3569823,-2.43371e-07,3.6100547e-11,-5.8109792e-11,7.4715992e-12,2.6042036e-06,-3.9026814e-10,6.2730783e-10,2.4636785e-08
1216,1.215,0.52,1.2852484,-0.29758196,-1.5798198,-1.3974221e-12,6.1749412e-12,0.77716247,-3.3386232e-12,5.3820568e-12,-2.3569823,-2.4080793e-07,3.5716503e-11,-5.7492476e-11,3.134408e-11,2.5767763e-06,-3.861189e-10,6.206465e-10,2.4127249e-08
1217,1.216,0.52,1.2852484,-0.29758196,-1.5798198,-1.3826458e-12,6.109257e-12,0.77716247,-3.3030957e-12,5.3248681e-12,-2.3569823,-2.3827186e-07,3.5336544e-11,-5.6881717e-11,5.4718287e-11,2.549638e-06,-3.8201244e-10,6.1405485e-10,2.3625221e-08
1218,1.217,0.52,1.2852484,-0.29758196,-1.5798198,-1.3680261e-12,6.0442709e-12,0.77716247,-3.2679461e-12,5.2682869e-12,-2.3569823,-2.3576251e-07,3.4960626e-11,-5.6277445e-11,7.7602089e-11,2.5227854e-06,-3.7794924e-10,6.0753277e-10,2.3130941e-08
1219,1.218,0.52,1.2852484,-0.29758196,-1.5798198,-1.3535613e-12,5.9799756e-12,0.77716247,-3.2331704e-12,5.2123067e-12,-2.3569823,-2.3327957e-07,3.4588704e-11,-5.5679589e-11,1.0000416e-10,2.4962156e-06,-3.7393106e-10,6.0108148e-10,2.2645026e-08
1220,1.219,0.52,1.2852484,-0.29758196,-1.5798198,-1.3392498e-12,5.9163636e-12,0.77716247,-3.1987647e-12,5.1569213e-12,-2.3569823,-2.3082279e-07,3.4220739e-11,-5.5088085e-11,1.2193099e-10,2.4699256e-06,-3.6995374e-10,5.9469707e-10,2.2166233e-08
1221,1.22,0.52,1.2852484,-0.29758196,-1.5798198,-1.3250899e-12,5.8534278e-12,0.77716247,-3.164725e-12,5.1021243e-12,-2.3569823,-2.2839189e-07,3.3856687e-11,-5.4502862e-11,1.4339087e-10,2.4439123e-06,-3.660195e-10,5.8838101e-10,2.1695328e-08
1222,1.221,0.52,1.2852484,-0.29758196,-1.5798198,-1.3110802e-12,5.7911609e-12,0.77716247,-3.1310474e-12,5.0479093e-12,-2.3569823,-2.2598658e-07,3.3496508e-11,-5.3923856e-11,1.6438993e-10,2.4181733e-06,-3.6212555e-10,5.8213084e-10,2.123115e-08
1223,1.222,0.52,1.2852484,-0.29758196,-1.5798198,-1.2972189e-12,5.7295559e-12,0.77716247,-3.0977281e-12,4.9942704e-12,-2.3569823,-2.2360661e-07,3.314016e-11,-5.3350999e-11,1.8493621e-10,2.3927053e-06,-3.5827414e-10,5.7594798e-10,2.0774572e-08
1224,1.223,0.52,1.2852484,-0.29758196,-1.5798198,-1.2835045e-12,5.6686057e-12,0.77716247,-3.0647633e-12,4.9412012e-12,-2.3569823,-2.2125171e-07,3.2787602e-11,-5.2784228e-11,2.0503672e-10,2.3675055e-06,-3.5446346e-10,5.6983047e-10,2.0325197e-08
1225,1.224,0.52,1.2852484,-0.29758196,-1.5798198,-1.2699354e-12,5.6083033e-12,0.77716247,-3.0321492e-12,4.8886959e-12,-2.3569823,-2.189216e-07,3.2438791e-11,-5.2223474e-11,2.2469927e-10,2.342571e-06,-3.5069472e-10,5.6377915e-10,1.9883432e-08
1226,1.225,0.52,1.2852484,-0.29758196,-1.5798198,-1.2565102e-12,5.5486419e-12,0.77716247,-2.999882e-12,4.8367483e-12,-2.3569823,-2.1661604e-07,3.209369e-11,-5.1668676e-11,2.4393058e-10,2.3178992e-06,-3.4696584e-10,5.5779197e-10,1.9448683e-08
1227,1.226,0.52,1.2852484,-0.29758196,-1.5798198,-1.2432272e-12,5.4896147e-12,0.77716247,-2.9679581e-12,4.7853526e-12,-2.3569823,-2.1433476e-07,3.1752261e-11,-5.1119772e-11,2.6273627e-10,2.2934873e-06,-3.4327447e-10,5.5186668e-10,1.902002e-08
1228,1.227,0.52,1.2852484,-0.29758196,-1.5798198,-1.230085e-12,5.4312148e-12,0.77716247,-2.9363738e-12,4.7345029e-12,-2.3569823,-2.120775e-07,3.1414463e-11,-5.0576697e-11,2.8112396e-10,2.2693327e-06,-3.3962359e-10,5.4600536e-10,1.8598466e-08
1229,1.228,0.52,1.2852484,-0.29758196,-1.5798198,-1.2170821e-12,5.3734357e-12,0.77716247,-2.9051255e-12,4.6841934e-12,-2.3569823,-2.0984402e-07,3.1080257e-11,-5.003939e-11,2.9910033e-10,2.2454324e-06,-3.3601175e-10,5.4020641e-10,1.8183736e-08
1230,1.229,0.52,1.2852484,-0.29758196,-1.5798198,-1.204217e-12,5.3162708e-12,0.77716247,-2.8742097e-12,4.6344184e-12,-2.3569823,-2.0763406e-07,3.0749605e-11,-4.950779e-11,3.1667199e-10,2.2217838e-06,-3.3243838e-10,5.3446909e-10,1.7775686e-08
1231,1.23,0.52,1.2852484,-0.29758196,-1.5798198,-1.1914882e-12,5.2597135e-12,0.77716247,-2.8436228e-12,4.5851721e-12,-2.3569823,-2.0544738e-07,3.042247e-11,-4.8981835e-11,3.3384554e-10,2.1983842e-06,-3.2890309e-10,5.2879273e-10,1.7374265e-08
1232,1.231,0.52,1.2852484,-0.29758196,-1.5798198,-1.1788943e-12,5.2037573e-12,0.77716247,-2.8133613e-12,4.5364491e-12,-2.3569823,-2.0328372e-07,3.0098813e-11,-4.8461466e-11,3.5062757e-10,2.1752311e-06,-3.2540586e-10,5.2317711e-10,1.6979439e-08
1233,1.232,0.52,1.2852484,-0.29758196,-1.5798198,-1.1664339e-12,5.148396e-12,0.77716247,-2.7834217e-12,4.4882436e-12,-2.3569823,-2.0114286e-07,2.9778599e-11,-4.7946624e-11,3.6702369e-10,2.1523219e-06,-3.2194465e-10,5.1762019e-10,1.659056e-08
1234,1.233,0.52,1.2852484,-0.29758196,-1.5798198,-1.1541056e-12,5.0936231e-12,0.77716246,-2.7538007e-12,4.4405503e-12,-2.3569823,-1.9902454e-07,2.9461793e-11,-4.7437253e-11,3.8303964e-10,2.1296539e-06,-3.1851864e-10,5.1212072e-10,1.6207488e-08
1235,1.234,0.52,1.2852484,-0.29758196,-1.5798198,-1.1419079e-12,5.0394324e-12,0.77716246,-2.7244947e-12,4.3933637e-12,-2.3569823,-1.9692853e-07,2.9148354e-11,-4.693329e-11,3.986832e-10,2.1072245e-06,-3.15132e-10,5.0668207e-10,1.5831535e-08
1236,1.235,0.52,1.2852484,-0.29758196,-1.5798198,-1.1298394e-12,4.9858177e-12,0.77716246,-2.6955006e-12,4.3466784e-12,-2.3569823,-1.9485459e-07,2.883825e-11,-4.6434681e-11,4.1395925e-10,2.0850314e-06,-3.1177997e-10,5.0130004e-10,1.5461212e-08
1237,1.236,0.52,1.2852484,-0.29758196,-1.5798198,-1.1178989e-12,4.9327729e-12,0.77716246,-2.6668149e-12,4.300489e-12,-2.3569823,-1.928025e-07,2.8531446e-11,-4.5941369e-11,4.288737e-10,2.0630721e-06,-3.0846324e-10,4.9597488e-10,1.5096705e-08
1238,1.237,0.52,1.2852484,-0.29758196,-1.5798198,-1.1060849e-12,4.880292e-12,0.77716246,-2.6384344e-12,4.2547904e-12,-2.3569823,-1.9077202e-07,2.8227904e-11,-4.5453297e-11,4.4343265e-10,2.041344e-06,-3.0518195e-10,4.9070633e-10,1.4738197e-08
1239,1.238,0.52,1.2852484,-0.29758196,-1.5798198,-1.0943962e-12,4.8283689e-12,0.77716246,-2.6103559e-12,4.2095772e-12,-2.3569823,-1.8876292e-07,2.792759e-11,-4.4970408e-11,4.5764226e-10,2.0198448e-06,-3.0193666e-10,4.8549473e-10,1.4385809e-08
1240,1.239,0.52,1.2852484,-0.29758196,-1.5798198,-1.0828313e-12,4.7769977e-12,0.77716246,-2.582576e-12,4.1648444e-12,-2.3569823,-1.8677499e-07,2.763047e-11,-4.4492648e-11,4.7150785e-10,1.9985722e-06,-2.987257e-10,4.803385e-10,1.4038993e-08
1241,1.24,0.52,1.2852484,-0.29758196,-1.5798198,-1.071389e-12,4.7261726e-12,0.77716246,-2.5550918e-12,4.1205868e-12,-2.3569823,-1.8480799e-07,2.733651e-11,-4.4019962e-11,4.8503487e-10,1.9775238e-06,-2.955485e-10,4.7523675e-10,1.3697678e-08
1242,1.241,0.52,1.2852484,-0.29758196,-1.5798198,-1.0600679e-12,4.6758877e-12,0.77716246,-2.5278999e-12,4.0767994e-12,-2.3569823,-1.8286171e-07,2.7045677e-11,-4.3552297e-11,4.9822899e-10,1.9566969e-06,-2.9240486e-10,4.7018886e-10,1.3361976e-08
1243,1.242,0.52,1.2852484,-0.29758196,-1.5798198,-1.0488668e-12,4.6261374e-12,0.77716246,-2.5009973e-12,4.0334772e-12,-2.3569823,-1.8093592e-07,2.6757936e-11,-4.3089598e-11,5.1109604e-10,1.9360893e-06,-2.8929539e-10,4.6519523e-10,1.303202e-08
1244,1.243,0.52,1.2852484,-0.29758196,-1.5798198,-1.0377845e-12,4.5769159e-12,0.77716246,-2.4743809e-12,3.9906153e-12,-2.3569823,-1.7903042e-07,2.6473257e-11,-4.2631815e-11,5.2364103e-10,1.9156988e-06,-2.8621827e-10,4.6025397e-10,1.2707334e-08
1245,1.244,0.52,1.2852484,-0.29758196,-1.5798198,-1.0268195e-12,4.5282176e-12,0.77716246,-2.4480477e-12,3.9482087e-12,-2.3569823,-1.7714498e-07,2.6191603e-11,-4.2178893e-11,5.3587013e-10,1.8955228e-06,-2.8317518e-10,4.5536627e-10,1.2388514e-08
1246,1.245,0.52,1.2852484,-0.29758196,-1.5798198,-1.0159708e-12,4.4800369e-12,0.77716246,-2.4219947e-12,3.9062527e-12,-2.3569823,-1.752794e-07,2.5912946e-11,-4.1730781e-11,5.4778773e-10,1.8755595e-06,-2.8016337e-10,4.505297e-10,1.2074569e-08
1247,1.246,0.52,1.2852484,-0.29758196,-1.5798198,-1.0052371e-12,4.4323684e-12,0.77716246,-2.3962189e-12,3.8647424e-12,-2.3569823,-1.7343347e-07,2.5637254e-11,-4.1287431e-11,5.5939844e-10,1.8558065e-06,-2.7718218e-10,4.4574325e-10,1.1765331e-08
1248,1.247,0.52,1.2852484,-0.29758196,-1.5798198,-9.9461715e-13,4.3852066e-12,0.77716246,-2.3707173e-12,3.8236731e-12,-2.3569823,-1.7160698e-07,2.5364494e-11,-4.084879e-11,5.7070818e-10,1.8362614e-06,-2.7423393e-10,4.4100859e-10,1.1461606e-08
1249,1.248,0.52,1.2852484,-0.29758196,-1.5798198,-9.8410973e-13,4.3385461e-12,0.77716246,-2.345487e-12,3.7830401e-12,-2.3569823,-1.6979973e-07,2.5094635e-11,-4.0414807e-11,5.8172214e-10,1.8169222e-06,-2.7131763e-10,4.3632468e-10,1.1163177e-08
1250,1.249,0.52,1.2852484,-0.29758196,-1.5798198,-9.7371368e-13,4.2923816e-12,0.77716246,-2.3205251e-12,3.7428388e-12,-2.3569823,-1.6801151e-07,2.4827646e-11,-3.9985435e-11,5.9244472e-10,1.7977867e-06,-2.684316e-10,4.3168996e-10,1.0869442e-08
1251,1.25,0.52,1.2852484,-0.29758196,-1.5798198,-9.634278e-13,4.2467079e-12,0.77716246,-2.2958288e-12,3.7030646e-12,-2.3569823,-1.6624213e-07,2.4563498e-11,-3.9560623e-11,6.0288059e-10,1.7788528e-06,-2.6557584e-10,4.2710412e-10,1.0580395e-08
1252,1.251,0.52,1.2852484,-0.29758196,-1.5798198,-9.5325094e-13,4.2015196e-12,0.77716246,-2.2713953e-12,3.663713e-12,-2.3569823,-1.6449138e-07,2.4302161e-11,-3.9140325e-11,6.1303481e-10,1.7601182e-06,-2.6275042e-10,4.2256678e-10,1.0296275e-08
1253,1.252,0.52,1.2852484,-0.29758196,-1.5798198,-9.4318193e-13,4.1568117e-12,0.77716246,-2.2472217e-12,3.6247795e-12,-2.3569823,-1.6275906e-07,2.4043601e-11,-3.8724491e-11,6.2291267e-10,1.7415809e-06,-2.5995634e-10,4.1807873e-10,1.0017331e-08
1254,1.253,0.52,1.2852484,-0.29758196,-1.5798198,-9.3321964e-13,4.1125791e-12,0.77716246,-2.2233053e-12,3.5862596e-12,-2.3569823,-1.61045e-07,2.3787794e-11,-3.8313074e-11,6.3251778e-10,1.723239e-06,-2.5719057e-10,4.1363729e-10,9.7425194e-09
1255,1.254,0.52,1.2852484,-0.29758196,-1.5798198,-9.2336293e-13,4.0688166e-12,0.77716246,-2.1996434e-12,3.548149e-12,-2.3569823,-1.5934898e-07,2.3534704e-11,-3.7906025e-11,6.4185604e-10,1.7050903e-06,-2.5445646e-10,4.0924498e-10,9.4730149e-09
1256,1.255,0.52,1.2852484,-0.29758196,-1.5798198,-9.1361068e-13,4.0255193e-12,0.77716246,-2.1762332e-12,3.5104432e-12,-2.3569823,-1.5767083e-07,2.3284308e-11,-3.7503302e-11,6.5093078e-10,1.6871326e-06,-2.5174928e-10,4.0489745e-10,9.2074967e-09
1257,1.256,0.52,1.2852484,-0.29758196,-1.5798198,-9.039618e-13,3.9826823e-12,0.77716246,-2.1530721e-12,3.4731381e-12,-2.3569823,-1.5601035e-07,2.3036574e-11,-3.7104854e-11,6.5974755e-10,1.6693641e-06,-2.4907247e-10,4.0059743e-10,8.9470101e-09
1258,1.257,0.52,1.2852484,-0.29758196,-1.5798198,-8.9441517e-13,3.9403006e-12,0.77716246,-2.1301574e-12,3.4362292e-12,-2.3569823,-1.5436735e-07,2.2791475e-11,-3.6710639e-11,6.6831032e-10,1.6517827e-06,-2.4642365e-10,3.9634273e-10,8.69085e-09
1259,1.258,0.52,1.2852484,-0.29758196,-1.5798198,-8.8496973e-13,3.8983695e-12,0.77716246,-2.1074865e-12,3.3997126e-12,-2.3569823,-1.5274167e-07,2.2548983e-11,-3.632061e-11,6.7662336e-10,1.6343865e-06,-2.4380295e-10,3.9213328e-10,8.4389778e-09
1260,1.259,0.52,1.2852484,-0.29758196,-1.5798198,-8.7562439e-13,3.8568841e-12,0.77716246,-2.0850568e-12,3.3635839e-12,-2.3569823,-1.511331e-07,2.230907e-11,-3.5934725e-11,6.8469038e-10,1.6171737e-06,-2.4120904e-10,3.8796763e-10,8.1910074e-09
1261,1.26,0.52,1.2852484,-0.29758196,-1.5798198,-8.6637809e-13,3.8158397e-12,0.77716246,-2.0628658e-12,3.327839e-12,-2.3569823,-1.4954147e-07,2.2071709e-11,-3.5552938e-11,6.925165e-10,1.600142e-06,-2.3864397e-10,3.838472e-10,7.9477472e-09
1262,1.261,0.52,1.2852484,-0.29758196,-1.5798198,-8.5722979e-13,3.7752316e-12,0.77716246,-2.0409109e-12,3.2924739e-12,-2.3569823,-1.4796661e-07,2.1836873e-11,-3.5175207e-11,7.0010523e-10,1.5832898e-06,-2.3610545e-10,3.7976994e-10,7.708406e-09
1263,1.262,0.52,1.2852484,-0.29758196,-1.5798198,-8.4817845e-13,3.7350552e-12,0.77716246,-2.0191895e-12,3.2574845e-12,-2.3569823,-1.4640833e-07,2.1604536e-11,-3.4801489e-11,7.0746052e-10,1.566615e-06,-2.335932e-10,3.7573526e-10,7.4729962e-09
1264,1.263,0.52,1.2852484,-0.29758196,-1.5798198,-8.3922304e-13,3.6953058e-12,0.77716246,-1.9976993e-12,3.2228669e-12,-2.3569823,-1.4486647e-07,2.137467e-11,-3.4431741e-11,7.1458674e-10,1.5501158e-06,-2.311082e-10,3.717438e-10,7.2418076e-09
1265,1.264,0.52,1.2852484,-0.29758196,-1.5798198,-8.3036255e-13,3.6559791e-12,0.77716246,-1.9764377e-12,3.1886171e-12,-2.3569823,-1.4334084e-07,2.1147247e-11,-3.4065918e-11,7.2148863e-10,1.5337904e-06,-2.2865158e-10,3.6779651e-10,7.0151974e-09
1266,1.265,0.52,1.2852484,-0.29758196,-1.5798198,-8.2159596e-13,3.6170703e-12,0.77716246,-1.9554024e-12,3.1547312e-12,-2.3569823,-1.4183128e-07,2.0922243e-11,-3.3703981e-11,7.2816941e-10,1.5176369e-06,-2.2621988e-10,3.6389014e-10,6.7922519e-09
1267,1.266,0.52,1.2852484,-0.29758196,-1.5798199,-8.1292228e-13,3.5785752e-12,0.77716246,-1.9345909e-12,3.1212053e-12,-2.3569823,-1.4033762e-07,2.0699635e-11,-3.3345892e-11,7.3463169e-10,1.5016537e-06,-2.2381158e-10,3.6002318e-10,6.5722732e-09
1268,1.267,0.52,1.2852484,-0.29758196,-1.5798199,-8.0434054e-13,3.5404893e-12,0.77716246,-1.9140007e-12,3.0880356e-12,-2.3569823,-1.3885968e-07,2.0479395e-11,-3.2991605e-11,7.4088065e-10,1.4858387e-06,-2.2143066e-10,3.5619861e-10,6.356728e-09
1269,1.268,0.52,1.2852484,-0.29758196,-1.5798199,-7.9584974e-13,3.5028083e-12,0.77716246,-1.8936297e-12,3.0552183e-12,-2.3569823,-1.3739732e-07,2.0261498e-11,-3.2641083e-11,7.4691997e-10,1.4701901e-06,-2.1907515e-10,3.5241457e-10,6.1451213e-09
1270,1.269,0.52,1.2852484,-0.29758196,-1.5798199,-7.8744894e-13,3.4655278e-12,0.77716246,-1.8734754e-12,3.0227497e-12,-2.3569823,-1.3595035e-07,2.0045916e-11,-3.2294282e-11,7.5275366e-10,1.4547064e-06,-2.1674589e-10,3.4867193e-10,5.9375007e-09
1271,1.27,0.52,1.2852484,-0.29758196,-1.5798199,-7.7913717e-13,3.4286437e-12,0.77716246,-1.8535356e-12,2.990626e-12,-2.3569823,-1.3451863e-07,1.9832627e-11,-3.1951165e-11,7.5838525e-10,1.4393858e-06,-2.1444127e-10,3.44969e-10,5.7335596e-09
1272,1.271,0.52,1.2852484,-0.29758196,-1.5798199,-7.709135e-13,3.3921516e-12,0.77716246,-1.8338079e-12,2.9588437e-12,-2.3569823,-1.3310198e-07,1.9621608e-11,-3.1611692e-11,7.6381773e-10,1.4242266e-06,-2.1215996e-10,3.4130443e-10,5.5328399e-09
1273,1.272,0.52,1.2852484,-0.29758196,-1.5798199,-7.6277698e-13,3.3560475e-12,0.77716246,-1.8142901e-12,2.927399e-12,-2.3569823,-1.3170025e-07,1.9412834e-11,-3.1275827e-11,7.6905461e-10,1.4092272e-06,-2.0990278e-10,3.3767872e-10,5.335534e-09
1274,1.273,0.52,1.2852484,-0.29758196,-1.5798199,-7.547267e-13,3.3203272e-12,0.77716246,-1.79498e-12,2.8962884e-12,-2.3569823,-1.3031329e-07,1.9206279e-11,-3.0943527e-11,7.7409996e-10,1.3943857e-06,-2.0767069e-10,3.3409243e-10,5.1420817e-09
1275,1.274,0.52,1.2852484,-0.29758196,-1.5798199,-7.4676175e-13,3.2849866e-12,0.77716246,-1.7758753e-12,2.8655084e-12,-2.3569823,-1.2894093e-07,1.9001923e-11,-3.0614759e-11,7.7895642e-10,1.3797005e-06,-2.0546088e-10,3.3054292e-10,4.9516643e-09
1276,1.275,0.52,1.2852484,-0.29758196,-1.5798199,-7.3888121e-13,3.2500217e-12,0.77716246,-1.7569739e-12,2.8350554e-12,-2.3569823,-1.2758303e-07,1.8799741e-11,-3.0289483e-11,7.8362809e-10,1.3651698e-06,-2.0327532e-10,3.2703157e-10,4.7650053e-09
1277,1.276,0.52,1.2852484,-0.29758196,-1.5798199,-7.3108419e-13,3.2154285e-12,0.77716246,-1.7382737e-12,2.804926e-12,-2.3569823,-1.2623942e-07,1.8599707e-11,-2.9967661e-11,7.881186e-10,1.3507923e-06,-2.0111432e-10,3.2355883e-10,4.5820027e-09
1278,1.277,0.52,1.2852484,-0.29758196,-1.5798199,-7.2336981e-13,3.181203e-12,0.77716246,-1.7197724e-12,2.7751167e-12,-2.3569823,-1.2490997e-07,1.8401803e-11,-2.9649258e-11,7.9243012e-10,1.3365662e-06,-1.9897426e-10,3.2012123e-10,4.4016853e-09
1279,1.278,0.52,1.2852484,-0.29758196,-1.5798199,-7.157372e-13,3.1473414e-12,0.77716246,-1.701468e-12,2.7456241e-12,-2.3569823,-1.2359452e-07,1.8206004e-11,-2.9334239e-11,7.9656641e-10,1.3224897e-06,-1.9685701e-10,3.1671999e-10,4.2247568e-09
1280,1.279,0.52,1.2852484,-0.29758196,-1.5798199,-7.0818548e-13,3.1138398e-12,0.77716246,-1.6833583e-12,2.7164448e-12,-2.3569823,-1.2229292e-07,1.8012288e-11,-2.9022566e-11,8.0053077e-10,1.3085616e-06,-1.9476307e-10,3.1335563e-10,4.0511576e-09
1281,1.28,0.52,1.2852484,-0.29758196,-1.5798199,-7.0071379e-13,3.0806943e-12,0.77716246,-1.6654413e-12,2.6875756e-12,-2.3569823,-1.2100503e-07,1.7820631e-11,-2.8714201e-11,8.0432706e-10,1.2947801e-06,-1.9269277e-10,3.1002818e-10,3.8812452e-09
1282,1.281,0.52,1.2852484,-0.29758196,-1.5798199,-6.933213e-13,3.0479011e-12,0.77716246,-1.647715e-12,2.6590131e-12,-2.3569823,-1.1973071e-07,1.7631015e-11,-2.8409115e-11,8.0795673e-10,1.2811438e-06,-1.9064149e-10,3.0673349e-10,3.7135287e-09
1283,1.282,0.52,1.2852484,-0.29758196,-1.5798199,-6.8600716e-13,3.0154566e-12,0.77716246,-1.6301773e-12,2.6307541e-12,-2.3569823,-1.184698e-07,1.7443415e-11,-2.8107269e-11,8.1142375e-10,1.2676512e-06,-1.8861349e-10,3.034751e-10,3.5491853e-09
1284,1.283,0.52,1.2852484,-0.29758196,-1.5798199,-6.7877054e-13,2.983357e-12,0.77716246,-1.6128261e-12,2.6027954e-12,-2.3569823,-1.1722217e-07,1.7257811e-11,-2.7808629e-11,8.1473076e-10,1.2543009e-06,-1.8660724e-10,3.0025162e-10,3.3877373e-09
1285,1.284,0.52,1.2852484,-0.29758196,-1.5798199,-6.7161062e-13,2.9515987e-12,0.77716246,-1.5956597e-12,2.5751337e-12,-2.3569823,-1.1598769e-07,1.7074181e-11,-2.7513161e-11,8.1788103e-10,1.2410912e-06,-1.8462276e-10,2.9706273e-10,3.2294275e-09
1286,1.285,0.52,1.2852484,-0.29758196,-1.5798199,-6.6452658e-13,2.9201779e-12,0.77716246,-1.5786758e-12,2.5477659e-12,-2.3569823,-1.147662e-07,1.6892503e-11,-2.7220831e-11,8.2087743e-10,1.2280206e-06,-1.8265914e-10,2.9390744e-10,3.0740734e-09
1287,1.286,0.52,1.2852484,-0.29758196,-1.5798199,-6.5751763e-13,2.8890912e-12,0.77716246,-1.5618727e-12,2.5206889e-12,-2.3569823,-1.1355758e-07,1.6712757e-11,-2.6931605e-11,8.2372336e-10,1.2150876e-06,-1.8071743e-10,2.9078659e-10,2.9219779e-09
1288,1.287,0.52,1.2852484,-0.29758196,-1.5798199,-6.5058297e-13,2.858335e-12,0.77716246,-1.5452484e-12,2.4938996e-12,-2.3569823,-1.1236169e-07,1.6534923e-11,-2.6645451e-11,8.2642085e-10,1.2022909e-06,-1.7879527e-10,2.8769806e-10,2.7723199e-09
1289,1.288,0.52,1.2852484,-0.29758196,-1.5798199,-6.437218e-13,2.8279058e-12,0.77716246,-1.528801e-12,2.4673949e-12,-2.3569823,-1.1117839e-07,1.6358981e-11,-2.6362338e-11,8.2897258e-10,1.1896289e-06,-1.7689284e-10,2.8464168e-10,2.6252577e-09
1290,1.289,0.52,1.2852484,-0.29758196,-1.5798199,-6.3693336e-13,2.7978e-12,0.77716246,-1.5125285e-12,2.4411719e-12,-2.3569823,-1.1000756e-07,1.618491e-11,-2.6082231e-11,8.3138189e-10,1.1771002e-06,-1.7501132e-10,2.8161818e-10,2.4812938e-09
1291,1.29,0.52,1.2852484,-0.29758196,-1.5798199,-6.3021686e-13,2.7680143e-12,0.77716246,-1.4964293e-12,2.4152275e-12,-2.3569823,-1.0884905e-07,1.6012693e-11,-2.5805102e-11,8.3365077e-10,1.1647034e-06,-1.7314872e-10,2.7862583e-10,2.3396875e-09
1292,1.291,0.52,1.2852484,-0.29758196,-1.5798199,-6.2357155e-13,2.7385453e-12,0.77716246,-1.4805013e-12,2.3895587e-12,-2.3569823,-1.0770275e-07,1.5842306e-11,-2.5530915e-11,8.3578282e-10,1.1524371e-06,-1.7130757e-10,2.7566665e-10,2.2012582e-09
1293,1.292,0.52,1.2852484,-0.29758196,-1.5798199,-6.1699668e-13,2.7093895e-12,0.77716246,-1.4647428e-12,2.3641627e-12,-2.3569823,-1.0656852e-07,1.5673731e-11,-2.5259639e-11,8.3778027e-10,1.1403002e-06,-1.694859e-10,2.7273893e-10,2.0653916e-09
1294,1.293,0.52,1.2852484,-0.29758196,-1.5798199,-6.1049149e-13,2.6805437e-12,0.77716246,-1.449152e-12,2.3390365e-12,-2.3569823,-1.0544623e-07,1.5506951e-11,-2.4991248e-11,8.3964506e-10,1.128291e-06,-1.6768201e-10,2.6984088e-10,1.9316578e-09
1295,1.294,0.52,1.2852484,-0.29758196,-1.5798199,-6.0405525e-13,2.6520046e-12,0.77716246,-1.4337272e-12,2.3141773e-12,-2.3569823,-1.0433576e-07,1.5341946e-11,-2.4725708e-11,8.4137977e-10,1.1164084e-06,-1.6589735e-10,2.6697365e-10,1.8003588e-09
1296,1.295,0.52,1.2852484,-0.29758196,-1.5798199,-5.9768723e-13,2.6237689e-12,0.77716246,-1.4184664e-12,2.2895823e-12,-2.3569823,-1.0323699e-07,1.5178695e-11,-2.4462988e-11,8.4298774e-10,1.1046508e-06,-1.6413298e-10,2.6413784e-10,1.6720952e-09
1297,1.296,0.52,1.2852484,-0.29758196,-1.5798199,-5.9138671e-13,2.5958333e-12,0.77716246,-1.403368e-12,2.2652486e-12,-2.3569823,-1.0214979e-07,1.5017181e-11,-2.4203059e-11,8.4447092e-10,1.0930171e-06,-1.6238693e-10,2.6133182e-10,1.5461518e-09
1298,1.297,0.52,1.2852484,-0.29758197,-1.5798199,-5.8515296e-13,2.5681948e-12,0.77716246,-1.3884303e-12,2.2411734e-12,-2.3569823,-1.0107404e-07,1.4857385e-11,-2.3945891e-11,8.4583191e-10,1.081506e-06,-1.6065993e-10,2.5855613e-10,1.4227118e-09
1299,1.298,0.52,1.2852484,-0.29758197,-1.5798199,-5.7898529e-13,2.5408501e-12,0.77716246,-1.3736515e-12,2.217354e-12,-2.3569823,-1.0000962e-07,1.4699288e-11,-2.3691454e-11,8.4707305e-10,1.0701161e-06,-1.5895106e-10,2.5580969e-10,1.3016627e-09
1300,1.299,0.52,1.2852484,-0.29758197,-1.5798199,-5.7288298e-13,2.5137961e-12,0.77716246,-1.35903e-12,2.1937878e-12,-2.3569823,-9.8956407e-08,1.4542872e-11,-2.3439719e-11,8.4819732e-10,1.0588461e-06,-1.5726135e-10,2.5309323e-10,1.1834026e-09
1301,1.3,0.52,1.2852484,-0.29758197,-1.5798199,-5.6684536e-13,2.4870297e-12,0.77716246,-1.3445641e-12,2.1704719e-12,-2.3569823,-9.7914287e-08,1.4388119e-11,-2.3190658e-11,8.492064e-10,1.0476948e-06,-1.5558866e-10,2.5040491e-10,1.0671854e-09
1302,1.301,0.52,1.2852484,-0.29758197,-1.5798199,-5.6087172e-13,2.4605479e-12,0.77716246,-1.3302521e-12,2.1474038e-12,-2.3569823,-9.6883143e-08,1.4235016e-11,-2.2944245e-11,8.5010166e-10,1.036661e-06,-1.5393203e-10,2.4774371e-10,9.5257132e-10
1303,1.302,0.52,1.2852484,-0.29758197,-1.5798199,-5.5496141e-13,2.4343476e-12,0.77716246,-1.3160925e-12,2.1245808e-12,-2.3569823,-9.5862859e-08,1.408354e-11,-2.2700449e-11,8.5088628e-10,1.0257435e-06,-1.5229427e-10,2.4511174e-10,8.4060216e-10
1304,1.303,0.52,1.2852484,-0.29758197,-1.5798199,-5.4911374e-13,2.4084259e-12,0.77716245,-1.3020834e-12,2.1020003e-12,-2.3569823,-9.4853319e-08,1.3933674e-11,-2.2459242e-11,8.5156315e-10,1.0149409e-06,-1.506756e-10,2.4250912e-10,7.314475e-10
1305,1.304,0.52,1.2852484,-0.29758197,-1.5798199,-5.4332805e-13,2.3827797e-12,0.77716245,-1.2882235e-12,2.0796597e-12,-2.3569823,-9.3854411e-08,1.3785405e-11,-2.2220599e-11,8.5213288e-10,1.004252e-06,-1.4907132e-10,2.3993172e-10,6.2363489e-10
1306,1.305,0.52,1.2852484,-0.29758197,-1.5798199,-5.3760368e-13,2.3574062e-12,0.77716245,-1.274511e-12,2.0575565e-12,-2.3569823,-9.2866024e-08,1.3638711e-11,-2.1984489e-11,8.5259871e-10,9.9367582e-07,-1.47486e-10,2.3738338e-10,5.1843538e-10
1307,1.306,0.52,1.2852484,-0.29758197,-1.5798199,-5.3193998e-13,2.3323025e-12,0.77716245,-1.2609445e-12,2.0356882e-12,-2.3569823,-9.1888046e-08,1.3493578e-11,-2.1750889e-11,8.5296278e-10,9.8321076e-07,-1.459173e-10,2.3486171e-10,4.1552632e-10
1308,1.307,0.52,1.2852484,-0.29758197,-1.5798199,-5.2633632e-13,2.3074657e-12,0.77716245,-1.2475223e-12,2.0140523e-12,-2.3569823,-9.0920367e-08,1.334999e-11,-2.1519769e-11,8.5322681e-10,9.7285603e-07,-1.44365e-10,2.3236669e-10,3.1452866e-10
1309,1.308,0.52,1.2852484,-0.29758197,-1.5798199,-5.2079205e-13,2.2828929e-12,0.77716245,-1.234243e-12,1.9926462e-12,-2.3569823,-8.9962879e-08,1.3207927e-11,-2.1291105e-11,8.5339331e-10,9.6261028e-07,-1.4282973e-10,2.2989859e-10,2.1584076e-10
1310,1.309,0.52,1.2852484,-0.29758197,-1.5798199,-5.1530655e-13,2.2585814e-12,0.77716245,-1.221105e-12,1.9714676e-12,-2.3569823,-8.9015476e-08,1.3067378e-11,-2.106487e-11,8.5346353e-10,9.524725e-07,-1.4130965e-10,2.2745579e-10,1.1875718e-10
1311,1.31,0.52,1.2852484,-0.29758197,-1.5798199,-5.0987918e-13,2.2345283e-12,0.77716245,-1.2081067e-12,1.9505141e-12,-2.3569823,-8.807805e-08,1.2928325e-11,-2.0841041e-11,8.534395e-10,9.4244143e-07,-1.3980536e-10,2.2503849e-10,2.3567853e-11
1312,1.311,0.52,1.2852484,-0.29758197,-1.5798199,-5.0450935e-13,2.210731e-12,0.77716245,-1.1952468e-12,1.9297831e-12,-2.3569823,-8.7150497e-08,1.2790749e-11,-2.0619587e-11,8.5332401e-10,9.3251608e-07,-1.3831893e-10,2.2264851e-10,-6.9134757e-11
1313,1.312,0.52,1.2852484,-0.29758197,-1.5798199,-4.9919643e-13,2.1871867e-12,0.77716245,-1.1825238e-12,1.9092725e-12,-2.3569823,-8.6232712e-08,1.2654639e-11,-2.0400488e-11,8.5311768e-10,9.2269523e-07,-1.3684606e-10,2.2028196e-10,-1.6059995e-10
1314,1.313,0.52,1.2852484,-0.29758197,-1.5798199,-4.9393982e-13,2.1638927e-12,0.77716245,-1.1699361e-12,1.8889798e-12,-2.3569823,-8.5324592e-08,1.2519978e-11,-2.0183718e-11,8.5282282e-10,9.1297791e-07,-1.3538943e-10,2.1794103e-10,-2.5010896e-10
1315,1.314,0.52,1.2852484,-0.29758197,-1.5798199,-4.8873893e-13,2.1408463e-12,0.77716245,-1.1574824e-12,1.8689028e-12,-2.3569823,-8.4426037e-08,1.2386747e-11,-1.9969248e-11,8.5244257e-10,9.0336284e-07,-1.3395082e-10,2.1562709e-10,-3.3686583e-10
1316,1.315,0.52,1.2852484,-0.29758197,-1.5798199,-4.8359317e-13,2.118045e-12,0.77716245,-1.1451612e-12,1.849039e-12,-2.3569823,-8.3536945e-08,1.2254932e-11,-1.9757056e-11,8.5197782e-10,8.9384911e-07,-1.3252643e-10,2.1333697e-10,-4.2212525e-10
1317,1.316,0.52,1.2852484,-0.29758197,-1.5798199,-4.7850194e-13,2.0954861e-12,0.77716245,-1.1329711e-12,1.8293864e-12,-2.3569823,-8.2657216e-08,1.2124521e-11,-1.9547119e-11,8.5143017e-10,8.8443547e-07,-1.3111613e-10,2.110702e-10,-5.0580481e-10
1318,1.317,0.52,1.2852484,-0.29758197,-1.5798199,-4.7346468e-13,2.073167e-12,0.77716245,-1.1209107e-12,1.8099426e-12,-2.3569823,-8.1786753e-08,1.19955e-11,-1.9339414e-11,8.5080109e-10,8.7512097e-07,-1.2972e-10,2.0882674e-10,-5.8799131e-10
1319,1.318,0.52,1.2852484,-0.29758197,-1.5798199,-4.6848081e-13,2.0510853e-12,0.77716245,-1.1089787e-12,1.7907053e-12,-2.3569823,-8.0925456e-08,1.186785e-11,-1.9133915e-11,8.5009282e-10,8.6590468e-07,-1.2833987e-10,2.0660812e-10,-6.6817746e-10
1320,1.319,0.52,1.2852484,-0.29758197,-1.5798199,-4.6354977e-13,2.0292383e-12,0.77716245,-1.0971737e-12,1.7716725e-12,-2.3569823,-8.007323e-08,1.1741557e-11,-1.8930598e-11,8.4930744e-10,8.5678543e-07,-1.2697535e-10,2.0441388e-10,-7.4630926e-10
1321,1.32,0.52,1.2852484,-0.29758197,-1.5798199,-4.58671e-13,2.0076235e-12,0.77716245,-1.0854943e-12,1.752842e-12,-2.3569823,-7.9229979e-08,1.1616605e-11,-1.872944e-11,8.4844675e-10,8.4776238e-07,-1.2562612e-10,2.0224382e-10,-8.2256283e-10
1322,1.321,0.52,1.2852484,-0.29758197,-1.5798199,-4.5384393e-13,1.9862386e-12,0.77716245,-1.0739391e-12,1.7342115e-12,-2.3569823,-7.8395609e-08,1.1492985e-11,-1.8530419e-11,8.475114e-10,8.3883423e-07,-1.2428887e-10,2.0009471e-10,-8.977566e-10
1323,1.322,0.52,1.2852484,-0.29758197,-1.5798199,-4.4906803e-13,1.9650811e-12,0.77716245,-1.062507e-12,1.715779e-12,-2.3569823,-7.7570026e-08,1.1370679e-11,-1.8333513e-11,8.465038e-10,8.3000003e-07,-1.2296668e-10,1.9796905e-10,-9.7098884e-10
1324,1.323,0.52,1.2852484,-0.29758197,-1.5798199,-4.4434275e-13,1.9441485e-12,0.77716245,-1.0511965e-12,1.6975424e-12,-2.3569823,-7.6753138e-08,1.1249676e-11,-1.81387e-11,8.4542524e-10,8.2125879e-07,-1.2165803e-10,1.9586543e-10,-1.0427029e-09
1325,1.324,0.52,1.2852484,-0.29758197,-1.5798199,-4.3966756e-13,1.9234384e-12,0.77716245,-1.0400063e-12,1.6794995e-12,-2.3569823,-7.5944853e-08,1.1129958e-11,-1.7945955e-11,8.4427776e-10,8.1260968e-07,-1.2036432e-10,1.9378511e-10,-1.1125533e-09
1326,1.325,0.52,1.2852484,-0.29758197,-1.5798199,-4.3504192e-13,1.9029485e-12,0.77716245,-1.0289353e-12,1.6616484e-12,-2.3569823,-7.514508e-08,1.1011515e-11,-1.7755258e-11,8.4306226e-10,8.0405173e-07,-1.1908342e-10,1.9172613e-10,-1.1811853e-09
1327,1.326,0.52,1.2852484,-0.29758197,-1.5798199,-4.3046531e-13,1.8826765e-12,0.77716245,-1.017982e-12,1.643987e-12,-2.3569823,-7.435373e-08,1.0894333e-11,-1.7566588e-11,8.4178047e-10,7.9558378e-07,-1.1781592e-10,1.8968868e-10,-1.2482516e-09
1328,1.327,0.52,1.2852484,-0.29758197,-1.5798199,-4.259372e-13,1.8626201e-12,0.77716245,-1.0071453e-12,1.6265132e-12,-2.3569823,-7.3570715e-08,1.0778397e-11,-1.7379922e-11,8.4043394e-10,7.8720516e-07,-1.1656242e-10,1.8767341e-10,-1.3137723e-09
1329,1.328,0.52,1.2852484,-0.29758197,-1.5798199,-4.214571e-13,1.8427768e-12,0.77716245,-9.9642398e-13,1.6092251e-12,-2.3569823,-7.2795945e-08,1.0663696e-11,-1.719524e-11,8.3902409e-10,7.7891468e-07,-1.1532194e-10,1.8567918e-10,-1.37782e-09
1330,1.329,0.52,1.2852484,-0.29758197,-1.5798199,-4.1702448e-13,1.8231446e-12,0.77716245,-9.8581672e-13,1.5921208e-12,-2.3569823,-7.2029335e-08,1.0550215e-11,-1.7012521e-11,8.3755216e-10,7.7071163e-07,-1.1409451e-10,1.8370606e-10,-1.440561e-09
1331,1.33,0.52,1.2852484,-0.29758197,-1.5798199,-4.1263885e-13,1.8037211e-12,0.77716245,-9.7532234e-13,1.5751982e-12,-2.3569823,-7.1270798e-08,1.043794e-11,-1.6831741e-11,8.3602021e-10,7.625951e-07,-1.1288157e-10,1.8175522e-10,-1.5014886e-09
1332,1.331,0.52,1.2852484,-0.29758197,-1.5798199,-4.082997e-13,1.784504e-12,0.77716245,-9.6493964e-13,1.5584554e-12,-2.3569823,-7.052025e-08,1.0326857e-11,-1.6652879e-11,8.3443015e-10,7.5456395e-07,-1.1168253e-10,1.79826e-10,-1.5605373e-09
1333,1.332,0.52,1.2852484,-0.29758197,-1.5798199,-4.0400654e-13,1.7654914e-12,0.77716245,-9.5466744e-13,1.5418905e-12,-2.3569823,-6.9777606e-08,1.0216958e-11,-1.647592e-11,8.327817e-10,7.4661745e-07,-1.1049328e-10,1.779148e-10,-1.619143e-09
1334,1.333,0.52,1.2852484,-0.29758197,-1.5798199,-3.9975889e-13,1.7466808e-12,0.77716245,-9.4450455e-13,1.5255016e-12,-2.3569823,-6.9042783e-08,1.0108228e-11,-1.6300841e-11,8.3107745e-10,7.3875447e-07,-1.0931786e-10,1.7602474e-10,-1.6758834e-09
1335,1.334,0.52,1.2852484,-0.29758197,-1.5798199,-3.9555626e-13,1.7280703e-12,0.77716245,-9.3444982e-13,1.5092869e-12,-2.3569823,-6.8315699e-08,1.0000654e-11,-1.612762e-11,8.2931886e-10,7.3097424e-07,-1.0815549e-10,1.7415521e-10,-1.7310213e-09
1336,1.335,0.52,1.2852484,-0.29758197,-1.5798199,-3.9139818e-13,1.7096576e-12,0.77716245,-9.2450209e-13,1.4932445e-12,-2.3569823,-6.7596271e-08,9.8942225e-12,-1.5956239e-11,8.2750716e-10,7.2327616e-07,-1.0700592e-10,1.7230614e-10,-1.7848096e-09
1337,1.336,0.52,1.2852484,-0.29758197,-1.5798199,-3.8728417e-13,1.6914408e-12,0.77716245,-9.1466023e-13,1.4773726e-12,-2.3569823,-6.6884421e-08,9.7889266e-12,-1.578668e-11,8.2564252e-10,7.1565901e-07,-1.0586588e-10,1.7047426e-10,-1.8380278e-09
1338,1.337,0.52,1.2852484,-0.29758197,-1.5798199,-3.8321377e-13,1.6734176e-12,0.77716245,-9.0492311e-13,1.4616694e-12,-2.3569823,-6.6180067e-08,9.6847509e-12,-1.5618923e-11,8.2372694e-10,7.081222e-07,-1.0473912e-10,1.6866281e-10,-1.8897275e-09
1339,1.338,0.52,1.2852484,-0.29758197,-1.5798199,-3.7918652e-13,1.655586e-12,0.77716245,-8.9528962e-13,1.446133e-12,-2.3569823,-6.5483131e-08,9.5816842e-12,-1.5452949e-11,8.2176139e-10,7.0066481e-07,-1.0362418e-10,1.6687044e-10,-1.9402743e-09
1340,1.339,0.52,1.2852484,-0.29758197,-1.5798199,-3.7520195e-13,1.637944e-12,0.77716245,-8.8575864e-13,1.4307617e-12,-2.3569823,-6.4793535e-08,9.4797133e-12,-1.5288738e-11,8.197477e-10,6.9328585e-07,-1.0252196e-10,1.6509773e-10,-1.9892239e-09
1341,1.34,0.52,1.2852484,-0.29758197,-1.5798199,-3.7125962e-13,1.6204896e-12,0.77716245,-8.763291e-13,1.4155538e-12,-2.3569823,-6.4111201e-08,9.3788254e-12,-1.5126269e-11,8.1768747e-10,6.8598461e-07,-1.0143259e-10,1.6334489e-10,-2.0365575e-09
1342,1.341,0.52,1.2852484,-0.29758197,-1.5798199,-3.6735908e-13,1.6032208e-12,0.77716245,-8.6699991e-13,1.4005074e-12,-2.3569823,-6.3436053e-08,9.2790114e-12,-1.4965527e-11,8.1558121e-10,6.7876027e-07,-1.0035358e-10,1.6160968e-10,-2.083028e-09
1343,1.342,0.52,1.2852484,-0.29758197,-1.5798199,-3.6349988e-13,1.5861356e-12,0.77716245,-8.5777001e-13,1.385621e-12,-2.3569823,-6.2768015e-08,9.1802589e-12,-1.4806492e-11,8.1343022e-10,6.7161211e-07,-9.9286191e-11,1.5989313e-10,-2.1283341e-09
1344,1.343,0.52,1.2852484,-0.29758197,-1.5798199,-3.5968159e-13,1.5692321e-12,0.77716245,-8.4863834e-13,1.3708927e-12,-2.3569823,-6.2107012e-08,9.0825565e-12,-1.4649146e-11,8.1123577e-10,6.6453925e-07,-9.8230286e-11,1.5819493e-10,-2.1724146e-09
1345,1.344,0.52,1.2852484,-0.29758197,-1.5798199,-3.5590377e-13,1.5525083e-12,0.77716245,-8.3960385e-13,1.356321e-12,-2.3569823,-6.145297e-08,8.9858959e-12,-1.4493474e-11,8.0899801e-10,6.5754094e-07,-9.7183828e-11,1.5651324e-10,-2.2159747e-09
1346,1.345,0.52,1.2852484,-0.29758197,-1.5798199,-3.5216599e-13,1.5359623e-12,0.77716245,-8.3066551e-13,1.3419041e-12,-2.3569823,-6.0805816e-08,8.8902634e-12,-1.4339455e-11,8.0671904e-10,6.5061618e-07,-9.6149605e-11,1.5485014e-10,-2.2579715e-09
1347,1.346,0.52,1.2852484,-0.29758197,-1.5798199,-3.4846784e-13,1.5195923e-12,0.77716245,-8.218223e-13,1.3276405e-12,-2.3569823,-6.0165478e-08,8.7956484e-12,-1.4187073e-11,8.0439984e-10,6.4376432e-07,-9.5126569e-11,1.5320484e-10,-2.29879e-09
1348,1.347,0.52,1.2852484,-0.29758197,-1.5798199,-3.4480888e-13,1.5033963e-12,0.77716245,-8.130732e-13,1.3135284e-12,-2.3569823,-5.9531883e-08,8.702038e-12,-1.4036308e-11,8.0204222e-10,6.3698456e-07,-9.4115758e-11,1.5157817e-10,-2.3380088e-09
1349,1.348,0.52,1.2852484,-0.29758197,-1.5798199,-3.4118871e-13,1.4873725e-12,0.77716245,-8.0441722e-13,1.2995662e-12,-2.3569823,-5.8904961e-08,8.6094257e-12,-1.3887147e-11,7.9964588e-10,6.3027628e-07,-9.3113507e-11,1.4996699e-10,-2.3768992e-09
1350,1.349,0.52,1.2852484,-0.29758197,-1.5798199,-3.3760691e-13,1.4715191e-12,0.77716245,-7.9585336e-13,1.2857525e-12,-2.3569823,-5.8284641e-08,8.5177962e-12,-1.3739568e-11,7.9721336e-10,6.236386e-07,-9.212414e-11,1.4837481e-10,-2.4139774e-09
1351,1.35,0.52,1.2852484,-0.29758197,-1.5798199,-3.3406308e-13,1.4558343e-12,0.77716245,-7.8738065e-13,1.2720855e-12,-2.3569823,-5.7670854e-08,8.4271433e-12,-1.3593559e-11,7.9474418e-10,6.1707102e-07,-9.114328e-11,1.4679797e-10,-2.4507792e-09
1352,1.351,0.52,1.2852484,-0.29758197,-1.5798199,-3.3055682e-13,1.4403162e-12,0.77716245,-7.7899811e-13,1.2585638e-12,-2.3569823,-5.7063531e-08,8.3374565e-12,-1.3449102e-11,7.9223979e-10,6.1057227e-07,-9.0172307e-11,1.4523709e-10,-2.4865208e-09
1353,1.352,0.52,1.2852484,-0.29758197,-1.5798199,-3.2708772e-13,1.4249632e-12,0.77716245,-7.7070478e-13,1.2451858e-12,-2.3569823,-5.6462604e-08,8.2487238e-12,-1.330618e-11,7.8970152e-10,6.0414198e-07,-8.9212558e-11,1.4369352e-10,-2.5210185e-09
1354,1.353,0.52,1.2852484,-0.29758197,-1.5798199,-3.2365539e-13,1.4097734e-12,0.77716245,-7.6249971e-13,1.2319499e-12,-2.3569823,-5.5868006e-08,8.1609337e-12,-1.3164776e-11,7.8713059e-10,5.9777962e-07,-8.8264254e-11,1.4216759e-10,-2.5542967e-09
1355,1.354,0.52,1.2852484,-0.29758197,-1.5798199,-3.2025945e-13,1.3947451e-12,0.77716245,-7.5438197e-13,1.2188547e-12,-2.3569823,-5.5279669e-08,8.0740765e-12,-1.3024872e-11,7.8452812e-10,5.9148415e-07,-8.7326216e-11,1.4065802e-10,-2.5864123e-09
1356,1.355,0.52,1.2852484,-0.29758197,-1.5798199,-3.168995e-13,1.3798766e-12,0.77716245,-7.4635063e-13,1.2058987e-12,-2.3569823,-5.4697529e-08,7.9881454e-12,-1.2886457e-11,7.8189413e-10,5.852549e-07,-8.639618e-11,1.3916277e-10,-2.618131e-09
1357,1.356,0.52,1.2852484,-0.29758197,-1.5798199,-3.1357517e-13,1.3651662e-12,0.77716245,-7.3840476e-13,1.1930803e-12,-2.3569823,-5.4121519e-08,7.9031296e-12,-1.2749514e-11,7.7922953e-10,5.7909142e-07,-8.5475924e-11,1.3768335e-10,-2.6491059e-09
1358,1.357,0.52,1.2852484,-0.29758197,-1.5798199,-3.1028607e-13,1.3506122e-12,0.77716245,-7.3054346e-13,1.1803982e-12,-2.3569823,-5.3551576e-08,7.8190166e-12,-1.2614023e-11,7.7653625e-10,5.7299281e-07,-8.4567303e-11,1.3622118e-10,-2.678559e-09
1359,1.358,0.52,1.2852484,-0.29758197,-1.5798199,-3.0703184e-13,1.336213e-12,0.77716245,-7.2276583e-13,1.1678508e-12,-2.3569823,-5.2987635e-08,7.7357999e-12,-1.2479974e-11,7.738141e-10,5.6695849e-07,-8.3666888e-11,1.3477336e-10,-2.7076185e-09
1360,1.359,0.52,1.2852484,-0.29758197,-1.5798199,-3.0381211e-13,1.3219669e-12,0.77716245,-7.1507097e-13,1.1554368e-12,-2.3569823,-5.2429632e-08,7.6534677e-12,-1.2347348e-11,7.710648e-10,5.6098766e-07,-8.2777086e-11,1.3334174e-10,-2.7354054e-09
1361,1.36,0.52,1.2852484,-0.29758197,-1.5798199,-3.006265e-13,1.3078722e-12,0.77716245,-7.0745801e-13,1.1431547e-12,-2.3569823,-5.1877506e-08,7.5720109e-12,-1.2216131e-11,7.6828898e-10,5.5507982e-07,-8.1896895e-11,1.3192558e-10,-2.7623467e-09
1362,1.361,0.52,1.2852484,-0.29758197,-1.5798199,-2.9747466e-13,1.2939274e-12,0.77716245,-6.9992608e-13,1.1310031e-12,-2.3569823,-5.1331195e-08,7.4914214e-12,-1.2086308e-11,7.6548722e-10,5.4923418e-07,-8.1025344e-11,1.3052382e-10,-2.7886216e-09
1363,1.362,0.52,1.2852484,-0.29758197,-1.5798199,-2.9435623e-13,1.280131e-12,0.77716245,-6.924743e-13,1.1189807e-12,-2.3569823,-5.0790637e-08,7.411691e-12,-1.1957866e-11,7.6266005e-10,5.4345e-07,-8.0162044e-11,1.2913596e-10,-2.8143242e-09
1364,1.363,0.52,1.2852484,-0.29758197,-1.5798199,-2.9127086e-13,1.2664812e-12,0.77716245,-6.8510184e-13,1.107086e-12,-2.3569823,-5.0255772e-08,7.3328082e-12,-1.1830788e-11,7.598089e-10,5.377268e-07,-7.9309204e-11,1.2776393e-10,-2.8388762e-09
1365,1.364,0.52,1.2852484,-0.29758197,-1.5798199,-2.8821819e-13,1.2529765e-12,0.77716245,-6.7780785e-13,1.0953178e-12,-2.3569823,-4.9726539e-08,7.2547623e-12,-1.1705058e-11,7.5693514e-10,5.3206394e-07,-7.8466996e-11,1.2640793e-10,-2.8621304e-09
1366,1.365,0.52,1.2852484,-0.29758197,-1.5798199,-2.8519788e-13,1.2396155e-12,0.77716245,-6.7059148e-13,1.0836746e-12,-2.3569823,-4.9202881e-08,7.1775496e-12,-1.1580666e-11,7.5403811e-10,5.2646059e-07,-7.7630812e-11,1.2506374e-10,-2.8853972e-09
1367,1.366,0.52,1.2852484,-0.29758197,-1.5798199,-2.8220959e-13,1.2263965e-12,0.77716245,-6.6345192e-13,1.0721551e-12,-2.3569823,-4.8684736e-08,7.1011591e-12,-1.1457597e-11,7.51119e-10,5.2091635e-07,-7.6803952e-11,1.2373419e-10,-2.9078711e-09
1368,1.367,0.52,1.2852484,-0.29758197,-1.5798199,-2.7925297e-13,1.2133181e-12,0.77716245,-6.5638835e-13,1.0607581e-12,-2.3569823,-4.8172049e-08,7.0255775e-12,-1.1335832e-11,7.4818e-10,5.1543057e-07,-7.5988985e-11,1.2242152e-10,-2.9286239e-09
1369,1.368,0.52,1.2852484,-0.29758197,-1.5798199,-2.7632769e-13,1.2003787e-12,0.77716245,-6.4939996e-13,1.0494821e-12,-2.3569823,-4.766476e-08,6.9508022e-12,-1.1215362e-11,7.4522028e-10,5.1000243e-07,-7.5179865e-11,1.2112033e-10,-2.949357e-09
1370,1.369,0.52,1.2852484,-0.29758197,-1.5798199,-2.7343342e-13,1.1875769e-12,0.77716245,-6.4248594e-13,1.0383261e-12,-2.3569823,-4.7162814e-08,6.8768233e-12,-1.1096173e-11,7.4224082e-10,5.046315e-07,-7.437927e-11,1.1983288e-10,-2.9694245e-09
1371,1.37,0.52,1.2852484,-0.29758197,-1.5798199,-2.7056983e-13,1.1749113e-12,0.77716245,-6.3564552e-13,1.0272885e-12,-2.3569823,-4.6666154e-08,6.8036313e-12,-1.097825e-11,7.3924266e-10,4.9931709e-07,-7.3587744e-11,1.1855952e-10,-2.9885791e-09
1372,1.371,0.52,1.2852484,-0.29758197,-1.5798199,-2.677366e-13,1.1623804e-12,0.77716245,-6.288779e-13,1.0163683e-12,-2.3569823,-4.6174725e-08,6.7312167e-12,-1.0861578e-11,7.3622674e-10,4.9405882e-07,-7.2805655e-11,1.173007e-10,-3.0068071e-09
1373,1.372,0.52,1.2852484,-0.29758197,-1.5798199,-2.649334e-13,1.1499826e-12,0.77716245,-6.2218231e-13,1.0055641e-12,-2.3569823,-4.5688471e-08,6.6595721e-12,-1.0746147e-11,7.3319399e-10,4.8885558e-07,-7.2031599e-11,1.1605481e-10,-3.0241057e-09
1374,1.373,0.52,1.2852484,-0.29758197,-1.5798199,-2.6215991e-13,1.1377168e-12,0.77716245,-6.1555799e-13,9.9487477e-13,-2.3569823,-4.5207338e-08,6.5886914e-12,-1.0631942e-11,7.3014417e-10,4.8370725e-07,-7.1264369e-11,1.1482105e-10,-3.0412466e-09
1375,1.374,0.52,1.2852484,-0.29758197,-1.5798199,-2.5941582e-13,1.1255813e-12,0.77716245,-6.0900417e-13,9.8429902e-13,-2.3569823,-4.4731271e-08,6.5185627e-12,-1.051895e-11,7.2707901e-10,4.7861326e-07,-7.0507229e-11,1.1360215e-10,-3.0571885e-09
1376,1.375,0.52,1.2852484,-0.29758197,-1.5798199,-2.5670082e-13,1.1135749e-12,0.77716245,-6.0252011e-13,9.7383566e-13,-2.3569823,-4.4260219e-08,6.4491811e-12,-1.0407158e-11,7.2399826e-10,4.7357296e-07,-6.9756776e-11,1.1239508e-10,-3.0728937e-09
1377,1.376,0.52,1.2852484,-0.29758197,-1.5798199,-2.5401461e-13,1.1016962e-12,0.77716245,-5.9610506e-13,9.6348351e-13,-2.3569823,-4.3794127e-08,6.3805389e-12,-1.0296555e-11,7.2090262e-10,4.6858563e-07,-6.9013734e-11,1.112002e-10,-3.0880598e-09
1378,1.377,0.52,1.2852484,-0.29758197,-1.5798199,-2.5135686e-13,1.0899438e-12,0.77716245,-5.897583e-13,9.5324137e-13,-2.3569823,-4.3332943e-08,6.3126279e-12,-1.0187129e-11,7.1779276e-10,4.6365079e-07,-6.8278602e-11,1.1001793e-10,-3.1025936e-09
1379,1.378,0.52,1.2852484,-0.29758197,-1.5798199,-2.4872729e-13,1.0783163e-12,0.77716245,-5.8347908e-13,9.4310808e-13,-2.3569823,-4.2876617e-08,6.24544e-12,-1.0078865e-11,7.1466933e-10,4.5876794e-07,-6.7551466e-11,1.0884833e-10,-3.1164839e-09
1380,1.379,0.52,1.2852484,-0.29758197,-1.5798199,-2.4612559e-13,1.0668125e-12,0.77716245,-5.772667e-13,9.3308248e-13,-2.3569823,-4.2425096e-08,6.1789673e-12,-9.9717522e-12,7.1153294e-10,4.5393658e-07,-6.6832312e-11,1.0769138e-10,-3.1297562e-09
1381,1.38,0.52,1.2852484,-0.29758197,-1.5798199,-2.4355147e-13,1.0554311e-12,0.77716245,-5.7112044e-13,9.2316343e-13,-2.3569823,-4.197833e-08,6.1131989e-12,-9.8657747e-12,7.083851e-10,4.4915626e-07,-6.6123029e-11,1.0654879e-10,-3.1418115e-09
1382,1.381,0.52,1.2852484,-0.29758197,-1.5798199,-2.4100464e-13,1.0441706e-12,0.77716245,-5.650396e-13,9.133498e-13,-2.3569823,-4.1536268e-08,6.0481311e-12,-9.7609238e-12,7.0522533e-10,4.4442627e-07,-6.5419504e-11,1.0541688e-10,-3.1537837e-09
1383,1.382,0.52,1.2852484,-0.29758197,-1.5798199,-2.3848481e-13,1.0330299e-12,0.77716245,-5.5902348e-13,9.0364047e-13,-2.3569823,-4.1098863e-08,5.9837545e-12,-9.6571858e-12,7.0205504e-10,4.3974598e-07,-6.4724275e-11,1.0429762e-10,-3.1647875e-09
1384,1.383,0.52,1.2852484,-0.29758197,-1.5798199,-2.3599168e-13,1.0220077e-12,0.77716245,-5.530714e-13,8.9403432e-13,-2.3569823,-4.0666063e-08,5.9200647e-12,-9.5545516e-12,6.9887366e-10,4.3511504e-07,-6.4034583e-11,1.031887e-10,-3.1758482e-09
1385,1.384,0.52,1.2852484,-0.29758197,-1.5798199,-2.3352499e-13,1.0111027e-12,0.77716245,-5.4718267e-13,8.8453027e-13,-2.3569823,-4.0237821e-08,5.857052e-12,-9.4530073e-12,6.9568257e-10,4.3053286e-07,-6.335333e-11,1.0209245e-10,-3.1860117e-09
1386,1.385,0.52,1.2852484,-0.29758197,-1.5798199,-2.3108444e-13,1.0003136e-12,0.77716245,-5.4135662e-13,8.7512722e-13,-2.3569823,-3.9814089e-08,5.7947072e-12,-9.3525396e-12,6.9248313e-10,4.2599885e-07,-6.2681026e-11,1.0100929e-10,-3.1949616e-09
1387,1.386,0.52,1.2852484,-0.29758197,-1.5798199,-2.2866977e-13,9.8963927e-13,0.77716245,-5.3559259e-13,8.6582411e-13,-2.3569823,-3.939482e-08,5.7330269e-12,-9.2531402e-12,6.8927464e-10,4.2151261e-07,-6.2013867e-11,9.9936007e-11,-3.2039844e-09
1388,1.387,0.52,1.2852484,-0.29758197,-1.5798199,-2.2628069e-13,9.7907845e-13,0.77716245,-5.2988991e-13,8.5661988e-13,-2.3569823,-3.8979966e-08,5.6720051e-12,-9.1547989e-12,6.8605735e-10,4.1707353e-07,-6.1352462e-11,9.8872833e-11,-3.2128535e-09
1389,1.388,0.52,1.2852484,-0.29758197,-1.5798199,-2.2391694e-13,9.6862994e-13,0.77716245,-5.2424792e-13,8.4751347e-13,-2.3569823,-3.8569481e-08,5.6116321e-12,-9.0575022e-12,6.8283253e-10,4.1268124e-07,-6.0699495e-11,9.7822112e-11,-3.2208276e-09
1390,1.389,0.52,1.2852484,-0.29758197,-1.5798199,-2.2157824e-13,9.5829254e-13,0.77716245,-5.18666e-13,8.3850384e-13,-2.3569823,-3.8163319e-08,5.5519016e-12,-8.9612394e-12,6.7960047e-10,4.0833523e-07,-6.0053481e-11,9.6782566e-11,-3.2283152e-09
1391,1.39,0.52,1.2852484,-0.29758197,-1.5798199,-2.1926433e-13,9.4806507e-13,0.77716245,-5.1314348e-13,8.2958996e-13,-2.3569823,-3.7761434e-08,5.492805e-12,-8.865998e-12,6.7636237e-10,4.0403492e-07,-5.9415555e-11,9.5755093e-11,-3.2348414e-09
1392,1.391,0.52,1.2852484,-0.29758197,-1.5798199,-2.1697496e-13,9.3794636e-13,0.77716245,-5.0767975e-13,8.2077082e-13,-2.3569823,-3.7363782e-08,5.4343399e-12,-8.7717711e-12,6.7311742e-10,3.997798e-07,-5.8781949e-11,9.473636e-11,-3.241578e-09
1393,1.392,0.52,1.2852484,-0.29758197,-1.5798199,-2.1470985e-13,9.2793525e-13,0.77716245,-5.0227418e-13,8.1204541e-13,-2.3569823,-3.6970317e-08,5.3764964e-12,-8.6785449e-12,6.6986673e-10,3.9556972e-07,-5.815628e-11,9.3729582e-11,-3.2476564e-09
1394,1.393,0.52,1.2852484,-0.29758197,-1.5798199,-2.1246876e-13,9.180306e-13,0.77716245,-4.9692614e-13,8.0341273e-13,-2.3569823,-3.6580996e-08,5.319269e-12,-8.5863097e-12,6.6661049e-10,3.9140402e-07,-5.7537062e-11,9.2733333e-11,-3.2533774e-09
1395,1.394,0.52,1.2852484,-0.29758197,-1.5798199,-2.1025142e-13,9.0823127e-13,0.77716245,-4.9163503e-13,7.9487181e-13,-2.3569823,-3.6195774e-08,5.2626489e-12,-8.495053e-12,6.6334984e-10,3.8728222e-07,-5.6925777e-11,9.1748857e-11,-3.2582237e-09
1396,1.395,0.52,1.2852484,-0.29758197,-1.5798199,-2.0805758e-13,8.9853616e-13,0.77716245,-4.8640024e-13,7.8642165e-13,-2.3569823,-3.581461e-08,5.2066314e-12,-8.4047663e-12,6.6008493e-10,3.8320364e-07,-5.6320214e-11,9.0774075e-11,-3.2626807e-09
1397,1.396,0.52,1.2852484,-0.29758197,-1.5798199,-2.0588701e-13,8.8894415e-13,0.77716245,-4.8122117e-13,7.7806131e-13,-2.3569823,-3.543746e-08,5.1512111e-12,-8.3154399e-12,6.5681581e-10,3.7916804e-07,-5.5720286e-11,8.9808978e-11,-3.2669752e-09
1398,1.397,0.52,1.2852484,-0.29758197,-1.5798199,-2.0373944e-13,8.7945414e-13,0.77716245,-4.7609722e-13,7.6978982e-13,-2.3569823,-3.5064282e-08,5.0963798e-12,-8.2270621e-12,6.5354354e-10,3.7517489e-07,-5.5127653e-11,8.8854866e-11,-3.2705045e-09
1399,1.398,0.52,1.2852484,-0.29758197,-1.5798199,-2.0161464e-13,8.7006505e-13,0.77716245,-4.7102782e-13,7.6160624e-13,-2.3569823,-3.4695033e-08,5.0421324e-12,-8.1396239e-12,6.5026819e-10,3.7122375e-07,-5.4540804e-11,8.7910434e-11,-3.2737356e-09
1400,1.399,0.52,1.2852484,-0.29758197,-1.5798199,-1.9951236e-13,8.607758e-13,0.77716245,-4.6601238e-13,7.5350964e-13,-2.3569823,-3.4329674e-08,4.9884631e-12,-8.0531154e-12,6.4698976e-10,3.6731444e-07,-5.3959768e-11,8.6975797e-11,-3.2768644e-09
1401,1.4,0.52,1.2852484,-0.29758197,-1.5798199,-1.9743237e-13,8.5158534e-13,0.77716245,-4.6105032e-13,7.4549909e-13,-2.3569823,-3.3968162e-08,4.9353644e-12,-7.9675258e-12,6.4370932e-10,3.6344618e-07,-5.3385713e-11,8.6051661e-11,-3.2792483e-09
1402,1.401,0.52,1.2852484,-0.29758197,-1.5798199,-1.9537442e-13,8.4249261e-13,0.77716245,-4.5614108e-13,7.3757367e-13,-2.3569823,-3.3610457e-08,4.8828311e-12,-7.8828459e-12,6.4042691e-10,3.596187e-07,-5.2817473e-11,8.5137137e-11,-3.2813606e-09
1403,1.402,0.52,1.2852484,-0.29758197,-1.5798199,-1.933383e-13,8.3349658e-13,0.77716245,-4.512841e-13,7.2973249e-13,-2.3569823,-3.3256519e-08,4.8308555e-12,-7.7990649e-12,6.3714351e-10,3.5583147e-07,-5.2256203e-11,8.4233097e-11,-3.2827166e-09
1404,1.403,0.52,1.2852484,-0.29758197,-1.5798199,-1.9132375e-13,8.2459621e-13,0.77716245,-4.4647881e-13,7.2197465e-13,-2.3569823,-3.2906308e-08,4.7794328e-12,-7.7161737e-12,6.338591e-10,3.5208421e-07,-5.1700531e-11,8.333847e-11,-3.2838473e-09
1405,1.404,0.52,1.2852484,-0.29758197,-1.5798199,-1.8933057e-13,8.157905e-13,0.77716245,-4.4172468e-13,7.1429926e-13,-2.3569823,-3.2559786e-08,4.7285584e-12,-7.6341641e-12,6.3057364e-10,3.4837646e-07,-5.1149823e-11,8.2452553e-11,-3.2849242e-09
1406,1.405,0.52,1.2852484,-0.29758197,-1.5798199,-1.8735851e-13,8.0707843e-13,0.77716245,-4.3702115e-13,7.0670544e-13,-2.3569823,-3.2216912e-08,4.6782242e-12,-7.5530249e-12,6.2728808e-10,3.4470783e-07,-5.0606046e-11,8.1577002e-11,-3.285347e-09
1407,1.406,0.52,1.2852484,-0.29758197,-1.5798199,-1.8540735e-13,7.9845901e-13,0.77716245,-4.3236769e-13,6.9919234e-13,-2.3569823,-3.1877649e-08,4.6284263e-12,-7.4727484e-12,6.2400244e-10,3.410777e-07,-5.0067291e-11,8.0710004e-11,-3.285539e-09
1408,1.407,0.52,1.2852484,-0.29758197,-1.5798199,-1.8347688e-13,7.8993125e-13,0.77716245,-4.2776377e-13,6.9175909e-13,-2.3569823,-3.154196e-08,4.57916e-12,-7.3933265e-12,6.2071671e-10,3.3748574e-07,-4.9533267e-11,7.9851249e-11,-3.2856655e-09
1409,1.408,0.52,1.2852484,-0.29758197,-1.5798199,-1.8156688e-13,7.8149418e-13,0.77716245,-4.2320885e-13,6.8440484e-13,-2.3569823,-3.1209805e-08,4.5304178e-12,-7.3147486e-12,6.1743187e-10,3.3393155e-07,-4.9005927e-11,7.900238e-11,-3.2851171e-09
1410,1.409,0.52,1.2852484,-0.29758197,-1.5798199,-1.7967712e-13,7.7314683e-13,0.77716245,-4.1870241e-13,6.7712875e-13,-2.3569823,-3.0881149e-08,4.4821921e-12,-7.2370039e-12,6.1414887e-10,3.3041477e-07,-4.8485742e-11,7.8163897e-11,-3.2837037e-09
1411,1.41,0.52,1.2852484,-0.29758197,-1.5798199,-1.778074e-13,7.6488826e-13,0.77716245,-4.1424394e-13,6.6993e-13,-2.3569823,-3.0555953e-08,4.4344817e-12,-7.160087e-12,6.1086665e-10,3.2693513e-07,-4.7968884e-11,7.7332547e-11,-3.2827152e-09
1412,1.411,0.52,1.2852484,-0.29758197,-1.5798199,-1.7595749e-13,7.5671751e-13,0.77716245,-4.0983294e-13,6.6280776e-13,-2.3569823,-3.0234183e-08,4.3872757e-12,-7.0839845e-12,6.0758705e-10,3.2349229e-07,-4.7460283e-11,7.6512548e-11,-3.2806371e-09
1413,1.412,0.52,1.2852484,-0.29758197,-1.5798199,-1.741272e-13,7.4863365e-13,0.77716245,-4.0546889e-13,6.5576122e-13,-2.3569823,-2.99158e-08,4.3405734e-12,-7.0086915e-12,6.0430905e-10,3.2008573e-07,-4.6954963e-11,7.56995e-11,-3.2788806e-09
1414,1.413,0.52,1.2852484,-0.29758197,-1.5798199,-1.7231631e-13,7.4063577e-13,0.77716245,-4.0115129e-13,6.4878957e-13,-2.3569823,-2.9600771e-08,4.294368e-12,-6.9341985e-12,6.0103355e-10,3.1671492e-07,-4.6455273e-11,7.4895178e-11,-3.2766284e-09
1415,1.414,0.52,1.2852484,-0.29758197,-1.5798199,-1.7052461e-13,7.3272294e-13,0.77716245,-3.9687966e-13,6.4189202e-13,-2.3569823,-2.9289059e-08,4.2486522e-12,-6.8604952e-12,5.9776146e-10,3.1337959e-07,-4.596226e-11,7.4100601e-11,-3.2736001e-09
1416,1.415,0.52,1.2852484,-0.29758197,-1.5798199,-1.6875191e-13,7.2489427e-13,0.77716245,-3.926535e-13,6.3506779e-13,-2.3569823,-2.898063e-08,4.2034255e-12,-6.7875772e-12,5.9449173e-10,3.1007933e-07,-4.5471913e-11,7.3312206e-11,-3.2710221e-09
1417,1.416,0.52,1.2852484,-0.29758197,-1.5798199,-1.6699801e-13,7.1714885e-13,0.77716245,-3.8847232e-13,6.2831609e-13,-2.3569823,-2.8675448e-08,4.1586801e-12,-6.715434e-12,5.9122523e-10,3.0681391e-07,-4.4987582e-11,7.2532864e-11,-3.2680063e-09
1418,1.417,0.52,1.2852484,-0.29758197,-1.5798199,-1.6526269e-13,7.0948581e-13,0.77716245,-3.8433566e-13,6.2163615e-13,-2.3569823,-2.8373481e-08,4.1144087e-12,-6.6440555e-12,5.8796292e-10,3.0358294e-07,-4.4510065e-11,7.1763283e-11,-3.2642134e-09
1419,1.418,0.52,1.2852484,-0.29758197,-1.5798199,-1.6354577e-13,7.0190426e-13,0.77716245,-3.8024303e-13,6.1502722e-13,-2.3569823,-2.8074694e-08,4.0706112e-12,-6.5734378e-12,5.8470377e-10,3.0038584e-07,-4.4035038e-11,7.0999533e-11,-3.2608354e-09
1420,1.419,0.52,1.2852484,-0.29758197,-1.5798199,-1.6184706e-13,6.9440334e-13,0.77716245,-3.7619397e-13,6.0848852e-13,-2.3569823,-2.7779053e-08,4.0272799e-12,-6.5035708e-12,5.814487e-10,2.9722244e-07,-4.3565867e-11,7.0244523e-11,-3.2569892e-09
1421,1.42,0.52,1.2852484,-0.29758197,-1.5798199,-1.6016635e-13,6.869822e-13,0.77716245,-3.7218801e-13,6.0201933e-13,-2.3569823,-2.7486525e-08,3.9844076e-12,-6.4344443e-12,5.7819867e-10,2.9409244e-07,-4.3103508e-11,6.9499177e-11,-3.2523525e-09
1422,1.421,0.52,1.2852484,-0.29758197,-1.5798199,-1.5850345e-13,6.7963998e-13,0.77716245,-3.6822469e-13,5.956189e-13,-2.3569823,-2.7197079e-08,3.9419936e-12,-6.3660542e-12,5.7495265e-10,2.9099537e-07,-4.2643825e-11,6.8759827e-11,-3.2481314e-09
1423,1.422,0.52,1.2852484,-0.29758197,-1.5798199,-1.5685819e-13,6.7237584e-13,0.77716245,-3.6430357e-13,5.8928649e-13,-2.3569823,-2.691068e-08,3.9000277e-12,-6.2983878e-12,5.7171251e-10,2.87931e-07,-4.2191881e-11,6.8030859e-11,-3.2428026e-09
1424,1.423,0.52,1.2852484,-0.29758197,-1.5798199,-1.5523037e-13,6.6518896e-13,0.77716245,-3.6042419e-13,5.830214e-13,-2.3569823,-2.6627297e-08,3.8585092e-12,-6.2314409e-12,5.6847723e-10,2.8489897e-07,-4.1742952e-11,6.7308217e-11,-3.2377896e-09
1425,1.424,0.52,1.2852484,-0.29758197,-1.5798199,-1.5361981e-13,6.5807852e-13,0.77716245,-3.5658611e-13,5.7682289e-13,-2.3569823,-2.6346898e-08,3.8174344e-12,-6.1652069e-12,5.6524674e-10,2.8189882e-07,-4.129751e-11,6.6592047e-11,-3.2329179e-09
1426,1.425,0.52,1.2852484,-0.29758197,-1.5798199,-1.5202631e-13,6.510437e-13,0.77716245,-3.5278888e-13,5.7069028e-13,-2.3569823,-2.6069452e-08,3.7767967e-12,-6.0996769e-12,5.6202208e-10,2.7893008e-07,-4.0857689e-11,6.5884023e-11,-3.2274158e-09
1427,1.426,0.52,1.2852484,-0.29758197,-1.5798199,-1.5044972e-13,6.4408369e-13,0.77716245,-3.4903208e-13,5.6462284e-13,-2.3569823,-2.5794929e-08,3.7365919e-12,-6.034844e-12,5.5880326e-10,2.7599253e-07,-4.0422393e-11,6.5183308e-11,-3.2216853e-09
1428,1.427,0.52,1.2852484,-0.29758197,-1.5798199,-1.4888983e-13,6.3719771e-13,0.77716245,-3.4531527e-13,5.5861989e-13,-2.3569823,-2.5523296e-08,3.6968157e-12,-5.9707006e-12,5.5559026e-10,2.7308604e-07,-3.9991611e-11,6.449001e-11,-3.215892e-09
1429,1.428,0.52,1.2852484,-0.29758197,-1.5798199,-1.4734649e-13,6.3038495e-13,0.77716245,-3.4163802e-13,5.5268075e-13,-2.3569823,-2.5254523e-08,3.6574639e-12,-5.9072399e-12,5.5238313e-10,2.7021021e-07,-3.956508e-11,6.3803779e-11,-3.2100553e-09
1430,1.429,0.52,1.2852484,-0.29758197,-1.5798199,-1.458195e-13,6.2364465e-13,0.77716245,-3.3799992e-13,5.4680474e-13,-2.3569823,-2.4988582e-08,3.6185293e-12,-5.8444524e-12,5.4918289e-10,2.6736469e-07,-3.9144728e-11,6.3126259e-11,-3.2035114e-09
1431,1.43,0.52,1.2852484,-0.29758197,-1.5798199,-1.443087e-13,6.1697603e-13,0.77716245,-3.3440054e-13,5.4099118e-13,-2.3569823,-2.472544e-08,3.5800081e-12,-5.7823312e-12,5.4598958e-10,2.6454922e-07,-3.8729082e-11,6.2456273e-11,-3.1967095e-09
1432,1.431,0.52,1.2852484,-0.29758197,-1.5798199,-1.4281392e-13,6.1037834e-13,0.77716245,-3.3083949e-13,5.3523941e-13,-2.3569823,-2.446507e-08,3.5418943e-12,-5.7208679e-12,5.4280419e-10,2.6176322e-07,-3.8318903e-11,6.179429e-11,-3.189162e-09
1433,1.432,0.52,1.2852484,-0.29758197,-1.5798199,-1.4133499e-13,6.0385082e-13,0.77716245,-3.2731635e-13,5.2954878e-13,-2.3569823,-2.4207442e-08,3.5041873e-12,-5.6600586e-12,5.3962569e-10,2.5900659e-07,-3.7910957e-11,6.1137627e-11,-3.182053e-09
1434,1.433,0.52,1.2852484,-0.29758197,-1.5798199,-1.3987173e-13,5.9739273e-13,0.77716245,-3.2383071e-13,5.2391865e-13,-2.3569823,-2.3952526e-08,3.4668804e-12,-5.5998942e-12,5.3645503e-10,2.5627902e-07,-3.750826e-11,6.048876e-11,-3.1744625e-09
1435,1.434,0.52,1.2852484,-0.29758197,-1.5798199,-1.3842399e-13,5.9100332e-13,0.77716245,-3.2038219e-13,5.1834835e-13,-2.3569823,-2.3700296e-08,3.4299727e-12,-5.540371e-12,5.3329125e-10,2.5358022e-07,-3.7107857e-11,5.9845079e-11,-3.167338e-09
1436,1.435,0.52,1.2852484,-0.29758197,-1.5798199,-1.3699159e-13,5.8468186e-13,0.77716245,-3.1697037e-13,5.1283727e-13,-2.3569823,-2.3450721e-08,3.3934573e-12,-5.4814798e-12,5.3013541e-10,2.5090983e-07,-3.6712915e-11,5.9209186e-11,-3.1596716e-09
1437,1.436,0.52,1.2852484,-0.29758197,-1.5798199,-1.3557438e-13,5.7842765e-13,0.77716245,-3.1359488e-13,5.0738476e-13,-2.3569823,-2.3203774e-08,3.3573301e-12,-5.4232139e-12,5.2698763e-10,2.4826757e-07,-3.6322438e-11,5.8580273e-11,-3.1517476e-09
1438,1.437,0.52,1.2852484,-0.29758197,-1.5798199,-1.3417219e-13,5.7223994e-13,0.77716245,-3.1025532e-13,5.0199022e-13,-2.3569823,-2.2959428e-08,3.3215899e-12,-5.3655694e-12,5.2384701e-10,2.4565322e-07,-3.593425e-11,5.7956432e-11,-3.144324e-09
1439,1.438,0.52,1.2852484,-0.29758197,-1.5798199,-1.3278487e-13,5.6611805e-13,0.77716245,-3.0695132e-13,4.9665301e-13,-2.3569823,-2.2717655e-08,3.2862297e-12,-5.3085373e-12,5.2071472e-10,2.4306636e-07,-3.5551565e-11,5.7340262e-11,-3.1363015e-09
1440,1.439,0.52,1.2852484,-0.29758197,-1.5798199,-1.3141226e-13,5.6006127e-13,0.77716245,-3.0368249e-13,4.9137253e-13,-2.3569823,-2.2478429e-08,3.2512453e-12,-5.2521108e-12,5.1759095e-10,2.4050673e-07,-3.5173477e-11,5.6731082e-11,-3.1279479e-09
1441,1.44,0.52,1.2852484,-0.29758197,-1.5798199,-1.300542e-13,5.540689e-13,0.77716245,-3.0044845e-13,4.8614818e-13,-2.3569823,-2.2241721e-08,3.2166334e-12,-5.1962844e-12,5.1447589e-10,2.3797384e-07,-3.4799061e-11,5.6127928e-11,-3.1193591e-09
1442,1.441,0.52,1.2852484,-0.29758197,-1.5798199,-1.2871054e-13,5.4814027e-13,0.77716245,-2.9724885e-13,4.8097937e-13,-2.3569823,-2.2007507e-08,3.18239e-12,-5.1410516e-12,5.1136966e-10,2.3546761e-07,-3.442863e-11,5.5531201e-11,-3.1106038e-09
1443,1.442,0.52,1.2852484,-0.29758197,-1.5798199,-1.2738112e-13,5.4227469e-13,0.77716245,-2.9408331e-13,4.7586549e-13,-2.3569823,-2.1775759e-08,3.1485109e-12,-5.0864057e-12,5.0827242e-10,2.3298783e-07,-3.4062262e-11,5.4940987e-11,-3.101696e-09
1444,1.443,0.52,1.2852484,-0.29758197,-1.5798199,-1.2606579e-13,5.3647149e-13,0.77716245,-2.9095147e-13,4.7080597e-13,-2.3569823,-2.1546452e-08,3.1149926e-12,-5.0323409e-12,5.0518435e-10,2.3053407e-07,-3.3699624e-11,5.435685e-11,-3.0926111e-09
1445,1.444,0.52,1.2852484,-0.29758197,-1.5798199,-1.2476441e-13,5.3073001e-13,0.77716245,-2.8785296e-13,4.6580023e-13,-2.3569823,-2.1319559e-08,3.0818304e-12,-4.9788501e-12,5.021056e-10,2.2810634e-07,-3.3341332e-11,5.3779512e-11,-3.0833692e-09
1446,1.445,0.52,1.2852484,-0.29758197,-1.5798199,-1.2347683e-13,5.250496e-13,0.77716245,-2.8478745e-13,4.608477e-13,-2.3569823,-2.1095056e-08,3.0490207e-12,-4.9259272e-12,4.9903639e-10,2.2570417e-07,-3.2986941e-11,5.3208421e-11,-3.0739333e-09
1447,1.446,0.52,1.2852484,-0.29758197,-1.5798199,-1.2220289e-13,5.194296e-13,0.77716245,-2.8175457e-13,4.5594781e-13,-2.3569823,-2.0872917e-08,3.0165619e-12,-4.8735681e-12,4.9597593e-10,2.2332745e-07,-3.2634846e-11,5.2642222e-11,-3.064949e-09
1448,1.447,0.52,1.2852484,-0.29758197,-1.5798199,-1.2094247e-13,5.1386938e-13,0.77716245,-2.7875398e-13,4.5110001e-13,-2.3569823,-2.0653117e-08,2.9844472e-12,-4.8217643e-12,4.9292551e-10,2.2097566e-07,-3.2288061e-11,5.2083259e-11,-3.0552636e-09
1449,1.448,0.52,1.2852484,-0.29758197,-1.5798199,-1.196954e-13,5.0836829e-13,0.77716245,-2.7578533e-13,4.4630373e-13,-2.3569823,-2.0435632e-08,2.9526734e-12,-4.7705105e-12,4.8988545e-10,2.1864836e-07,-3.1945199e-11,5.1530291e-11,-3.04513e-09
1450,1.449,0.52,1.2852484,-0.29758197,-1.5798199,-1.1846155e-13,5.0292572e-13,0.77716245,-2.7284829e-13,4.4155844e-13,-2.3569823,-2.0220438e-08,2.9212389e-12,-4.7198022e-12,4.8685496e-10,2.1634571e-07,-3.1604728e-11,5.0982265e-11,-3.035366e-09
1451,1.45,0.52,1.2852484,-0.29758197,-1.5798199,-1.1724079e-13,4.9754103e-13,0.77716245,-2.6994252e-13,4.3686358e-13,-2.3569823,-2.000751e-08,2.8901394e-12,-4.6696332e-12,4.8383432e-10,2.1406739e-07,-3.1267913e-11,5.0440114e-11,-3.0255468e-09
1452,1.451,0.52,1.2852484,-0.29758197,-1.5798199,-1.1603296e-13,4.9221361e-13,0.77716245,-2.6706768e-13,4.3221863e-13,-2.3569823,-1.9796824e-08,2.8593706e-12,-4.6199971e-12,4.8082388e-10,2.1181308e-07,-3.0935172e-11,4.9904134e-11,-3.0154766e-09
1453,1.452,0.52,1.2852484,-0.29758197,-1.5798199,-1.1483794e-13,4.8694285e-13,0.77716245,-2.6422345e-13,4.2762306e-13,-2.3569823,-1.9588357e-08,2.8289312e-12,-4.5708901e-12,4.7782303e-10,2.0958252e-07,-3.0604677e-11,4.9372691e-11,-3.0057258e-09
1454,1.453,0.52,1.2852484,-0.29758197,-1.5798199,-1.1365559e-13,4.8172814e-13,0.77716245,-2.6140949e-13,4.2307633e-13,-2.3569823,-1.9382085e-08,2.7988137e-12,-4.5223034e-12,4.7483315e-10,2.0737541e-07,-3.0279866e-11,4.8848708e-11,-2.9951652e-09
1455,1.454,0.52,1.2852484,-0.29758197,-1.5798199,-1.1248578e-13,4.765689e-13,0.77716245,-2.586255e-13,4.1857793e-13,-2.3569823,-1.9177985e-08,2.769017e-12,-4.4742332e-12,4.7185365e-10,2.0519156e-07,-2.9957758e-11,4.8329711e-11,-2.9847208e-09
1456,1.455,0.52,1.2852484,-0.29758197,-1.5798199,-1.1132836e-13,4.7146454e-13,0.77716245,-2.5587114e-13,4.1412735e-13,-2.3569823,-1.8976035e-08,2.7395367e-12,-4.426673e-12,4.688849e-10,2.0303078e-07,-2.9639496e-11,4.7816671e-11,-2.9740741e-09
1457,1.456,0.52,1.2852484,-0.29758197,-1.5798199,-1.1018322e-13,4.6641446e-13,0.77716245,-2.5314611e-13,4.0972408e-13,-2.3569823,-1.8776211e-08,2.7103714e-12,-4.3796194e-12,4.6592634e-10,2.0089275e-07,-2.9323319e-11,4.7307952e-11,-2.9637287e-09
1458,1.457,0.52,1.2852484,-0.29758197,-1.5798199,-1.0905022e-13,4.614181e-13,0.77716245,-2.5045009e-13,4.0536761e-13,-2.3569823,-1.8578491e-08,2.6815161e-12,-4.3330652e-12,4.6297841e-10,1.9877743e-07,-2.901131e-11,4.680543e-11,-2.953196e-09
1459,1.458,0.52,1.2852484,-0.29758197,-1.5798199,-1.0792923e-13,4.5647488e-13,0.77716245,-2.4778277e-13,4.0105745e-13,-2.3569823,-1.8382854e-08,2.6529675e-12,-4.2870056e-12,4.6004168e-10,1.9668406e-07,-2.8702895e-11,4.6308244e-11,-2.9422218e-09
1460,1.459,0.52,1.2852484,-0.29758197,-1.5798199,-1.0682012e-13,4.5158423e-13,0.77716245,-2.4514385e-13,3.9679311e-13,-2.3569823,-1.8189277e-08,2.624721e-12,-4.241434e-12,4.571166e-10,1.9461269e-07,-2.8398633e-11,4.5817118e-11,-2.9307953e-09
1461,1.46,0.52,1.2852484,-0.29758197,-1.5798199,-1.0572277e-13,4.4674561e-13,0.77716245,-2.4253302e-13,3.9257409e-13,-2.3569823,-1.7997738e-08,2.5967754e-12,-4.1963469e-12,4.5420262e-10,1.9256316e-07,-2.8096601e-11,4.5330444e-11,-2.9195831e-09
1462,1.461,0.52,1.2852484,-0.29758197,-1.5798199,-1.0463706e-13,4.4195845e-13,0.77716245,-2.3995e-13,3.8839993e-13,-2.3569823,-1.7808217e-08,2.5691291e-12,-4.1517406e-12,4.5129923e-10,1.9053526e-07,-2.779636e-11,4.4847725e-11,-2.908784e-09
1463,1.462,0.52,1.2852484,-0.29758197,-1.5798199,-1.0356285e-13,4.3722221e-13,0.77716245,-2.3739447e-13,3.8427014e-13,-2.3569823,-1.7620692e-08,2.5417773e-12,-4.1076085e-12,4.48407e-10,1.8852874e-07,-2.7499982e-11,4.4370649e-11,-2.8977505e-09
1464,1.463,0.52,1.2852484,-0.29758197,-1.5798199,-1.0250003e-13,4.3253634e-13,0.77716245,-2.3486615e-13,3.8018424e-13,-2.3569823,-1.7435141e-08,2.514718e-12,-4.0639466e-12,4.4552556e-10,1.865434e-07,-2.7206229e-11,4.3898153e-11,-2.8868761e-09
1465,1.464,0.52,1.2852484,-0.29758197,-1.5798199,-1.0144848e-13,4.279003e-13,0.77716245,-2.3236474e-13,3.7614178e-13,-2.3569823,-1.7251544e-08,2.487946e-12,-4.0207481e-12,4.4265556e-10,1.8457902e-07,-2.6916761e-11,4.3431662e-11,-2.8756265e-09
1466,1.465,0.52,1.2852484,-0.29758197,-1.5798199,-1.0040808e-13,4.2331358e-13,0.77716245,-2.2988997e-13,3.7214228e-13,-2.3569823,-1.7069881e-08,2.4614568e-12,-3.9780071e-12,4.3979766e-10,1.8263525e-07,-2.6631659e-11,4.297123e-11,-2.8638098e-09
1467,1.466,0.52,1.2852484,-0.29758197,-1.5798199,-9.9378713e-14,4.1877565e-13,0.77716245,-2.2744155e-13,3.6818531e-13,-2.3569823,-1.689013e-08,2.4352488e-12,-3.9357193e-12,4.3695146e-10,1.8071208e-07,-2.6349251e-11,4.2515597e-11,-2.8520681e-09
1468,1.467,0.52,1.2852484,-0.29758197,-1.5798199,-9.8360256e-14,4.1428599e-13,0.77716245,-2.2501919e-13,3.6427039e-13,-2.3569823,-1.6712273e-08,2.4093206e-12,-3.8938816e-12,4.3411661e-10,1.7880909e-07,-2.6068545e-11,4.2063662e-11,-2.8405884e-09
1469,1.468,0.52,1.2852484,-0.29758197,-1.5798199,-9.7352595e-14,4.0984407e-13,0.77716245,-2.2262263e-13,3.603971e-13,-2.3569823,-1.6536288e-08,2.3836681e-12,-3.8524885e-12,4.312938e-10,1.769259e-07,-2.579117e-11,4.1616629e-11,-2.8287353e-09
1470,1.469,0.52,1.2852484,-0.29758197,-1.5798199,-9.6355618e-14,4.0544941e-13,0.77716245,-2.2025158e-13,3.5656497e-13,-2.3569823,-1.6362157e-08,2.3582888e-12,-3.8115353e-12,4.2848271e-10,1.7506268e-07,-2.5516619e-11,4.117436e-11,-2.8169742e-09
1471,1.47,0.52,1.2852484,-0.29758197,-1.5798199,-9.536921e-14,4.0110149e-13,0.77716245,-2.1790578e-13,3.5277359e-13,-2.3569823,-1.618986e-08,2.3331805e-12,-3.771018e-12,4.2568306e-10,1.7321919e-07,-2.5244397e-11,4.0736322e-11,-2.8054257e-09
1472,1.471,0.52,1.2852484,-0.29758197,-1.5798199,-9.4393261e-14,3.9679982e-13,0.77716245,-2.1558495e-13,3.490225e-13,-2.3569823,-1.6019377e-08,2.308341e-12,-3.7309327e-12,4.2289466e-10,1.7139513e-07,-2.4974457e-11,4.0302341e-11,-2.7940755e-09
1473,1.472,0.52,1.2852484,-0.29758197,-1.5798199,-9.3427658e-14,3.925439e-13,0.77716245,-2.1328883e-13,3.4531129e-13,-2.3569823,-1.5850689e-08,2.2837651e-12,-3.6912727e-12,4.2011836e-10,1.6959024e-07,-2.4708778e-11,3.9874065e-11,-2.7822243e-09
1474,1.473,0.52,1.2852484,-0.29758197,-1.5798199,-9.2472293e-14,3.8833325e-13,0.77716245,-2.1101716e-13,3.4163954e-13,-2.3569823,-1.5683778e-08,2.2594479e-12,-3.6520319e-12,4.17355e-10,1.6780427e-07,-2.4447702e-11,3.9451879e-11,-2.7696487e-09
1475,1.474,0.52,1.2852484,-0.29758197,-1.5798199,-9.1527056e-14,3.8416738e-13,0.77716245,-2.0876967e-13,3.3800681e-13,-2.3569823,-1.5518624e-08,2.2353937e-12,-3.6132118e-12,4.1460243e-10,1.6603708e-07,-2.41854e-11,3.9030745e-11,-2.7582591e-09
1476,1.475,0.52,1.2852484,-0.29758197,-1.5798199,-9.0591841e-14,3.8004583e-13,0.77716245,-2.0654612e-13,3.344127e-13,-2.3569823,-1.535521e-08,2.2115934e-12,-3.5748024e-12,4.1186246e-10,1.6428861e-07,-2.3928636e-11,3.8616467e-11,-2.7460721e-09
1477,1.476,0.52,1.2852484,-0.29758197,-1.5798199,-8.966654e-14,3.7596812e-13,0.77716245,-2.0434623e-13,3.308568e-13,-2.3569823,-1.5193516e-08,2.1880449e-12,-3.5367998e-12,4.09135e-10,1.6255862e-07,-2.3675194e-11,3.8207218e-11,-2.7336639e-09
1478,1.477,0.52,1.2852484,-0.29758197,-1.5798199,-8.875105e-14,3.7193378e-13,0.77716245,-2.0216977e-13,3.2733869e-13,-2.3569823,-1.5033525e-08,2.1647461e-12,-3.4991999e-12,4.0641991e-10,1.6084694e-07,-2.3424308e-11,3.7802353e-11,-2.721276e-09
1479,1.478,0.52,1.2852484,-0.29758197,-1.5798199,-8.7845265e-14,3.6794236e-13,0.77716245,-2.0001649e-13,3.2385799e-13,-2.3569823,-1.4875219e-08,2.1416949e-12,-3.4619991e-12,4.037171e-10,1.5915329e-07,-2.3175546e-11,3.740136e-11,-2.7089658e-09
1480,1.479,0.52,1.2852484,-0.29758197,-1.5798199,-8.6949084e-14,3.6399339e-13,0.77716245,-1.9788614e-13,3.204143e-13,-2.3569823,-1.4718579e-08,2.1188919e-12,-3.4251957e-12,4.0102554e-10,1.5747751e-07,-2.2927191e-11,3.7002663e-11,-2.6973677e-09
1481,1.48,0.52,1.2852484,-0.29758197,-1.5798199,-8.6062405e-14,3.6008643e-13,0.77716245,-1.9577846e-13,3.1700721e-13,-2.3569823,-1.4563589e-08,2.0963318e-12,-3.388784e-12,3.9834626e-10,1.5581914e-07,-2.268243e-11,3.6608713e-11,-2.685304e-09
1482,1.481,0.52,1.2852484,-0.29758197,-1.5798199,-8.5185127e-14,3.5622103e-13,0.77716245,-1.9369323e-13,3.1363634e-13,-2.3569823,-1.4410231e-08,2.074009e-12,-3.3527569e-12,3.9568034e-10,1.5417818e-07,-2.2442676e-11,3.6220995e-11,-2.672385e-09
1483,1.482,0.52,1.2852484,-0.29758197,-1.5798199,-8.431715e-14,3.5239675e-13,0.77716245,-1.916302e-13,3.1030131e-13,-2.3569823,-1.4258489e-08,2.0519271e-12,-3.3171154e-12,3.9302581e-10,1.5255452e-07,-2.2202202e-11,3.5834634e-11,-2.6604767e-09
1484,1.483,0.52,1.2852484,-0.29758197,-1.5798199,-8.3458375e-14,3.4861314e-13,0.77716245,-1.8958914e-13,3.0700173e-13,-2.3569823,-1.4108344e-08,2.0300801e-12,-3.281853e-12,3.9038373e-10,1.5094793e-07,-2.1965354e-11,3.5453185e-11,-2.6482179e-09
1485,1.484,0.52,1.2852484,-0.29758197,-1.5798199,-8.2608705e-14,3.4486978e-13,0.77716245,-1.8756981e-13,3.0373723e-13,-2.3569823,-1.3959781e-08,2.0084656e-12,-3.2469653e-12,3.8775423e-10,1.4935818e-07,-2.1731498e-11,3.5076132e-11,-2.6357397e-09
1486,1.485,0.52,1.2852484,-0.29758197,-1.5798199,-8.1768044e-14,3.4116624e-13,0.77716245,-1.8557198e-13,3.0050743e-13,-2.3569823,-1.3812782e-08,1.9870803e-12,-3.212448e-12,3.8513741e-10,1.4778525e-07,-2.150065e-11,3.4703628e-11,-2.6231225e-09
1487,1.486,0.52,1.2852484,-0.29758197,-1.5798199,-8.0936296e-14,3.3750209e-13,0.77716245,-1.8359542e-13,2.9731196e-13,-2.3569823,-1.3667331e-08,1.9659221e-12,-3.1782969e-12,3.825334e-10,1.4622885e-07,-2.1272407e-11,3.4335245e-11,-2.6103791e-09
1488,1.487,0.52,1.2852484,-0.29758197,-1.5798199,-8.0113365e-14,3.3387692e-13,0.77716245,-1.8163991e-13,2.9415047e-13,-2.3569823,-1.3523412e-08,1.9449906e-12,-3.1445101e-12,3.7994134e-10,1.4468896e-07,-2.1045112e-11,3.3969604e-11,-2.5981696e-09
1489,1.488,0.52,1.2852484,-0.29758197,-1.5798199,-7.929916e-14,3.3029031e-13,0.77716245,-1.7970522e-13,2.9102258e-13,-2.3569823,-1.3381009e-08,1.9242829e-12,-3.1110833e-12,3.7736143e-10,1.4316529e-07,-2.0820181e-11,3.3607731e-11,-2.5859977e-09
1490,1.489,0.52,1.2852484,-0.29758197,-1.5798199,-7.8493587e-14,3.2674185e-13,0.77716245,-1.7779112e-13,2.8792794e-13,-2.3569823,-1.3240105e-08,1.9037923e-12,-3.0780088e-12,3.7479489e-10,1.4165781e-07,-2.0600438e-11,3.3252238e-11,-2.5730269e-09
1491,1.49,0.52,1.2852484,-0.29758197,-1.5798199,-7.7696555e-14,3.2323114e-13,0.77716245,-1.7589741e-13,2.8486621e-13,-2.3569823,-1.3100684e-08,1.8835196e-12,-3.0452855e-12,3.72241e-10,1.4016615e-07,-2.0381954e-11,3.2899653e-11,-2.5602698e-09
1492,1.491,0.52,1.2852484,-0.29758197,-1.5798199,-7.6907973e-14,3.1975777e-13,0.77716245,-1.7402387e-13,2.8183702e-13,-2.3569823,-1.2962732e-08,1.863465e-12,-3.0129119e-12,3.69699e-10,1.3869011e-07,-2.0163715e-11,3.2548942e-11,-2.5480845e-09
1493,1.492,0.52,1.2852484,-0.29758197,-1.5798199,-7.6127752e-14,3.1632135e-13,0.77716245,-1.7217027e-13,2.7884004e-13,-2.3569823,-1.2826233e-08,1.8436217e-12,-2.9808804e-12,3.6717017e-10,1.3722973e-07,-1.9950112e-11,3.2203998e-11,-2.5352505e-09
1494,1.493,0.52,1.2852484,-0.29758197,-1.5798199,-7.5355803e-14,3.1292148e-13,0.77716245,-1.7033641e-13,2.7587492e-13,-2.3569823,-1.2691171e-08,1.8239926e-12,-2.9491918e-12,3.6465291e-10,1.3578472e-07,-1.9736083e-11,3.1860364e-11,-2.5232591e-09
1495,1.494,0.52,1.2852484,-0.29758197,-1.5798199,-7.4592039e-14,3.0955778e-13,0.77716245,-1.6852207e-13,2.7294132e-13,-2.3569823,-1.2557531e-08,1.8045717e-12,-2.9178397e-12,3.621486e-10,1.3435473e-07,-1.9525971e-11,3.1521557e-11,-2.5106257e-09
1496,1.495,0.52,1.2852484,-0.29758197,-1.5798199,-7.3836372e-14,3.0622986e-13,0.77716245,-1.6672706e-13,2.700389e-13,-2.3569823,-1.2425299e-08,1.7853559e-12,-2.8868195e-12,3.5965767e-10,1.3293967e-07,-1.931923e-11,3.118728e-11,-2.497496e-09
1497,1.496,0.52,1.2852484,-0.29758197,-1.5798199,-7.3088717e-14,3.0293734e-13,0.77716245,-1.6495115e-13,2.6716735e-13,-2.3569823,-1.2294459e-08,1.766347e-12,-2.8561311e-12,3.5717848e-10,1.3153973e-07,-1.9112308e-11,3.0854711e-11,-2.4852873e-09
1498,1.497,0.52,1.2852484,-0.29758197,-1.5798199,-7.2348989e-14,2.9967985e-13,0.77716245,-1.6319416e-13,2.6432632e-13,-2.3569823,-1.2164997e-08,1.747539e-12,-2.8257677e-12,3.5471246e-10,1.3015447e-07,-1.8909452e-11,3.0527192e-11,-2.4724448e-09
1499,1.498,0.52,1.2852484,-0.29758197,-1.5798199,-7.1617104e-14,2.96457e-13,0.77716245,-1.6145588e-13,2.6151549e-13,-2.3569823,-1.2036899e-08,1.7289313e-12,-2.7957271e-12,3.5225909e-10,1.2878378e-07,-1.8708254e-11,3.0202753e-11,-2.4597266e-09
1500,1.499,0.52,1.2852484,-0.29758197,-1.5798199,-7.0892979e-14,2.9326844e-13,0.77716245,-1.597361e-13,2.5873454e-13,-2.3569823,-1.1910149e-08,1.7105207e-12,-2.766005e-12,3.4981883e-10,1.2742749e-07,-1.8509859e-11,2.9882352e-11,-2.4467528e-09
1501,1.5,0.52,1.2852484,-0.29758197,-1.5798199,-7.017653e-14,2.9011379e-13,0.77716245,-1.5803464e-13,2.5598316e-13,-2.3569823,-1.1784735e-08,1.6923061e-12,-2.7365986e-12,3.4739113e-10,1.2608564e-07,-1.8313014e-11,2.9565031e-11,-2.4340464e-09
1502,1.501,0.52,1.2852484,-0.29758197,-1.5798199,-6.9467678e-14,2.8699271e-13,0.77716245,-1.5635129e-13,2.5326103e-13,-2.3569823,-1.1660641e-08,1.6742869e-12,-2.7075059e-12,3.4497555e-10,1.2475796e-07,-1.8117149e-11,2.9250123e-11,-2.4217406e-09
1503,1.502,0.52,1.2852484,-0.29758197,-1.5798199,-6.8766342e-14,2.8390482e-13,0.77716245,-1.5468587e-13,2.5056784e-13,-2.3569823,-1.1537853e-08,1.6564618e-12,-2.6787246e-12,3.425717e-10,1.2344428e-07,-1.79224e-11,2.893761e-11,-2.4098134e-09
1504,1.503,0.52,1.2852484,-0.29758197,-1.5798199,-6.8072441e-14,2.8084978e-13,0.77716245,-1.5303818e-13,2.4790327e-13,-2.3569823,-1.1416359e-08,1.6388237e-12,-2.6502468e-12,3.4018124e-10,1.2214441e-07,-1.7732861e-11,2.8631045e-11,-2.3969069e-09
1505,1.504,0.52,1.2852484,-0.29758197,-1.5798199,-6.7385897e-14,2.7782724e-13,0.77716245,-1.5140803e-13,2.4526704e-13,-2.3569823,-1.1296143e-08,1.6213717e-12,-2.6220702e-12,3.3780385e-10,1.2085828e-07,-1.7545615e-11,2.8328116e-11,-2.3838952e-09
1506,1.505,0.52,1.2852484,-0.29758197,-1.5798199,-6.6706633e-14,2.7483685e-13,0.77716245,-1.4979525e-13,2.4265883e-13,-2.3569823,-1.1177194e-08,1.6041055e-12,-2.5941928e-12,3.3543914e-10,1.1958565e-07,-1.7359372e-11,2.8027598e-11,-2.371106e-09
1507,1.506,0.52,1.2852484,-0.29758197,-1.5798199,-6.603457e-14,2.7187827e-13,0.77716245,-1.4819964e-13,2.4007835e-13,-2.3569823,-1.1059497e-08,1.5870236e-12,-2.566612e-12,3.3308673e-10,1.1832654e-07,-1.7174362e-11,2.7729729e-11,-2.3586443e-09
1508,1.507,0.52,1.2852484,-0.29758197,-1.5798199,-6.5369633e-14,2.6895117e-13,0.77716245,-1.4662102e-13,2.3752531e-13,-2.3569823,-1.0943039e-08,1.5701219e-12,-2.5393227e-12,3.307473e-10,1.1708077e-07,-1.6992589e-11,2.7436172e-11,-2.3458331e-09
1509,1.508,0.52,1.2852484,-0.29758197,-1.5798199,-6.4711747e-14,2.6605521e-13,0.77716245,-1.4505921e-13,2.3499942e-13,-2.3569823,-1.0827808e-08,1.5534029e-12,-2.5123257e-12,3.2841968e-10,1.1584794e-07,-1.6810209e-11,2.7143375e-11,-2.3336932e-09
1510,1.509,0.52,1.2852484,-0.29758197,-1.5798199,-6.4060836e-14,2.6319006e-13,0.77716245,-1.4351403e-13,2.3250037e-13,-2.3569823,-1.071379e-08,1.5368625e-12,-2.4856165e-12,3.2610466e-10,1.1462786e-07,-1.6630367e-11,2.6853922e-11,-2.3212456e-09
1511,1.51,0.52,1.2852484,-0.29758197,-1.5798199,-6.3416827e-14,2.6035539e-13,0.77716245,-1.4198531e-13,2.300279e-13,-2.3569823,-1.0600973e-08,1.5204958e-12,-2.4591893e-12,3.2380303e-10,1.1342066e-07,-1.6454553e-11,2.65694e-11,-2.3081622e-09
1512,1.511,0.52,1.2852484,-0.29758197,-1.5798199,-6.2779646e-14,2.5755087e-13,0.77716245,-1.4047287e-13,2.2758171e-13,-2.3569823,-1.0489344e-08,1.5043046e-12,-2.433044e-12,3.2151362e-10,1.1222629e-07,-1.6279023e-11,2.6286682e-11,-2.2956613e-09
1513,1.512,0.52,1.2852484,-0.29758197,-1.5798199,-6.2149221e-14,2.5477619e-13,0.77716245,-1.3897653e-13,2.2516153e-13,-2.3569823,-1.037889e-08,1.4882848e-12,-2.407176e-12,3.1923723e-10,1.1104437e-07,-1.6106175e-11,2.6007584e-11,-2.2828188e-09
1514,1.513,0.52,1.2852484,-0.29758197,-1.5798199,-6.152548e-14,2.5203102e-13,0.77716245,-1.3749612e-13,2.2276708e-13,-2.3569823,-1.02696e-08,1.4724381e-12,-2.3815852e-12,3.1697274e-10,1.0987485e-07,-1.5933177e-11,2.5729689e-11,-2.2705987e-09
1515,1.514,0.52,1.2852484,-0.29758197,-1.5798199,-6.0908353e-14,2.4931506e-13,0.77716245,-1.3603149e-13,2.2039809e-13,-2.3569823,-1.0161461e-08,1.4567566e-12,-2.3562635e-12,3.1472199e-10,1.0871771e-07,-1.5765415e-11,2.545772e-11,-2.2573661e-09
1516,1.515,0.52,1.2852484,-0.29758197,-1.5798199,-6.0297769e-14,2.4662799e-13,0.77716245,-1.3458244e-13,2.1805428e-13,-2.3569823,-1.0054461e-08,1.4412451e-12,-2.3312136e-12,3.1248294e-10,1.0757273e-07,-1.5596165e-11,2.5185863e-11,-2.2451529e-09
1517,1.516,0.52,1.2852484,-0.29758197,-1.5798199,-5.9693658e-14,2.439695e-13,0.77716245,-1.3314883e-13,2.1573539e-13,-2.3569823,-9.9485874e-09,1.4258984e-12,-2.3064298e-12,3.1025649e-10,1.0643986e-07,-1.5429801e-11,2.4917795e-11,-2.2326886e-09
1518,1.517,0.52,1.2852484,-0.29758197,-1.5798199,-5.9095953e-14,2.413393e-13,0.77716245,-1.3173048e-13,2.1344116e-13,-2.3569823,-9.8438291e-09,1.4107152e-12,-2.2819097e-12,3.0804266e-10,1.0531882e-07,-1.5265428e-11,2.4652691e-11,-2.2201158e-09
1519,1.518,0.52,1.2852484,-0.29758197,-1.5798199,-5.8504585e-14,2.3873707e-13,0.77716245,-1.3032724e-13,2.1117131e-13,-2.3569823,-9.7401738e-09,1.3956929e-12,-2.2576494e-12,3.0584142e-10,1.0420979e-07,-1.5103379e-11,2.4391067e-11,-2.2075282e-09
1520,1.519,0.52,1.2852484,-0.29758197,-1.5798199,-5.7919487e-14,2.3616253e-13,0.77716245,-1.2893893e-13,2.089256e-13,-2.3569823,-9.63761e-09,1.3808327e-12,-2.233649e-12,3.0365186e-10,1.0311243e-07,-1.4941231e-11,2.4130627e-11,-2.1955532e-09
1521,1.52,0.52,1.2852484,-0.29758197,-1.5798199,-5.7340592e-14,2.3361537e-13,0.77716245,-1.2756541e-13,2.0670376e-13,-2.3569823,-9.5361262e-09,1.3661293e-12,-2.2099025e-12,3.0147502e-10,1.0202669e-07,-1.4782689e-11,2.3874566e-11,-2.183075e-09
1522,1.521,0.52,1.2852484,-0.29758197,-1.5798199,-5.6767836e-14,2.3109531e-13,0.77716245,-1.2620652e-13,2.0450554e-13,-2.3569823,-9.435711e-09,1.3515809e-12,-2.186407e-12,2.9931105e-10,1.0095234e-07,-1.4626512e-11,2.3621839e-11,-2.1703363e-09
1523,1.522,0.52,1.2852484,-0.29758197,-1.5798199,-5.6201152e-14,2.2860206e-13,0.77716245,-1.2486209e-13,2.0233069e-13,-2.3569823,-9.336353e-09,1.3371881e-12,-2.1631617e-12,2.9715904e-10,9.9889448e-08,-1.4470678e-11,2.3370817e-11,-2.1581209e-09
1524,1.523,0.52,1.2852484,-0.29758197,-1.5798199,-5.5640476e-14,2.2613533e-13,0.77716245,-1.2353199e-13,2.0017897e-13,-2.3569823,-9.2380413e-09,1.3229492e-12,-2.1401641e-12,2.9501914e-10,9.8837644e-08,-1.431614e-11,2.3122035e-11,-2.1459717e-09
1525,1.524,0.52,1.2852484,-0.29758197,-1.5798199,-5.5085746e-14,2.2369484e-13,0.77716245,-1.2221604e-13,1.9805012e-13,-2.3569823,-9.140765e-09,1.3088622e-12,-2.1174112e-12,2.9289158e-10,9.7796765e-08,-1.4163408e-11,2.2875884e-11,-2.1336962e-09
1526,1.525,0.52,1.2852484,-0.29758197,-1.5798199,-5.4536896e-14,2.2128032e-13,0.77716245,-1.2091411e-13,1.959439e-13,-2.3569823,-9.044513e-09,1.2949242e-12,-2.0948995e-12,2.9077656e-10,9.6766915e-08,-1.40131e-11,2.2633096e-11,-2.1212455e-09
1527,1.526,0.52,1.2852484,-0.29758197,-1.5798199,-5.3993867e-14,2.1889148e-13,0.77716245,-1.1962605e-13,1.9386008e-13,-2.3569823,-8.9492744e-09,1.2811359e-12,-2.0726281e-12,2.8867332e-10,9.5747993e-08,-1.386327e-11,2.2391986e-11,-2.1092425e-09
1528,1.527,0.52,1.2852484,-0.29758197,-1.5798199,-5.3456595e-14,2.1652805e-13,0.77716245,-1.183517e-13,1.9179841e-13,-2.3569823,-8.8550388e-09,1.2674919e-12,-2.0505913e-12,2.865831e-10,9.4739753e-08,-1.3717101e-11,2.2155196e-11,-2.0965613e-09
1529,1.528,0.52,1.2852484,-0.29758197,-1.5798199,-5.2925019e-14,2.1418977e-13,0.77716245,-1.1709092e-13,1.8975866e-13,-2.3569823,-8.7617955e-09,1.2539929e-12,-2.0287884e-12,2.8450518e-10,9.3742152e-08,-1.3571668e-11,2.1920318e-11,-2.0841349e-09
1530,1.529,0.52,1.2852484,-0.29758197,-1.5798199,-5.2399079e-14,2.1187636e-13,0.77716245,-1.1584357e-13,1.877406e-13,-2.3569823,-8.669534e-09,1.2406369e-12,-2.0072165e-12,2.824398e-10,9.275501e-08,-1.3427886e-11,2.1688036e-11,-2.0716329e-09
1531,1.53,0.52,1.2852484,-0.29758197,-1.5798199,-5.1878716e-14,2.0958757e-13,0.77716245,-1.146095e-13,1.85744e-13,-2.3569823,-8.5782443e-09,1.2274248e-12,-1.9858754e-12,2.8038628e-10,9.177814e-08,-1.3284066e-11,2.145678e-11,-2.0595556e-09
1532,1.531,0.52,1.2852484,-0.29758197,-1.5798199,-5.1363871e-14,2.0732313e-13,0.77716245,-1.1338857e-13,1.8376862e-13,-2.3569823,-8.4879161e-09,1.2143537e-12,-1.9647616e-12,2.7834496e-10,9.0811499e-08,-1.3142076e-11,2.122814e-11,-2.0473982e-09
1533,1.532,0.52,1.2852484,-0.29758197,-1.5798199,-5.0854484e-14,2.0508277e-13,0.77716245,-1.1218065e-13,1.8181425e-13,-2.3569823,-8.3985392e-09,1.2014233e-12,-1.9438736e-12,2.7631524e-10,8.9855151e-08,-1.3000926e-11,2.1001374e-11,-2.0356147e-09
1534,1.533,0.52,1.2852484,-0.29758197,-1.5798199,-5.0350498e-14,2.0286626e-13,0.77716245,-1.1098559e-13,1.7988065e-13,-2.3569823,-8.3101033e-09,1.1886275e-12,-1.9232049e-12,2.7429851e-10,8.8908973e-08,-1.2864168e-11,2.0779574e-11,-2.0230266e-09
1535,1.534,0.52,1.2852484,-0.29758197,-1.5798199,-4.9851856e-14,2.0067332e-13,0.77716245,-1.0980326e-13,1.7796762e-13,-2.3569823,-8.2225987e-09,1.17597e-12,-1.9027577e-12,2.7229326e-10,8.7972691e-08,-1.2726397e-11,2.0558002e-11,-2.0111762e-09
1536,1.535,0.52,1.2852484,-0.29758197,-1.5798199,-4.9358501e-14,1.9850371e-13,0.77716245,-1.0863351e-13,1.7607492e-13,-2.3569823,-8.1360157e-09,1.1634477e-12,-1.8825283e-12,2.7029992e-10,8.7046235e-08,-1.2590335e-11,2.0338913e-11,-1.9992854e-09
1537,1.536,0.52,1.2852484,-0.29758197,-1.5798199,-4.8870377e-14,1.9635718e-13,0.77716245,-1.0747623e-13,1.7420234e-13,-2.3569823,-8.0503446e-09,1.1510576e-12,-1.8625131e-12,2.68319e-10,8.6129497e-08,-1.2456865e-11,2.012311e-11,-1.9870406e-09
1538,1.537,0.52,1.2852484,-0.29758197,-1.5798199,-4.8387428e-14,1.9423349e-13,0.77716245,-1.0633127e-13,1.7234968e-13,-2.3569823,-7.9655755e-09,1.1387992e-12,-1.8427104e-12,2.6635e-10,8.5222552e-08,-1.2324522e-11,1.9909494e-11,-1.975012e-09
1539,1.538,0.52,1.2852484,-0.29758197,-1.5798199,-4.7909601e-14,1.9213239e-13,0.77716245,-1.051985e-13,1.7051671e-13,-2.3569823,-7.881699e-09,1.1266726e-12,-1.8231192e-12,2.6439246e-10,8.4325183e-08,-1.2192589e-11,1.9697292e-11,-1.963361e-09
1540,1.539,0.52,1.2852484,-0.29758197,-1.5798199,-4.7436839e-14,1.9005364e-13,0.77716245,-1.0407779e-13,1.6870323e-13,-2.3569823,-7.7987058e-09,1.1146745e-12,-1.8037358e-12,2.6244698e-10,8.3437221e-08,-1.2062949e-11,1.9488043e-11,-1.9514445e-09
1541,1.54,0.52,1.2852484,-0.29758197,-1.5798199,-4.6969091e-14,1.8799701e-13,0.77716245,-1.0296902e-13,1.6690903e-13,-2.3569823,-7.7165865e-09,1.1028046e-12,-1.784559e-12,2.6051318e-10,8.2558564e-08,-1.193422e-11,1.9280577e-11,-1.9396796e-09
1542,1.541,0.52,1.2852484,-0.29758197,-1.5798199,-4.6506301e-14,1.8596226e-13,0.77716245,-1.0187206e-13,1.6513391e-13,-2.3569823,-7.6353322e-09,1.0910598e-12,-1.7655849e-12,2.5859168e-10,8.1689111e-08,-1.1807956e-11,1.9076243e-11,-1.9275576e-09
1543,1.542,0.52,1.2852484,-0.29758197,-1.5798199,-4.6048419e-14,1.8394915e-13,0.77716245,-1.0078677e-13,1.6337766e-13,-2.3569823,-7.5549335e-09,1.0794426e-12,-1.7468148e-12,2.5668116e-10,8.0828827e-08,-1.1680797e-11,1.8872162e-11,-1.9162002e-09
1544,1.543,0.52,1.2852484,-0.29758197,-1.5798199,-4.5595392e-14,1.8195746e-13,0.77716245,-9.9713048e-14,1.6164008e-13,-2.3569823,-7.4753815e-09,1.0679463e-12,-1.7282419e-12,2.5478325e-10,7.9977611e-08,-1.1557784e-11,1.8672647e-11,-1.9040115e-09
1545,1.544,0.52,1.2852484,-0.29758197,-1.5798199,-4.5147167e-14,1.7998696e-13,0.77716245,-9.8650758e-14,1.5992098e-13,-2.3569823,-7.3966671e-09,1.0565734e-12,-1.7098671e-12,2.5289666e-10,7.9135461e-08,-1.1434557e-11,1.8474079e-11,-1.892393e-09
1546,1.545,0.52,1.2852484,-0.29758197,-1.5798199,-4.4703696e-14,1.7803742e-13,0.77716245,-9.7599781e-14,1.5822015e-13,-2.3569823,-7.3187813e-09,1.0453199e-12,-1.691686e-12,2.5102207e-10,7.8302319e-08,-1.1313837e-11,1.8278769e-11,-1.8805266e-09
1547,1.546,0.52,1.2852484,-0.29758197,-1.5798199,-4.4264926e-14,1.7610863e-13,0.77716245,-9.6559998e-14,1.5653741e-13,-2.3569823,-7.2417155e-09,1.0341855e-12,-1.6736972e-12,2.4915922e-10,7.7477991e-08,-1.1194223e-11,1.8085459e-11,-1.868742e-09
1548,1.547,0.52,1.2852484,-0.29758197,-1.5798199,-4.3830809e-14,1.7420036e-13,0.77716245,-9.5531291e-14,1.5487256e-13,-2.3569823,-7.1654609e-09,1.0231695e-12,-1.6558991e-12,2.4730786e-10,7.6662393e-08,-1.1075409e-11,1.7893847e-11,-1.8571514e-09
1549,1.548,0.52,1.2852484,-0.29758197,-1.5798199,-4.3401295e-14,1.723124e-13,0.77716245,-9.4513541e-14,1.5322542e-13,-2.3569823,-7.0900094e-09,1.0122719e-12,-1.6382912e-12,2.4546784e-10,7.5855151e-08,-1.0956864e-11,1.7703201e-11,-1.8457336e-09
1550,1.549,0.52,1.2852484,-0.29758197,-1.5798199,-4.2976336e-14,1.7044452e-13,0.77716245,-9.350663e-14,1.5159579e-13,-2.3569823,-7.0153522e-09,1.0014911e-12,-1.6208712e-12,2.4363898e-10,7.5056482e-08,-1.0839444e-11,1.7514443e-11,-1.8344858e-09
1551,1.55,0.52,1.2852484,-0.29758197,-1.5798199,-4.2555884e-14,1.6859651e-13,0.77716245,-9.2510444e-14,1.4998349e-13,-2.3569823,-6.9414813e-09,9.9082356e-13,-1.6036349e-12,2.4182216e-10,7.4266136e-08,-1.0724877e-11,1.7328978e-11,-1.8227058e-09
1552,1.551,0.52,1.2852484,-0.29758197,-1.5798199,-4.2139889e-14,1.6676817e-13,0.77716245,-9.1524868e-14,1.4838834e-13,-2.3569823,-6.868388e-09,9.8027069e-13,-1.5865827e-12,2.4001628e-10,7.3484258e-08,-1.0610202e-11,1.7144464e-11,-1.8114903e-09
1553,1.552,0.52,1.2852484,-0.29758197,-1.5798199,-4.1728307e-14,1.6495929e-13,0.77716245,-9.054979e-14,1.4681015e-13,-2.3569823,-6.7960645e-09,9.6982933e-13,-1.5697112e-12,2.3822224e-10,7.2710382e-08,-1.0497643e-11,1.6962487e-11,-1.7998536e-09
1554,1.553,0.52,1.2852484,-0.29758197,-1.5798199,-4.1321088e-14,1.6316965e-13,0.77716245,-8.9585096e-14,1.4524874e-13,-2.3569823,-6.7245028e-09,9.5950135e-13,-1.5530212e-12,2.3643902e-10,7.1944579e-08,-1.0384537e-11,1.6780872e-11,-1.7887674e-09
1555,1.554,0.52,1.2852484,-0.29758197,-1.5798199,-4.0918188e-14,1.6139905e-13,0.77716245,-8.8630677e-14,1.4370393e-13,-2.3569823,-6.653695e-09,9.4928264e-13,-1.5365083e-12,2.3466754e-10,7.1186725e-08,-1.0273983e-11,1.6602223e-11,-1.7772391e-09
1556,1.555,0.52,1.2852484,-0.29758197,-1.5798199,-4.051956e-14,1.5964728e-13,0.77716245,-8.7686421e-14,1.4217554e-13,-2.3569823,-6.5836328e-09,9.3917419e-13,-1.5201722e-12,2.329068e-10,7.043705e-08,-1.0163626e-11,1.6424776e-11,-1.766241e-09
1557,1.556,0.52,1.2852484,-0.29758197,-1.5798199,-4.0125159e-14,1.5791416e-13,0.77716245,-8.6752221e-14,1.4066341e-13,-2.3569823,-6.5143086e-09,9.2917214e-13,-1.504009e-12,2.3115781e-10,6.969515e-08,-1.0055912e-11,1.6250381e-11,-1.7547428e-09
1558,1.557,0.52,1.2852484,-0.29758197,-1.5798199,-3.973494e-14,1.5619947e-13,0.77716245,-8.5827969e-14,1.3916735e-13,-2.3569823,-6.4457145e-09,9.1927781e-13,-1.4880188e-12,2.294196e-10,6.896114e-08,-9.948188e-12,1.6076931e-11,-1.7437161e-09
1559,1.558,0.52,1.2852484,-0.29758197,-1.5798199,-3.9348858e-14,1.5450302e-13,0.77716245,-8.491356e-14,1.376872e-13,-2.3569823,-6.3778427e-09,9.0948664e-13,-1.4721967e-12,2.2769319e-10,6.823493e-08,-9.8435087e-12,1.5907042e-11,-1.7321795e-09
1560,1.559,0.52,1.2852484,-0.29758197,-1.5798199,-3.896687e-14,1.5282463e-13,0.77716245,-8.400889e-14,1.3622279e-13,-2.3569823,-6.3106857e-09,8.9980081e-13,-1.4565439e-12,2.2597768e-10,6.7516258e-08,-9.7383881e-12,1.57376e-11,-1.7210671e-09
1561,1.56,0.52,1.2852484,-0.29758197,-1.5798199,-3.8588932e-14,1.5116409e-13,0.77716245,-8.3113855e-14,1.3477394e-13,-2.3569823,-6.244236e-09,8.902183e-13,-1.4410575e-12,2.2427311e-10,6.6805263e-08,-9.6344706e-12,1.5570105e-11,-1.7100678e-09
1562,1.561,0.52,1.2852484,-0.29758197,-1.5798199,-3.8215001e-14,1.4952121e-13,0.77716245,-8.2228352e-14,1.3334051e-13,-2.3569823,-6.1784857e-09,8.8073705e-13,-1.4257349e-12,2.225796e-10,6.6101923e-08,-9.5323255e-12,1.5405089e-11,-1.6990304e-09
1563,1.562,0.52,1.2852484,-0.29758197,-1.5798199,-3.7845036e-14,1.4789581e-13,0.77716245,-8.1352278e-14,1.3192231e-13,-2.3569823,-6.113428e-09,8.7135903e-13,-1.4105773e-12,2.2089638e-10,6.5405817e-08,-9.4294574e-12,1.5240102e-11,-1.6884936e-09
1564,1.563,0.52,1.2852484,-0.29758197,-1.5798199,-3.7478993e-14,1.4628771e-13,0.77716245,-8.0485534e-14,1.3051919e-13,-2.3569823,-6.0490553e-09,8.6207907e-13,-1.3955794e-12,2.1922461e-10,6.4717025e-08,-9.3297927e-12,1.5078634e-11,-1.677342e-09
1565,1.564,0.52,1.2852484,-0.29758197,-1.5798199,-3.7116831e-14,1.4469671e-13,0.77716245,-7.962802e-14,1.2913099e-13,-2.3569823,-5.9853605e-09,8.528982e-13,-1.3807411e-12,2.1756354e-10,6.4035565e-08,-9.2305051e-12,1.4918394e-11,-1.6664959e-09
1566,1.565,0.52,1.2852484,-0.29758197,-1.5798199,-3.6758509e-14,1.4312265e-13,0.77716245,-7.877964e-14,1.2775755e-13,-2.3569823,-5.9223362e-09,8.4381443e-13,-1.3660599e-12,2.1591335e-10,6.3361368e-08,-9.1326872e-12,1.4760292e-11,-1.6556218e-09
1567,1.566,0.52,1.2852484,-0.29758197,-1.5798199,-3.6403987e-14,1.4156532e-13,0.77716245,-7.7940293e-14,1.2639871e-13,-2.3569823,-5.8599756e-09,8.3482906e-13,-1.3515362e-12,2.1427336e-10,6.2694203e-08,-9.0344727e-12,1.4602561e-11,-1.6452035e-09
1568,1.567,0.52,1.2852484,-0.29758197,-1.5798199,-3.6053224e-14,1.4002457e-13,0.77716245,-7.7109887e-14,1.2505432e-13,-2.3569823,-5.7982716e-09,8.2593687e-13,-1.3371647e-12,2.1264481e-10,6.203407e-08,-8.9396172e-12,1.4448497e-11,-1.6341007e-09
1569,1.568,0.52,1.2852484,-0.29758197,-1.5798199,-3.570618e-14,1.3850021e-13,0.77716245,-7.6288325e-14,1.2372423e-13,-2.3569823,-5.7372174e-09,8.1713935e-13,-1.322946e-12,2.1102704e-10,6.1380806e-08,-8.8448871e-12,1.4295324e-11,-1.6232153e-09
1570,1.569,0.52,1.2852484,-0.29758197,-1.5798199,-3.5362816e-14,1.3699207e-13,0.77716245,-7.5475515e-14,1.2240828e-13,-2.3569823,-5.6768061e-09,8.0843439e-13,-1.3088773e-12,2.0942028e-10,6.0734469e-08,-8.7516025e-12,1.4144242e-11,-1.6122414e-09
1571,1.57,0.52,1.2852484,-0.29758197,-1.5798199,-3.5023092e-14,1.3549998e-13,0.77716245,-7.4671363e-14,1.2110633e-13,-2.3569823,-5.617031e-09,7.9982319e-13,-1.294959e-12,2.0782387e-10,6.009491e-08,-8.6580028e-12,1.3993639e-11,-1.6016883e-09
1572,1.571,0.52,1.2852484,-0.29758197,-1.5798199,-3.4686971e-14,1.3402376e-13,0.77716245,-7.3875776e-14,1.1981821e-13,-2.3569823,-5.5578851e-09,7.913031e-13,-1.2811879e-12,2.0623812e-10,5.9462201e-08,-8.5660584e-12,1.3845261e-11,-1.5910655e-09
1573,1.572,0.52,1.2852484,-0.29758197,-1.5798199,-3.4354414e-14,1.3256326e-13,0.77716245,-7.3088664e-14,1.185438e-13,-2.3569823,-5.4993622e-09,7.828753e-13,-1.2675646e-12,2.0466246e-10,5.8836033e-08,-8.4738868e-12,1.3697289e-11,-1.5807901e-09
1574,1.573,0.52,1.2852484,-0.29758197,-1.5798199,-3.4025384e-14,1.3111829e-13,0.77716245,-7.2309936e-14,1.1728294e-13,-2.3569823,-5.4414553e-09,7.7453664e-13,-1.2540855e-12,2.0309731e-10,5.8216601e-08,-8.3837344e-12,1.3551831e-11,-1.5703681e-09
1575,1.574,0.52,1.2852484,-0.29758197,-1.5798199,-3.3699842e-14,1.296887e-13,0.77716245,-7.1539503e-14,1.1603549e-13,-2.3569823,-5.3841582e-09,7.6628507e-13,-1.2407481e-12,2.0154312e-10,5.7603636e-08,-8.2956242e-12,1.3408832e-11,-1.5595838e-09
1576,1.575,0.52,1.2852484,-0.29758197,-1.5798199,-3.3377753e-14,1.2827432e-13,0.77716245,-7.0777276e-14,1.148013e-13,-2.3569823,-5.3274644e-09,7.5812436e-13,-1.2275552e-12,1.9999838e-10,5.6997076e-08,-8.2056839e-12,1.3264923e-11,-1.5496863e-09
1577,1.576,0.52,1.2852484,-0.29758197,-1.5798199,-3.305908e-14,1.2687499e-13,0.77716245,-7.0023168e-14,1.1358024e-13,-2.3569823,-5.2713674e-09,7.5004828e-13,-1.2145004e-12,1.9846453e-10,5.6397015e-08,-8.119277e-12,1.3124793e-11,-1.5391296e-09
1578,1.577,0.52,1.2852484,-0.29758197,-1.5798199,-3.2743786e-14,1.2549055e-13,0.77716245,-6.9277091e-14,1.1237216e-13,-2.3569823,-5.215861e-09,7.4206053e-13,-1.2015865e-12,1.9694017e-10,5.5803226e-08,-8.0315921e-12,1.2984216e-11,-1.5292815e-09
1579,1.578,0.52,1.2852484,-0.29758197,-1.5798199,-3.2431835e-14,1.2412084e-13,0.77716245,-6.8538962e-14,1.1117693e-13,-2.3569823,-5.1609393e-09,7.3415559e-13,-1.1888081e-12,1.9542681e-10,5.5215573e-08,-7.9471588e-12,1.2847018e-11,-1.5186647e-09
1580,1.579,0.52,1.2852484,-0.29758197,-1.5798199,-3.2123193e-14,1.2276571e-13,0.77716245,-6.7808695e-14,1.0999441e-13,-2.3569823,-5.1065957e-09,7.2633625e-13,-1.1761666e-12,1.9392304e-10,5.4634268e-08,-7.8619449e-12,1.2709987e-11,-1.5087376e-09
1581,1.58,0.52,1.2852484,-0.29758197,-1.5798199,-3.1817824e-14,1.21425e-13,0.77716245,-6.7086206e-14,1.0882446e-13,-2.3569823,-5.0528243e-09,7.1859993e-13,-1.1636594e-12,1.9242942e-10,5.405904e-08,-7.7782006e-12,1.2574829e-11,-1.4986598e-09
1582,1.581,0.52,1.2852484,-0.29758197,-1.5798199,-3.1515693e-14,1.2009855e-13,0.77716245,-6.6371412e-14,1.0766695e-13,-2.3569823,-4.999619e-09,7.1094673e-13,-1.1512858e-12,1.909456e-10,5.3489832e-08,-7.694862e-12,1.2440642e-11,-1.4887662e-09
1583,1.582,0.52,1.2852484,-0.29758197,-1.5798199,-3.1216766e-14,1.1878621e-13,0.77716245,-6.5664231e-14,1.0652175e-13,-2.3569823,-4.946974e-09,7.0337355e-13,-1.1390426e-12,1.894722e-10,5.2926648e-08,-7.6137443e-12,1.2309059e-11,-1.4785191e-09
1584,1.583,0.52,1.2852484,-0.29758197,-1.5798199,-3.092101e-14,1.1748784e-13,0.77716245,-6.4964584e-14,1.0538874e-13,-2.3569823,-4.8948832e-09,6.9588068e-13,-1.1269291e-12,1.8800889e-10,5.2369384e-08,-7.5331607e-12,1.217864e-11,-1.4683843e-09
1585,1.584,0.52,1.2852484,-0.29758197,-1.5798199,-3.0628389e-14,1.1620329e-13,0.77716245,-6.4272391e-14,1.0426777e-13,-2.3569823,-4.8433411e-09,6.8846577e-13,-1.1149429e-12,1.8655627e-10,5.1817861e-08,-7.4543271e-12,1.2050355e-11,-1.457871e-09
1586,1.585,0.52,1.2852484,-0.29758197,-1.5798199,-3.0338871e-14,1.1493241e-13,0.77716245,-6.3587572e-14,1.0315872e-13,-2.3569823,-4.7923422e-09,6.8113263e-13,-1.1030867e-12,1.8511304e-10,5.1271929e-08,-7.3735362e-12,1.1920899e-11,-1.4481098e-09
1587,1.586,0.52,1.2852484,-0.29758197,-1.5798199,-3.0052424e-14,1.1367505e-13,0.77716245,-6.2910047e-14,1.0206147e-13,-2.3569823,-4.7418803e-09,6.7387724e-13,-1.0913564e-12,1.8367981e-10,5.0731906e-08,-7.2947696e-12,1.179389e-11,-1.4381915e-09
1588,1.587,0.52,1.2852484,-0.29758197,-1.5798199,-2.9769014e-14,1.1243107e-13,0.77716245,-6.2239739e-14,1.0097588e-13,-2.3569823,-4.6919497e-09,6.6669927e-13,-1.0797508e-12,1.8225632e-10,5.019767e-08,-7.2169035e-12,1.1668344e-11,-1.4283923e-09
1589,1.588,0.52,1.2852484,-0.29758197,-1.5798199,-2.9488609e-14,1.1120032e-13,0.77716245,-6.1576571e-14,9.9901842e-14,-2.3569823,-4.642545e-09,6.5959854e-13,-1.0682693e-12,1.8084234e-10,4.9669052e-08,-7.1394563e-12,1.1543743e-11,-1.4187849e-09
1590,1.589,0.52,1.2852484,-0.29758197,-1.5798199,-2.9211178e-14,1.0998267e-13,0.77716245,-6.0920465e-14,9.883922e-14,-2.3569823,-4.5936607e-09,6.5257486e-13,-1.0569115e-12,1.7943769e-10,4.9145891e-08,-7.0622726e-12,1.141984e-11,-1.4093584e-09
1591,1.59,0.52,1.2852484,-0.29758197,-1.5798199,-2.8936689e-14,1.0877798e-13,0.77716245,-6.0271347e-14,9.7787898e-14,-2.3569823,-4.5452913e-09,6.4562471e-13,-1.0456735e-12,1.7804319e-10,4.8628185e-08,-6.9875221e-12,1.1298585e-11,-1.3994525e-09
1592,1.591,0.52,1.2852484,-0.29758197,-1.5798199,-2.866511e-14,1.075861e-13,0.77716245,-5.9629142e-14,9.6747754e-14,-2.3569823,-4.4974316e-09,6.3874799e-13,-1.0345547e-12,1.7665867e-10,4.8115871e-08,-6.913653e-12,1.1178719e-11,-1.3895013e-09
1593,1.592,0.52,1.2852484,-0.29758197,-1.5798199,-2.8396411e-14,1.064069e-13,0.77716245,-5.8993776e-14,9.5718668e-14,-2.3569823,-4.4500757e-09,6.3194651e-13,-1.0235558e-12,1.752829e-10,4.7609205e-08,-6.8388738e-12,1.105887e-11,-1.3803443e-09
1594,1.593,0.52,1.2852484,-0.29758197,-1.5798199,-2.813056e-14,1.0524025e-13,0.77716245,-5.8365176e-14,9.4700524e-14,-2.3569823,-4.4032186e-09,6.2521691e-13,-1.0126734e-12,1.7391677e-10,4.7107827e-08,-6.7660256e-12,1.0941187e-11,-1.3708703e-09
1595,1.594,0.52,1.2852484,-0.29758197,-1.5798199,-2.7867529e-14,1.0408601e-13,0.77716245,-5.774327e-14,9.3693205e-14,-2.3569823,-4.356855e-09,6.185586e-13,-1.0019066e-12,1.725602e-10,4.6611698e-08,-6.6942163e-12,1.0824975e-11,-1.3613358e-09
1596,1.595,0.52,1.2852484,-0.29758197,-1.5798199,-2.7607286e-14,1.0294405e-13,0.77716245,-5.7127988e-14,9.2696597e-14,-2.3569823,-4.3109795e-09,6.1197062e-13,-9.9125358e-13,1.7121308e-10,4.6120907e-08,-6.623392e-12,1.0710311e-11,-1.351856e-09
1597,1.596,0.52,1.2852484,-0.29758197,-1.5798199,-2.7349803e-14,1.0181424e-13,0.77716245,-5.6519259e-14,9.1710585e-14,-2.3569823,-4.265587e-09,6.0545262e-13,-9.8071367e-13,1.6987535e-10,4.5635252e-08,-6.5531303e-12,1.0596708e-11,-1.3424427e-09
1598,1.597,0.52,1.2852484,-0.29758197,-1.5798199,-2.709505e-14,1.0069645e-13,0.77716245,-5.5917013e-14,9.0735056e-14,-2.3569823,-4.2206728e-09,5.9900426e-13,-9.702861e-13,1.6854695e-10,4.5154588e-08,-6.4832826e-12,1.0483947e-11,-1.3330804e-09
1599,1.598,0.52,1.2852484,-0.29758197,-1.5798199,-2.6842998e-14,9.9590549e-14,0.77716245,-5.5321181e-14,8.9769901e-14,-2.3569823,-4.1762316e-09,5.9262466e-13,-9.5996953e-13,1.6722784e-10,4.4678975e-08,-6.4141597e-12,1.0372366e-11,-1.3237668e-09
1600,1.599,0.52,1.2852484,-0.29758197,-1.5798199,-2.6593618e-14,9.8496417e-14,0.77716245,-5.4731695e-14,8.8815007e-14,-2.3569823,-4.1322585e-09,5.863129e-13,-9.4976257e-13,1.65918e-10,4.4208393e-08,-6.3458909e-12,1.0262095e-11,-1.3144837e-09
1601,1.6,0.52,1.2852484,-0.29758197,-1.5798199,-2.6346882e-14,9.7413923e-14,0.77716245,-5.4148486e-14,8.7870265e-14,-2.3569823,-4.0887485e-09,5.8007089e-13,-9.3966636e-13,1.6461646e-10,4.3742801e-08,-6.2766392e-12,1.0151501e-11,-1.3058526e-09
1602,1.601,0.52,1.2852484,-0.29758197,-1.5798199,-2.6102762e-14,9.6342945e-14,0.77716245,-5.3571487e-14,8.6935566e-14,-2.3569823,-4.0456968e-09,5.7389434e-13,-9.2967681e-13,1.6332428e-10,4.3282095e-08,-6.2099121e-12,1.0043539e-11,-1.296735e-09
1603,1.602,0.52,1.2852484,-0.29758197,-1.5798199,-2.5861231e-14,9.528336e-14,0.77716245,-5.3000632e-14,8.6010806e-14,-2.3569823,-4.0030982e-09,5.6778177e-13,-9.1979179e-13,1.6204154e-10,4.2826392e-08,-6.1450202e-12,9.937857e-12,-1.2874058e-09
1604,1.603,0.52,1.2852484,-0.29758197,-1.5798199,-2.562226e-14,9.4235048e-14,0.77716245,-5.2435857e-14,8.5095877e-14,-2.3569823,-3.9609481e-09,5.617353e-13,-9.1001259e-13,1.6076732e-10,4.2375538e-08,-6.0793189e-12,9.8320882e-12,-1.2786159e-09
1605,1.604,0.52,1.2852484,-0.29758197,-1.5798199,-2.5385823e-14,9.3197889e-14,0.77716245,-5.1877097e-14,8.4190676e-14,-2.3569823,-3.9192415e-09,5.5575324e-13,-9.0033714e-13,1.595017e-10,4.1929587e-08,-6.0144773e-12,9.7276622e-12,-1.2699532e-09
1606,1.605,0.52,1.2852484,-0.29758197,-1.5798199,-2.5151893e-14,9.2171766e-14,0.77716245,-5.1324289e-14,8.3295101e-14,-2.3569823,-3.8779738e-09,5.4983156e-13,-8.9076144e-13,1.5824581e-10,4.1488333e-08,-5.9526128e-12,9.6263515e-12,-1.2605758e-09
1607,1.606,0.52,1.2852484,-0.29758197,-1.5798199,-2.4920444e-14,9.1156565e-14,0.77716245,-5.0777371e-14,8.2409052e-14,-2.3569823,-3.8371404e-09,5.4397255e-13,-8.8128686e-13,1.5699881e-10,4.1051703e-08,-5.8902131e-12,9.5251745e-12,-1.2515281e-09
1608,1.607,0.52,1.2852484,-0.29758197,-1.5798199,-2.4691449e-14,9.015217e-14,0.77716245,-5.0236282e-14,8.1532427e-14,-2.3569823,-3.7967368e-09,5.3817533e-13,-8.7191216e-13,1.5576077e-10,4.0619628e-08,-5.8282176e-12,9.4248527e-12,-1.2425316e-09
1609,1.608,0.52,1.2852484,-0.29758197,-1.5798199,-2.4464882e-14,8.9158465e-14,0.77716245,-4.9700958e-14,8.0665127e-14,-2.3569823,-3.7567585e-09,5.3244167e-13,-8.6263847e-13,1.5453088e-10,4.0192085e-08,-5.7651796e-12,9.3240809e-12,-1.2341042e-09
1610,1.609,0.52,1.2852484,-0.29758197,-1.5798199,-2.4240719e-14,8.8175337e-14,0.77716245,-4.9171338e-14,7.9807052e-14,-2.3569823,-3.7172013e-09,5.2676761e-13,-8.5346216e-13,1.5331034e-10,3.9768846e-08,-5.7044326e-12,9.2255691e-12,-1.2250654e-09
1611,1.61,0.52,1.2852484,-0.29758197,-1.5798199,-2.4018932e-14,8.7202673e-14,0.77716245,-4.8647362e-14,7.8958104e-14,-2.3569823,-3.6780607e-09,5.2115475e-13,-8.4438403e-13,1.5209837e-10,3.9350028e-08,-5.6433853e-12,9.1272702e-12,-1.2163362e-09
1612,1.611,0.52,1.2852484,-0.29758197,-1.5798199,-2.3799498e-14,8.6240363e-14,0.77716245,-4.8128968e-14,7.8118187e-14,-2.3569823,-3.6393322e-09,5.1560146e-13,-8.354022e-13,1.5089515e-10,3.8935664e-08,-5.5833211e-12,9.030314e-12,-1.2075897e-09
1613,1.612,0.52,1.2852484,-0.29758197,-1.5798199,-2.3582391e-14,8.5288294e-14,0.77716245,-4.7616098e-14,7.7287203e-14,-2.3569823,-3.6010116e-09,5.1010938e-13,-8.2651772e-13,1.4969996e-10,3.852561e-08,-5.5224945e-12,8.9330896e-12,-1.1993212e-09
1614,1.613,0.52,1.2852484,-0.29758197,-1.5798199,-2.3367587e-14,8.4346358e-14,0.77716245,-4.7108692e-14,7.6465057e-14,-2.3569823,-3.5630945e-09,5.0467344e-13,-8.1772569e-13,1.4851404e-10,3.8119948e-08,-5.46479e-12,8.8390537e-12,-1.190389e-09
1615,1.614,0.52,1.2852484,-0.29758197,-1.5798199,-2.3155061e-14,8.3414449e-14,0.77716245,-4.6606693e-14,7.5651658e-14,-2.3569823,-3.5255766e-09,4.9929531e-13,-8.0902695e-13,1.4733668e-10,3.7718579e-08,-5.4070183e-12,8.7455078e-12,-1.1817025e-09
1616,1.615,0.52,1.2852484,-0.29758197,-1.5798199,-2.2944789e-14,8.2492458e-14,0.77716245,-4.6110043e-14,7.484691e-14,-2.3569823,-3.4884537e-09,4.939763e-13,-8.0042223e-13,1.4616716e-10,3.7321467e-08,-5.3483431e-12,8.651648e-12,-1.1735787e-09
1617,1.616,0.52,1.2852484,-0.29758197,-1.5798199,-2.2736747e-14,8.1580282e-14,0.77716245,-4.5618685e-14,7.4050723e-14,-2.3569823,-3.4517215e-09,4.8871146e-13,-7.9190679e-13,1.4500678e-10,3.6928578e-08,-5.2926739e-12,8.5608453e-12,-1.1647813e-09
1618,1.617,0.52,1.2852484,-0.29758197,-1.5798199,-2.2530913e-14,8.0677815e-14,0.77716245,-4.5132562e-14,7.3263004e-14,-2.3569823,-3.4153761e-09,4.8350531e-13,-7.834841e-13,1.4385393e-10,3.6539792e-08,-5.2349907e-12,8.4687416e-12,-1.156825e-09
1619,1.618,0.52,1.2852484,-0.29758197,-1.5798199,-2.2327261e-14,7.9784953e-14,0.77716245,-4.4651619e-14,7.2483665e-14,-2.3569823,-3.3794135e-09,4.7835303e-13,-7.7514971e-13,1.4270995e-10,3.615502e-08,-5.1798547e-12,8.379174e-12,-1.1482612e-09
1620,1.619,0.52,1.2852484,-0.29758197,-1.5798199,-2.2125769e-14,7.8901596e-14,0.77716245,-4.4175801e-14,7.1712616e-14,-2.3569823,-3.3438293e-09,4.7325525e-13,-7.6690343e-13,1.4157422e-10,3.5774468e-08,-5.1251353e-12,8.2905775e-12,-1.139907e-09
1621,1.62,0.52,1.2852484,-0.29758197,-1.5798199,-2.1926415e-14,7.802764e-14,0.77716245,-4.3705053e-14,7.0949769e-14,-2.3569823,-3.3086199e-09,4.6821388e-13,-7.587468e-13,1.4044618e-10,3.5397728e-08,-5.0692941e-12,8.2012798e-12,-1.1319999e-09
1622,1.621,0.52,1.2852484,-0.29758197,-1.5798199,-2.1729175e-14,7.7162986e-14,0.77716245,-4.3239319e-14,7.0195035e-14,-2.3569823,-3.2737813e-09,4.6322632e-13,-7.5067714e-13,1.3932623e-10,3.5024984e-08,-5.0148039e-12,8.113535e-12,-1.1239654e-09
1623,1.622,0.52,1.2852484,-0.29758197,-1.5798199,-2.1534028e-14,7.6307532e-14,0.77716245,-4.2778546e-14,6.9448327e-14,-2.3569823,-3.2393095e-09,4.5829322e-13,-7.4269458e-13,1.3821388e-10,3.4656199e-08,-4.960334e-12,8.0262143e-12,-1.1162193e-09
1624,1.623,0.52,1.2852484,-0.29758197,-1.5798199,-2.134095e-14,7.5461182e-14,0.77716245,-4.2322682e-14,6.8709562e-14,-2.3569823,-3.2052006e-09,4.5340921e-13,-7.3479397e-13,1.3711058e-10,3.429136e-08,-4.9094507e-12,7.9424801e-12,-1.1076078e-09
1625,1.624,0.52,1.2852484,-0.29758197,-1.5798199,-2.114992e-14,7.4623841e-14,0.77716245,-4.1871675e-14,6.7978654e-14,-2.3569823,-3.1714507e-09,4.4857852e-13,-7.269784e-13,1.3601483e-10,3.3930382e-08,-4.8569412e-12,7.8578743e-12,-1.0997006e-09
1626,1.625,0.52,1.2852484,-0.29758197,-1.5798199,-2.0960916e-14,7.3795412e-14,0.77716245,-4.1425473e-14,6.7255522e-14,-2.3569823,-3.1380561e-09,4.4379896e-13,-7.1924559e-13,1.3492708e-10,3.3573224e-08,-4.8053591e-12,7.7744936e-12,-1.0917371e-09
1627,1.626,0.52,1.2852484,-0.29758197,-1.5798199,-2.0773917e-14,7.29758e-14,0.77716245,-4.0984025e-14,6.654008e-14,-2.3569823,-3.105013e-09,4.3907142e-13,-7.1159603e-13,1.3384687e-10,3.3219769e-08,-4.7534793e-12,7.6912065e-12,-1.0840514e-09
1628,1.627,0.52,1.2852484,-0.29758197,-1.5798199,-2.0588902e-14,7.216491e-14,0.77716245,-4.054728e-14,6.5832248e-14,-2.3569823,-3.0723179e-09,4.3439351e-13,-7.0402728e-13,1.3277475e-10,3.2870003e-08,-4.7030967e-12,7.6095715e-12,-1.0761003e-09
1629,1.628,0.52,1.2852484,-0.29758197,-1.5798199,-2.0405849e-14,7.136265e-14,0.77716245,-4.0115187e-14,6.5131944e-14,-2.3569823,-3.0399672e-09,4.297662e-13,-6.9653984e-13,1.317103e-10,3.2523816e-08,-4.6525718e-12,7.5281491e-12,-1.0683319e-09
1630,1.629,0.52,1.2852484,-0.29758197,-1.5798199,-2.0224737e-14,7.0568929e-14,0.77716245,-3.9687699e-14,6.4439089e-14,-2.3569823,-3.007957e-09,4.2518666e-13,-6.8913069e-13,1.3065405e-10,3.2181383e-08,-4.6038826e-12,7.4488142e-12,-1.0602772e-09
1631,1.63,0.52,1.2852484,-0.29758197,-1.5798199,-2.0045546e-14,6.9783657e-14,0.77716245,-3.9264766e-14,6.3753604e-14,-2.3569823,-2.9762837e-09,4.2065545e-13,-6.8179974e-13,1.2960556e-10,3.1842682e-08,-4.5554357e-12,7.3702405e-12,-1.0524209e-09
1632,1.631,0.52,1.2852484,-0.29758197,-1.5798199,-1.9868255e-14,6.9006743e-14,0.77716245,-3.8846339e-14,6.3075411e-14,-2.3569823,-2.9449439e-09,4.1617378e-13,-6.7454788e-13,1.2856443e-10,3.1507408e-08,-4.5062599e-12,7.2913227e-12,-1.0448899e-09
1633,1.632,0.52,1.2852484,-0.29758197,-1.5798199,-1.9692845e-14,6.8238098e-14,0.77716245,-3.843237e-14,6.2404431e-14,-2.3569823,-2.9139344e-09,4.1173946e-13,-6.6737302e-13,1.2753129e-10,3.1175483e-08,-4.4582993e-12,7.2136811e-12,-1.0370584e-09
1634,1.633,0.52,1.2852484,-0.29758197,-1.5798199,-1.9519296e-14,6.7477633e-14,0.77716245,-3.8022812e-14,6.1740587e-14,-2.3569823,-2.8832517e-09,4.0735303e-13,-6.6027523e-13,1.2650577e-10,3.0846977e-08,-4.4103867e-12,7.1364203e-12,-1.0293667e-09
1635,1.634,0.52,1.2852484,-0.29758197,-1.5798199,-1.9347586e-14,6.672526e-14,0.77716245,-3.7617616e-14,6.1083803e-14,-2.3569823,-2.8528921e-09,4.0301454e-13,-6.5325411e-13,1.2548749e-10,3.0521998e-08,-4.3624569e-12,7.0595529e-12,-1.0219716e-09
1636,1.635,0.52,1.2852484,-0.29758197,-1.5798199,-1.9177698e-14,6.5980893e-14,0.77716245,-3.7216736e-14,6.0434004e-14,-2.3569823,-2.8228527e-09,3.9872172e-13,-6.4630753e-13,1.2447714e-10,3.0200301e-08,-4.3160289e-12,6.9842359e-12,-1.0142241e-09
1637,1.636,0.52,1.2852484,-0.29758197,-1.5798199,-1.9009611e-14,6.5244444e-14,0.77716245,-3.6820125e-14,5.9791112e-14,-2.3569823,-2.7931297e-09,3.9447743e-13,-6.3943746e-13,1.2347342e-10,2.9882072e-08,-4.2682023e-12,6.9081277e-12,-1.0072243e-09
1638,1.637,0.52,1.2852484,-0.29758197,-1.5798199,-1.8843307e-14,6.4515831e-14,0.77716245,-3.6427737e-14,5.9155056e-14,-2.3569823,-2.7637199e-09,3.9027561e-13,-6.3263828e-13,1.2247799e-10,2.9567241e-08,-4.2239523e-12,6.8354903e-12,-9.9936259e-10
1639,1.638,0.52,1.2852484,-0.29758197,-1.5798199,-1.8678765e-14,6.3794968e-14,0.77716245,-3.6039528e-14,5.8525762e-14,-2.3569823,-2.7346199e-09,3.8611969e-13,-6.2591249e-13,1.2148961e-10,2.9255743e-08,-4.1785969e-12,6.762356e-12,-9.9204071e-10
1640,1.639,0.52,1.2852484,-0.29758197,-1.5798199,-1.8515968e-14,6.3081773e-14,0.77716245,-3.5655452e-14,5.7903158e-14,-2.3569823,-2.7058264e-09,3.8200951e-13,-6.1925958e-13,1.2050798e-10,2.8947611e-08,-4.1329851e-12,6.6893955e-12,-9.8509695e-10
1641,1.64,0.52,1.2852484,-0.29758197,-1.5798199,-1.8354897e-14,6.2376163e-14,0.77716245,-3.5275466e-14,5.7287172e-14,-2.3569823,-2.6773361e-09,3.7794193e-13,-6.126765e-13,1.1953389e-10,2.8642749e-08,-4.0893798e-12,6.6185149e-12,-9.7776005e-10
1642,1.641,0.52,1.2852484,-0.29758197,-1.5798199,-1.8195534e-14,6.1678061e-14,0.77716245,-3.4899526e-14,5.6677736e-14,-2.3569823,-2.6491456e-09,3.7391673e-13,-6.061625e-13,1.1856712e-10,2.8341225e-08,-4.0465918e-12,6.5488406e-12,-9.7043431e-10
1643,1.642,0.52,1.2852484,-0.29758197,-1.5798199,-1.803786e-14,6.0987385e-14,0.77716245,-3.4527589e-14,5.6074778e-14,-2.3569823,-2.621252e-09,3.6993444e-13,-5.9971776e-13,1.1760747e-10,2.804281e-08,-4.0037256e-12,6.4794405e-12,-9.6324621e-10
1644,1.643,0.52,1.2852484,-0.29758197,-1.5798199,-1.7881858e-14,6.0304056e-14,0.77716245,-3.4159614e-14,5.5478231e-14,-2.3569823,-2.5936521e-09,3.6599508e-13,-5.9334199e-13,1.1665474e-10,2.7747506e-08,-3.960814e-12,6.4103263e-12,-9.562353e-10
1645,1.644,0.52,1.2852484,-0.29758197,-1.5798199,-1.772751e-14,5.9627997e-14,0.77716245,-3.3795557e-14,5.4888026e-14,-2.3569823,-2.5663428e-09,3.6209813e-13,-5.8703433e-13,1.1570876e-10,2.7455408e-08,-3.9182381e-12,6.3418863e-12,-9.4939804e-10
1646,1.645,0.52,1.2852484,-0.29758197,-1.5798199,-1.7574798e-14,5.895913e-14,0.77716245,-3.3435377e-14,5.4304096e-14,-2.3569823,-2.539321e-09,3.5824082e-13,-5.8079215e-13,1.1477039e-10,2.7166293e-08,-3.8776236e-12,6.2754143e-12,-9.4204373e-10
1647,1.646,0.52,1.2852484,-0.29758197,-1.5798199,-1.7423705e-14,5.8297382e-14,0.77716245,-3.3079035e-14,5.3726376e-14,-2.3569823,-2.5125839e-09,3.5442328e-13,-5.746151e-13,1.1383948e-10,2.6880201e-08,-3.837565e-12,6.2098343e-12,-9.3462414e-10
1648,1.647,0.52,1.2852484,-0.29758197,-1.5798199,-1.7274213e-14,5.7642674e-14,0.77716245,-3.2726488e-14,5.3154799e-14,-2.3569823,-2.4861283e-09,3.5064866e-13,-5.685056e-13,1.1291486e-10,2.6597097e-08,-3.7956004e-12,6.1429464e-12,-9.279557e-10
1649,1.648,0.52,1.2852484,-0.29758197,-1.5798199,-1.7126307e-14,5.6994933e-14,0.77716245,-3.2377697e-14,5.2589299e-14,-2.3569823,-2.4599513e-09,3.4691335e-13,-5.6246022e-13,1.1199736e-10,2.6317037e-08,-3.7554058e-12,6.077904e-12,-9.2098176e-10
1650,1.649,0.52,1.2852484,-0.29758197,-1.5798199,-1.6979969e-14,5.6354086e-14,0.77716245,-3.2032622e-14,5.2029814e-14,-2.3569823,-2.4340498e-09,3.4321697e-13,-5.5647819e-13,1.1108691e-10,2.6040001e-08,-3.7160557e-12,6.0139848e-12,-9.1396232e-10
1651,1.65,0.52,1.2852484,-0.29758197,-1.5798199,-1.6835183e-14,5.5720059e-14,0.77716245,-3.1691224e-14,5.1476279e-14,-2.3569823,-2.4084212e-09,3.3955989e-13,-5.5055968e-13,1.1018342e-10,2.5765746e-08,-3.6767395e-12,5.9503341e-12,-9.069799e-10
1652,1.651,0.52,1.2852484,-0.29758197,-1.5798199,-1.6691931e-14,5.509278e-14,0.77716245,-3.1353464e-14,5.0928632e-14,-2.3569823,-2.3830624e-09,3.3594147e-13,-5.4470367e-13,1.0928677e-10,2.5494469e-08,-3.6378614e-12,5.8874549e-12,-9.0009076e-10
1653,1.652,0.52,1.2852484,-0.29758197,-1.5798199,-1.6550199e-14,5.4472177e-14,0.77716245,-3.1019302e-14,5.038681e-14,-2.3569823,-2.3579706e-09,3.3236162e-13,-5.3890984e-13,1.083969e-10,2.5226018e-08,-3.5991877e-12,5.8250388e-12,-8.932784e-10
1654,1.653,0.52,1.2852484,-0.29758197,-1.5798199,-1.6409969e-14,5.3858181e-14,0.77716245,-3.0688702e-14,4.985075e-14,-2.3569823,-2.3331432e-09,3.2882028e-13,-5.3317798e-13,1.0751376e-10,2.4960278e-08,-3.5606184e-12,5.7629186e-12,-8.8651859e-10
1655,1.654,0.52,1.2852484,-0.29758197,-1.5798199,-1.6271227e-14,5.3250719e-14,0.77716245,-3.0361624e-14,4.9320393e-14,-2.3569823,-2.3085771e-09,3.2531638e-13,-5.2750664e-13,1.0663729e-10,2.4697501e-08,-3.522812e-12,5.7018685e-12,-8.798227e-10
1656,1.655,0.52,1.2852484,-0.29758197,-1.5798199,-1.6133956e-14,5.2649723e-14,0.77716245,-3.0038032e-14,4.8795676e-14,-2.3569823,-2.2842697e-09,3.2184988e-13,-5.2189567e-13,1.0576749e-10,2.44374e-08,-3.4852688e-12,5.6412676e-12,-8.7314179e-10
1657,1.656,0.52,1.2852484,-0.29758197,-1.5798199,-1.5998141e-14,5.2055122e-14,0.77716245,-2.9717885e-14,4.827654e-14,-2.3569823,-2.2602184e-09,3.1842314e-13,-5.1634691e-13,1.0490339e-10,2.4180003e-08,-3.4462479e-12,5.5795967e-12,-8.671102e-10
1658,1.657,0.52,1.2852484,-0.29758197,-1.5798199,-1.5863766e-14,5.1466847e-14,0.77716245,-2.9401149e-14,4.7762923e-14,-2.3569823,-2.2364203e-09,3.150318e-13,-5.1085628e-13,1.0404603e-10,2.3925411e-08,-3.4096405e-12,5.5202842e-12,-8.6061292e-10
1659,1.658,0.52,1.2852484,-0.29758197,-1.5798199,-1.5730816e-14,5.088483e-14,0.77716245,-2.9087784e-14,4.7254767e-14,-2.3569823,-2.2128728e-09,3.1167819e-13,-5.0542554e-13,1.0319453e-10,2.3673489e-08,-3.3722868e-12,5.4605847e-12,-8.5453444e-10
1660,1.659,0.52,1.2852484,-0.29758197,-1.5798199,-1.5599277e-14,5.0309005e-14,0.77716245,-2.8777757e-14,4.6752015e-14,-2.3569823,-2.1895731e-09,3.0835821e-13,-5.000508e-13,1.0234996e-10,2.3424283e-08,-3.3374196e-12,5.4033562e-12,-8.4789499e-10
1661,1.66,0.52,1.2852484,-0.29758197,-1.5798199,-1.5469132e-14,4.9739309e-14,0.77716245,-2.8471034e-14,4.625461e-14,-2.3569823,-2.1665188e-09,3.0507174e-13,-4.9473163e-13,1.0151239e-10,2.3177616e-08,-3.3034489e-12,5.3472341e-12,-8.4100781e-10
1662,1.661,0.52,1.2852484,-0.29758197,-1.5798199,-1.5340367e-14,4.9175676e-14,0.77716245,-2.8167579e-14,4.5762495e-14,-2.3569823,-2.1437073e-09,3.0182128e-13,-4.8946975e-13,1.0068087e-10,2.2933573e-08,-3.2681266e-12,5.2903331e-12,-8.3468414e-10
1663,1.662,0.52,1.2852484,-0.29758197,-1.5798199,-1.5212967e-14,4.8618041e-14,0.77716245,-2.7867356e-14,4.5275613e-14,-2.3569823,-2.1211361e-09,2.9860645e-13,-4.8426479e-13,9.9855461e-11,2.2691974e-08,-3.2325981e-12,5.2334159e-12,-8.2850105e-10
1664,1.663,0.52,1.2852484,-0.29758197,-1.5798199,-1.5086919e-14,4.806634e-14,0.77716245,-2.7570331e-14,4.4793909e-14,-2.3569823,-2.0988025e-09,2.9542569e-13,-4.7911498e-13,9.9036262e-11,2.2453056e-08,-3.1980395e-12,5.1776813e-12,-8.2229928e-10
1665,1.664,0.52,1.2852484,-0.29758197,-1.5798199,-1.4962207e-14,4.752051e-14,0.77716245,-2.7276471e-14,4.4317328e-14,-2.3569823,-2.0767042e-09,2.9227857e-13,-4.7401982e-13,9.822344e-11,2.2216548e-08,-3.1640917e-12,5.1226651e-12,-8.1598168e-10
1666,1.665,0.52,1.2852484,-0.29758197,-1.5798199,-1.4838817e-14,4.698049e-14,0.77716245,-2.6985741e-14,4.3845816e-14,-2.3569823,-2.0548385e-09,2.8916376e-13,-4.6897766e-13,9.7417092e-11,2.1982663e-08,-3.1312346e-12,5.0689969e-12,-8.0955916e-10
1667,1.666,0.52,1.2852484,-0.29758197,-1.5798199,-1.4716736e-14,4.6446215e-14,0.77716245,-2.6698109e-14,4.3379318e-14,-2.3569823,-2.0332031e-09,2.8608394e-13,-4.6399071e-13,9.6616396e-11,2.1751132e-08,-3.0969558e-12,5.0142967e-12,-8.0364995e-10
1668,1.667,0.52,1.2852484,-0.29758197,-1.5798199,-1.459595e-14,4.5917628e-14,0.77716245,-2.6413542e-14,4.2917783e-14,-2.3569823,-2.0117955e-09,2.8303466e-13,-4.5905474e-13,9.5822458e-11,2.1522128e-08,-3.0651733e-12,4.9620752e-12,-7.9717525e-10
1669,1.668,0.52,1.2852484,-0.29758197,-1.5798199,-1.4476444e-14,4.5394668e-14,0.77716245,-2.6132007e-14,4.2461156e-14,-2.3569823,-1.9906132e-09,2.8001815e-13,-4.5417134e-13,9.503447e-11,2.1295572e-08,-3.0327299e-12,4.9096281e-12,-7.9105101e-10
1670,1.669,0.52,1.2852484,-0.29758197,-1.5798199,-1.4358206e-14,4.4877275e-14,0.77716245,-2.5853473e-14,4.2009388e-14,-2.3569823,-1.9696539e-09,2.7703354e-13,-4.4933953e-13,9.4252581e-11,2.1071395e-08,-3.0006525e-12,4.8577523e-12,-7.8494284e-10
1671,1.67,0.52,1.2852484,-0.29758197,-1.5798199,-1.4241222e-14,4.4365389e-14,0.77716245,-2.5577907e-14,4.1562425e-14,-2.3569823,-1.948915e-09,2.7408219e-13,-4.4456011e-13,9.3475995e-11,2.0849738e-08,-2.9677837e-12,4.8055289e-12,-7.7937123e-10
1672,1.671,0.52,1.2852484,-0.29758197,-1.5798199,-1.4125478e-14,4.3858953e-14,0.77716245,-2.5305278e-14,4.1120217e-14,-2.3569823,-1.9283945e-09,2.7116046e-13,-4.3982998e-13,9.2705964e-11,2.0630256e-08,-2.9370806e-12,4.7552619e-12,-7.7314456e-10
1673,1.672,0.52,1.2852484,-0.29758197,-1.5798199,-1.4010963e-14,4.3357909e-14,0.77716245,-2.5035555e-14,4.0682715e-14,-2.3569823,-1.9080898e-09,2.6826987e-13,-4.3514994e-13,9.1941728e-11,2.0413189e-08,-2.9060885e-12,4.7051116e-12,-7.6720586e-10
1674,1.673,0.52,1.2852484,-0.29758197,-1.5798199,-1.3897662e-14,4.28622e-14,0.77716245,-2.4768708e-14,4.0249868e-14,-2.3569823,-1.887999e-09,2.654099e-13,-4.3051954e-13,9.1183528e-11,2.0198255e-08,-2.8753406e-12,4.6553093e-12,-7.6120162e-10
1675,1.674,0.52,1.2852484,-0.29758197,-1.5798199,-1.3785563e-14,4.2371768e-14,0.77716245,-2.4504704e-14,3.9821626e-14,-2.3569823,-1.8681196e-09,2.625818e-13,-4.2593943e-13,9.043061e-11,1.9985705e-08,-2.8438508e-12,4.6051747e-12,-7.5567941e-10
1676,1.675,0.52,1.2852484,-0.29758197,-1.5798199,-1.3674654e-14,4.1886557e-14,0.77716245,-2.4243513e-14,3.9397939e-14,-2.3569823,-1.8484496e-09,2.5978455e-13,-4.2140881e-13,8.9683288e-11,1.9775265e-08,-2.8127834e-12,4.5554717e-12,-7.5010741e-10
1677,1.676,0.52,1.2852484,-0.29758197,-1.5798199,-1.3564921e-14,4.140651e-14,0.77716245,-2.3985105e-14,3.897876e-14,-2.3569823,-1.8289867e-09,2.5701662e-13,-4.1692612e-13,8.8941894e-11,1.9566999e-08,-2.7828783e-12,4.5069485e-12,-7.4429877e-10
1678,1.677,0.52,1.2852484,-0.29758197,-1.5798199,-1.3456352e-14,4.0931574e-14,0.77716245,-2.3729451e-14,3.856404e-14,-2.3569823,-1.8097288e-09,2.5427667e-13,-4.1248984e-13,8.8206722e-11,1.9360942e-08,-2.7542593e-12,4.459834e-12,-7.3821452e-10
1679,1.678,0.52,1.2852484,-0.29758197,-1.5798199,-1.3348935e-14,4.0461694e-14,0.77716245,-2.3476522e-14,3.8153732e-14,-2.3569823,-1.7906738e-09,2.5156694e-13,-4.0810174e-13,8.7477079e-11,1.9156949e-08,-2.724573e-12,4.4120118e-12,-7.3250022e-10
1680,1.679,0.52,1.2852484,-0.29758197,-1.5798199,-1.3242657e-14,3.9996817e-14,0.77716245,-2.3226288e-14,3.7747789e-14,-2.3569823,-1.7718196e-09,2.488859e-13,-4.0376023e-13,8.6753228e-11,1.8955121e-08,-2.6955512e-12,4.3650145e-12,-7.2673359e-10
1681,1.68,0.52,1.2852484,-0.29758197,-1.5798199,-1.3137506e-14,3.9536889e-14,0.77716245,-2.2978722e-14,3.7346166e-14,-2.3569823,-1.7531639e-09,2.4623199e-13,-3.9946356e-13,8.6035464e-11,1.8755511e-08,-2.6677949e-12,4.3194527e-12,-7.2075435e-10
1682,1.681,0.52,1.2852484,-0.29758197,-1.5798199,-1.3033471e-14,3.9081857e-14,0.77716245,-2.2733794e-14,3.6948815e-14,-2.3569823,-1.7347044e-09,2.436094e-13,-3.9521502e-13,8.5322131e-11,1.8558175e-08,-2.6376537e-12,4.2721774e-12,-7.1580617e-10
1683,1.682,0.52,1.2852484,-0.29758197,-1.5798199,-1.2930539e-14,3.8631667e-14,0.77716245,-2.2491475e-14,3.655569e-14,-2.3569823,-1.7164394e-09,2.4101402e-13,-3.9101124e-13,8.4614623e-11,1.8362728e-08,-2.6094736e-12,4.2265774e-12,-7.1027442e-10
1684,1.683,0.52,1.2852484,-0.29758197,-1.5798199,-1.2828699e-14,3.8186269e-14,0.77716245,-2.2251738e-14,3.6166747e-14,-2.3569823,-1.6983666e-09,2.3844673e-13,-3.8685258e-13,8.391237e-11,1.8169412e-08,-2.5813532e-12,4.1812981e-12,-7.0492696e-10
1685,1.684,0.52,1.2852484,-0.29758197,-1.5798199,-1.272794e-14,3.7745612e-14,0.77716245,-2.2014555e-14,3.5781941e-14,-2.3569823,-1.6804841e-09,2.3590592e-13,-3.8273745e-13,8.3215764e-11,1.7978146e-08,-2.5543193e-12,4.1371893e-12,-6.9937915e-10
1686,1.685,0.52,1.2852484,-0.29758197,-1.5798199,-1.2628249e-14,3.7309644e-14,0.77716245,-2.1779898e-14,3.5401228e-14,-2.3569823,-1.6627898e-09,2.3339293e-13,-3.786667e-13,8.2524233e-11,1.7788929e-08,-2.5267687e-12,4.0928957e-12,-6.9414742e-10
1687,1.686,0.52,1.2852484,-0.29758197,-1.5798199,-1.2529615e-14,3.6878319e-14,0.77716245,-2.1547744e-14,3.5024566e-14,-2.3569823,-1.6452817e-09,2.3090313e-13,-3.7463604e-13,8.1839141e-11,1.7601734e-08,-2.5021245e-12,4.0514026e-12,-6.8811021e-10
1688,1.687,0.52,1.2852484,-0.29758197,-1.5798199,-1.2432028e-14,3.6451587e-14,0.77716245,-2.1318065e-14,3.4651913e-14,-2.3569823,-1.6279579e-09,2.2844155e-13,-3.7064957e-13,8.1158926e-11,1.7416448e-08,-2.4750924e-12,4.0081114e-12,-6.8284703e-10
1689,1.688,0.52,1.2852484,-0.29758197,-1.5798199,-1.2335476e-14,3.60294e-14,0.77716245,-2.1090835e-14,3.4283225e-14,-2.3569823,-1.6108163e-09,2.2600623e-13,-3.6670539e-13,8.0483944e-11,1.7233176e-08,-2.448579e-12,3.9654943e-12,-6.7760385e-10
1690,1.689,0.52,1.2852484,-0.29758197,-1.5798199,-1.2239949e-14,3.5611709e-14,0.77716245,-2.0866027e-14,3.391846e-14,-2.3569823,-1.5938555e-09,2.2359611e-13,-3.628026e-13,7.9814672e-11,1.7051639e-08,-2.4229396e-12,3.9236893e-12,-6.7204922e-10
1691,1.69,0.52,1.2852484,-0.29758197,-1.5798199,-1.2145434e-14,3.5198466e-14,0.77716245,-2.0643617e-14,3.3557578e-14,-2.3569823,-1.5770731e-09,2.2121204e-13,-3.5894153e-13,7.9150539e-11,1.6872112e-08,-2.3970241e-12,3.8819471e-12,-6.6677174e-10
1692,1.691,0.52,1.2852484,-0.29758197,-1.5798199,-1.2051923e-14,3.4789622e-14,0.77716245,-2.0423576e-14,3.3200535e-14,-2.3569823,-1.5604673e-09,2.1885503e-13,-3.5512285e-13,7.8491004e-11,1.6694557e-08,-2.370353e-12,3.8397678e-12,-6.6194696e-10
1693,1.692,0.52,1.2852484,-0.29758197,-1.5798199,-1.1959403e-14,3.4385131e-14,0.77716245,-2.0205881e-14,3.2847291e-14,-2.3569823,-1.5440364e-09,2.1652327e-13,-3.5134506e-13,7.7836596e-11,1.6518784e-08,-2.3446211e-12,3.798451e-12,-6.5692116e-10
1694,1.693,0.52,1.2852484,-0.29758197,-1.5798199,-1.1867866e-14,3.3984947e-14,0.77716245,-1.9990506e-14,3.2497805e-14,-2.3569823,-1.5277784e-09,2.1421455e-13,-3.4760587e-13,7.7187825e-11,1.6344919e-08,-2.3206899e-12,3.7589412e-12,-6.5148778e-10
1695,1.694,0.52,1.2852484,-0.29758197,-1.5798199,-1.1777299e-14,3.3589023e-14,0.77716245,-1.9777426e-14,3.2152038e-14,-2.3569823,-1.5116915e-09,2.1193305e-13,-3.4390871e-13,7.6543238e-11,1.6172906e-08,-2.2945591e-12,3.7177535e-12,-6.4688697e-10
1696,1.695,0.52,1.2852484,-0.29758197,-1.5798199,-1.1687694e-14,3.3197314e-14,0.77716245,-1.9566616e-14,3.1809949e-14,-2.3569823,-1.495774e-09,2.0967371e-13,-3.402491e-13,7.5904328e-11,1.6002683e-08,-2.2710784e-12,3.678993e-12,-6.415692e-10
1697,1.696,0.52,1.2852484,-0.29758197,-1.5798199,-1.1599039e-14,3.2809774e-14,0.77716245,-1.9358053e-14,3.1471499e-14,-2.3569823,-1.4800241e-09,2.0744088e-13,-3.3663065e-13,7.5269716e-11,1.5834153e-08,-2.2455799e-12,3.6386269e-12,-6.369312e-10
1698,1.697,0.52,1.2852484,-0.29758197,-1.5798199,-1.1511324e-14,3.2426359e-14,0.77716245,-1.9151712e-14,3.113665e-14,-2.3569823,-1.4644403e-09,2.0522977e-13,-3.3304921e-13,7.4640916e-11,1.5667247e-08,-2.2226022e-12,3.6005047e-12,-6.3151036e-10
1699,1.698,0.52,1.2852484,-0.29758197,-1.5798199,-1.142454e-14,3.2047024e-14,0.77716245,-1.8947569e-14,3.0805362e-14,-2.3569823,-1.4490206e-09,2.03044e-13,-3.2950744e-13,7.4016495e-11,1.5502211e-08,-2.1980487e-12,3.5613508e-12,-6.2678397e-10
1700,1.699,0.52,1.2852484,-0.29758197,-1.5798199,-1.1338677e-14,3.1671726e-14,0.77716245,-1.87456e-14,3.0477597e-14,-2.3569823,-1.4337633e-09,2.0088131e-13,-3.2600324e-13,7.3396985e-11,1.533897e-08,-2.1744747e-12,3.5232453e-12,-6.2193449e-10
1701,1.7,0.52,1.2852484,-0.29758197,-1.5798199,-1.1253724e-14,3.1300423e-14,0.77716245,-1.8545784e-14,3.0153318e-14,-2.3569823,-1.4186667e-09,1.9874001e-13,-3.2253503e-13,7.2782984e-11,1.5177352e-08,-2.1523578e-12,3.4865539e-12,-6.1664569e-10
1702,1.701,0.52,1.2852484,-0.29758197,-1.5798199,-1.1169672e-14,3.0933071e-14,0.77716245,-1.8348096e-14,2.9832489e-14,-2.3569823,-1.4037291e-09,1.9662374e-13,-3.1910558e-13,7.2173074e-11,1.5017537e-08,-2.1283033e-12,3.4484881e-12,-6.1215496e-10
1703,1.702,0.52,1.2852484,-0.29758197,-1.5798199,-1.1086511e-14,3.056963e-14,0.77716245,-1.8152515e-14,2.9515072e-14,-2.3569823,-1.3889487e-09,1.9452736e-13,-3.1571034e-13,7.15688e-11,1.4859404e-08,-2.1070193e-12,3.4129911e-12,-6.0690095e-10
1704,1.703,0.52,1.2852484,-0.29758197,-1.5798199,-1.1004232e-14,3.0210057e-14,0.77716245,-1.7959018e-14,2.9201031e-14,-2.3569823,-1.3743239e-09,1.9245474e-13,-3.123523e-13,7.0968798e-11,1.4703002e-08,-2.0840824e-12,3.3763529e-12,-6.0230204e-10
1705,1.704,0.52,1.2852484,-0.29758197,-1.5798199,-1.0922826e-14,2.9854311e-14,0.77716245,-1.7767583e-14,2.8890331e-14,-2.3569823,-1.3598532e-09,1.9040392e-13,-3.0902977e-13,7.0373662e-11,1.4548173e-08,-2.0619091e-12,3.3404701e-12,-5.9752477e-10
1706,1.705,0.52,1.2852484,-0.29758197,-1.5798199,-1.0842283e-14,2.9502352e-14,0.77716245,-1.7578188e-14,2.8582936e-14,-2.3569823,-1.3455349e-09,1.8837569e-13,-3.057433e-13,6.9783054e-11,1.4394923e-08,-2.0394555e-12,3.3044726e-12,-5.929134e-10
1707,1.706,0.52,1.2852484,-0.29758197,-1.5798199,-1.0762595e-14,2.915414e-14,0.77716245,-1.7390811e-14,2.827881e-14,-2.3569823,-1.3313672e-09,1.8636722e-13,-3.0249003e-13,6.9197569e-11,1.424345e-08,-2.0188014e-12,3.2703371e-12,-5.8796106e-10
1708,1.707,0.52,1.2852484,-0.29758197,-1.5798199,-1.0683751e-14,2.8809635e-14,0.77716245,-1.7205433e-14,2.7977922e-14,-2.3569823,-1.3173486e-09,1.843797e-13,-2.9927083e-13,6.8616864e-11,1.4093558e-08,-1.997944e-12,3.236249e-12,-5.8312387e-10
1709,1.708,0.52,1.2852484,-0.29758197,-1.5798199,-1.0605744e-14,2.84688e-14,0.77716245,-1.702203e-14,2.7680234e-14,-2.3569823,-1.3034775e-09,1.8241412e-13,-2.9608641e-13,6.8040573e-11,1.3945199e-08,-1.9763716e-12,3.2016923e-12,-5.785686e-10
1710,1.709,0.52,1.2852484,-0.29758197,-1.5798199,-1.0528564e-14,2.8131592e-14,0.77716245,-1.6840582e-14,2.7385714e-14,-2.3569823,-1.2897525e-09,1.8047092e-13,-2.9293709e-13,6.7468371e-11,1.379841e-08,-1.9542543e-12,3.1667799e-12,-5.7432407e-10
1711,1.71,0.52,1.2852484,-0.29758197,-1.5798199,-1.0452203e-14,2.7797974e-14,0.77716245,-1.6661068e-14,2.7094327e-14,-2.3569823,-1.2761719e-09,1.7854729e-13,-2.8982022e-13,6.690095e-11,1.3653236e-08,-1.9338409e-12,3.1335035e-12,-5.6972201e-10
1712,1.711,0.52,1.2852484,-0.29758197,-1.5798199,-1.0376652e-14,2.7467909e-14,0.77716245,-1.6483467e-14,2.680604e-14,-2.3569823,-1.2627344e-09,1.7664443e-13,-2.8673688e-13,6.6338072e-11,1.3509422e-08,-1.9131825e-12,3.1000645e-12,-5.651596e-10
1713,1.712,0.52,1.2852484,-0.29758197,-1.5798199,-1.0301903e-14,2.7141356e-14,0.77716245,-1.6307759e-14,2.652082e-14,-2.3569823,-1.2494382e-09,1.7476229e-13,-2.8368663e-13,6.5779408e-11,1.3367262e-08,-1.8924874e-12,3.0668544e-12,-5.6082863e-10
1714,1.713,0.52,1.2852484,-0.29758197,-1.5798199,-1.0227946e-14,2.6818281e-14,0.77716245,-1.6133923e-14,2.6238635e-14,-2.3569823,-1.236282e-09,1.7289866e-13,-2.8066748e-13,6.5225676e-11,1.3226563e-08,-1.873255e-12,3.0350508e-12,-5.5609799e-10
1715,1.714,0.52,1.2852484,-0.29758197,-1.5798199,-1.0154774e-14,2.6498647e-14,0.77716245,-1.5961942e-14,2.5959453e-14,-2.3569823,-1.2232643e-09,1.7105432e-13,-2.7767988e-13,6.4676588e-11,1.3087325e-08,-1.853976e-12,3.0034181e-12,-5.5142469e-10
1716,1.715,0.52,1.2852484,-0.29758197,-1.5798199,-1.0082378e-14,2.6182416e-14,0.77716245,-1.5791793e-14,2.5683242e-14,-2.3569823,-1.2103835e-09,1.6923262e-13,-2.7472654e-13,6.4130868e-11,1.2949615e-08,-1.832459e-12,2.9700328e-12,-5.476215e-10
1717,1.716,0.52,1.2852484,-0.29758197,-1.5798199,-1.001075e-14,2.5869552e-14,0.77716245,-1.5623458e-14,2.5409969e-14,-2.3569823,-1.1976384e-09,1.6742795e-13,-2.7180264e-13,6.3590253e-11,1.2813295e-08,-1.8139348e-12,2.9392758e-12,-5.4295061e-10
1718,1.717,0.52,1.2852484,-0.29758197,-1.5798199,-9.9398826e-15,2.5560019e-14,0.77716245,-1.5456917e-14,2.5139605e-14,-2.3569823,-1.1850274e-09,1.6564376e-13,-2.6891091e-13,6.3053554e-11,1.2678418e-08,-1.7940994e-12,2.9075811e-12,-5.3878267e-10
1719,1.718,0.52,1.2852484,-0.29758197,-1.5798199,-9.8697668e-15,2.5253779e-14,0.77716245,-1.529215e-14,2.4872115e-14,-2.3569823,-1.1725493e-09,1.6388054e-13,-2.660518e-13,6.2520552e-11,1.254488e-08,-1.7735157e-12,2.8752659e-12,-5.3492868e-10
1720,1.719,0.52,1.2852484,-0.29758197,-1.5798199,-9.8003946e-15,2.4950801e-14,0.77716245,-1.512914e-14,2.4607472e-14,-2.3569823,-1.1602025e-09,1.621321e-13,-2.6321966e-13,6.1992996e-11,1.2412835e-08,-1.7567993e-12,2.8465118e-12,-5.3001358e-10
1721,1.72,0.52,1.2852484,-0.29758197,-1.5798199,-9.7317585e-15,2.4651048e-14,0.77716245,-1.4967866e-14,2.4345645e-14,-2.3569823,-1.1479857e-09,1.6040534e-13,-2.6042028e-13,6.1468736e-11,1.2282143e-08,-1.7367703e-12,2.8150953e-12,-5.2617792e-10
1722,1.721,0.52,1.2852484,-0.29758197,-1.5798199,-9.6638504e-15,2.4354483e-14,0.77716245,-1.4808309e-14,2.4086601e-14,-2.3569823,-1.1358978e-09,1.5869781e-13,-2.576517e-13,6.0948544e-11,1.2152657e-08,-1.7172816e-12,2.7840866e-12,-5.221874e-10
1723,1.722,0.52,1.2852484,-0.29758197,-1.5798199,-9.5966626e-15,2.4061076e-14,0.77716245,-1.4650454e-14,2.3830313e-14,-2.3569823,-1.1239368e-09,1.5700556e-13,-2.5490992e-13,6.0433193e-11,1.2024827e-08,-1.7005931e-12,2.7558818e-12,-5.1762968e-10
1724,1.723,0.52,1.2852484,-0.29758197,-1.5798199,-9.5301873e-15,2.3770795e-14,0.77716245,-1.4494282e-14,2.3576753e-14,-2.3569823,-1.1121018e-09,1.5532972e-13,-2.5219573e-13,5.9922502e-11,1.1898313e-08,-1.684088e-12,2.7280844e-12,-5.1300428e-10
1725,1.724,0.52,1.2852484,-0.29758197,-1.5798199,-9.4644171e-15,2.3483605e-14,0.77716245,-1.4339775e-14,2.3325891e-14,-2.3569823,-1.1003915e-09,1.5367439e-13,-2.4951271e-13,5.9415271e-11,1.1772961e-08,-1.6649149e-12,2.6980418e-12,-5.0915533e-10
1726,1.725,0.52,1.2852484,-0.29758197,-1.5798199,-9.3993445e-15,2.3199472e-14,0.77716245,-1.4186915e-14,2.3077699e-14,-2.3569823,-1.0888046e-09,1.5203645e-13,-2.4685807e-13,5.8912274e-11,1.1648924e-08,-1.6469354e-12,2.6691043e-12,-5.0504961e-10
1727,1.726,0.52,1.2852484,-0.29758197,-1.5798199,-9.3349623e-15,2.2918363e-14,0.77716245,-1.4035683e-14,2.2832146e-14,-2.3569823,-1.0773395e-09,1.5041832e-13,-2.4423365e-13,5.8412397e-11,1.1526368e-08,-1.6277338e-12,2.6393203e-12,-5.0160146e-10
1728,1.727,0.52,1.2852484,-0.29758197,-1.5798199,-9.271263e-15,2.2640246e-14,0.77716245,-1.3886063e-14,2.2589205e-14,-2.3569823,-1.0659951e-09,1.4881428e-13,-2.4163453e-13,5.7917505e-11,1.1405033e-08,-1.6119371e-12,2.6125188e-12,-4.9712807e-10
1729,1.728,0.52,1.2852484,-0.29758197,-1.5798199,-9.2082393e-15,2.2365091e-14,0.77716245,-1.3738037e-14,2.2348849e-14,-2.3569823,-1.0547703e-09,1.4722782e-13,-2.3906347e-13,5.7426508e-11,1.1284931e-08,-1.5949473e-12,2.5848798e-12,-4.9304078e-10
1730,1.729,0.52,1.2852484,-0.29758197,-1.5798199,-9.1458842e-15,2.2092865e-14,0.77716245,-1.3591589e-14,2.211105e-14,-2.3569823,-1.0436635e-09,1.4565901e-13,-2.3652036e-13,5.6939216e-11,1.1166131e-08,-1.5775238e-12,2.5570333e-12,-4.892085e-10
1731,1.73,0.52,1.2852484,-0.29758197,-1.5798199,-9.0841905e-15,2.1823535e-14,0.77716245,-1.3446702e-14,2.187578e-14,-2.3569823,-1.0326738e-09,1.4410792e-13,-2.3400525e-13,5.6455528e-11,1.104855e-08,-1.5599013e-12,2.5290807e-12,-4.8552825e-10
1732,1.731,0.52,1.2852484,-0.29758197,-1.5798199,-9.0231513e-15,2.1557071e-14,0.77716245,-1.3303356e-14,2.1643012e-14,-2.3569823,-1.0217997e-09,1.425742e-13,-2.3151774e-13,5.5975373e-11,1.0932235e-08,-1.5424475e-12,2.5013683e-12,-4.8194554e-10
1733,1.732,0.52,1.2852484,-0.29758197,-1.5798199,-8.9627595e-15,2.1293442e-14,0.77716245,-1.3161538e-14,2.1412719e-14,-2.3569823,-1.0110402e-09,1.4105492e-13,-2.290552e-13,5.5499683e-11,1.0817092e-08,-1.5270059e-12,2.4754846e-12,-4.7777577e-10
1734,1.733,0.52,1.2852484,-0.29758197,-1.5798199,-8.903008e-15,2.1032621e-14,0.77716245,-1.3021231e-14,2.1184876e-14,-2.3569823,-1.0003939e-09,1.3955029e-13,-2.2661749e-13,5.5028347e-11,1.0703177e-08,-1.5120867e-12,2.4503033e-12,-4.7348222e-10
1735,1.734,0.52,1.2852484,-0.29758197,-1.5798199,-8.8438901e-15,2.0774575e-14,0.77716245,-1.288242e-14,2.0959457e-14,-2.3569823,-9.8985988e-10,1.3806373e-13,-2.2420743e-13,5.4560249e-11,1.0590437e-08,-1.4950677e-12,2.4234714e-12,-4.6989317e-10
1736,1.735,0.52,1.2852484,-0.29758197,-1.5798199,-8.7853991e-15,2.0519277e-14,0.77716245,-1.2745088e-14,2.0736436e-14,-2.3569823,-9.7943676e-10,1.3659205e-13,-2.218222e-13,5.4096257e-11,1.0478893e-08,-1.4794753e-12,2.3979794e-12,-4.6595889e-10
1737,1.736,0.52,1.2852484,-0.29758197,-1.5798199,-8.7275282e-15,2.0266696e-14,0.77716245,-1.260922e-14,2.0515787e-14,-2.3569823,-9.6912374e-10,1.35136e-13,-2.1946249e-13,5.363634e-11,1.0368309e-08,-1.4638615e-12,2.3724666e-12,-4.619308e-10
1738,1.737,0.52,1.2852484,-0.29758197,-1.5798199,-8.6702709e-15,2.0016805e-14,0.77716245,-1.2474801e-14,2.0297486e-14,-2.3569823,-9.5891937e-10,1.3369505e-13,-2.1712746e-13,5.3180356e-11,1.0259019e-08,-1.4485852e-12,2.347508e-12,-4.579665e-10
1739,1.738,0.52,1.2852484,-0.29758197,-1.5798199,-8.6136205e-15,1.9769575e-14,0.77716245,-1.2341815e-14,2.0081507e-14,-2.3569823,-9.4882253e-10,1.3226939e-13,-2.1481715e-13,5.272821e-11,1.0150897e-08,-1.4333026e-12,2.3227091e-12,-4.5408572e-10
1740,1.739,0.52,1.2852484,-0.29758197,-1.5798199,-8.5575709e-15,1.9524975e-14,0.77716245,-1.2210245e-14,1.9867825e-14,-2.3569823,-9.3883226e-10,1.308622e-13,-2.1253439e-13,5.2278874e-11,1.0043818e-08,-1.4158968e-12,2.2960732e-12,-4.5091925e-10
1741,1.74,0.52,1.2852484,-0.29758197,-1.5798199,-8.5021155e-15,1.9282975e-14,0.77716245,-1.2080075e-14,1.9656413e-14,-2.3569823,-9.2894751e-10,1.2947003e-13,-2.1027631e-13,5.183333e-11,9.9377719e-09,-1.4000754e-12,2.2707464e-12,-4.4733606e-10
1742,1.741,0.52,1.2852484,-0.29758197,-1.5798199,-8.447248e-15,1.9043549e-14,0.77716245,-1.195129e-14,1.9447248e-14,-2.3569823,-9.1916683e-10,1.2809184e-13,-2.0804155e-13,5.1391567e-11,9.8330452e-09,-1.3854885e-12,2.2467575e-12,-4.4362069e-10
1743,1.742,0.52,1.2852484,-0.29758197,-1.5798199,-8.392962e-15,1.8806669e-14,0.77716245,-1.1823877e-14,1.9240307e-14,-2.3569823,-9.0948912e-10,1.2672755e-13,-2.0582986e-13,5.0953567e-11,9.7294877e-09,-1.3713558e-12,2.2233778e-12,-4.3987371e-10
1744,1.743,0.52,1.2852484,-0.29758197,-1.5798199,-8.3392514e-15,1.8572307e-14,0.77716245,-1.1697819e-14,1.9035564e-14,-2.3569823,-8.9991343e-10,1.2538025e-13,-2.0364392e-13,5.051835e-11,9.6269555e-09,-1.3553143e-12,2.1984155e-12,-4.3676925e-10
1745,1.744,0.52,1.2852484,-0.29758197,-1.5798199,-8.2861101e-15,1.8340436e-14,0.77716245,-1.1573102e-14,1.8832995e-14,-2.3569823,-8.9043874e-10,1.240465e-13,-2.0148076e-13,5.008692e-11,9.5254454e-09,-1.3409393e-12,2.1749132e-12,-4.3320942e-10
1746,1.745,0.52,1.2852484,-0.29758197,-1.5798199,-8.233532e-15,1.8111028e-14,0.77716245,-1.1449711e-14,1.8632578e-14,-2.3569823,-8.8106383e-10,1.2272857e-13,-1.993421e-13,4.9658348e-11,9.4250857e-09,-1.3256019e-12,2.1507487e-12,-4.3011757e-10
1747,1.746,0.52,1.2852484,-0.29758197,-1.5798199,-8.1815109e-15,1.7884057e-14,0.77716245,-1.1327632e-14,1.8434289e-14,-2.3569823,-8.7178768e-10,1.2142297e-13,-1.9722483e-13,4.9233661e-11,9.3257983e-09,-1.3122633e-12,2.1284246e-12,-4.264975e-10
1748,1.747,0.52,1.2852484,-0.29758197,-1.5798199,-8.1300408e-15,1.76595e-14,0.77716245,-1.1206852e-14,1.8238107e-14,-2.3569823,-8.6260934e-10,1.2012981e-13,-1.9512887e-13,4.8812912e-11,9.2274934e-09,-1.2995293e-12,2.1067854e-12,-4.2266531e-10
1749,1.748,0.52,1.2852484,-0.29758197,-1.5798199,-8.0791158e-15,1.7437329e-14,0.77716245,-1.1087358e-14,1.8044008e-14,-2.3569823,-8.5352772e-10,1.188519e-13,-1.9305643e-13,4.8395103e-11,9.130244e-09,-1.2851178e-12,2.0838895e-12,-4.1942732e-10
1750,1.749,0.52,1.2852484,-0.29758197,-1.5798199,-8.0287301e-15,1.7217521e-14,0.77716245,-1.0969135e-14,1.7851972e-14,-2.3569823,-8.445419e-10,1.1758609e-13,-1.9100477e-13,4.7981233e-11,9.0339578e-09,-1.2722484e-12,2.0623998e-12,-4.1572298e-10
1751,1.75,0.52,1.2852484,-0.29758197,-1.5798199,-7.9788781e-15,1.700005e-14,0.77716245,-1.0852171e-14,1.7661976e-14,-2.3569823,-8.3565078e-10,1.1633493e-13,-1.8897588e-13,4.7570357e-11,8.9387327e-09,-1.2581873e-12,2.0400615e-12,-4.1249143e-10
1752,1.751,0.52,1.2852484,-0.29758197,-1.5798199,-7.929554e-15,1.6784892e-14,0.77716245,-1.0736453e-14,1.7474e-14,-2.3569823,-8.2685342e-10,1.1509519e-13,-1.8696689e-13,4.7163482e-11,8.8444879e-09,-1.2458885e-12,2.0193474e-12,-4.0874702e-10
1753,1.752,0.52,1.2852484,-0.29758197,-1.5798199,-7.8807522e-15,1.6572022e-14,0.77716245,-1.0621968e-14,1.7288021e-14,-2.3569823,-8.1814867e-10,1.1386939e-13,-1.8497969e-13,4.675966e-11,8.7513281e-09,-1.2324941e-12,1.997912e-12,-4.0546385e-10
1754,1.753,0.52,1.2852484,-0.29758197,-1.5798199,-7.8324675e-15,1.6361417e-14,0.77716245,-1.0508701e-14,1.7104019e-14,-2.3569823,-8.0953555e-10,1.1265707e-13,-1.8301385e-13,4.6358931e-11,8.6591877e-09,-1.2190455e-12,1.9765316e-12,-4.0230746e-10
1755,1.754,0.52,1.2852484,-0.29758197,-1.5798199,-7.7846942e-15,1.6153054e-14,0.77716245,-1.0396643e-14,1.6921974e-14,-2.3569823,-8.0101297e-10,1.1145455e-13,-1.8106594e-13,4.5962338e-11,8.5681162e-09,-1.2080302e-12,1.95745e-12,-3.9849766e-10
1756,1.755,0.52,1.2852484,-0.29758197,-1.5798199,-7.7374273e-15,1.5946908e-14,0.77716245,-1.0285778e-14,1.6741865e-14,-2.3569823,-7.9258013e-10,1.1026799e-13,-1.7914128e-13,4.5568008e-11,8.4779332e-09,-1.1937153e-12,1.935591e-12,-3.9571898e-10
1757,1.756,0.52,1.2852484,-0.29758197,-1.5798199,-7.6906614e-15,1.5742955e-14,0.77716245,-1.0176094e-14,1.6563671e-14,-2.3569823,-7.8423619e-10,1.090938e-13,-1.7723691e-13,4.5177012e-11,8.3886045e-09,-1.1806955e-12,1.9147758e-12,-3.9257019e-10
1758,1.757,0.52,1.2852484,-0.29758197,-1.5798199,-7.6443912e-15,1.5541173e-14,0.77716245,-1.0067578e-14,1.6387372e-14,-2.3569823,-7.7598012e-10,1.0793119e-13,-1.7535194e-13,4.4789487e-11,8.3002458e-09,-1.1686434e-12,1.8949083e-12,-3.8920724e-10
1759,1.758,0.52,1.2852484,-0.29758197,-1.5798199,-7.5986116e-15,1.5341536e-14,0.77716245,-9.9602178e-15,1.6212946e-14,-2.3569823,-7.6781098e-10,1.0678258e-13,-1.7348836e-13,4.4404562e-11,8.2128442e-09,-1.1552836e-12,1.8740192e-12,-3.8635225e-10
1760,1.759,0.52,1.2852484,-0.29758197,-1.5798199,-7.5533172e-15,1.5144025e-14,0.77716245,-9.8540017e-15,1.6040376e-14,-2.3569823,-7.5972772e-10,1.0564405e-13,-1.7164262e-13,4.4023319e-11,8.1264557e-09,-1.1441189e-12,1.8551707e-12,-3.8294578e-10
1761,1.76,0.52,1.2852484,-0.29758197,-1.5798199,-7.5085032e-15,1.4948616e-14,0.77716245,-9.7489176e-15,1.5869642e-14,-2.3569823,-7.5172934e-10,1.04518e-13,-1.6981656e-13,4.3644911e-11,8.0410664e-09,-1.1320715e-12,1.8357641e-12,-3.7992094e-10
1762,1.761,0.52,1.2852484,-0.29758197,-1.5798199,-7.4641644e-15,1.4755287e-14,0.77716245,-9.6449533e-15,1.5700723e-14,-2.3569823,-7.4381528e-10,1.0340448e-13,-1.6801041e-13,4.3269483e-11,7.9564015e-09,-1.1197054e-12,1.8160227e-12,-3.7692581e-10
1763,1.762,0.52,1.2852484,-0.29758197,-1.5798199,-7.4202958e-15,1.4564016e-14,0.77716245,-9.5420968e-15,1.5533602e-14,-2.3569823,-7.3598454e-10,1.0230259e-13,-1.6622326e-13,4.2897179e-11,7.872622e-09,-1.1078238e-12,1.7967701e-12,-3.7384438e-10
1764,1.763,0.52,1.2852484,-0.29758197,-1.5798199,-7.3768925e-15,1.4374781e-14,0.77716245,-9.4403368e-15,1.5368258e-14,-2.3569823,-7.2823625e-10,1.0121172e-13,-1.6445445e-13,4.2528144e-11,7.7897328e-09,-1.0965234e-12,1.7781326e-12,-3.7063803e-10
1765,1.764,0.52,1.2852484,-0.29758197,-1.5798199,-7.3339495e-15,1.418756e-14,0.77716245,-9.3396606e-15,1.5204673e-14,-2.3569823,-7.2056959e-10,1.0013433e-13,-1.6270607e-13,4.216155e-11,7.7076887e-09,-1.0837656e-12,1.7582976e-12,-3.6794195e-10
1766,1.765,0.52,1.2852484,-0.29758197,-1.5798199,-7.291462e-15,1.4002333e-14,0.77716245,-9.2400575e-15,1.5042828e-14,-2.3569823,-7.1298363e-10,9.9066484e-14,-1.6097461e-13,4.1798531e-11,7.6265335e-09,-1.0731557e-12,1.7404023e-12,-3.6466008e-10
1767,1.766,0.52,1.2852484,-0.29758197,-1.5798199,-7.2494249e-15,1.3819079e-14,0.77716245,-9.141518e-15,1.4882707e-14,-2.3569823,-7.0547754e-10,9.8007808e-14,-1.5925952e-13,4.1439241e-11,7.5462397e-09,-1.0635025e-12,1.7235287e-12,-3.6108025e-10
1768,1.767,0.52,1.2852484,-0.29758197,-1.5798199,-7.2078338e-15,1.3637777e-14,0.77716245,-9.0440288e-15,1.4724289e-14,-2.3569823,-6.9805051e-10,9.6964035e-14,-1.5756569e-13,4.1081832e-11,7.466766e-09,-1.0503493e-12,1.7037308e-12,-3.5863239e-10
1769,1.768,0.52,1.2852484,-0.29758197,-1.5798199,-7.1666839e-15,1.3458405e-14,0.77716245,-8.9475784e-15,1.4567557e-14,-2.3569823,-6.9070169e-10,9.5931016e-14,-1.5588961e-13,4.0727445e-11,7.3881368e-09,-1.0387956e-12,1.6852983e-12,-3.5580221e-10
1770,1.769,0.52,1.2852484,-0.29758197,-1.5798199,-7.1259706e-15,1.3280943e-14,0.77716245,-8.8521563e-15,1.4412493e-14,-2.3569823,-6.8343027e-10,9.4907932e-14,-1.5423045e-13,4.0376319e-11,7.310326e-09,-1.0283213e-12,1.6678731e-12,-3.5268506e-10
1771,1.77,0.52,1.2852484,-0.29758197,-1.5798199,-7.0856891e-15,1.3105373e-14,0.77716245,-8.7577529e-15,1.425908e-14,-2.3569823,-6.7623529e-10,9.3893957e-14,-1.5258719e-13,4.0028608e-11,7.2334285e-09,-1.0187575e-12,1.6514597e-12,-3.4936884e-10
1772,1.771,0.52,1.2852484,-0.29758197,-1.5798199,-7.0458349e-15,1.2931674e-14,0.77716245,-8.6643571e-15,1.41073e-14,-2.3569823,-6.6911611e-10,9.2892005e-14,-1.5096237e-13,3.9683492e-11,7.1572609e-09,-1.0075533e-12,1.6337034e-12,-3.4653322e-10
1773,1.772,0.52,1.2852484,-0.29758197,-1.5798199,-7.0064038e-15,1.2759823e-14,0.77716245,-8.5719558e-15,1.3957135e-14,-2.3569823,-6.6207196e-10,9.190413e-14,-1.4935784e-13,3.9340179e-11,7.0818552e-09,-9.9443477e-13,1.6142513e-12,-3.4438662e-10
1774,1.773,0.52,1.2852484,-0.29758197,-1.5798199,-6.9673912e-15,1.25898e-14,0.77716245,-8.4805382e-15,1.3808567e-14,-2.3569823,-6.5510194e-10,9.0925718e-14,-1.4776961e-13,3.899991e-11,7.0072963e-09,-9.8375305e-13,1.5969031e-12,-3.4164138e-10
1775,1.774,0.52,1.2852484,-0.29758197,-1.5798199,-6.9287926e-15,1.2421588e-14,0.77716245,-8.3900948e-15,1.366158e-14,-2.3569823,-6.4820547e-10,8.9956266e-14,-1.461972e-13,3.866299e-11,6.9334127e-09,-9.7421897e-13,1.5805794e-12,-3.3849379e-10
1776,1.775,0.52,1.2852484,-0.29758197,-1.5798199,-6.8906033e-15,1.2255165e-14,0.77716245,-8.3006149e-15,1.3516156e-14,-2.3569823,-6.4138179e-10,8.8998172e-14,-1.4464252e-13,3.8328637e-11,6.8602609e-09,-9.6346885e-13,1.5633141e-12,-3.3573347e-10
1777,1.776,0.52,1.2852484,-0.29758197,-1.5798199,-6.8528191e-15,1.2090514e-14,0.77716245,-8.2120885e-15,1.3372278e-14,-2.3569823,-6.3462972e-10,8.804972e-14,-1.4310373e-13,3.7997006e-11,6.7881325e-09,-9.5345724e-13,1.5469648e-12,-3.3299861e-10
1778,1.777,0.52,1.2852484,-0.29758197,-1.5798199,-6.8154357e-15,1.1927617e-14,0.77716245,-8.124506e-15,1.3229932e-14,-2.3569823,-6.2794867e-10,8.7110444e-14,-1.4158043e-13,3.7668351e-11,6.7167394e-09,-9.4400355e-13,1.5311877e-12,-3.3010252e-10
1779,1.778,0.52,1.2852484,-0.29758197,-1.5798199,-6.7784488e-15,1.1766456e-14,0.77716245,-8.0378587e-15,1.3089102e-14,-2.3569823,-6.2133795e-10,8.6179746e-14,-1.4007197e-13,3.7342895e-11,6.6460653e-09,-9.3513283e-13,1.5160348e-12,-3.2700511e-10
1780,1.779,0.52,1.2852484,-0.29758197,-1.5798199,-6.7418542e-15,1.1607013e-14,0.77716245,-7.9521362e-15,1.2949772e-14,-2.3569823,-6.1479688e-10,8.5260181e-14,-1.3858052e-13,3.7019866e-11,6.5760644e-09,-9.2475454e-13,1.4996463e-12,-3.2435458e-10
1781,1.78,0.52,1.2852484,-0.29758197,-1.5798199,-6.705648e-15,1.1449269e-14,0.77716245,-7.8673282e-15,1.2811925e-14,-2.3569823,-6.0832469e-10,8.4350654e-14,-1.3710508e-13,3.6699474e-11,6.5068152e-09,-9.1460245e-13,1.4835059e-12,-3.2171259e-10
1782,1.781,0.52,1.2852484,-0.29758197,-1.5798199,-6.6698259e-15,1.1293206e-14,0.77716245,-7.7834254e-15,1.2675547e-14,-2.3569823,-6.0192065e-10,8.3450187e-14,-1.3564474e-13,3.6381981e-11,6.4383004e-09,-9.0517929e-13,1.4680616e-12,-3.1889966e-10
1783,1.782,0.52,1.2852484,-0.29758197,-1.5798199,-6.6343841e-15,1.1138806e-14,0.77716245,-7.7004175e-15,1.254062e-14,-2.3569823,-5.9558384e-10,8.2560435e-14,-1.3420073e-13,3.6066651e-11,6.3706373e-09,-8.9489423e-13,1.4520297e-12,-3.1651987e-10
1784,1.783,0.52,1.2852484,-0.29758197,-1.5798199,-6.5993186e-15,1.098605e-14,0.77716245,-7.6182946e-15,1.2407129e-14,-2.3569823,-5.8931372e-10,8.1680527e-14,-1.3277241e-13,3.5753786e-11,6.3036289e-09,-8.8490366e-13,1.4362179e-12,-3.1408316e-10
1785,1.784,0.52,1.2852484,-0.29758197,-1.5798199,-6.5646254e-15,1.0834922e-14,0.77716245,-7.5370474e-15,1.227506e-14,-2.3569823,-5.8310958e-10,8.0809333e-14,-1.3135876e-13,3.54437e-11,6.2372998e-09,-8.7576371e-13,1.4211729e-12,-3.114186e-10
1786,1.785,0.52,1.2852484,-0.29758197,-1.5798199,-6.5303004e-15,1.0685404e-14,0.77716245,-7.4566675e-15,1.2144397e-14,-2.3569823,-5.7697081e-10,7.9946094e-14,-1.2995902e-13,3.5136678e-11,6.1716167e-09,-8.6741385e-13,1.4068898e-12,-3.0848744e-10
1787,1.786,0.52,1.2852484,-0.29758197,-1.5798199,-6.4963397e-15,1.0537481e-14,0.77716245,-7.3771455e-15,1.2015126e-14,-2.3569823,-5.7089682e-10,7.9093246e-14,-1.2857524e-13,3.4832004e-11,6.1065328e-09,-8.5770311e-13,1.3914787e-12,-3.0594536e-10
1788,1.787,0.52,1.2852484,-0.29758197,-1.5798199,-6.4627395e-15,1.0391133e-14,0.77716245,-7.2984717e-15,1.1887232e-14,-2.3569823,-5.6488689e-10,7.8249648e-14,-1.2720641e-13,3.4529926e-11,6.0421267e-09,-8.4830013e-13,1.3763829e-12,-3.0336694e-10
1789,1.788,0.52,1.2852484,-0.29758197,-1.5798199,-6.4294959e-15,1.0246343e-14,0.77716245,-7.2206357e-15,1.1760698e-14,-2.3569823,-5.5894035e-10,7.7417063e-14,-1.2585401e-13,3.4229775e-11,5.9784068e-09,-8.3782289e-13,1.3603927e-12,-3.0122265e-10
1790,1.789,0.52,1.2852484,-0.29758197,-1.5798199,-6.3966051e-15,1.0103095e-14,0.77716245,-7.1436297e-15,1.163551e-14,-2.3569823,-5.5305638e-10,7.6590923e-14,-1.2451395e-13,3.3932834e-11,5.9154478e-09,-8.300344e-13,1.3468376e-12,-2.9836818e-10
1791,1.79,0.52,1.2852484,-0.29758197,-1.5798199,-6.3640633e-15,9.9613736e-15,0.77716245,-7.0674457e-15,1.1511656e-14,-2.3569823,-5.4723419e-10,7.5773112e-14,-1.2318755e-13,3.3638425e-11,5.8532738e-09,-8.2188554e-13,1.3332135e-12,-2.9572884e-10
1792,1.791,0.52,1.2852484,-0.29758197,-1.5798199,-6.331867e-15,9.8211621e-15,0.77716245,-6.992074e-15,1.138912e-14,-2.3569823,-5.4147309e-10,7.4965533e-14,-1.2187639e-13,3.3345846e-11,5.791827e-09,-8.1234809e-13,1.3185113e-12,-2.9362918e-10
1793,1.792,0.52,1.2852484,-0.29758197,-1.5798199,-6.3000127e-15,9.6824435e-15,0.77716245,-6.9175054e-15,1.1267889e-14,-2.3569823,-5.357725e-10,7.4166941e-14,-1.2057949e-13,3.3055449e-11,5.7310019e-09,-8.0317707e-13,1.3040997e-12,-2.9147442e-10
1794,1.793,0.52,1.2852484,-0.29758197,-1.5798199,-6.2684965e-15,9.5452022e-15,0.77716245,-6.8437318e-15,1.1147948e-14,-2.3569823,-5.3013194e-10,7.3376277e-14,-1.19296e-13,3.2767637e-11,5.6707093e-09,-7.9483545e-13,1.2903613e-12,-2.8903295e-10
1795,1.794,0.52,1.2852484,-0.29758197,-1.5798199,-6.2373149e-15,9.4094239e-15,0.77716245,-6.7707456e-15,1.1029284e-14,-2.3569823,-5.2455073e-10,7.2592395e-14,-1.1802474e-13,3.2482745e-11,5.61104e-09,-7.8753317e-13,1.2776295e-12,-2.8627191e-10
1796,1.795,0.52,1.2852484,-0.29758197,-1.5798199,-6.2064642e-15,9.2750928e-15,0.77716245,-6.6985383e-15,1.0911884e-14,-2.3569823,-5.190285e-10,7.1817885e-14,-1.1676799e-13,3.2200126e-11,5.5518355e-09,-7.7885096e-13,1.2637103e-12,-2.8383671e-10
1797,1.796,0.52,1.2852484,-0.29758197,-1.5798199,-6.1759408e-15,9.142193e-15,0.77716245,-6.6271013e-15,1.0795734e-14,-2.3569823,-5.1356471e-10,7.1051799e-14,-1.1552496e-13,3.1920077e-11,5.4931389e-09,-7.7034105e-13,1.2499237e-12,-2.813116e-10
1798,1.797,0.52,1.2852484,-0.29758197,-1.5798199,-6.1457414e-15,9.010708e-15,0.77716245,-6.5564256e-15,1.068082e-14,-2.3569823,-5.0815834e-10,7.0295062e-14,-1.142961e-13,3.1641912e-11,5.4352909e-09,-7.6127116e-13,1.2358776e-12,-2.7921387e-10
1799,1.798,0.52,1.2852484,-0.29758197,-1.5798199,-6.1158626e-15,8.8806229e-15,0.77716245,-6.486503e-15,1.0567129e-14,-2.3569823,-5.0280871e-10,6.9546086e-14,-1.1307999e-13,3.1365993e-11,5.3781837e-09,-7.5307491e-13,1.2227005e-12,-2.7701709e-10
1800,1.799,0.52,1.2852484,-0.29758197,-1.5798199,-6.0863008e-15,8.7519233e-15,0.77716245,-6.417326e-15,1.0454648e-14,-2.3569823,-4.9751548e-10,6.880415e-14,-1.118761e-13,3.1092736e-11,5.3215446e-09,-7.4564886e-13,1.2101604e-12,-2.7451063e-10
1801,1.8,0.52,1.2852484,-0.29758197,-1.5798199,-6.0570528e-15,8.6245944e-15,0.77716245,-6.3488865e-15,1.0343364e-14,-2.3569823,-4.9227789e-10,6.8070728e-14,-1.1068547e-13,3.0821503e-11,5.2655769e-09,-7.3749716e-13,1.1971413e-12,-2.7232539e-10
1802,1.801,0.52,1.2852484,-0.29758197,-1.5798199,-6.0281151e-15,8.4986217e-15,0.77716245,-6.2811768e-15,1.0233264e-14,-2.3569823,-4.8709549e-10,6.7344829e-14,-1.0950731e-13,3.0552666e-11,5.2101289e-09,-7.2976528e-13,1.1844886e-12,-2.6999972e-10
1803,1.802,0.52,1.2852484,-0.29758197,-1.5798199,-5.9994844e-15,8.3739921e-15,0.77716245,-6.2141901e-15,1.0124338e-14,-2.3569823,-4.8196765e-10,6.66252e-14,-1.0834038e-13,3.0286589e-11,5.1552647e-09,-7.2300798e-13,1.1727823e-12,-2.6738464e-10
1804,1.803,0.52,1.2852484,-0.29758197,-1.5798199,-5.9711576e-15,8.2506912e-15,0.77716245,-6.1479187e-15,1.0016571e-14,-2.3569823,-4.7689381e-10,6.59138e-14,-1.0718625e-13,3.0022631e-11,5.1009871e-09,-7.1526934e-13,1.1603483e-12,-2.6510038e-10
1805,1.804,0.52,1.2852484,-0.29758197,-1.5798199,-5.9431315e-15,8.1287035e-15,0.77716245,-6.0823536e-15,9.9099517e-15,-2.3569823,-4.7187317e-10,6.5211847e-14,-1.0604585e-13,2.9760151e-11,5.0474197e-09,-7.0639129e-13,1.1470459e-12,-2.6335326e-10
1806,1.805,0.52,1.2852484,-0.29758197,-1.5798199,-5.915403e-15,8.0080139e-15,0.77716245,-6.0174867e-15,9.8044665e-15,-2.3569823,-4.6690533e-10,6.4517908e-14,-1.0491813e-13,2.9499603e-11,4.9943694e-09,-6.9809023e-13,1.134161e-12,-2.6148317e-10
1807,1.806,0.52,1.2852484,-0.29758197,-1.5798199,-5.8879689e-15,7.8886116e-15,0.77716245,-5.9533127e-15,9.7001054e-15,-2.3569823,-4.6198971e-10,6.3827508e-14,-1.0379907e-13,2.924241e-11,4.9418695e-09,-6.9296323e-13,1.1240948e-12,-2.5862326e-10
1808,1.807,0.52,1.2852484,-0.29758197,-1.5798199,-5.8608259e-15,7.7704829e-15,0.77716245,-5.8898242e-15,9.5968565e-15,-2.3569823,-4.5712572e-10,6.3145698e-14,-1.0269279e-13,2.8986985e-11,4.8899478e-09,-6.8552778e-13,1.1122223e-12,-2.5649098e-10
1809,1.808,0.52,1.2852484,-0.29758197,-1.5798199,-5.8339712e-15,7.6536142e-15,0.77716245,-5.8270139e-15,9.4947079e-15,-2.3569823,-4.523129e-10,6.2471344e-14,-1.0159837e-13,2.8733674e-11,4.8385308e-09,-6.7807888e-13,1.1003484e-12,-2.5437107e-10
1810,1.809,0.52,1.2852484,-0.29758197,-1.5798199,-5.8074016e-15,7.5379927e-15,0.77716245,-5.7648748e-15,9.3936485e-15,-2.3569823,-4.4755084e-10,6.1803365e-14,-1.0051494e-13,2.8482897e-11,4.7875499e-09,-6.7134527e-13,1.0890727e-12,-2.5197519e-10
1811,1.81,0.52,1.2852484,-0.29758197,-1.5798199,-5.7811142e-15,7.4236046e-15,0.77716245,-5.7033996e-15,9.2936662e-15,-2.3569823,-4.4283892e-10,6.1143326e-14,-9.9443688e-14,2.8234056e-11,4.73713e-09,-6.6380804e-13,1.0771918e-12,-2.498858e-10
1812,1.811,0.52,1.2852484,-0.29758197,-1.5798199,-5.755106e-15,7.3104342e-15,0.77716245,-5.6425791e-15,9.1947478e-15,-2.3569823,-4.3817682e-10,6.04931e-14,-9.8386464e-14,2.7986603e-11,4.6871075e-09,-6.5475306e-13,1.0638798e-12,-2.4826341e-10
1813,1.812,0.52,1.2852484,-0.29758197,-1.5798199,-5.729374e-15,7.1984688e-15,0.77716245,-5.5824069e-15,9.0968821e-15,-2.3569823,-4.335641e-10,5.9848067e-14,-9.7339333e-14,2.7741976e-11,4.6375151e-09,-6.4827288e-13,1.0527137e-12,-2.4583958e-10
1814,1.813,0.52,1.2852484,-0.29758197,-1.5798199,-5.7039151e-15,7.0876942e-15,0.77716245,-5.522875e-15,9.0000569e-15,-2.3569823,-4.2899976e-10,5.9211812e-14,-9.6304917e-14,2.7498623e-11,4.588735e-09,-6.4026112e-13,1.0405151e-12,-2.4418145e-10
1815,1.814,0.52,1.2852484,-0.29758197,-1.5798199,-5.6787264e-15,6.9780992e-15,0.77716245,-5.4639776e-15,8.9042621e-15,-2.3569823,-4.2448341e-10,5.8580031e-14,-9.5279579e-14,2.7257968e-11,4.5404737e-09,-6.3460751e-13,1.0303973e-12,-2.4183072e-10
1816,1.815,0.52,1.2852484,-0.29758197,-1.5798199,-5.6538049e-15,6.8696723e-15,0.77716245,-5.4057089e-15,8.8094876e-15,-2.3569823,-4.2001449e-10,5.7954368e-14,-9.4264491e-14,2.7019471e-11,4.4927708e-09,-6.2864457e-13,1.020191e-12,-2.3960826e-10
1817,1.816,0.52,1.2852484,-0.29758197,-1.5798199,-5.629148e-15,6.7624006e-15,0.77716245,-5.3480617e-15,8.715722e-15,-2.3569823,-4.1559249e-10,5.7336503e-14,-9.3261057e-14,2.6782553e-11,4.4455941e-09,-6.2145815e-13,1.0090197e-12,-2.3781488e-10
1818,1.817,0.52,1.2852484,-0.29758197,-1.5798199,-5.6047529e-15,6.6562718e-15,0.77716245,-5.2910293e-15,8.6229548e-15,-2.3569823,-4.1121697e-10,5.6724969e-14,-9.2268069e-14,2.6547667e-11,4.3988771e-09,-6.1484232e-13,9.9833204e-13,-2.358619e-10
1819,1.818,0.52,1.2852484,-0.29758197,-1.5798199,-5.5806168e-15,6.5512724e-15,0.77716245,-5.2346043e-15,8.5311744e-15,-2.3569823,-4.0688755e-10,5.6121354e-14,-9.1286958e-14,2.6314334e-11,4.3525691e-09,-6.0735724e-13,9.8685148e-13,-2.3417625e-10
1820,1.819,0.52,1.2852484,-0.29758197,-1.5798199,-5.5567369e-15,6.4473897e-15,0.77716245,-5.1787798e-15,8.4403698e-15,-2.3569823,-4.0260394e-10,5.5524283e-14,-9.0316676e-14,2.6083053e-11,4.3065968e-09,-6.004998e-13,9.7580464e-13,-2.3224628e-10
1821,1.82,0.52,1.2852484,-0.29758197,-1.5798199,-5.5331102e-15,6.3446129e-15,0.77716245,-5.1235501e-15,8.3505311e-15,-2.3569823,-3.9836563e-10,5.4932144e-14,-8.9355683e-14,2.5854298e-11,4.2610765e-09,-5.9492586e-13,9.6593053e-13,-2.2991844e-10
1822,1.821,0.52,1.2852484,-0.29758197,-1.5798199,-5.509734e-15,6.2429302e-15,0.77716245,-5.0689092e-15,8.2616481e-15,-2.3569823,-3.941721e-10,5.4346622e-14,-8.8405262e-14,2.5627514e-11,4.2160434e-09,-5.8865707e-13,9.5559077e-13,-2.2782881e-10
1823,1.822,0.52,1.2852484,-0.29758197,-1.5798199,-5.4866056e-15,6.1423311e-15,0.77716245,-5.0148516e-15,8.1737113e-15,-2.3569823,-3.9002269e-10,5.3765944e-14,-8.7463634e-14,2.5403086e-11,4.1716251e-09,-5.8333743e-13,9.4628211e-13,-2.2556184e-10
1824,1.823,0.52,1.2852484,-0.29758197,-1.5798199,-5.4637223e-15,6.0428047e-15,0.77716245,-4.9613714e-15,8.0867113e-15,-2.3569823,-3.8591671e-10,5.3191428e-14,-8.6531684e-14,2.5180445e-11,4.1278554e-09,-5.7745614e-13,9.3672765e-13,-2.2361476e-10
1825,1.824,0.52,1.2852484,-0.29758197,-1.5798199,-5.4410819e-15,5.9443384e-15,0.77716245,-4.9084615e-15,8.0006372e-15,-2.3569823,-3.8185387e-10,5.262481e-14,-8.5611052e-14,2.495908e-11,4.0845156e-09,-5.7023125e-13,9.2599693e-13,-2.2211478e-10
1826,1.825,0.52,1.2852484,-0.29758197,-1.5798199,-5.4186818e-15,5.8469205e-15,0.77716245,-4.8561154e-15,7.9154791e-15,-2.3569823,-3.7783367e-10,5.2064146e-14,-8.470011e-14,2.4739503e-11,4.0416354e-09,-5.638527e-13,9.159607e-13,-2.2042264e-10
1827,1.826,0.52,1.2852484,-0.29758197,-1.5798199,-5.3965195e-15,5.7505412e-15,0.77716245,-4.8043282e-15,7.8312282e-15,-2.3569823,-3.7385571e-10,5.1507808e-14,-8.3797383e-14,2.452225e-11,3.9991888e-09,-5.5884332e-13,9.0713795e-13,-2.1830991e-10
1828,1.827,0.52,1.2852484,-0.29758197,-1.5798199,-5.3745924e-15,5.6551899e-15,0.77716245,-4.7530941e-15,7.747875e-15,-2.3569823,-3.6991956e-10,5.0957475e-14,-8.2904234e-14,2.4306827e-11,3.9571586e-09,-5.5316944e-13,8.9781241e-13,-2.1638482e-10
1829,1.828,0.52,1.2852484,-0.29758197,-1.5798199,-5.3528982e-15,5.5608541e-15,0.77716245,-4.7024063e-15,7.6654092e-15,-2.3569823,-3.660249e-10,5.0414755e-14,-8.2022138e-14,2.4092739e-11,3.9154931e-09,-5.4620338e-13,8.873342e-13,-2.1485418e-10
1830,1.829,0.52,1.2852484,-0.29758197,-1.5798199,-5.3314343e-15,5.4675224e-15,0.77716245,-4.6522583e-15,7.5838207e-15,-2.3569823,-3.6217146e-10,4.9878111e-14,-8.1149938e-14,2.3880513e-11,3.8741259e-09,-5.3983028e-13,8.7724506e-13,-2.1310187e-10
1831,1.83,0.52,1.2852484,-0.29758197,-1.5798199,-5.3101981e-15,5.3751848e-15,0.77716245,-4.6026451e-15,7.5031005e-15,-2.3569823,-3.5835875e-10,4.9345744e-14,-8.0285934e-14,2.3670665e-11,3.83318e-09,-5.3485452e-13,8.6841747e-13,-2.1093235e-10
1832,1.831,0.52,1.2852484,-0.29758197,-1.5798199,-5.2891871e-15,5.283831e-15,0.77716245,-4.5535613e-15,7.4232396e-15,-2.3569823,-3.545863e-10,4.8819166e-14,-7.9431255e-14,2.3462684e-11,3.7926933e-09,-5.2933729e-13,8.5925874e-13,-2.0896471e-10
1833,1.832,0.52,1.2852484,-0.29758197,-1.5798199,-5.2683989e-15,5.1934491e-15,0.77716245,-4.5050001e-15,7.3442279e-15,-2.3569823,-3.5085368e-10,4.8299767e-14,-7.8587089e-14,2.3256058e-11,3.7526472e-09,-5.2271184e-13,8.4919692e-13,-2.0740594e-10
1834,1.833,0.52,1.2852484,-0.29758197,-1.5798199,-5.2478312e-15,5.1040289e-15,0.77716245,-4.4569562e-15,7.2660565e-15,-2.3569823,-3.4716028e-10,4.7785332e-14,-7.7751398e-14,2.3051276e-11,3.7131487e-09,-5.1719359e-13,8.4019307e-13,-2.0565643e-10
1835,1.834,0.52,1.2852484,-0.29758197,-1.5798199,-5.2274817e-15,5.0155593e-15,0.77716245,-4.4094234e-15,7.1887157e-15,-2.3569823,-3.4350578e-10,4.7277267e-14,-7.6925416e-14,2.2847922e-11,3.6740519e-09,-5.1110809e-13,8.3071862e-13,-2.0412139e-10
1836,1.835,0.52,1.2852484,-0.29758197,-1.5798199,-5.2073481e-15,4.9280309e-15,0.77716245,-4.3623967e-15,7.1121972e-15,-2.3569823,-3.3988968e-10,4.6773589e-14,-7.6107339e-14,2.2646522e-11,3.6354153e-09,-5.061545e-13,8.2229091e-13,-2.0230722e-10
1837,1.836,0.52,1.2852484,-0.29758197,-1.5798199,-5.1874279e-15,4.8414337e-15,0.77716245,-4.3158708e-15,7.0364923e-15,-2.3569823,-3.3631152e-10,4.6275497e-14,-7.5298067e-14,2.2446635e-11,3.5972467e-09,-5.0077957e-13,8.136115e-13,-2.0069404e-10
1838,1.837,0.52,1.2852484,-0.29758197,-1.5798199,-5.167719e-15,4.7557591e-15,0.77716245,-4.2698413e-15,6.9615933e-15,-2.3569823,-3.327709e-10,4.5781331e-14,-7.4496113e-14,2.2248785e-11,3.5594935e-09,-4.9637041e-13,8.0584021e-13,-1.9879792e-10
1839,1.838,0.52,1.2852484,-0.29758197,-1.5798199,-5.1482191e-15,4.6709976e-15,0.77716245,-4.2243031e-15,6.8874918e-15,-2.3569823,-3.2926747e-10,4.5292611e-14,-7.3702719e-14,2.2052523e-11,3.5221204e-09,-4.9127004e-13,7.9754258e-13,-1.9710684e-10
1840,1.839,0.52,1.2852484,-0.29758197,-1.5798199,-5.1289261e-15,4.5871406e-15,0.77716245,-4.1792517e-15,6.8141802e-15,-2.3569823,-3.2580094e-10,4.4807949e-14,-7.2916711e-14,2.1858368e-11,3.4850618e-09,-4.8686469e-13,7.8985265e-13,-1.951395e-10
1841,1.84,0.52,1.2852484,-0.29758197,-1.5798199,-5.1098377e-15,4.5041783e-15,0.77716245,-4.1346819e-15,6.7416499e-15,-2.3569823,-3.2237103e-10,4.4329057e-14,-7.2139576e-14,2.166586e-11,3.4482889e-09,-4.8154949e-13,7.8137438e-13,-1.9338498e-10
1842,1.841,0.52,1.2852484,-0.29758197,-1.5798199,-5.0909519e-15,4.4220997e-15,0.77716245,-4.0905873e-15,6.6698917e-15,-2.3569823,-3.1897728e-10,4.3856965e-14,-7.1372173e-14,2.1474523e-11,3.4119289e-09,-4.7524466e-13,7.7206025e-13,-1.9201968e-10
1843,1.842,0.52,1.2852484,-0.29758197,-1.5798199,-5.0722665e-15,4.3408951e-15,0.77716245,-4.0469627e-15,6.5988972e-15,-2.3569823,-3.1561926e-10,4.3389544e-14,-7.0612667e-14,2.1284918e-11,3.375992e-09,-4.7002893e-13,7.6369109e-13,-1.904095e-10
1844,1.843,0.52,1.2852484,-0.29758197,-1.5798199,-5.0537795e-15,4.260554e-15,0.77716245,-4.0038023e-15,6.5286573e-15,-2.3569823,-3.1229682e-10,4.2928372e-14,-6.9862565e-14,2.1096676e-11,3.3402941e-09,-4.6412412e-13,7.5463128e-13,-1.8896468e-10
1845,1.844,0.52,1.2852484,-0.29758197,-1.5798199,-5.0354885e-15,4.181067e-15,0.77716245,-3.9611011e-15,6.4591638e-15,-2.3569823,-3.0900962e-10,4.2471592e-14,-6.9120272e-14,2.0910364e-11,3.3048939e-09,-4.5922811e-13,7.4640559e-13,-1.8719664e-10
1846,1.845,0.52,1.2852484,-0.29758197,-1.5798199,-5.0173914e-15,4.1024253e-15,0.77716245,-3.9188543e-15,6.3904089e-15,-2.3569823,-3.0575684e-10,4.201947e-14,-6.8385575e-14,2.0725519e-11,3.2701494e-09,-4.5449069e-13,7.3860033e-13,-1.8562854e-10
1847,1.846,0.52,1.2852484,-0.29758197,-1.5798199,-4.9994864e-15,4.024619e-15,0.77716245,-3.8770566e-15,6.3223842e-15,-2.3569823,-3.0253818e-10,4.1573288e-14,-6.765962e-14,2.0541733e-11,3.2358282e-09,-4.4895208e-13,7.3017008e-13,-1.8440024e-10
1848,1.847,0.52,1.2852484,-0.29758197,-1.5798199,-4.9817711e-15,3.9476423e-15,0.77716245,-3.8357053e-15,6.255084e-15,-2.3569823,-2.993532e-10,4.1128026e-14,-6.6937941e-14,2.0360562e-11,3.2019286e-09,-4.4649146e-13,7.2450946e-13,-1.822476e-10
1849,1.848,0.52,1.2852484,-0.29758197,-1.5798199,-4.9642436e-15,3.8714866e-15,0.77716245,-3.7947958e-15,6.1885008e-15,-2.3569823,-2.9620171e-10,4.0688646e-14,-6.6224757e-14,2.0180618e-11,3.1683022e-09,-4.4175075e-13,7.1695915e-13,-1.8071183e-10
1850,1.849,0.52,1.2852484,-0.29758197,-1.5798199,-4.946902e-15,3.7961435e-15,0.77716245,-3.7543237e-15,6.1226273e-15,-2.3569823,-2.9308337e-10,4.0253421e-14,-6.5518597e-14,2.0002412e-11,3.1349963e-09,-4.3740025e-13,7.0975944e-13,-1.7904116e-10
1851,1.85,0.52,1.2852484,-0.29758197,-1.5798199,-4.9297445e-15,3.7216041e-15,0.77716245,-3.7142839e-15,6.0574558e-15,-2.3569823,-2.8999783e-10,3.9823575e-14,-6.4820497e-14,1.9825535e-11,3.1020256e-09,-4.3236384e-13,7.0198638e-13,-1.7759849e-10
1852,1.851,0.52,1.2852484,-0.29758197,-1.5798199,-4.9127692e-15,3.647858e-15,0.77716245,-3.6746706e-15,5.9929777e-15,-2.3569823,-2.8694479e-10,3.9400166e-14,-6.4131472e-14,1.96496e-11,3.0693666e-09,-4.2639439e-13,6.9334533e-13,-1.7648925e-10
1853,1.852,0.52,1.2852484,-0.29758197,-1.5798199,-4.8959742e-15,3.5748961e-15,0.77716245,-3.6354786e-15,5.929185e-15,-2.3569823,-2.8392402e-10,3.8981176e-14,-6.3449911e-14,1.9475245e-11,3.0369698e-09,-4.2145781e-13,6.8548962e-13,-1.7506636e-10
1854,1.853,0.52,1.2852484,-0.29758197,-1.5798199,-4.8793575e-15,3.5027093e-15,0.77716245,-3.5967032e-15,5.86607e-15,-2.3569823,-2.8093503e-10,3.8567252e-14,-6.2776227e-14,1.9302115e-11,3.0049782e-09,-4.1643524e-13,6.77619e-13,-1.7377554e-10
1855,1.854,0.52,1.2852484,-0.29758197,-1.5798199,-4.862917e-15,3.4312899e-15,0.77716245,-3.5583402e-15,5.8036256e-15,-2.3569823,-2.7797766e-10,3.8156717e-14,-6.2109037e-14,1.9130839e-11,2.973239e-09,-4.1250204e-13,6.7066631e-13,-1.7210919e-10
1856,1.855,0.52,1.2852484,-0.29758197,-1.5798199,-4.8466506e-15,3.3606323e-15,0.77716245,-3.5203873e-15,5.7418464e-15,-2.3569823,-2.7505153e-10,3.7747847e-14,-6.1446617e-14,1.8961984e-11,2.9418374e-09,-4.100807e-13,6.6516881e-13,-1.6993992e-10
1857,1.856,0.52,1.2852484,-0.29758197,-1.5798199,-4.8305565e-15,3.2907278e-15,0.77716245,-3.4828396e-15,5.680725e-15,-2.3569823,-2.7215621e-10,3.7345077e-14,-6.0792604e-14,1.8794102e-11,2.9108223e-09,-4.0520689e-13,6.5773122e-13,-1.685676e-10
1858,1.857,0.52,1.2852484,-0.29758197,-1.5798199,-4.8146331e-15,3.2215682e-15,0.77716245,-3.4456927e-15,5.6202542e-15,-2.3569823,-2.6929141e-10,3.6946525e-14,-6.0145441e-14,1.8627732e-11,2.8801434e-09,-4.0077014e-13,6.5068626e-13,-1.6710285e-10
1859,1.858,0.52,1.2852484,-0.29758197,-1.5798199,-4.7988786e-15,3.1531452e-15,0.77716245,-3.4089419e-15,5.560427e-15,-2.3569823,-2.6645657e-10,3.655272e-14,-5.9505404e-14,1.8462488e-11,2.8499442e-09,-3.9612687e-13,6.4358678e-13,-1.6586347e-10
1860,1.859,0.52,1.2852484,-0.29758197,-1.5798199,-4.7832912e-15,3.085452e-15,0.77716245,-3.3725838e-15,5.5012373e-15,-2.3569823,-2.6365145e-10,3.6161833e-14,-5.887096e-14,1.8299e-11,2.8200591e-09,-3.9263372e-13,6.3749116e-13,-1.6428009e-10
1861,1.86,0.52,1.2852484,-0.29758197,-1.5798199,-4.7678692e-15,3.018481e-15,0.77716245,-3.3366142e-15,5.4426785e-15,-2.3569823,-2.6087586e-10,3.5775295e-14,-5.8243357e-14,1.8136909e-11,2.7904118e-09,-3.8856936e-13,6.3089929e-13,-1.6282048e-10
1862,1.861,0.52,1.2852484,-0.29758197,-1.5798199,-4.7526111e-15,2.9522239e-15,0.77716245,-3.3010284e-15,5.3847434e-15,-2.3569823,-2.5812939e-10,3.5393926e-14,-5.7623242e-14,1.7975827e-11,2.7611194e-09,-3.8376954e-13,6.2370964e-13,-1.6166175e-10
1863,1.862,0.52,1.2852484,-0.29758197,-1.5798199,-4.7375149e-15,2.8866736e-15,0.77716245,-3.2658228e-15,5.3274259e-15,-2.3569823,-2.5541166e-10,3.5015498e-14,-5.7008654e-14,1.7816376e-11,2.7321903e-09,-3.8020816e-13,6.1762836e-13,-1.6018783e-10
1864,1.863,0.52,1.2852484,-0.29758197,-1.5798199,-4.7225792e-15,2.8218226e-15,0.77716245,-3.2309932e-15,5.2707194e-15,-2.3569823,-2.5272259e-10,3.4641543e-14,-5.6401014e-14,1.7658236e-11,2.7034421e-09,-3.7603946e-13,6.1097001e-13,-1.5882259e-10
1865,1.864,0.52,1.2852484,-0.29758197,-1.5798199,-4.7078022e-15,2.7576622e-15,0.77716245,-3.1965347e-15,5.2146165e-15,-2.3569823,-2.5006188e-10,3.4272987e-14,-5.5801145e-14,1.7501047e-11,2.6749566e-09,-3.7105063e-13,6.0356879e-13,-1.577332e-10
1866,1.865,0.52,1.2852484,-0.29758197,-1.5798199,-4.6931821e-15,2.6941848e-15,0.77716245,-3.1624434e-15,5.1591107e-15,-2.3569823,-2.4742927e-10,3.3907723e-14,-5.5207273e-14,1.7345459e-11,2.6467272e-09,-3.6719289e-13,5.971048e-13,-1.5630333e-10
1867,1.866,0.52,1.2852484,-0.29758197,-1.5798199,-4.6787173e-15,2.631383e-15,0.77716245,-3.1287151e-15,5.1041952e-15,-2.3569823,-2.448245e-10,3.3546825e-14,-5.4620283e-14,1.7191145e-11,2.6187529e-09,-3.6299634e-13,5.9036122e-13,-1.549771e-10
1868,1.867,0.52,1.2852484,-0.29758197,-1.5798199,-4.664406e-15,2.5692482e-15,0.77716245,-3.0953451e-15,5.0498631e-15,-2.3569823,-2.422471e-10,3.3190798e-14,-5.4040478e-14,1.703774e-11,2.5911833e-09,-3.583502e-13,5.8332408e-13,-1.53929e-10
1869,1.868,0.52,1.2852484,-0.29758197,-1.5798199,-4.6502466e-15,2.5077739e-15,0.77716245,-3.06233e-15,4.9961082e-15,-2.3569823,-2.3969691e-10,3.2837706e-14,-5.3466262e-14,1.6885916e-11,2.5638579e-09,-3.5484444e-13,5.7725165e-13,-1.5252551e-10
1870,1.869,0.52,1.2852484,-0.29758197,-1.5798199,-4.6362371e-15,2.4469549e-15,0.77716245,-3.0296676e-15,4.9429257e-15,-2.3569823,-2.3717379e-10,3.2486048e-14,-5.2896288e-14,1.6736325e-11,2.5366964e-09,-3.5272002e-13,5.7239989e-13,-1.5056959e-10
1871,1.87,0.52,1.2852484,-0.29758197,-1.5798199,-4.622376e-15,2.3867835e-15,0.77716245,-2.9973535e-15,4.8903089e-15,-2.3569823,-2.3467735e-10,3.2139969e-14,-5.2333924e-14,1.6587571e-11,2.5098593e-09,-3.4829315e-13,5.6570963e-13,-1.4935924e-10
1872,1.871,0.52,1.2852484,-0.29758197,-1.5798199,-4.6086618e-15,2.3272527e-15,0.77716245,-2.9653839e-15,4.8382518e-15,-2.3569823,-2.3220726e-10,3.1797317e-14,-5.1777324e-14,1.6440233e-11,2.4833476e-09,-3.4453195e-13,5.5963631e-13,-1.4801128e-10
1873,1.872,0.52,1.2852484,-0.29758197,-1.5798199,-4.5950929e-15,2.2683551e-15,0.77716245,-2.9337547e-15,4.7867479e-15,-2.3569823,-2.297632e-10,3.1458934e-14,-5.122716e-14,1.6293984e-11,2.4571573e-09,-3.4043307e-13,5.5332142e-13,-1.4683685e-10
1874,1.873,0.52,1.2852484,-0.29758197,-1.5798199,-4.5816678e-15,2.2100824e-15,0.77716245,-2.9024613e-15,4.7357906e-15,-2.3569823,-2.2734488e-10,3.1125576e-14,-5.0684129e-14,1.6148503e-11,2.4312624e-09,-3.357161e-13,5.464614e-13,-1.459326e-10
1875,1.874,0.52,1.2852484,-0.29758197,-1.5798199,-4.5683851e-15,2.1524288e-15,0.77716245,-2.8715005e-15,4.6853743e-15,-2.3569823,-2.2495185e-10,3.079449e-14,-5.0145712e-14,1.6004468e-11,2.4057779e-09,-3.3262977e-13,5.410982e-13,-1.4466785e-10
1876,1.875,0.52,1.2852484,-0.29758197,-1.5798199,-4.5552432e-15,2.095388e-15,0.77716245,-2.8408691e-15,4.6354937e-15,-2.3569823,-2.2258387e-10,3.0466724e-14,-4.9612768e-14,1.5861596e-11,2.3805766e-09,-3.2938726e-13,5.3566194e-13,-1.4347044e-10
1877,1.876,0.52,1.2852484,-0.29758197,-1.5798199,-4.5422405e-15,2.0389554e-15,0.77716245,-2.8105649e-15,4.5861443e-15,-2.3569823,-2.2024082e-10,3.0140593e-14,-4.9083852e-14,1.572055e-11,2.3555569e-09,-3.2721628e-13,5.3116481e-13,-1.4185426e-10
1878,1.877,0.52,1.2852484,-0.29758197,-1.5798199,-4.5293757e-15,1.9831234e-15,0.77716245,-2.7805835e-15,4.5373197e-15,-2.3569823,-2.1792229e-10,2.9819914e-14,-4.8562093e-14,1.5579999e-11,2.3308719e-09,-3.2285811e-13,5.2489436e-13,-1.4098553e-10
1879,1.878,0.52,1.2852484,-0.29758197,-1.5798199,-4.5166474e-15,1.9278851e-15,0.77716245,-2.7509212e-15,4.4890142e-15,-2.3569823,-2.1562821e-10,2.9502754e-14,-4.804605e-14,1.544062e-11,2.3063478e-09,-3.1905885e-13,5.189935e-13,-1.3991406e-10
1880,1.879,0.52,1.2852484,-0.29758197,-1.5798199,-4.5040541e-15,1.8732359e-15,0.77716245,-2.7215759e-15,4.4412232e-15,-2.3569823,-2.1335827e-10,2.9186883e-14,-4.7533679e-14,1.5303109e-11,2.2820726e-09,-3.169342e-13,5.1457821e-13,-1.3831202e-10
1881,1.88,0.52,1.2852484,-0.29758197,-1.5798199,-4.4915943e-15,1.8191686e-15,0.77716245,-2.6925433e-15,4.3939407e-15,-2.3569823,-2.1111215e-10,2.8876233e-14,-4.7028246e-14,1.5166157e-11,2.2581049e-09,-3.1274436e-13,5.0848166e-13,-1.3740573e-10
1882,1.881,0.52,1.2852484,-0.29758197,-1.5798199,-4.4792666e-15,1.7656793e-15,0.77716245,-2.6638219e-15,4.347163e-15,-2.3569823,-2.0888963e-10,2.8565748e-14,-4.6525389e-14,1.5031383e-11,2.2343842e-09,-3.1123811e-13,5.0473191e-13,-1.3565071e-10
1883,1.882,0.52,1.2852484,-0.29758197,-1.5798199,-4.4670697e-15,1.7127619e-15,0.77716245,-2.6354084e-15,4.3008847e-15,-2.3569823,-2.0669043e-10,2.8259646e-14,-4.6028595e-14,1.4897483e-11,2.2109286e-09,-3.0781434e-13,4.9944012e-13,-1.3448396e-10
1884,1.883,0.52,1.2852484,-0.29758197,-1.5798199,-4.4550023e-15,1.6604111e-15,0.77716245,-2.6072998e-15,4.255101e-15,-2.3569823,-2.0451437e-10,2.7956045e-14,-4.5536312e-14,1.4765071e-11,2.187682e-09,-3.0500495e-13,4.9466869e-13,-1.3310267e-10
1885,1.884,0.52,1.2852484,-0.29758197,-1.5798199,-4.4430631e-15,1.6086182e-15,0.77716245,-2.5794911e-15,4.2098051e-15,-2.3569823,-2.0236125e-10,2.7658865e-14,-4.5052001e-14,1.4632874e-11,2.1646418e-09,-2.9978877e-13,4.8776319e-13,-1.3249882e-10
1886,1.885,0.52,1.2852484,-0.29758197,-1.5798199,-4.431251e-15,1.5573757e-15,0.77716245,-2.5519777e-15,4.1649906e-15,-2.3569823,-2.0023094e-10,2.7365694e-14,-4.4573835e-14,1.4501619e-11,2.1417495e-09,-2.953769e-13,4.8136508e-13,-1.3166926e-10
1887,1.886,0.52,1.2852484,-0.29758197,-1.5798199,-4.4195643e-15,1.5066785e-15,0.77716245,-2.5247573e-15,4.1206529e-15,-2.3569823,-1.981231e-10,2.7073846e-14,-4.409935e-14,1.4372051e-11,2.1191439e-09,-2.9302387e-13,4.7677848e-13,-1.3026905e-10
1888,1.887,0.52,1.2852484,-0.29758197,-1.5798199,-4.4080016e-15,1.4565216e-15,0.77716245,-2.4978275e-15,4.0767872e-15,-2.3569823,-1.960376e-10,2.6784624e-14,-4.3629606e-14,1.4243886e-11,2.0967134e-09,-2.9048934e-13,4.7208869e-13,-1.28866e-10
1889,1.888,0.52,1.2852484,-0.29758197,-1.5798199,-4.3965615e-15,1.406899e-15,0.77716245,-2.4711849e-15,4.0333886e-15,-2.3569823,-1.9397411e-10,2.6498865e-14,-4.3165191e-14,1.4116773e-11,2.0745649e-09,-2.8733593e-13,4.6697317e-13,-1.2769759e-10
1890,1.889,0.52,1.2852484,-0.29758197,-1.5798199,-4.3852428e-15,1.3578043e-15,0.77716245,-2.4448259e-15,3.9904513e-15,-2.3569823,-1.9193231e-10,2.6217205e-14,-4.2706609e-14,1.399039e-11,2.0527233e-09,-2.8355206e-13,4.6137865e-13,-1.2682108e-10
1891,1.89,0.52,1.2852484,-0.29758197,-1.5798199,-4.3740441e-15,1.3092319e-15,0.77716245,-2.4187477e-15,3.9479705e-15,-2.3569823,-1.899122e-10,2.593781e-14,-4.2252453e-14,1.3865465e-11,2.0309813e-09,-2.8078073e-13,4.565638e-13,-1.2555709e-10
1892,1.891,0.52,1.2852484,-0.29758197,-1.5798199,-4.362964e-15,1.2611763e-15,0.77716245,-2.3929473e-15,3.9059414e-15,-2.3569823,-1.8791354e-10,2.5661515e-14,-4.1803345e-14,1.3741716e-11,2.0094373e-09,-2.7779004e-13,4.5159319e-13,-1.2435142e-10
1893,1.892,0.52,1.2852484,-0.29758197,-1.5798199,-4.3520014e-15,1.213631e-15,0.77716245,-2.3674211e-15,3.8643583e-15,-2.3569823,-1.8593608e-10,2.5389144e-14,-4.1359981e-14,1.3618837e-11,1.9881142e-09,-2.7417785e-13,4.461075e-13,-1.2337013e-10
1894,1.893,0.52,1.2852484,-0.29758197,-1.5798199,-4.3411547e-15,1.1665917e-15,0.77716245,-2.342167e-15,3.8232174e-15,-2.3569823,-1.839794e-10,2.5118007e-14,-4.0919839e-14,1.3497494e-11,1.9671572e-09,-2.7215001e-13,4.4213049e-13,-1.2201858e-10
1895,1.894,0.52,1.2852484,-0.29758197,-1.5798199,-4.3304231e-15,1.1200521e-15,0.77716245,-2.3171813e-15,3.7825134e-15,-2.3569823,-1.8204302e-10,2.4851472e-14,-4.0485594e-14,1.337641e-11,1.946642e-09,-2.6840683e-13,4.3687346e-13,-1.2139561e-10
1896,1.895,0.52,1.2852484,-0.29758197,-1.5798199,-4.3198051e-15,1.0740095e-15,0.77716245,-2.2924631e-15,3.7422434e-15,-2.3569823,-1.8012683e-10,2.4584457e-14,-4.0052941e-14,1.3257283e-11,1.9263405e-09,-2.6747931e-13,4.3405933e-13,-1.1988299e-10
1897,1.896,0.52,1.2852484,-0.29758197,-1.5798199,-4.3092998e-15,1.0284588e-15,0.77716245,-2.2680096e-15,3.7024031e-15,-2.3569823,-1.7823071e-10,2.4321269e-14,-3.9625537e-14,1.3138879e-11,1.9061909e-09,-2.6461839e-13,4.2962276e-13,-1.1889682e-10
1898,1.897,0.52,1.2852484,-0.29758197,-1.5798199,-4.2989062e-15,9.8339348e-16,0.77716245,-2.2438168e-15,3.6629871e-15,-2.3569823,-1.7635435e-10,2.4062395e-14,-3.9203819e-14,1.3020889e-11,1.8863038e-09,-2.6078867e-13,4.2435288e-13,-1.1829233e-10
1899,1.898,0.52,1.2852484,-0.29758197,-1.5798199,-4.288623e-15,9.3880849e-16,0.77716245,-2.2198821e-15,3.623991e-15,-2.3569823,-1.7449773e-10,2.3805673e-14,-3.878612e-14,1.2904093e-11,1.8665183e-09,-2.5807778e-13,4.1991673e-13,-1.1729491e-10
1900,1.899,0.52,1.2852484,-0.29758197,-1.5798199,-4.2784492e-15,8.946988e-16,0.77716245,-2.1962027e-15,3.5854104e-15,-2.3569823,-1.7266057e-10,2.3551654e-14,-3.8372821e-14,1.2788263e-11,1.8469474e-09,-2.5537131e-13,4.1550495e-13,-1.1631826e-10
1901,1.9,0.52,1.2852484,-0.29758197,-1.5798199,-4.2683836e-15,8.510589e-16,0.77716245,-2.1727757e-15,3.5472407e-15,-2.3569823,-1.7084261e-10,2.3300903e-14,-3.7964367e-14,1.267315e-11,1.8276216e-09,-2.5229142e-13,4.1080467e-13,-1.1551514e-10
1902,1.901,0.52,1.2852484,-0.29758197,-1.5798199,-4.2584249e-15,8.0788463e-16,0.77716245,-2.1495989e-15,3.5094778e-15,-2.3569823,-1.6904389e-10,2.3051614e-14,-3.7559351e-14,1.2559507e-11,1.8083491e-09,-2.5029012e-13,4.0694526e-13,-1.1426677e-10
1903,1.902,0.52,1.2852484,-0.29758197,-1.5798199,-4.2485719e-15,7.6517154e-16,0.77716245,-2.1266702e-15,3.4721179e-15,-2.3569823,-1.6726422e-10,2.2804696e-14,-3.7158445e-14,1.2447069e-11,1.7892321e-09,-2.4804161e-13,4.0291895e-13,-1.1304758e-10
1904,1.903,0.52,1.2852484,-0.29758197,-1.5798199,-4.2388236e-15,7.2291432e-16,0.77716245,-2.1039866e-15,3.4351564e-15,-2.3569823,-1.6550339e-10,2.2561046e-14,-3.6762389e-14,1.2335534e-11,1.7703011e-09,-2.4511405e-13,3.9834367e-13,-1.1203936e-10
1905,1.904,0.52,1.2852484,-0.29758197,-1.5798199,-4.2291788e-15,6.8110673e-16,0.77716245,-2.0815445e-15,3.398588e-15,-2.3569823,-1.6376121e-10,2.2321359e-14,-3.6371838e-14,1.2224633e-11,1.7515527e-09,-2.4149588e-13,3.9314885e-13,-1.1128057e-10
1906,1.905,0.52,1.2852484,-0.29758197,-1.5798199,-4.2196363e-15,6.3974478e-16,0.77716245,-2.0593419e-15,3.362409e-15,-2.3569823,-1.620373e-10,2.2082803e-14,-3.5984196e-14,1.2115081e-11,1.7331251e-09,-2.3953579e-13,3.8947723e-13,-1.1012796e-10
1907,1.906,0.52,1.2852484,-0.29758197,-1.5798199,-4.2101951e-15,5.9882444e-16,0.77716245,-2.0373768e-15,3.3266159e-15,-2.3569823,-1.603315e-10,2.1846322e-14,-3.5600207e-14,1.2006641e-11,1.714908e-09,-2.374996e-13,3.8581867e-13,-1.0900271e-10
1908,1.907,0.52,1.2852484,-0.29758197,-1.5798199,-4.2008541e-15,5.5834071e-16,0.77716245,-2.0156465e-15,3.2912043e-15,-2.3569823,-1.5864371e-10,2.1612951e-14,-3.5220809e-14,1.1899044e-11,1.6968271e-09,-2.3474729e-13,3.8153841e-13,-1.0806565e-10
1909,1.908,0.52,1.2852484,-0.29758197,-1.5798199,-4.1916122e-15,5.182875e-16,0.77716245,-1.9941474e-15,3.2561692e-15,-2.3569823,-1.5697386e-10,2.1383528e-14,-3.4846855e-14,1.179205e-11,1.6788438e-09,-2.3119747e-13,3.7648193e-13,-1.0735124e-10
1910,1.909,0.52,1.2852484,-0.29758197,-1.5798199,-4.1824684e-15,4.7866075e-16,0.77716245,-1.9728774e-15,3.2215069e-15,-2.3569823,-1.5532165e-10,2.1155374e-14,-3.4475959e-14,1.1686394e-11,1.6610839e-09,-2.2916851e-13,3.7275791e-13,-1.0622069e-10
1911,1.91,0.52,1.2852484,-0.29758197,-1.5798199,-4.1734216e-15,4.3945665e-16,0.77716245,-1.9518348e-15,3.1872139e-15,-2.3569823,-1.5368678e-10,2.0929039e-14,-3.4108395e-14,1.1581829e-11,1.6436093e-09,-2.2727976e-13,3.6929514e-13,-1.0511726e-10
1912,1.911,0.52,1.2852484,-0.29758197,-1.5798199,-4.1644708e-15,4.0066797e-16,0.77716245,-1.9310149e-15,3.1532844e-15,-2.3569823,-1.5206919e-10,2.0708471e-14,-3.3747726e-14,1.1477137e-11,1.6262658e-09,-2.2280482e-13,3.6354476e-13,-1.0483324e-10
1913,1.912,0.52,1.2852484,-0.29758197,-1.5798199,-4.155615e-15,3.6229133e-16,0.77716245,-1.9104163e-15,3.1197152e-15,-2.3569823,-1.5046868e-10,2.0487925e-14,-3.3389051e-14,1.137407e-11,1.6090905e-09,-2.2129893e-13,3.6029837e-13,-1.0365634e-10
1914,1.913,0.52,1.2852484,-0.29758197,-1.5798199,-4.146853e-15,3.2432162e-16,0.77716245,-1.8900361e-15,3.0865019e-15,-2.3569823,-1.4888501e-10,2.0270956e-14,-3.3035263e-14,1.1271452e-11,1.5921496e-09,-2.1841292e-13,3.5595771e-13,-1.0296407e-10
1915,1.914,0.52,1.2852484,-0.29758197,-1.5798199,-4.1381839e-15,2.8675528e-16,0.77716245,-1.8698727e-15,3.0536413e-15,-2.3569823,-1.4731796e-10,2.0055132e-14,-3.2684259e-14,1.1170019e-11,1.5754117e-09,-2.1668661e-13,3.5265555e-13,-1.0194297e-10
1916,1.915,0.52,1.2852484,-0.29758197,-1.5798199,-4.1296065e-15,2.4958809e-16,0.77716245,-1.8499237e-15,3.0211297e-15,-2.3569823,-1.4576762e-10,1.9841728e-14,-3.2337233e-14,1.1069575e-11,1.5586963e-09,-2.1449796e-13,3.4890221e-13,-1.0094367e-10
1917,1.916,0.52,1.2852484,-0.29758197,-1.5798199,-4.1211199e-15,2.1281498e-16,0.77716245,-1.8301864e-15,2.9889625e-15,-2.3569823,-1.4423383e-10,1.9631477e-14,-3.1994818e-14,1.096987e-11,1.542092e-09,-2.1166696e-13,3.4457758e-13,-1.0011797e-10
1918,1.917,0.52,1.2852484,-0.29758197,-1.5798199,-4.1127229e-15,1.7643371e-16,0.77716245,-1.8106599e-15,2.9571377e-15,-2.3569823,-1.4271595e-10,1.9421068e-14,-3.1653743e-14,1.0871591e-11,1.5259549e-09,-2.108284e-13,3.4224278e-13,-9.8892282e-11
1919,1.918,0.52,1.2852484,-0.29758197,-1.5798199,-4.104415e-15,1.4043962e-16,0.77716245,-1.7913415e-15,2.9256512e-15,-2.3569823,-1.4121378e-10,1.9214344e-14,-3.1317252e-14,1.0773527e-11,1.5100998e-09,-2.0809185e-13,3.3840832e-13,-9.8339898e-11
1920,1.919,0.52,1.2852484,-0.29758197,-1.5798199,-4.0961951e-15,1.0482919e-16,0.77716245,-1.7722294e-15,2.8945001e-15,-2.3569823,-1.3972725e-10,1.9009023e-14,-3.0983513e-14,1.067644e-11,1.4943844e-09,-2.0624451e-13,3.3529508e-13,-9.7504392e-11
1921,1.92,0.52,1.2852484,-0.29758197,-1.5798199,-4.0880625e-15,6.9598539e-17,0.77716245,-1.7533214e-15,2.8636808e-15,-2.3569823,-1.3825631e-10,1.8805936e-14,-3.0653292e-14,1.0580158e-11,1.4787539e-09,-2.0413977e-13,3.3191219e-13,-9.6689563e-11
1922,1.921,0.52,1.2852484,-0.29758197,-1.5798199,-4.080016e-15,3.4745913e-17,0.77716245,-1.734617e-15,2.8331915e-15,-2.3569823,-1.3680069e-10,1.8602592e-14,-3.0324285e-14,1.048542e-11,1.4633332e-09,-2.0360954e-13,3.2997584e-13,-9.5388934e-11
1923,1.922,0.52,1.2852484,-0.29758197,-1.5798199,-4.0720552e-15,2.666253e-19,0.77716245,-1.7161134e-15,2.8030284e-15,-2.3569823,-1.3536032e-10,1.8403137e-14,-3.0000084e-14,1.039101e-11,1.448026e-09,-2.008396e-13,3.2612606e-13,-9.4735795e-11
1924,1.923,0.52,1.2852484,-0.29758197,-1.5798199,-4.0641791e-15,-3.384519e-17,0.77716245,-1.6978071e-15,2.7731867e-15,-2.3569823,-1.3393494e-10,1.8207756e-14,-2.9680928e-14,1.0296695e-11,1.4329289e-09,-1.9720024e-13,3.2147895e-13,-9.445528e-11
1925,1.924,0.52,1.2852484,-0.29758197,-1.5798199,-4.0563869e-15,-6.7591283e-17,0.77716245,-1.6796974e-15,2.7436645e-15,-2.3569823,-1.3252461e-10,1.8011228e-14,-2.9362472e-14,1.020429e-11,1.417862e-09,-1.9675251e-13,3.1946377e-13,-9.3088354e-11
1926,1.925,0.52,1.2852484,-0.29758197,-1.5798199,-4.0486775e-15,-1.0097521e-16,0.77716245,-1.6617827e-15,2.7144587e-15,-2.3569823,-1.3112907e-10,1.7817296e-14,-2.9047709e-14,1.01126e-11,1.4029768e-09,-1.9487207e-13,3.1633013e-13,-9.2156544e-11
1927,1.926,0.52,1.2852484,-0.29758197,-1.5798199,-4.0410503e-15,-1.340016e-16,0.77716245,-1.6440601e-15,2.6855653e-15,-2.3569823,-1.2974811e-10,1.7626514e-14,-2.873712e-14,1.0021352e-11,1.3882999e-09,-1.9214524e-13,3.125023e-13,-9.1550662e-11
1928,1.927,0.52,1.2852484,-0.29758197,-1.5798199,-4.0335043e-15,-1.6667379e-16,0.77716245,-1.626528e-15,2.6569814e-15,-2.3569823,-1.283818e-10,1.743686e-14,-2.8429154e-14,9.9313435e-12,1.3736402e-09,-1.904846e-13,3.0947823e-13,-9.0522621e-11
1929,1.928,0.52,1.2852484,-0.29758197,-1.5798199,-4.0260387e-15,-1.9899521e-16,0.77716245,-1.6091846e-15,2.6287039e-15,-2.3569823,-1.2702997e-10,1.7249029e-14,-2.8124317e-14,9.8423554e-12,1.3591015e-09,-1.8871551e-13,3.0638383e-13,-8.9499577e-11
1930,1.929,0.52,1.2852484,-0.29758197,-1.5798199,-4.0186526e-15,-2.3097242e-16,0.77716245,-1.5920259e-15,2.6007276e-15,-2.3569823,-1.2569241e-10,1.7066489e-14,-2.7825634e-14,9.753177e-12,1.3447386e-09,-1.8459847e-13,3.0124991e-13,-8.9285479e-11
1931,1.93,0.52,1.2852484,-0.29758197,-1.5798199,-4.0113454e-15,-2.6261052e-16,0.77716245,-1.5750487e-15,2.5730484e-15,-2.3569823,-1.24369e-10,1.6886321e-14,-2.7530752e-14,9.6646265e-12,1.3305222e-09,-1.8164453e-13,2.9700477e-13,-8.8795485e-11
1932,1.931,0.52,1.2852484,-0.29758197,-1.5798199,-4.0041159e-15,-2.9391182e-16,0.77716245,-1.5582524e-15,2.5456637e-15,-2.3569823,-1.2305961e-10,1.670595e-14,-2.7237389e-14,9.5775563e-12,1.316431e-09,-1.8079599e-13,2.9457713e-13,-8.7645301e-11
1933,1.932,0.52,1.2852484,-0.29758197,-1.5798199,-3.9969632e-15,-3.2488097e-16,0.77716245,-1.5416342e-15,2.5185697e-15,-2.3569823,-1.217641e-10,1.6529115e-14,-2.6948668e-14,9.4907908e-12,1.302484e-09,-1.7815488e-13,2.9067335e-13,-8.7058759e-11
1934,1.933,0.52,1.2852484,-0.29758197,-1.5798199,-3.9898863e-15,-3.555213e-16,0.77716245,-1.5251925e-15,2.4917633e-15,-2.3569823,-1.2048239e-10,1.6353432e-14,-2.6662589e-14,9.405096e-12,1.2886383e-09,-1.7650731e-13,2.8761011e-13,-8.6149439e-11
1935,1.934,0.52,1.2852484,-0.29758197,-1.5798199,-3.9828844e-15,-3.8583582e-16,0.77716245,-1.5089258e-15,2.4652417e-15,-2.3569823,-1.1921412e-10,1.6179136e-14,-2.6379114e-14,9.3202553e-12,1.2750582e-09,-1.7503303e-13,2.8485314e-13,-8.5276934e-11
1936,1.935,0.52,1.2852484,-0.29758197,-1.5798199,-3.9759567e-15,-4.1582808e-16,0.77716245,-1.4928323e-15,2.439002e-15,-2.3569823,-1.1795921e-10,1.6006997e-14,-2.6098912e-14,9.2360636e-12,1.2616258e-09,-1.7310386e-13,2.8175239e-13,-8.4553466e-11
1937,1.936,0.52,1.2852484,-0.29758197,-1.5798199,-3.9691024e-15,-4.4550247e-16,0.77716245,-1.4769093e-15,2.4130403e-15,-2.3569823,-1.167176e-10,1.5837688e-14,-2.5822653e-14,9.1523359e-12,1.248278e-09,-1.7057365e-13,2.7809024e-13,-8.4002971e-11
1938,1.937,0.52,1.2852484,-0.29758197,-1.5798199,-3.9623207e-15,-4.7486115e-16,0.77716245,-1.461156e-15,2.3873545e-15,-2.3569823,-1.1548905e-10,1.566842e-14,-2.554781e-14,9.0698569e-12,1.2351303e-09,-1.6970293e-13,2.7592586e-13,-8.2986989e-11
1939,1.938,0.52,1.2852484,-0.29758197,-1.5798199,-3.9556107e-15,-5.0390889e-16,0.77716245,-1.4455696e-15,2.3619408e-15,-2.3569823,-1.1427349e-10,1.5503022e-14,-2.5277709e-14,8.9874775e-12,1.2220833e-09,-1.6683334e-13,2.7204218e-13,-8.2581885e-11
1940,1.939,0.52,1.2852484,-0.29758197,-1.5798199,-3.9489718e-15,-5.3264883e-16,0.77716245,-1.4301484e-15,2.3367963e-15,-2.3569823,-1.130707e-10,1.5338615e-14,-2.5009857e-14,8.905981e-12,1.2092227e-09,-1.6521569e-13,2.6924897e-13,-8.1858292e-11
1941,1.94,0.52,1.2852484,-0.29758197,-1.5798199,-3.9424031e-15,-5.6108426e-16,0.77716245,-1.4148906e-15,2.3119181e-15,-2.3569823,-1.1188069e-10,1.517601e-14,-2.4745007e-14,8.8252346e-12,1.1964137e-09,-1.6347541e-13,2.6631606e-13,-8.1117088e-11
1942,1.941,0.52,1.2852484,-0.29758197,-1.5798199,-3.9359037e-15,-5.8921634e-16,0.77716245,-1.3997962e-15,2.2873048e-15,-2.3569823,-1.1070326e-10,1.5012742e-14,-2.448088e-14,8.7460029e-12,1.1837558e-09,-1.6333716e-13,2.6485653e-13,-7.9860139e-11
1943,1.942,0.52,1.2852484,-0.29758197,-1.5798199,-3.9294729e-15,-6.1704862e-16,0.77716245,-1.3848631e-15,2.2629534e-15,-2.3569823,-1.0953817e-10,1.4852489e-14,-2.4220476e-14,8.6670689e-12,1.1713101e-09,-1.6128077e-13,2.6188873e-13,-7.9242698e-11
1944,1.943,0.52,1.2852484,-0.29758197,-1.5798199,-3.9231101e-15,-6.445838e-16,0.77716245,-1.3700899e-15,2.2388614e-15,-2.3569823,-1.0838551e-10,1.4693253e-14,-2.3962265e-14,8.5892029e-12,1.1588798e-09,-1.599175e-13,2.5943673e-13,-7.8324931e-11
1945,1.944,0.52,1.2852484,-0.29758197,-1.5798199,-3.9168147e-15,-6.7182723e-16,0.77716245,-1.3554732e-15,2.2150247e-15,-2.3569823,-1.0724507e-10,1.4538385e-14,-2.3709121e-14,8.5112424e-12,1.1465879e-09,-1.5655125e-13,2.5524139e-13,-7.8081943e-11
1946,1.945,0.52,1.2852484,-0.29758197,-1.5798199,-3.9105859e-15,-6.9878265e-16,0.77716245,-1.341011e-15,2.19144e-15,-2.3569823,-1.0611671e-10,1.4384985e-14,-2.3458647e-14,8.43401e-12,1.1344346e-09,-1.544507e-13,2.5206349e-13,-7.7515616e-11
1947,1.946,0.52,1.2852484,-0.29758197,-1.5798199,-3.9044231e-15,-7.2545346e-16,0.77716245,-1.3267014e-15,2.1681044e-15,-2.3569823,-1.0500027e-10,1.4233292e-14,-2.3210997e-14,8.3573891e-12,1.1224337e-09,-1.526121e-13,2.4912089e-13,-7.6919092e-11
1948,1.947,0.52,1.2852484,-0.29758197,-1.5798199,-3.8983254e-15,-7.5184322e-16,0.77716245,-1.3125424e-15,2.1450149e-15,-2.3569823,-1.0389563e-10,1.4083666e-14,-2.2966467e-14,8.2812298e-12,1.110576e-09,-1.5062118e-13,2.4606059e-13,-7.6412596e-11
1949,1.948,0.52,1.2852484,-0.29758197,-1.5798199,-3.8922919e-15,-7.7795338e-16,0.77716245,-1.2985337e-15,2.1221699e-15,-2.3569823,-1.0280267e-10,1.3933625e-14,-2.2722865e-14,8.2063538e-12,1.0988312e-09,-1.5023485e-13,2.4442114e-13,-7.5388212e-11
1950,1.949,0.52,1.2852484,-0.29758197,-1.5798199,-3.8863221e-15,-8.0378481e-16,0.77716245,-1.2846751e-15,2.0995681e-15,-2.3569823,-1.0172104e-10,1.3783526e-14,-2.2480156e-14,8.1325412e-12,1.0873658e-09,-1.5014417e-13,2.4328013e-13,-7.4337768e-11
1951,1.95,0.52,1.2852484,-0.29758197,-1.5798199,-3.8804154e-15,-8.2934151e-16,0.77716245,-1.2709641e-15,2.0772064e-15,-2.3569823,-1.006506e-10,1.3637136e-14,-2.2241583e-14,8.0585932e-12,1.0760777e-09,-1.4764097e-13,2.4014184e-13,-7.4077917e-11
1952,1.951,0.52,1.2852484,-0.29758197,-1.5798199,-3.8745713e-15,-8.5462633e-16,0.77716245,-1.2573992e-15,2.0550825e-15,-2.3569823,-9.9591333e-11,1.349188e-14,-2.2005098e-14,7.985331e-12,1.0648715e-09,-1.4605108e-13,2.3770395e-13,-7.3534131e-11
1953,1.952,0.52,1.2852484,-0.29758197,-1.5798199,-3.868789e-15,-8.7963919e-16,0.77716245,-1.2439809e-15,2.0331957e-15,-2.3569823,-9.8542964e-11,1.3344972e-14,-2.176808e-14,7.9135839e-12,1.05387e-09,-1.4662258e-13,2.3724636e-13,-7.2342755e-11
1954,1.953,0.52,1.2852484,-0.29758197,-1.5798199,-3.8630681e-15,-9.0438256e-16,0.77716245,-1.2307079e-15,2.0115442e-15,-2.3569823,-9.7505428e-11,1.3200442e-14,-2.1533942e-14,7.8421825e-12,1.0429804e-09,-1.4522723e-13,2.3517457e-13,-7.1715178e-11
1955,1.954,0.52,1.2852484,-0.29758197,-1.5798199,-3.8574082e-15,-9.2886044e-16,0.77716245,-1.2175775e-15,1.9901247e-15,-2.3569823,-9.6478725e-11,1.3058998e-14,-2.1303491e-14,7.7709332e-12,1.0321287e-09,-1.4270542e-13,2.3202508e-13,-7.1404597e-11
1956,1.955,0.52,1.2852484,-0.29758197,-1.5798199,-3.8518087e-15,-9.5307475e-16,0.77716245,-1.204589e-15,1.9689355e-15,-2.3569823,-9.5462637e-11,1.2917671e-14,-2.1074143e-14,7.7006664e-12,1.021435e-09,-1.4178651e-13,2.3024081e-13,-7.0646096e-11
1957,1.956,0.52,1.2852484,-0.29758197,-1.5798199,-3.8462689e-15,-9.7702745e-16,0.77716245,-1.1917413e-15,1.9479746e-15,-2.3569823,-9.4457174e-11,1.2777296e-14,-2.0846639e-14,7.6312522e-12,1.0107872e-09,-1.4084516e-13,2.2841607e-13,-6.9824811e-11
1958,1.957,0.52,1.2852484,-0.29758197,-1.5798199,-3.8407885e-15,-1.0007239e-15,0.77716245,-1.1790309e-15,1.9272381e-15,-2.3569823,-9.3462343e-11,1.2641596e-14,-2.0624353e-14,7.5615494e-12,1.0001499e-09,-1.3741539e-13,2.243294e-13,-6.9743476e-11
1959,1.958,0.52,1.2852484,-0.29758197,-1.5798199,-3.8353668e-15,-1.0241677e-15,0.77716245,-1.1664559e-15,1.9067228e-15,-2.3569823,-9.2477958e-11,1.250738e-14,-2.0404623e-14,7.4924058e-12,9.8963954e-10,-1.3528214e-13,2.2126332e-13,-6.9343531e-11
1960,1.959,0.52,1.2852484,-0.29758197,-1.5798199,-3.8300029e-15,-1.04736e-15,0.77716245,-1.154016e-15,1.8864274e-15,-2.3569823,-9.1504084e-11,1.2372332e-14,-2.0185484e-14,7.4247198e-12,9.7912932e-10,-1.3512604e-13,2.1984654e-13,-6.8238544e-11
1961,1.96,0.52,1.2852484,-0.29758197,-1.5798199,-3.8246963e-15,-1.070304e-15,0.77716245,-1.1417094e-15,1.8663491e-15,-2.3569823,-9.0540489e-11,1.2239939e-14,-1.9969744e-14,7.3573241e-12,9.6877301e-10,-1.3330413e-13,2.1710885e-13,-6.7676657e-11
1962,1.961,0.52,1.2852484,-0.29758197,-1.5798199,-3.8194463e-15,-1.0930039e-15,0.77716245,-1.1295337e-15,1.8464847e-15,-2.3569823,-8.9586971e-11,1.2110368e-14,-1.975756e-14,7.2900214e-12,9.5860324e-10,-1.3081531e-13,2.1382604e-13,-6.7427375e-11
1963,1.962,0.52,1.2852484,-0.29758197,-1.5798199,-3.8142523e-15,-1.115462e-15,0.77716245,-1.1174876e-15,1.8268318e-15,-2.3569823,-8.8643622e-11,1.1981225e-14,-1.9547033e-14,7.2236928e-12,9.4843368e-10,-1.2970085e-13,2.1162684e-13,-6.6694826e-11
1964,1.963,0.52,1.2852484,-0.29758197,-1.5798199,-3.8091135e-15,-1.1376803e-15,0.77716245,-1.1055703e-15,1.8073886e-15,-2.3569823,-8.7710281e-11,1.185291e-14,-1.9338366e-14,7.1581959e-12,9.3837156e-10,-1.287765e-13,2.0965355e-13,-6.5896227e-11
1965,1.964,0.52,1.2852484,-0.29758197,-1.5798199,-3.8040293e-15,-1.1596611e-15,0.77716245,-1.0937806e-15,1.788153e-15,-2.3569823,-8.678679e-11,1.1725923e-14,-1.913189e-14,7.09334e-12,9.2845157e-10,-1.2758348e-13,2.0753471e-13,-6.5202681e-11
1966,1.965,0.52,1.2852484,-0.29758197,-1.5798199,-3.7989991e-15,-1.1814074e-15,0.77716245,-1.0821169e-15,1.7691225e-15,-2.3569823,-8.5872988e-11,1.1600652e-14,-1.8927892e-14,7.0289451e-12,9.186853e-10,-1.260423e-13,2.0517697e-13,-6.4664124e-11
1967,1.966,0.52,1.2852484,-0.29758197,-1.5798199,-3.7940224e-15,-1.2029221e-15,0.77716245,-1.0705774e-15,1.7502946e-15,-2.3569823,-8.4968739e-11,1.1477383e-14,-1.8726626e-14,6.9648604e-12,9.0906095e-10,-1.2419331e-13,2.0256997e-13,-6.4277848e-11
1968,1.967,0.52,1.2852484,-0.29758197,-1.5798199,-3.7890985e-15,-1.2242062e-15,0.77716245,-1.0591619e-15,1.7316681e-15,-2.3569823,-8.4073955e-11,1.1353499e-14,-1.8525808e-14,6.9019337e-12,8.9954299e-10,-1.2398672e-13,2.0140157e-13,-6.337712e-11
1969,1.968,0.52,1.2852484,-0.29758197,-1.5798199,-3.7842271e-15,-1.2452632e-15,0.77716245,-1.0478684e-15,1.7132403e-15,-2.3569823,-8.3188502e-11,1.1232525e-14,-1.8328405e-14,6.8390361e-12,8.9014989e-10,-1.2197815e-13,1.9873591e-13,-6.3057419e-11
1970,1.969,0.52,1.2852484,-0.29758197,-1.5798199,-3.7794075e-15,-1.2660948e-15,0.77716245,-1.036696e-15,1.6950095e-15,-2.3569823,-8.2312323e-11,1.1111855e-14,-1.8132245e-14,6.7769936e-12,8.8083589e-10,-1.211066e-13,1.9701892e-13,-6.2380781e-11
1971,1.97,0.52,1.2852484,-0.29758197,-1.5798199,-3.7746393e-15,-1.2867052e-15,0.77716245,-1.025642e-15,1.6769725e-15,-2.3569823,-8.1445316e-11,1.099482e-14,-1.7940219e-14,6.7147168e-12,8.7161668e-10,-1.1839227e-13,1.9369042e-13,-6.2311459e-11
1972,1.971,0.52,1.2852484,-0.29758197,-1.5798199,-3.769922e-15,-1.3070973e-15,0.77716245,-1.0147049e-15,1.6591268e-15,-2.3569823,-8.0587452e-11,1.0878596e-14,-1.7750031e-14,6.653084e-12,8.6244801e-10,-1.1694632e-13,1.9135535e-13,-6.1859058e-11
1973,1.972,0.52,1.2852484,-0.29758197,-1.5798199,-3.7652548e-15,-1.3272733e-15,0.77716245,-1.0038835e-15,1.6414702e-15,-2.3569823,-7.9738675e-11,1.076353e-14,-1.7561958e-14,6.5920175e-12,8.5333374e-10,-1.1569283e-13,1.8916685e-13,-6.1330671e-11
1974,1.973,0.52,1.2852484,-0.29758197,-1.5798199,-3.760637e-15,-1.3472337e-15,0.77716245,-9.9317823e-16,1.6240021e-15,-2.3569823,-7.8898966e-11,1.0647292e-14,-1.7373931e-14,6.5323577e-12,8.4425064e-10,-1.1605667e-13,1.8840687e-13,-6.021673e-11
1975,1.974,0.52,1.2852484,-0.29758197,-1.5798199,-3.756068e-15,-1.3669812e-15,0.77716245,-9.8258731e-16,1.6067199e-15,-2.3569823,-7.8068255e-11,1.0533724e-14,-1.7189174e-14,6.4729435e-12,8.3522417e-10,-1.1439746e-13,1.8597357e-13,-5.9681711e-11
1976,1.975,0.52,1.2852484,-0.29758197,-1.5798199,-3.7515474e-15,-1.3865172e-15,0.77716245,-9.7211035e-16,1.5896225e-15,-2.3569823,-7.7246281e-11,1.0419972e-14,-1.7005102e-14,6.4145322e-12,8.2639091e-10,-1.1396718e-13,1.8470601e-13,-5.8834806e-11
1977,1.976,0.52,1.2852484,-0.29758197,-1.5798199,-3.7470746e-15,-1.4058453e-15,0.77716245,-9.6174496e-16,1.5727068e-15,-2.3569823,-7.6432979e-11,1.0309614e-14,-1.682482e-14,6.355999e-12,8.176652e-10,-1.1156049e-13,1.8175662e-13,-5.8633717e-11
1978,1.977,0.52,1.2852484,-0.29758197,-1.5798199,-3.7426493e-15,-1.4249681e-15,0.77716245,-9.514898e-16,1.5559707e-15,-2.3569823,-7.562837e-11,1.0200032e-14,-1.6646239e-14,6.2981992e-12,8.0896073e-10,-1.1024162e-13,1.7963972e-13,-5.8077746e-11
1979,1.978,0.52,1.2852484,-0.29758197,-1.5798199,-3.7382708e-15,-1.4438874e-15,0.77716245,-9.4134392e-16,1.5394125e-15,-2.3569823,-7.4832206e-11,1.0091243e-14,-1.6469208e-14,6.2410095e-12,8.0042977e-10,-1.0927327e-13,1.7790094e-13,-5.7485774e-11
1980,1.979,0.52,1.2852484,-0.29758197,-1.5798199,-3.7339386e-15,-1.4626055e-15,0.77716245,-9.3130605e-16,1.5230303e-15,-2.3569823,-7.4044491e-11,9.983866e-15,-1.6294311e-14,6.1843035e-12,7.9195354e-10,-1.0800922e-13,1.7589827e-13,-5.6965887e-11
1981,1.98,0.52,1.2852484,-0.29758197,-1.5798199,-3.7296523e-15,-1.4811256e-15,0.77716245,-9.2137444e-16,1.5068214e-15,-2.3569823,-7.326525e-11,9.8784821e-15,-1.6122154e-14,6.1279549e-12,7.8347802e-10,-1.06259e-13,1.7340359e-13,-5.6554386e-11
1982,1.981,0.52,1.2852484,-0.29758197,-1.5798199,-3.7254114e-15,-1.4994506e-15,0.77716245,-9.1154723e-16,1.4907834e-15,-2.3569823,-7.2494268e-11,9.7750101e-15,-1.5952612e-14,6.0718386e-12,7.751472e-10,-1.0440101e-13,1.7082943e-13,-5.6262329e-11
1983,1.982,0.52,1.2852484,-0.29758197,-1.5798199,-3.7212151e-15,-1.5175817e-15,0.77716245,-9.0182414e-16,1.474915e-15,-2.3569823,-7.1731604e-11,9.671023e-15,-1.5783661e-14,6.0168364e-12,7.668251e-10,-1.0412509e-13,1.6957681e-13,-5.5422195e-11
1984,1.983,0.52,1.2852484,-0.29758197,-1.5798199,-3.7170631e-15,-1.5355221e-15,0.77716245,-8.922033e-16,1.4592135e-15,-2.3569823,-7.0977025e-11,9.5697167e-15,-1.5617888e-14,5.9618276e-12,7.5866114e-10,-1.0224585e-13,1.6704153e-13,-5.5146649e-11
1985,1.984,0.52,1.2852484,-0.29758197,-1.5798199,-3.7129548e-15,-1.5532728e-15,0.77716245,-8.8268425e-16,1.4436779e-15,-2.3569823,-7.0230351e-11,9.4681665e-15,-1.5452717e-14,5.9076378e-12,7.5066998e-10,-1.0178209e-13,1.657944e-13,-5.4508714e-11
1986,1.985,0.52,1.2852484,-0.29758197,-1.5798199,-3.7088897e-15,-1.5708353e-15,0.77716245,-8.7326644e-16,1.4283068e-15,-2.3569823,-6.9491648e-11,9.367187e-15,-1.5288873e-14,5.8541658e-12,7.4269205e-10,-1.0124703e-13,1.6449398e-13,-5.3817565e-11
1987,1.986,0.52,1.2852484,-0.29758197,-1.5798199,-3.7048675e-15,-1.5882136e-15,0.77716245,-8.6394721e-16,1.4130971e-15,-2.3569823,-6.8760727e-11,9.2699409e-15,-1.5129049e-14,5.8002823e-12,7.348446e-10,-9.8579744e-14,1.6138037e-13,-5.3861577e-11
1988,1.987,0.52,1.2852484,-0.29758197,-1.5798199,-3.7008875e-15,-1.6054076e-15,0.77716245,-8.5472714e-16,1.3980484e-15,-2.3569823,-6.8037478e-11,9.1704762e-15,-1.4968113e-14,5.7478298e-12,7.2711438e-10,-9.9169744e-14,1.6108413e-13,-5.2922182e-11
1989,1.988,0.52,1.2852484,-0.29758197,-1.5798199,-3.6969495e-15,-1.6224214e-15,0.77716245,-8.4560342e-16,1.3831576e-15,-2.3569823,-6.7321949e-11,9.0755623e-15,-1.4811944e-14,5.6947783e-12,7.1939048e-10,-9.6332482e-14,1.5780738e-13,-5.3008403e-11
1990,1.989,0.52,1.2852484,-0.29758197,-1.5798199,-3.6930529e-15,-1.6392559e-15,0.77716245,-8.3657599e-16,1.3684236e-15,-2.3569823,-6.661407e-11,8.9792697e-15,-1.4655509e-14,5.642955e-12,7.1171633e-10,-9.6305933e-14,1.5689249e-13,-5.2218313e-11
1991,1.99,0.52,1.2852484,-0.29758197,-1.5798199,-3.6891972e-15,-1.6559133e-15,0.77716245,-8.2764359e-16,1.3538446e-15,-2.3569823,-6.5913674e-11,8.8848966e-15,-1.4501481e-14,5.5912872e-12,7.0416939e-10,-9.5017393e-14,1.5498323e-13,-5.1851276e-11
1992,1.991,0.52,1.2852484,-0.29758197,-1.5798199,-3.685382e-15,-1.672394e-15,0.77716245,-8.1880626e-16,1.33942e-15,-2.3569823,-6.5220659e-11,8.7897878e-15,-1.434753e-14,5.5406016e-12,6.9673311e-10,-9.5078268e-14,1.542952e-13,-5.1074201e-11
1993,1.992,0.52,1.2852484,-0.29758197,-1.5798199,-3.6816069e-15,-1.6887008e-15,0.77716245,-8.1006228e-16,1.3251474e-15,-2.3569823,-6.4534878e-11,8.6973038e-15,-1.4196468e-14,5.4897897e-12,6.894318e-10,-9.3348794e-14,1.5213942e-13,-5.0899338e-11
1994,1.993,0.52,1.2852484,-0.29758197,-1.5798199,-3.6778715e-15,-1.7048347e-15,0.77716245,-8.0141118e-16,1.3110259e-15,-2.3569823,-6.385626e-11,8.6046604e-15,-1.4045951e-14,5.4397083e-12,6.8222242e-10,-9.2878525e-14,1.5105811e-13,-5.0353995e-11
1995,1.994,0.52,1.2852484,-0.29758197,-1.5798199,-3.6741754e-15,-1.7207967e-15,0.77716245,-7.9285264e-16,1.2970546e-15,-2.3569823,-6.3184715e-11,8.5122649e-15,-1.3896247e-14,5.3902558e-12,6.7510392e-10,-9.2556521e-14,1.5015537e-13,-4.9753011e-11
1996,1.995,0.52,1.2852484,-0.29758197,-1.5798199,-3.6705184e-15,-1.7365905e-15,0.77716245,-7.843842e-16,1.2832307e-15,-2.3569823,-6.2520142e-11,8.4233947e-15,-1.3750219e-14,5.3403362e-12,6.6808374e-10,-9.0098973e-14,1.4740353e-13,-4.9864052e-11
1997,1.996,0.52,1.2852484,-0.29758197,-1.5798199,-3.6669001e-15,-1.7522155e-15,0.77716245,-7.7600654e-16,1.2695541e-15,-2.3569823,-6.1862537e-11,8.3322645e-15,-1.3602964e-14,5.2918213e-12,6.6109797e-10,-9.0786468e-14,1.4730468e-13,-4.8964664e-11
1998,1.997,0.52,1.2852484,-0.29758197,-1.5798199,-3.66332e-15,-1.7676727e-15,0.77716245,-7.6771935e-16,1.256024e-15,-2.3569823,-6.1211555e-11,8.2419543e-15,-1.3456784e-14,5.2436086e-12,6.5435383e-10,-9.0468963e-14,1.4655483e-13,-4.8463356e-11
1999,1.998,0.52,1.2852484,-0.29758197,-1.5798199,-3.659778e-15,-1.7829635e-15,0.77716245,-7.5952165e-16,1.2426392e-15,-2.3569823,-6.0567141e-11,8.1529608e-15,-1.3312162e-14,5.1955473e-12,6.477274e-10,-8.9485293e-14,1.452664e-13,-4.8195324e-11
2000,1.999,0.52,1.2852484,-0.29758197,-1.5798199,-3.6562738e-15,-1.7980902e-15,0.77716245,-7.5141202e-16,1.229398e-15,-2.3569823,-5.9929278e-11,8.0655843e-15,-1.3169474e-14,5.1475548e-12,6.4115073e-10,-8.8079432e-14,1.4354732e-13,-4.80601e-11
2001,2,0.52,1.2852484,-0.29758197,-1.5798199,-3.6528071e-15,-1.813053e-15,0.77716245,-7.4339068e-16,1.2162999e-15,-2.3569823,-5.9297988e-11,7.9772087e-15,-1.3026529e-14,5.1005419e-12,6.3457724e-10,-8.8276858e-14,1.4314585e-13,-4.7361945e-11
