0,0,0.52,1.28833,-0.293233,-1.5708,2.06972e-09,-2.62662e-08,0.785392,1.71094e-08,-2.00366e-08,-2.3562,-0.0131696,3.51471e-05,-4.05046e-05,-0.00105367,-12.0029,0.0286864,-0.0351446,-1.02168
1,0.001,0.52,1.28832,-0.293243,-1.57082,8.23465e-09,-9.99999e-08,0.785373,6.48859e-08,-7.65351e-08,-2.3562,-0.0241673,5.87839e-05,-7.09758e-05,-0.00202905,-10.0466,0.0190222,-0.0260514,-0.926633
2,0.002,0.52,1.28831,-0.293259,-1.57086,1.93161e-08,-2.05825e-07,0.785344,1.31873e-07,-1.59206e-07,-2.3562,-0.033362,7.39555e-05,-9.30913e-05,-0.00290444,-8.38877,0.0116623,-0.018408,-0.823472
3,0.003,0.52,1.2883,-0.293278,-1.5709,3.51287e-08,-3.33096e-07,0.785307,2.10671e-07,-2.60394e-07,-2.3562,-0.0410289,8.27069e-05,-0.000108223,-0.00367614,-6.98393,0.0061074,-0.0120583,-0.720306
4,0.004,0.52,1.28828,-0.293302,-1.57094,5.51203e-08,-4.73363e-07,0.785262,2.95691e-07,-3.73734e-07,-2.35621,-0.0474012,8.66378e-05,-0.000117588,-0.00434675,-5.79354,0.00196264,-0.00684758,-0.621927
5,0.005,0.52,1.28826,-0.293329,-1.571,7.85436e-08,-6.19984e-07,0.785212,3.82764e-07,-4.94005e-07,-2.35621,-0.0526765,8.69964e-05,-0.000122249,-0.00492252,-4.78495,-0.00108346,-0.00262782,-0.530947
6,0.006,0.52,1.28824,-0.293358,-1.57106,1.04573e-07,-7.678e-07,0.785157,4.68824e-07,-6.16974e-07,-2.35622,-0.0570223,8.47538e-05,-0.000123127,-0.00541155,-3.93053,-0.00327634,0.000738296,-0.448569
7,0.007,0.52,1.28822,-0.293389,-1.57112,1.32383e-07,-9.12863e-07,0.785098,5.51661e-07,-7.39266e-07,-2.35622,-0.060581,8.06626e-05,-0.000121015,-0.00582265,-3.20686,-0.00480912,0.00337576,-0.375105
8,0.008,0.52,1.2882,-0.293422,-1.57119,1.61195e-07,-1.05221e-06,0.785036,6.29731e-07,-8.58233e-07,-2.35623,-0.063473,7.5304e-05,-0.000116581,-0.00616467,-2.59411,-0.00583361,0.00539657,-0.310332
9,0.009,0.52,1.28817,-0.293456,-1.57126,1.90306e-07,-1.18367e-06,0.784972,7.01998e-07,-9.71846e-07,-2.35623,-0.0658005,6.91243e-05,-0.000110394,-0.00644605,-2.07543,-0.00646896,0.00689985,-0.253718
10,0.01,0.52,1.28815,-0.293491,-1.57134,2.19106e-07,-1.30572e-06,0.784905,7.67821e-07,-1.0786e-06,-2.35624,-0.0676503,6.2464e-05,-0.000102925,-0.0066746,-1.63656,-0.00680859,0.0079724,-0.20457
11,0.011,0.52,1.28812,-0.293528,-1.57141,2.47078e-07,-1.41736e-06,0.784836,8.26854e-07,-1.1774e-06,-2.35625,-0.0690961,5.55809e-05,-9.45669e-05,-0.00685743,-1.26541,-0.00692561,0.0086896,-0.162138
12,0.012,0.52,1.2881,-0.293565,-1.57149,2.738e-07,-1.51799e-06,0.784767,8.78975e-07,-1.26754e-06,-2.35625,-0.0702003,4.86676e-05,-8.5642e-05,-0.00700087,-0.951697,-0.00687718,0.00911639,-0.125669
13,0.013,0.52,1.28807,-0.293602,-1.57157,2.98938e-07,-1.60733e-06,0.784696,9.24228e-07,-1.34859e-06,-2.35626,-0.0710157,4.18665e-05,-7.64121e-05,-0.00711052,-0.686724,-0.00670784,0.00930833,-0.0944423
14,0.014,0.52,1.28804,-0.29364,-1.57164,3.22237e-07,-1.68537e-06,0.784625,9.6278e-07,-1.42034e-06,-2.35627,-0.0715875,3.52805e-05,-6.70877e-05,-0.00719128,-0.4631,-0.00645225,0.00931264,-0.0677915
15,0.015,0.52,1.28802,-0.293678,-1.57172,3.43517e-07,-1.75227e-06,0.784553,9.94885e-07,-1.48279e-06,-2.35628,-0.0719536,2.89816e-05,-5.78359e-05,-0.00724742,-0.274555,-0.00613726,0.00916924,-0.045112
16,0.016,0.52,1.28799,-0.293716,-1.5718,3.62657e-07,-1.80836e-06,0.784481,1.02086e-06,-1.53608e-06,-2.35628,-0.0721465,2.30187e-05,-4.87871e-05,-0.00728264,-0.11577,-0.00578358,0.00891164,-0.0258634
17,0.017,0.52,1.28796,-0.293754,-1.57188,3.79591e-07,-1.85406e-06,0.784409,1.04105e-06,-1.58046e-06,-2.35629,-0.0721935,1.7422e-05,-4.00412e-05,-0.00730013,0.0177707,-0.0054071,0.00856779,-0.0095683
18,0.018,0.52,1.28793,-0.293793,-1.57196,3.94297e-07,-1.88989e-06,0.784337,1.05583e-06,-1.61628e-06,-2.3563,-0.072118,1.2208e-05,-3.16724e-05,-0.00730262,0.129897,-0.00501994,0.0081609,0.00419146
19,0.019,0.52,1.28791,-0.293831,-1.57204,4.0679e-07,-1.9164e-06,0.784265,1.06559e-06,-1.64395e-06,-2.3563,-0.0719398,7.38256e-06,-2.37339e-05,-0.00729247,0.223861,-0.00463121,0.00771006,0.01578
20,0.02,0.520001,1.28788,-0.293869,-1.57212,4.17115e-07,-1.93418e-06,0.784193,1.07072e-06,-1.66391e-06,-2.35631,-0.0716754,2.94375e-06,-1.62617e-05,-0.00727168,0.302421,-0.00424771,0.00723088,0.0255127
21,0.021,0.520001,1.28785,-0.293907,-1.5722,4.25341e-07,-1.94385e-06,0.784121,1.0716e-06,-1.67664e-06,-2.35632,-0.0713393,-1.1163e-06,-9.27735e-06,-0.00724197,0.367919,-0.00387441,0.00673601,0.0336615
22,0.022,0.52,1.28783,-0.293944,-1.57228,4.31553e-07,-1.94601e-06,0.78405,1.06861e-06,-1.68263e-06,-2.35633,-0.0709433,-4.80969e-06,-2.79143e-06,-0.00720481,0.422342,-0.00351486,0.0062356,0.0404605
23,0.023,0.52,1.2878,-0.293982,-1.57235,4.35853e-07,-1.94127e-06,0.783979,1.0621e-06,-1.68239e-06,-2.35633,-0.0704977,-8.15143e-06,3.19475e-06,-0.00716143,0.467379,-0.00317147,0.00573771,0.0461103
24,0.024,0.52,1.28777,-0.294019,-1.57243,4.3835e-07,-1.93023e-06,0.783909,1.05242e-06,-1.67641e-06,-2.35634,-0.0700112,-1.11586e-05,8.68698e-06,-0.00711291,0.504459,-0.00284582,0.00524863,0.0507828
25,0.025,0.52,1.28775,-0.294056,-1.57251,4.3916e-07,-1.91346e-06,0.783839,1.03989e-06,-1.66517e-06,-2.35635,-0.069491,-1.38493e-05,1.36966e-05,-0.00706014,0.534798,-0.00253882,0.00477319,0.0546247
26,0.026,0.52,1.28772,-0.294093,-1.57259,4.38401e-07,-1.89151e-06,0.78377,1.02482e-06,-1.64917e-06,-2.35636,-0.0689435,-1.62426e-05,1.82391e-05,-0.0070039,0.559427,-0.00225087,0.00431499,0.0577615
27,0.027,0.52,1.28769,-0.294129,-1.57266,4.36195e-07,-1.86492e-06,0.783701,1.0075e-06,-1.62885e-06,-2.35636,-0.0683738,-1.83574e-05,2.23332e-05,-0.00694482,0.579221,-0.00198197,0.00387666,0.0603
28,0.028,0.52,1.28767,-0.294165,-1.57274,4.32661e-07,-1.83418e-06,0.783633,9.88193e-07,-1.60464e-06,-2.35637,-0.0677864,-2.02128e-05,2.59997e-05,-0.00688347,0.594923,-0.00173185,0.00345999,0.0623312
29,0.029,0.52,1.28764,-0.294201,-1.57281,4.27916e-07,-1.79976e-06,0.783566,9.67153e-07,-1.57698e-06,-2.35638,-0.0671851,-2.18272e-05,2.92608e-05,-0.0068203,0.607163,-0.00150003,0.00306612,0.0639327
30,0.03,0.52,1.28762,-0.294236,-1.57288,4.22076e-07,-1.76211e-06,0.783499,9.44613e-07,-1.54625e-06,-2.35638,-0.0665731,-2.32187e-05,3.21398e-05,-0.00675572,0.616475,-0.00128586,0.00269564,0.0651703
31,0.031,0.52,1.28759,-0.294271,-1.57296,4.1525e-07,-1.72164e-06,0.783433,9.20785e-07,-1.51282e-06,-2.35639,-0.065953,-2.44046e-05,3.466e-05,-0.00669006,0.623315,-0.0010886,0.00234872,0.0661003
32,0.032,0.52,1.28757,-0.294306,-1.57303,4.07544e-07,-1.67873e-06,0.783367,8.95866e-07,-1.47704e-06,-2.3564,-0.0653271,-2.54013e-05,3.6845e-05,-0.00662361,0.628066,-0.000907432,0.00202517,0.0667702
33,0.033,0.52,1.28754,-0.29434,-1.5731,3.99058e-07,-1.63374e-06,0.783302,8.7004e-07,-1.43923e-06,-2.3564,-0.0646974,-2.62245e-05,3.8718e-05,-0.0065566,0.631056,-0.000741504,0.00172458,0.0672205
34,0.034,0.52,1.28752,-0.294375,-1.57317,3.89887e-07,-1.58701e-06,0.783238,8.4347e-07,-1.3997e-06,-2.35641,-0.0640655,-2.68891e-05,4.03016e-05,-0.00648923,0.632563,-0.000589942,0.00144629,0.0674857
35,0.035,0.52,1.28749,-0.294408,-1.57324,3.80121e-07,-1.53883e-06,0.783174,8.1631e-07,-1.35872e-06,-2.35642,-0.0634327,-2.74089e-05,4.16177e-05,-0.00642168,0.63282,-0.000451873,0.00118953,0.0675949
36,0.036,0.52,1.28747,-0.294442,-1.57331,3.69842e-07,-1.48948e-06,0.783111,7.88696e-07,-1.31655e-06,-2.35642,-0.0628002,-2.7797e-05,4.26875e-05,-0.00635408,0.632028,-0.000326432,0.000953394,0.067573
37,0.037,0.52,1.28745,-0.294475,-1.57338,3.59128e-07,-1.43923e-06,0.783048,7.60756e-07,-1.27342e-06,-2.35643,-0.0621689,-2.80657e-05,4.35311e-05,-0.00628657,0.630356,-0.000212778,0.000736919,0.067441
38,0.038,0.52,1.28742,-0.294508,-1.57345,3.48053e-07,-1.3883e-06,0.782987,7.32601e-07,-1.22956e-06,-2.35643,-0.0615397,-2.82262e-05,4.41676e-05,-0.00621923,0.627947,-0.000110095,0.00053909,0.0672168
39,0.039,0.52,1.2874,-0.29454,-1.57352,3.36681e-07,-1.3369e-06,0.782925,7.04336e-07,-1.18515e-06,-2.35644,-0.0609133,-2.82893e-05,4.46151e-05,-0.00615216,0.624924,-1.75994e-05,0.000358871,0.0669155
40,0.04,0.52,1.28738,-0.294572,-1.57358,3.25076e-07,-1.28524e-06,0.782865,6.76052e-07,-1.14038e-06,-2.35645,-0.0602901,-2.82646e-05,4.48908e-05,-0.00608542,0.621389,6.54553e-05,0.00019522,0.0665501
41,0.041,0.52,1.28735,-0.294604,-1.57365,3.13294e-07,-1.23348e-06,0.782805,6.47833e-07,-1.09542e-06,-2.35645,-0.0596706,-2.81613e-05,4.50107e-05,-0.00601908,0.617431,0.00013978,4.71039e-05,0.0661313
42,0.042,0.52,1.28733,-0.294635,-1.57371,3.01385e-07,-1.18179e-06,0.782745,6.19753e-07,-1.05041e-06,-2.35646,-0.0590553,-2.79877e-05,4.49899e-05,-0.00595317,0.613123,0.000206046,-8.64902e-05,0.0656685
43,0.043,0.52,1.28731,-0.294666,-1.57378,2.89398e-07,-1.13029e-06,0.782687,5.91878e-07,-1.00548e-06,-2.35646,-0.0584445,-2.77517e-05,4.48423e-05,-0.00588775,0.608528,0.000264886,-0.000206547,0.0651695
44,0.044,0.52,1.28729,-0.294697,-1.57384,2.77375e-07,-1.07913e-06,0.782628,5.64268e-07,-9.60761e-07,-2.35647,-0.0578383,-2.74602e-05,4.4581e-05,-0.00582284,0.603699,0.000316897,-0.000314018,0.0646409
45,0.045,0.52,1.28727,-0.294727,-1.57391,2.65356e-07,-1.02841e-06,0.782571,5.36974e-07,-9.16353e-07,-2.35648,-0.0572371,-2.712e-05,4.42181e-05,-0.00575848,0.598682,0.000362635,-0.000409814,0.0640883
46,0.046,0.52,1.28725,-0.294758,-1.57397,2.53374e-07,-9.78237e-07,0.782514,5.10042e-07,-8.72355e-07,-2.35648,-0.056641,-2.67369e-05,4.3765e-05,-0.00569467,0.593514,0.000402621,-0.000494806,0.0635166
47,0.047,0.52,1.28722,-0.294787,-1.57403,2.41461e-07,-9.28695e-07,0.782458,4.83512e-07,-8.2885e-07,-2.35649,-0.0560501,-2.63165e-05,4.32318e-05,-0.00563145,0.588229,0.000437341,-0.000569821,0.0629297
48,0.048,0.52,1.2872,-0.294817,-1.57409,2.29646e-07,-8.79862e-07,0.782402,4.5742e-07,-7.85915e-07,-2.35649,-0.0554646,-2.58638e-05,4.26284e-05,-0.00556882,0.582853,0.000467248,-0.00063564,0.062331
49,0.049,0.52,1.28718,-0.294846,-1.57415,2.17953e-07,-8.31808e-07,0.782347,4.31794e-07,-7.43614e-07,-2.3565,-0.0548845,-2.53834e-05,4.19634e-05,-0.00550679,0.577409,0.000492763,-0.000693001,0.0617236
50,0.05,0.52,1.28716,-0.294875,-1.57421,2.06404e-07,-7.8459e-07,0.782292,4.06661e-07,-7.02006e-07,-2.3565,-0.0543098,-2.48796e-05,4.1245e-05,-0.00544537,0.571917,0.000514275,-0.000742599,0.0611096
51,0.051,0.52,1.28714,-0.294903,-1.57427,1.9502e-07,-7.3826e-07,0.782238,3.82041e-07,-6.61139e-07,-2.35651,-0.0537406,-2.43561e-05,4.04806e-05,-0.00538457,0.566393,0.000532146,-0.000785082,0.0604913
52,0.052,0.52,1.28712,-0.294932,-1.57433,1.83817e-07,-6.9286e-07,0.782185,3.57954e-07,-6.21058e-07,-2.35652,-0.053177,-2.38164e-05,3.9677e-05,-0.00532439,0.560852,0.00054671,-0.000821059,0.0598704
53,0.053,0.52,1.2871,-0.29496,-1.57439,1.72809e-07,-6.48426e-07,0.782132,3.34413e-07,-5.81796e-07,-2.35652,-0.0526189,-2.32637e-05,3.88404e-05,-0.00526483,0.555305,0.000558276,-0.000851098,0.0592483
54,0.054,0.52,1.28708,-0.294987,-1.57445,1.62011e-07,-6.04987e-07,0.782079,3.1143e-07,-5.43386e-07,-2.35653,-0.0520664,-2.27008e-05,3.79766e-05,-0.0052059,0.549761,0.000567129,-0.000875727,0.0586262
55,0.055,0.52,1.28706,-0.295015,-1.5745,1.51431e-07,-5.62568e-07,0.782028,2.89014e-07,-5.05851e-07,-2.35653,-0.0515194,-2.21302e-05,3.70906e-05,-0.00514758,0.544229,0.000573533,-0.000895436,0.0580052
56,0.056,0.52,1.28704,-0.295042,-1.57456,1.41081e-07,-5.21186e-07,0.781976,2.67171e-07,-4.6921e-07,-2.35654,-0.0509779,-2.15544e-05,3.61872e-05,-0.00508988,0.538716,0.000577729,-0.000910683,0.0573862
57,0.057,0.52,1.28702,-0.295069,-1.57462,1.30966e-07,-4.80857e-07,0.781926,2.45906e-07,-4.33481e-07,-2.35654,-0.050442,-2.09754e-05,3.52706e-05,-0.00503281,0.533228,0.000579939,-0.000921888,0.0567698
58,0.058,0.52,1.287,-0.295095,-1.57467,1.21094e-07,-4.41588e-07,0.781875,2.25221e-07,-3.98672e-07,-2.35655,-0.0499115,-2.03951e-05,3.43446e-05,-0.00497634,0.527769,0.000580369,-0.000929443,0.0561567
59,0.059,0.52,1.28699,-0.295121,-1.57473,1.11469e-07,-4.03387e-07,0.781826,2.05116e-07,-3.64793e-07,-2.35655,-0.0493864,-1.98152e-05,3.34128e-05,-0.00492049,0.522343,0.000579205,-0.000933707,0.0555473
60,0.06,0.52,1.28697,-0.295147,-1.57478,1.02094e-07,-3.66256e-07,0.781777,1.8559e-07,-3.31848e-07,-2.35656,-0.0488668,-1.92372e-05,3.24782e-05,-0.00486525,0.516954,0.000576622,-0.000935015,0.0549421
61,0.061,0.52,1.28695,-0.295173,-1.57483,9.29731e-08,-3.30193e-07,0.781728,1.6664e-07,-2.99837e-07,-2.35656,-0.0483525,-1.86624e-05,3.15436e-05,-0.00481061,0.511605,0.000572775,-0.000933672,0.0543414
62,0.062,0.52,1.28693,-0.295199,-1.57489,8.41067e-08,-2.95195e-07,0.78168,1.48263e-07,-2.6876e-07,-2.35657,-0.0478436,-1.8092e-05,3.06116e-05,-0.00475656,0.506297,0.00056781,-0.00092996,0.0537456
63,0.063,0.52,1.28691,-0.295224,-1.57494,7.54958e-08,-2.61255e-07,0.781632,1.30454e-07,-2.38612e-07,-2.35657,-0.0473399,-1.75271e-05,2.96844e-05,-0.00470311,0.501032,0.000561859,-0.000924138,0.0531547
64,0.064,0.52,1.28689,-0.295249,-1.57499,6.71403e-08,-2.28367e-07,0.781585,1.13207e-07,-2.09388e-07,-2.35658,-0.0468415,-1.69686e-05,2.8764e-05,-0.00465025,0.495813,0.000555042,-0.000916445,0.0525691
65,0.065,0.52,1.28688,-0.295273,-1.57504,5.90395e-08,-1.96519e-07,0.781539,9.65147e-08,-1.81081e-07,-2.35658,-0.0463482,-1.64173e-05,2.78521e-05,-0.00459797,0.490639,0.00054747,-0.000907097,0.0519888
66,0.066,0.52,1.28686,-0.295298,-1.57509,5.1192e-08,-1.657e-07,0.781493,8.03698e-08,-1.53681e-07,-2.35658,-0.0458602,-1.58739e-05,2.69503e-05,-0.00454627,0.485512,0.000539242,-0.000896295,0.0514139
67,0.067,0.52,1.28684,-0.295322,-1.57514,4.35959e-08,-1.35896e-07,0.781447,6.47641e-08,-1.27177e-07,-2.35659,-0.0453772,-1.5339e-05,2.60599e-05,-0.00449514,0.480433,0.000530451,-0.000884221,0.0508446
68,0.068,0.52,1.28683,-0.295346,-1.57519,3.62486e-08,-1.07093e-07,0.781402,4.96888e-08,-1.01557e-07,-2.35659,-0.0448993,-1.48131e-05,2.51822e-05,-0.00444458,0.475402,0.000521178,-0.000871041,0.050281
69,0.069,0.52,1.28681,-0.295369,-1.57524,2.91473e-08,-7.92738e-08,0.781357,3.51347e-08,-7.68079e-08,-2.3566,-0.0444264,-1.42968e-05,2.43181e-05,-0.00439458,0.470419,0.000511501,-0.000856908,0.0497229
70,0.07,0.52,1.28679,-0.295393,-1.57529,2.22888e-08,-5.24229e-08,0.781313,2.1092e-08,-5.29157e-08,-2.3566,-0.0439584,-1.37902e-05,2.34687e-05,-0.00434513,0.465484,0.000501486,-0.000841959,0.0491705
71,0.071,0.52,1.28678,-0.295416,-1.57534,1.56695e-08,-2.65222e-08,0.781269,7.5508e-09,-2.98655e-08,-2.35661,-0.0434954,-1.32939e-05,2.26345e-05,-0.00429624,0.460599,0.000491197,-0.000826321,0.0486239
72,0.072,0.52,1.28676,-0.295438,-1.57538,9.2855e-09,-1.55356e-09,0.781226,-5.49923e-09,-7.64149e-09,-2.35661,-0.0430372,-1.28079e-05,2.18162e-05,-0.00424788,0.455762,0.000480688,-0.000810108,0.0480829
73,0.073,0.52,1.28674,-0.295461,-1.57543,3.13273e-09,2.2502e-08,0.781183,-1.80686e-08,1.37724e-08,-2.35661,-0.0425839,-1.23326e-05,2.10144e-05,-0.00420007,0.450973,0.000470011,-0.000793424,0.0475476
74,0.074,0.52,1.28673,-0.295483,-1.57548,-2.79314e-09,4.56637e-08,0.781141,-3.01679e-08,3.43929e-08,-2.35662,-0.0421353,-1.18679e-05,2.02295e-05,-0.00415279,0.446233,0.000459212,-0.000776363,0.0470179
75,0.075,0.52,1.28671,-0.295506,-1.57552,-8.49658e-09,6.79514e-08,0.781099,-4.18081e-08,5.42371e-08,-2.35662,-0.0416914,-1.14142e-05,1.94618e-05,-0.00410603,0.441541,0.000448331,-0.000759009,0.0464939
76,0.076,0.52,1.2867,-0.295528,-1.57557,-1.39822e-08,8.93848e-08,0.781057,-5.29999e-08,7.33223e-08,-2.35663,-0.0412522,-1.09713e-05,1.87115e-05,-0.0040598,0.436897,0.000437406,-0.00074144,0.0459756
77,0.077,0.52,1.28668,-0.295549,-1.57561,-1.92548e-08,1.09984e-07,0.781016,-6.37543e-08,9.16661e-08,-2.35663,-0.0408176,-1.05394e-05,1.79789e-05,-0.00401408,0.4323,0.000426468,-0.000723723,0.0454628
78,0.078,0.52,1.28667,-0.295571,-1.57566,-2.43192e-08,1.2977e-07,0.780976,-7.40823e-08,1.09286e-07,-2.35664,-0.0403876,-1.01184e-05,1.72641e-05,-0.00396887,0.427751,0.000415549,-0.000705922,0.0449555
79,0.079,0.52,1.28665,-0.295592,-1.5757,-2.91803e-08,1.48762e-07,0.780936,-8.39947e-08,1.262e-07,-2.35664,-0.0399621,-9.70825e-06,1.65671e-05,-0.00392417,0.423249,0.000404673,-0.000688092,0.0444537
80,0.08,0.52,1.28664,-0.295613,-1.57575,-3.38429e-08,1.66981e-07,0.780896,-9.35024e-08,1.42426e-07,-2.35664,-0.039541,-9.30899e-06,1.58879e-05,-0.00387996,0.418794,0.000393866,-0.000670282,0.0439574
81,0.081,0.52,1.28662,-0.295634,-1.57579,-3.83122e-08,1.84447e-07,0.780857,-1.02616e-07,1.57982e-07,-2.35665,-0.0391245,-8.92049e-06,1.52265e-05,-0.00383625,0.414385,0.000383146,-0.000652537,0.0434666
82,0.082,0.52,1.28661,-0.295654,-1.57583,-4.25931e-08,2.0118e-07,0.780818,-1.11347e-07,1.72885e-07,-2.35665,-0.0387123,-8.54266e-06,1.45828e-05,-0.00379303,0.410022,0.000372532,-0.000634896,0.0429811
83,0.083,0.52,1.28659,-0.295675,-1.57588,-4.66905e-08,2.172e-07,0.780779,-1.19705e-07,1.87153e-07,-2.35665,-0.0383044,-8.17538e-06,1.39567e-05,-0.00375029,0.405704,0.000362041,-0.000617395,0.0425009
84,0.084,0.52,1.28658,-0.295695,-1.57592,-5.06094e-08,2.32527e-07,0.780741,-1.27701e-07,2.00804e-07,-2.35666,-0.0379008,-7.81853e-06,1.3348e-05,-0.00370802,0.401432,0.000351686,-0.000600063,0.0420259
85,0.085,0.52,1.28656,-0.295715,-1.57596,-5.43548e-08,2.4718e-07,0.780703,-1.35346e-07,2.13855e-07,-2.35666,-0.0375015,-7.47196e-06,1.27565e-05,-0.00366623,0.397204,0.00034148,-0.000582929,0.0415563
86,0.086,0.52,1.28655,-0.295734,-1.576,-5.79316e-08,2.61179e-07,0.780666,-1.42648e-07,2.26323e-07,-2.35667,-0.0371064,-7.13552e-06,1.2182e-05,-0.00362491,0.39302,0.000331432,-0.000566016,0.0410917
87,0.087,0.52,1.28653,-0.295754,-1.57604,-6.13445e-08,2.74543e-07,0.780629,-1.4962e-07,2.38225e-07,-2.35667,-0.0367155,-6.80904e-06,1.16244e-05,-0.00358405,0.38888,0.000321553,-0.000549344,0.0406323
88,0.088,0.52,1.28652,-0.295773,-1.57608,-6.45985e-08,2.87291e-07,0.780593,-1.5627e-07,2.49577e-07,-2.35667,-0.0363286,-6.49236e-06,1.10833e-05,-0.00354364,0.384784,0.000311848,-0.00053293,0.040178
89,0.089,0.52,1.28651,-0.295792,-1.57612,-6.76982e-08,2.99441e-07,0.780556,-1.62608e-07,2.60397e-07,-2.35668,-0.0359459,-6.18528e-06,1.05584e-05,-0.00350369,0.380731,0.000302325,-0.000516791,0.0397286
90,0.09,0.52,1.28649,-0.295811,-1.57616,-7.06484e-08,3.11011e-07,0.780521,-1.68644e-07,2.70699e-07,-2.35668,-0.0355672,-5.88764e-06,1.00496e-05,-0.00346418,0.37672,0.000292988,-0.000500939,0.0392843
91,0.091,0.52,1.28648,-0.29583,-1.5762,-7.34535e-08,3.22019e-07,0.780485,-1.74386e-07,2.80501e-07,-2.35668,-0.0351924,-5.59925e-06,9.55645e-06,-0.00342512,0.372751,0.000283842,-0.000485385,0.0388448
92,0.092,0.52,1.28647,-0.295848,-1.57624,-7.61181e-08,3.32482e-07,0.78045,-1.79845e-07,2.89818e-07,-2.35669,-0.0348216,-5.3199e-06,9.07871e-06,-0.00338649,0.368824,0.00027489,-0.000470137,0.0384102
93,0.093,0.52,1.28645,-0.295866,-1.57627,-7.86467e-08,3.42418e-07,0.780416,-1.85029e-07,2.98664e-07,-2.35669,-0.0344548,-5.0494e-06,8.61607e-06,-0.0033483,0.364939,0.000266134,-0.000455202,0.0379805
94,0.094,0.52,1.28644,-0.295885,-1.57631,-8.10437e-08,3.51844e-07,0.780381,-1.89947e-07,3.07055e-07,-2.35669,-0.0340917,-4.78756e-06,8.1682e-06,-0.00331053,0.361094,0.000257575,-0.000440586,0.0375555
95,0.095,0.52,1.28643,-0.295902,-1.57635,-8.33131e-08,3.60775e-07,0.780348,-1.94607e-07,3.15005e-07,-2.3567,-0.0337326,-4.53418e-06,7.73479e-06,-0.00327319,0.35729,0.000249216,-0.000426294,0.0371351
96,0.096,0.52,1.28642,-0.29592,-1.57639,-8.54593e-08,3.69228e-07,0.780314,-1.99018e-07,3.22529e-07,-2.3567,-0.0333772,-4.28906e-06,7.3155e-06,-0.00323626,0.353525,0.000241055,-0.000412326,0.0367195
97,0.097,0.52,1.2864,-0.295938,-1.57642,-8.74864e-08,3.77219e-07,0.780281,-2.03188e-07,3.2964e-07,-2.3567,-0.0330255,-4.05201e-06,6.91002e-06,-0.00319974,0.349801,0.000233093,-0.000398687,0.0363084
98,0.098,0.52,1.28639,-0.295955,-1.57646,-8.93982e-08,3.84762e-07,0.780248,-2.07124e-07,3.36353e-07,-2.35671,-0.0326775,-3.82281e-06,6.51802e-06,-0.00316364,0.346115,0.000225329,-0.000385375,0.035902
99,0.099,0.52,1.28638,-0.295972,-1.57649,-9.11987e-08,3.91873e-07,0.780215,-2.10836e-07,3.42681e-07,-2.35671,-0.0323333,-3.60128e-06,6.13916e-06,-0.00312794,0.342469,0.000217762,-0.00037239,0.0355
100,0.1,0.52,1.28637,-0.295989,-1.57653,-9.28918e-08,3.98567e-07,0.780183,-2.1433e-07,3.48636e-07,-2.35671,-0.0319926,-3.38722e-06,5.77313e-06,-0.00309264,0.33886,0.00021039,-0.000359733,0.0351025
101,0.101,0.52,1.28636,-0.296006,-1.57656,-9.4481e-08,4.04856e-07,0.780151,-2.17613e-07,3.54231e-07,-2.35672,-0.0316555,-3.18044e-06,5.41959e-06,-0.00305773,0.33529,0.000203212,-0.0003474,0.0347094
102,0.102,0.52,1.28634,-0.296023,-1.5766,-9.59701e-08,4.10756e-07,0.78012,-2.20693e-07,3.59479e-07,-2.35672,-0.031322,-2.98074e-06,5.07822e-06,-0.00302322,0.331757,0.000196225,-0.000335389,0.0343206
103,0.103,0.52,1.28633,-0.296039,-1.57663,-9.73626e-08,4.16279e-07,0.780089,-2.23577e-07,3.64392e-07,-2.35672,-0.030992,-2.78793e-06,4.74871e-06,-0.00298909,0.328262,0.000189426,-0.000323697,0.0339362
104,0.104,0.52,1.28632,-0.296055,-1.57667,-9.86618e-08,4.21439e-07,0.780058,-2.26271e-07,3.6898e-07,-2.35672,-0.0306655,-2.60182e-06,4.43072e-06,-0.00295534,0.324803,0.000182815,-0.000312322,0.033556
105,0.105,0.52,1.28631,-0.296071,-1.5767,-9.98711e-08,4.26249e-07,0.780027,-2.28782e-07,3.73257e-07,-2.35673,-0.0303424,-2.42224e-06,4.12396e-06,-0.00292198,0.321381,0.000176386,-0.000301258,0.0331801
106,0.106,0.52,1.2863,-0.296087,-1.57673,-1.00994e-07,4.3072e-07,0.779997,-2.31117e-07,3.77232e-07,-2.35673,-0.0300227,-2.24899e-06,3.8281e-06,-0.00288898,0.317995,0.000170138,-0.000290501,0.0328083
107,0.107,0.52,1.28629,-0.296103,-1.57677,-1.02033e-07,4.34865e-07,0.779967,-2.33282e-07,3.80917e-07,-2.35673,-0.0297064,-2.0819e-06,3.54286e-06,-0.00285636,0.314644,0.000164068,-0.000280047,0.0324407
108,0.108,0.52,1.28627,-0.296119,-1.5768,-1.02992e-07,4.38695e-07,0.779938,-2.35283e-07,3.84321e-07,-2.35674,-0.0293934,-1.9208e-06,3.26791e-06,-0.0028241,0.311329,0.000158171,-0.000269891,0.0320772
109,0.109,0.52,1.28626,-0.296134,-1.57683,-1.03873e-07,4.42223e-07,0.779909,-2.37126e-07,3.87456e-07,-2.35674,-0.0290837,-1.7655e-06,3.00298e-06,-0.0027922,0.308049,0.000152445,-0.000260027,0.0317177
110,0.11,0.52,1.28625,-0.296149,-1.57686,-1.0468e-07,4.45458e-07,0.77988,-2.38816e-07,3.9033e-07,-2.35674,-0.0287773,-1.61585e-06,2.74776e-06,-0.00276066,0.304803,0.000146887,-0.000250451,0.0313621
111,0.111,0.52,1.28624,-0.296165,-1.57689,-1.05415e-07,4.48412e-07,0.779851,-2.40359e-07,3.92954e-07,-2.35674,-0.0284741,-1.47167e-06,2.50198e-06,-0.00272948,0.301592,0.000141493,-0.000241156,0.0310106
112,0.112,0.52,1.28623,-0.29618,-1.57692,-1.06081e-07,4.51095e-07,0.779823,-2.41761e-07,3.95337e-07,-2.35675,-0.0281741,-1.33281e-06,2.26536e-06,-0.00269864,0.298414,0.000136259,-0.000232138,0.0306629
113,0.113,0.52,1.28622,-0.296194,-1.57696,-1.06681e-07,4.53517e-07,0.779795,-2.43027e-07,3.97488e-07,-2.35675,-0.0278772,-1.1991e-06,2.03762e-06,-0.00266815,0.29527,0.000131182,-0.000223389,0.0303192
114,0.114,0.52,1.28621,-0.296209,-1.57699,-1.07217e-07,4.55688e-07,0.779767,-2.44161e-07,3.99415e-07,-2.35675,-0.0275835,-1.07039e-06,1.81849e-06,-0.002638,0.292159,0.000126259,-0.000214905,0.0299792
115,0.115,0.52,1.2862,-0.296223,-1.57702,-1.07692e-07,4.57618e-07,0.77974,-2.45169e-07,4.01128e-07,-2.35676,-0.0272929,-9.46535e-07,1.60772e-06,-0.00260819,0.28908,0.000121485,-0.00020668,0.029643
116,0.116,0.52,1.28619,-0.296238,-1.57705,-1.08107e-07,4.59315e-07,0.779712,-2.46056e-07,4.02634e-07,-2.35676,-0.0270054,-8.27376e-07,1.40505e-06,-0.00257871,0.286035,0.000116857,-0.000198708,0.0293106
117,0.117,0.52,1.28618,-0.296252,-1.57707,-1.08467e-07,4.60788e-07,0.779686,-2.46825e-07,4.03941e-07,-2.35676,-0.0267208,-7.12774e-07,1.21022e-06,-0.00254957,0.283021,0.000112372,-0.000190982,0.0289818
118,0.118,0.52,1.28617,-0.296266,-1.5771,-1.08772e-07,4.62047e-07,0.779659,-2.47483e-07,4.05057e-07,-2.35676,-0.0264393,-6.02586e-07,1.023e-06,-0.00252075,0.280039,0.000108027,-0.000183497,0.0286568
119,0.119,0.52,1.28616,-0.29628,-1.57713,-1.09024e-07,4.63099e-07,0.779633,-2.48032e-07,4.05989e-07,-2.35677,-0.0261607,-4.96675e-07,8.43149e-07,-0.00249225,0.277088,0.000103816,-0.000176247,0.0283353
120,0.12,0.52,1.28615,-0.296294,-1.57716,-1.09227e-07,4.63953e-07,0.779607,-2.48477e-07,4.06745e-07,-2.35677,-0.0258851,-3.94909e-07,6.70432e-07,-0.00246408,0.274169,9.97385e-05,-0.000169226,0.0280174
121,0.121,0.52,1.28614,-0.296307,-1.57719,-1.09382e-07,4.64616e-07,0.779581,-2.48823e-07,4.07332e-07,-2.35677,-0.0256124,-2.97156e-07,5.04623e-07,-0.00243622,0.27128,9.57893e-05,-0.000162428,0.0277031
122,0.122,0.52,1.28613,-0.296321,-1.57722,-1.09491e-07,4.65097e-07,0.779555,-2.49073e-07,4.07757e-07,-2.35677,-0.0253426,-2.03288e-07,3.45504e-07,-0.00240867,0.268422,9.19655e-05,-0.000155847,0.0273922
123,0.123,0.52,1.28612,-0.296334,-1.57724,-1.09556e-07,4.65401e-07,0.77953,-2.49231e-07,4.08025e-07,-2.35678,-0.0250755,-1.13184e-07,1.92859e-07,-0.00238143,0.265594,8.82636e-05,-0.000149478,0.0270848
124,0.124,0.52,1.28611,-0.296347,-1.57727,-1.09578e-07,4.65538e-07,0.779505,-2.49301e-07,4.08145e-07,-2.35678,-0.0248114,-2.67217e-08,4.6479e-08,-0.0023545,0.262795,8.46805e-05,-0.000143315,0.0267808
125,0.125,0.52,1.2861,-0.29636,-1.5773,-1.0956e-07,4.65513e-07,0.779481,-2.49286e-07,4.0812e-07,-2.35678,-0.0245499,5.62155e-08,-9.38386e-08,-0.00232787,0.260026,8.12129e-05,-0.000137353,0.0264803
126,0.126,0.52,1.28609,-0.296373,-1.57733,-1.09504e-07,4.65333e-07,0.779456,-2.49189e-07,4.07959e-07,-2.35678,-0.0242913,1.35741e-07,-2.28292e-07,-0.00230154,0.257287,7.78575e-05,-0.000131585,0.026183
127,0.127,0.52,1.28609,-0.296386,-1.57735,-1.0941e-07,4.65005e-07,0.779432,-2.49015e-07,4.07666e-07,-2.35678,-0.0240354,2.11967e-07,-3.57073e-07,-0.0022755,0.254576,7.46113e-05,-0.000126008,0.0258891
128,0.128,0.52,1.28608,-0.296398,-1.57738,-1.09282e-07,4.64534e-07,0.779408,-2.48767e-07,4.07247e-07,-2.35679,-0.0237821,2.84999e-07,-4.80368e-07,-0.00224976,0.251893,7.14712e-05,-0.000120614,0.0255984
129,0.129,0.52,1.28607,-0.296411,-1.5774,-1.09119e-07,4.63928e-07,0.779384,-2.48446e-07,4.06707e-07,-2.35679,-0.0235316,3.54944e-07,-5.9836e-07,-0.0022243,0.249239,6.84341e-05,-0.000115399,0.025311
130,0.13,0.52,1.28606,-0.296423,-1.57743,-1.08924e-07,4.63191e-07,0.779361,-2.48058e-07,4.06052e-07,-2.35679,-0.0232836,4.21901e-07,-7.11225e-07,-0.00219914,0.246613,6.54972e-05,-0.000110359,0.0250268
131,0.131,0.52,1.28605,-0.296435,-1.57746,-1.08698e-07,4.6233e-07,0.779338,-2.47603e-07,4.05286e-07,-2.35679,-0.0230383,4.8597e-07,-8.19134e-07,-0.00217425,0.244015,6.26574e-05,-0.000105487,0.0247458
132,0.132,0.52,1.28604,-0.296447,-1.57748,-1.08443e-07,4.61349e-07,0.779315,-2.47087e-07,4.04415e-07,-2.3568,-0.0227956,5.47247e-07,-9.22254e-07,-0.00214964,0.241444,5.99121e-05,-0.00010078,0.0244679
133,0.133,0.52,1.28603,-0.296459,-1.57751,-1.0816e-07,4.60255e-07,0.779292,-2.4651e-07,4.03443e-07,-2.3568,-0.0225554,6.05825e-07,-1.02075e-06,-0.00212531,0.2389,5.72584e-05,-9.62311e-05,0.024193
134,0.134,0.52,1.28602,-0.296471,-1.57753,-1.0785e-07,4.59052e-07,0.77927,-2.45876e-07,4.02375e-07,-2.3568,-0.0223178,6.61794e-07,-1.11477e-06,-0.00210126,0.236383,5.46937e-05,-9.18372e-05,0.0239213
135,0.135,0.52,1.28602,-0.296483,-1.57755,-1.07515e-07,4.57745e-07,0.779248,-2.45187e-07,4.01215e-07,-2.3568,-0.0220827,7.15241e-07,-1.20447e-06,-0.00207747,0.233892,5.22152e-05,-8.75932e-05,0.0236526
136,0.136,0.52,1.28601,-0.296495,-1.57758,-1.07155e-07,4.56339e-07,0.779226,-2.44446e-07,3.99967e-07,-2.3568,-0.02185,7.66252e-07,-1.29e-06,-0.00205395,0.231428,4.98205e-05,-8.34947e-05,0.0233868
137,0.137,0.52,1.286,-0.296506,-1.5776,-1.06773e-07,4.54839e-07,0.779204,-2.43655e-07,3.98636e-07,-2.35681,-0.0216198,8.14909e-07,-1.37151e-06,-0.00203069,0.22899,4.7507e-05,-7.95373e-05,0.0231241
138,0.138,0.52,1.28599,-0.296517,-1.57763,-1.06368e-07,4.53248e-07,0.779182,-2.42817e-07,3.97226e-07,-2.35681,-0.021392,8.61292e-07,-1.44912e-06,-0.0020077,0.226577,4.52723e-05,-7.57166e-05,0.0228642
139,0.139,0.52,1.28598,-0.296529,-1.57765,-1.05943e-07,4.51572e-07,0.779161,-2.41934e-07,3.95739e-07,-2.35681,-0.0211666,9.05479e-07,-1.52299e-06,-0.00198497,0.22419,4.3114e-05,-7.20286e-05,0.0226073
140,0.14,0.52,1.28598,-0.29654,-1.57767,-1.05497e-07,4.49815e-07,0.77914,-2.41007e-07,3.94181e-07,-2.35681,-0.0209436,9.47545e-07,-1.59322e-06,-0.00196249,0.221827,4.10297e-05,-6.84691e-05,0.0223532
141,0.141,0.52,1.28597,-0.296551,-1.57769,-1.05034e-07,4.47979e-07,0.779119,-2.40039e-07,3.92554e-07,-2.35681,-0.020723,9.87562e-07,-1.65997e-06,-0.00194026,0.21949,3.90173e-05,-6.50343e-05,0.022102
142,0.142,0.52,1.28596,-0.296562,-1.57772,-1.04552e-07,4.4607e-07,0.779099,-2.39032e-07,3.90862e-07,-2.35682,-0.0205046,1.0256e-06,-1.72333e-06,-0.00191828,0.217178,3.70744e-05,-6.17202e-05,0.0218536
143,0.143,0.52,1.28595,-0.296572,-1.57774,-1.04053e-07,4.44091e-07,0.779078,-2.37989e-07,3.89108e-07,-2.35682,-0.0202886,1.06173e-06,-1.78344e-06,-0.00189655,0.214889,3.5199e-05,-5.85231e-05,0.0216079
144,0.144,0.52,1.28595,-0.296583,-1.57776,-1.03539e-07,4.42045e-07,0.779058,-2.3691e-07,3.87296e-07,-2.35682,-0.0200749,1.09602e-06,-1.84042e-06,-0.00187506,0.212625,3.33889e-05,-5.54393e-05,0.021365
145,0.145,0.52,1.28594,-0.296593,-1.57778,-1.03009e-07,4.39937e-07,0.779038,-2.35797e-07,3.85429e-07,-2.35682,-0.0198633,1.12853e-06,-1.89436e-06,-0.00185382,0.210385,3.16422e-05,-5.24654e-05,0.0211247
146,0.146,0.52,1.28593,-0.296604,-1.57781,-1.02466e-07,4.37769e-07,0.779018,-2.34653e-07,3.83508e-07,-2.35682,-0.0196541,1.15933e-06,-1.94538e-06,-0.00183281,0.208168,2.99568e-05,-4.95977e-05,0.0208872
147,0.147,0.52,1.28592,-0.296614,-1.57783,-1.01909e-07,4.35544e-07,0.778999,-2.33479e-07,3.81539e-07,-2.35683,-0.019447,1.18847e-06,-1.99359e-06,-0.00181204,0.205975,2.83309e-05,-4.6833e-05,0.0206523
148,0.148,0.52,1.28592,-0.296624,-1.57785,-1.01339e-07,4.33266e-07,0.778979,-2.32277e-07,3.79522e-07,-2.35683,-0.0192421,1.21601e-06,-2.03908e-06,-0.00179151,0.203805,2.67626e-05,-4.41681e-05,0.0204201
149,0.149,0.52,1.28591,-0.296634,-1.57787,-1.00758e-07,4.30938e-07,0.77896,-2.31048e-07,3.77461e-07,-2.35683,-0.0190394,1.24201e-06,-2.08196e-06,-0.0017712,0.201658,2.525e-05,-4.15996e-05,0.0201904
150,0.15,0.52,1.2859,-0.296644,-1.57789,-1.00166e-07,4.28563e-07,0.778941,-2.29793e-07,3.75359e-07,-2.35683,-0.0188388,1.26653e-06,-2.12231e-06,-0.00175113,0.199533,2.37913e-05,-3.91246e-05,0.0199633
151,0.151,0.52,1.28589,-0.296654,-1.57791,-9.95628e-08,4.26143e-07,0.778923,-2.28515e-07,3.73218e-07,-2.35683,-0.0186403,1.28961e-06,-2.16024e-06,-0.00173128,0.197431,2.2385e-05,-3.67401e-05,0.0197387
152,0.152,0.52,1.28589,-0.296664,-1.57793,-9.89503e-08,4.23681e-07,0.778904,-2.27214e-07,3.71039e-07,-2.35683,-0.0184439,1.31131e-06,-2.19582e-06,-0.00171165,0.19535,2.10293e-05,-3.4443e-05,0.0195167
153,0.153,0.52,1.28588,-0.296674,-1.57795,-9.83288e-08,4.21179e-07,0.778886,-2.25893e-07,3.68827e-07,-2.35684,-0.0182496,1.33168e-06,-2.22915e-06,-0.00169224,0.193292,1.97226e-05,-3.22306e-05,0.0192971
154,0.154,0.52,1.28587,-0.296683,-1.57797,-9.76988e-08,4.18641e-07,0.778868,-2.24551e-07,3.66582e-07,-2.35684,-0.0180573,1.35077e-06,-2.26031e-06,-0.00167305,0.191256,1.84633e-05,-3.01003e-05,0.0190799
155,0.155,0.52,1.28587,-0.296693,-1.57799,-9.70609e-08,4.16069e-07,0.77885,-2.23192e-07,3.64307e-07,-2.35684,-0.0178671,1.36863e-06,-2.28938e-06,-0.00165408,0.18924,1.725e-05,-2.80491e-05,0.0188652
156,0.156,0.52,1.28586,-0.296702,-1.57801,-9.64158e-08,4.13464e-07,0.778832,-2.21815e-07,3.62004e-07,-2.35684,-0.0176788,1.38529e-06,-2.31643e-06,-0.00163532,0.187247,1.60811e-05,-2.60747e-05,0.0186529
157,0.157,0.52,1.28585,-0.296712,-1.57803,-9.57641e-08,4.10829e-07,0.778814,-2.20421e-07,3.59675e-07,-2.35684,-0.0174926,1.4008e-06,-2.34155e-06,-0.00161677,0.185274,1.49552e-05,-2.41745e-05,0.018443
158,0.158,0.52,1.28585,-0.296721,-1.57805,-9.51061e-08,4.08167e-07,0.778797,-2.19013e-07,3.57321e-07,-2.35684,-0.0173083,1.41521e-06,-2.36481e-06,-0.00159844,0.183322,1.38709e-05,-2.23461e-05,0.0182354
159,0.159,0.52,1.28584,-0.29673,-1.57807,-9.44425e-08,4.05479e-07,0.77878,-2.17591e-07,3.54946e-07,-2.35685,-0.0171259,1.42856e-06,-2.38627e-06,-0.0015803,0.18139,1.28269e-05,-2.0587e-05,0.0180301
160,0.16,0.52,1.28584,-0.296739,-1.57808,-9.37737e-08,4.02767e-07,0.778763,-2.16157e-07,3.52549e-07,-2.35685,-0.0169455,1.44088e-06,-2.406e-06,-0.00156237,0.179479,1.18219e-05,-1.88951e-05,0.0178272
161,0.161,0.52,1.28583,-0.296748,-1.5781,-9.31002e-08,4.00033e-07,0.778746,-2.1471e-07,3.50134e-07,-2.35685,-0.016767,1.45221e-06,-2.42408e-06,-0.00154465,0.177588,1.08546e-05,-1.7268e-05,0.0176264
162,0.162,0.52,1.28582,-0.296756,-1.57812,-9.24225e-08,3.9728e-07,0.778729,-2.13252e-07,3.47702e-07,-2.35685,-0.0165903,1.4626e-06,-2.44056e-06,-0.00152712,0.175717,9.92368e-06,-1.57037e-05,0.017428
163,0.163,0.52,1.28582,-0.296765,-1.57814,-9.1741e-08,3.94508e-07,0.778713,-2.11785e-07,3.45253e-07,-2.35685,-0.0164155,1.47207e-06,-2.45551e-06,-0.00150979,0.173866,9.02808e-06,-1.42001e-05,0.0172317
164,0.164,0.52,1.28581,-0.296774,-1.57816,-9.10561e-08,3.9172e-07,0.778696,-2.10309e-07,3.42791e-07,-2.35685,-0.0162426,1.48067e-06,-2.46898e-06,-0.00149266,0.172034,8.1666e-06,-1.27551e-05,0.0170377
165,0.165,0.52,1.2858,-0.296782,-1.57817,-9.03682e-08,3.88916e-07,0.77868,-2.08824e-07,3.40316e-07,-2.35685,-0.0160715,1.48842e-06,-2.48104e-06,-0.00147571,0.170221,7.33811e-06,-1.13668e-05,0.0168458
166,0.166,0.52,1.2858,-0.296791,-1.57819,-8.96777e-08,3.861e-07,0.778664,-2.07332e-07,3.37829e-07,-2.35686,-0.0159021,1.49536e-06,-2.49173e-06,-0.00145896,0.168428,6.54154e-06,-1.00332e-05,0.016656
167,0.167,0.52,1.28579,-0.296799,-1.57821,-8.89849e-08,3.83272e-07,0.778648,-2.05834e-07,3.35333e-07,-2.35686,-0.0157346,1.50151e-06,-2.50112e-06,-0.0014424,0.166653,5.77583e-06,-8.7526e-06,0.0164684
168,0.168,0.52,1.28579,-0.296807,-1.57823,-8.82903e-08,3.80433e-07,0.778633,-2.04329e-07,3.32828e-07,-2.35686,-0.0155688,1.50692e-06,-2.50926e-06,-0.00142603,0.164897,5.03995e-06,-7.52314e-06,0.0162829
169,0.169,0.52,1.28578,-0.296815,-1.57824,-8.75941e-08,3.77586e-07,0.778617,-2.0282e-07,3.30315e-07,-2.35686,-0.0154048,1.5116e-06,-2.51618e-06,-0.00140984,0.16316,4.33292e-06,-6.34312e-06,0.0160994
170,0.17,0.52,1.28578,-0.296824,-1.57826,-8.68967e-08,3.74731e-07,0.778602,-2.01306e-07,3.27796e-07,-2.35686,-0.0152425,1.51559e-06,-2.52196e-06,-0.00139383,0.161441,3.65379e-06,-5.21086e-06,0.0159181
171,0.171,0.52,1.28577,-0.296832,-1.57828,-8.61984e-08,3.71869e-07,0.778587,-1.99789e-07,3.25271e-07,-2.35686,-0.0150819,1.51892e-06,-2.52662e-06,-0.001378,0.15974,3.00161e-06,-4.12474e-06,0.0157387
172,0.172,0.52,1.28576,-0.296839,-1.57829,-8.54995e-08,3.69003e-07,0.778572,-1.98269e-07,3.22743e-07,-2.35686,-0.014923,1.5216e-06,-2.53022e-06,-0.00136235,0.158057,2.37551e-06,-3.08319e-06,0.0155613
173,0.173,0.52,1.28576,-0.296847,-1.57831,-8.48003e-08,3.66133e-07,0.778557,-1.96746e-07,3.20211e-07,-2.35687,-0.0147658,1.52368e-06,-2.5328e-06,-0.00134688,0.156392,1.77459e-06,-2.08469e-06,0.0153859
174,0.174,0.52,1.28575,-0.296855,-1.57833,-8.41009e-08,3.63259e-07,0.778542,-1.95221e-07,3.17678e-07,-2.35687,-0.0146102,1.52516e-06,-2.5344e-06,-0.00133158,0.154744,1.19803e-06,-1.12778e-06,0.0152125
175,0.175,0.52,1.28575,-0.296863,-1.57834,-8.34018e-08,3.60385e-07,0.778528,-1.93696e-07,3.15143e-07,-2.35687,-0.0144563,1.52608e-06,-2.53507e-06,-0.00131645,0.153113,6.44991e-07,-2.1103e-07,0.0150411
176,0.176,0.52,1.28574,-0.29687,-1.57836,-8.27032e-08,3.57509e-07,0.778513,-1.9217e-07,3.12608e-07,-2.35687,-0.014304,1.52646e-06,-2.53484e-06,-0.00130149,0.1515,1.14698e-07,6.6694e-07,0.0148715
177,0.177,0.52,1.28574,-0.296878,-1.57837,-8.20052e-08,3.54634e-07,0.778499,-1.90643e-07,3.10073e-07,-2.35687,-0.0141533,1.52632e-06,-2.53375e-06,-0.00128671,0.149904,-3.93622e-07,1.50746e-06,0.0147038
178,0.178,0.52,1.28573,-0.296885,-1.57839,-8.13081e-08,3.5176e-07,0.778485,-1.89117e-07,3.0754e-07,-2.35687,-0.0140042,1.52568e-06,-2.53184e-06,-0.00127209,0.148325,-8.80711e-07,2.31183e-06,0.0145381
179,0.179,0.52,1.28573,-0.296892,-1.5784,-8.06122e-08,3.48889e-07,0.778471,-1.87592e-07,3.0501e-07,-2.35687,-0.0138566,1.52456e-06,-2.52914e-06,-0.00125763,0.146762,-1.34729e-06,3.08129e-06,0.0143741
180,0.18,0.52,1.28572,-0.2969,-1.57842,-7.99176e-08,3.4602e-07,0.778457,-1.86068e-07,3.02482e-07,-2.35687,-0.0137106,1.52299e-06,-2.52569e-06,-0.00124334,0.145216,-1.79405e-06,3.81706e-06,0.014212
181,0.181,0.52,1.28572,-0.296907,-1.57843,-7.92245e-08,3.43156e-07,0.778444,-1.84546e-07,2.99959e-07,-2.35688,-0.0135662,1.52098e-06,-2.52151e-06,-0.0012292,0.143686,-2.22167e-06,4.5203e-06,0.0140518
182,0.182,0.52,1.28571,-0.296914,-1.57845,-7.85332e-08,3.40296e-07,0.77843,-1.83026e-07,2.9744e-07,-2.35688,-0.0134233,1.51855e-06,-2.51666e-06,-0.00121523,0.142172,-2.6308e-06,5.19214e-06,0.0138933
183,0.183,0.52,1.28571,-0.296921,-1.57846,-7.78437e-08,3.37442e-07,0.778417,-1.81509e-07,2.94926e-07,-2.35688,-0.0132818,1.51573e-06,-2.51114e-06,-0.00120142,0.140674,-3.02207e-06,5.8337e-06,0.0137366
184,0.184,0.52,1.2857,-0.296928,-1.57848,-7.71563e-08,3.34594e-07,0.778403,-1.79995e-07,2.92418e-07,-2.35688,-0.0131419,1.51251e-06,-2.505e-06,-0.00118776,0.139192,-3.3961e-06,6.44601e-06,0.0135816
185,0.185,0.52,1.2857,-0.296935,-1.57849,-7.64712e-08,3.31753e-07,0.77839,-1.78484e-07,2.89916e-07,-2.35688,-0.0130035,1.50894e-06,-2.49826e-06,-0.00117425,0.137725,-3.75347e-06,7.03012e-06,0.0134284
186,0.186,0.52,1.28569,-0.296942,-1.5785,-7.57884e-08,3.28919e-07,0.778377,-1.76977e-07,2.87421e-07,-2.35688,-0.0128665,1.50501e-06,-2.49095e-06,-0.0011609,0.136274,-4.09476e-06,7.58702e-06,0.0132769
187,0.187,0.52,1.28569,-0.296949,-1.57852,-7.51081e-08,3.26094e-07,0.778365,-1.75474e-07,2.84934e-07,-2.35688,-0.0127309,1.50075e-06,-2.48309e-06,-0.0011477,0.134838,-4.42053e-06,8.11766e-06,0.0131271
188,0.188,0.52,1.28568,-0.296955,-1.57853,-7.44306e-08,3.23278e-07,0.778352,-1.73976e-07,2.82455e-07,-2.35688,-0.0125968,1.49618e-06,-2.47472e-06,-0.00113465,0.133418,-4.73131e-06,8.62297e-06,0.012979
189,0.189,0.52,1.28568,-0.296962,-1.57855,-7.37558e-08,3.20471e-07,0.778339,-1.72482e-07,2.79985e-07,-2.35689,-0.0124641,1.4913e-06,-2.46585e-06,-0.00112174,0.132012,-5.02762e-06,9.10386e-06,0.0128325
190,0.19,0.52,1.28567,-0.296968,-1.57856,-7.30839e-08,3.17674e-07,0.778327,-1.70993e-07,2.77524e-07,-2.35689,-0.0123328,1.48613e-06,-2.45652e-06,-0.00110898,0.130621,-5.30997e-06,9.56119e-06,0.0126877
191,0.191,0.52,1.28567,-0.296975,-1.57857,-7.24151e-08,3.14888e-07,0.778315,-1.6951e-07,2.75072e-07,-2.35689,-0.0122028,1.48068e-06,-2.44674e-06,-0.00109636,0.129245,-5.57884e-06,9.99581e-06,0.0125445
192,0.192,0.52,1.28566,-0.296981,-1.57859,-7.17494e-08,3.12112e-07,0.778303,-1.68032e-07,2.7263e-07,-2.35689,-0.0120743,1.47497e-06,-2.43654e-06,-0.00108389,0.127883,-5.8347e-06,1.04085e-05,0.0124029
193,0.193,0.52,1.28566,-0.296988,-1.5786,-7.1087e-08,3.09348e-07,0.778291,-1.6656e-07,2.70199e-07,-2.35689,-0.011947,1.46902e-06,-2.42593e-06,-0.00107156,0.126536,-6.078e-06,1.08001e-05,0.0122628
194,0.194,0.52,1.28566,-0.296994,-1.57861,-7.0428e-08,3.06596e-07,0.778279,-1.65094e-07,2.67779e-07,-2.35689,-0.0118212,1.46282e-06,-2.41494e-06,-0.00105937,0.125203,-6.3092e-06,1.11714e-05,0.0121244
195,0.195,0.52,1.28565,-0.297,-1.57863,-6.97724e-08,3.03857e-07,0.778267,-1.63634e-07,2.65369e-07,-2.35689,-0.0116966,1.4564e-06,-2.40359e-06,-0.00104731,0.123884,-6.52872e-06,1.1523e-05,0.0119875
196,0.196,0.52,1.28565,-0.297006,-1.57864,-6.91203e-08,3.0113e-07,0.778255,-1.62181e-07,2.62972e-07,-2.35689,-0.0115734,1.44977e-06,-2.3919e-06,-0.00103539,0.122578,-6.73696e-06,1.18557e-05,0.0118522
197,0.197,0.52,1.28564,-0.297012,-1.57865,-6.84719e-08,2.98416e-07,0.778244,-1.60735e-07,2.60586e-07,-2.35689,-0.0114515,1.44293e-06,-2.37989e-06,-0.0010236,0.121287,-6.93434e-06,1.21702e-05,0.0117183
198,0.198,0.52,1.28564,-0.297018,-1.57866,-6.78272e-08,2.95716e-07,0.778232,-1.59296e-07,2.58212e-07,-2.3569,-0.0113308,1.4359e-06,-2.36757e-06,-0.00101195,0.120009,-7.12123e-06,1.24672e-05,0.011586
199,0.199,0.52,1.28563,-0.297024,-1.57868,-6.71862e-08,2.9303e-07,0.778221,-1.57863e-07,2.55851e-07,-2.3569,-0.0112115,1.42869e-06,-2.35496e-06,-0.00100043,0.118745,-7.29801e-06,1.27472e-05,0.0114551
200,0.2,0.52,1.28563,-0.29703,-1.57869,-6.65491e-08,2.90357e-07,0.77821,-1.56438e-07,2.53502e-07,-2.3569,-0.0110933,1.42131e-06,-2.34208e-06,-0.000989042,0.117493,-7.46504e-06,1.30109e-05,0.0113257
201,0.201,0.52,1.28563,-0.297036,-1.5787,-6.59159e-08,2.877e-07,0.778199,-1.55021e-07,2.51166e-07,-2.3569,-0.0109765,1.41377e-06,-2.32894e-06,-0.00097778,0.116256,-7.62268e-06,1.3259e-05,0.0111978
202,0.202,0.52,1.28562,-0.297042,-1.57871,-6.52867e-08,2.85057e-07,0.778188,-1.53611e-07,2.48844e-07,-2.3569,-0.0108608,1.40607e-06,-2.31557e-06,-0.000966646,0.115031,-7.77125e-06,1.34919e-05,0.0110713
203,0.203,0.52,1.28562,-0.297047,-1.57872,-6.46615e-08,2.82429e-07,0.778177,-1.52209e-07,2.46535e-07,-2.3569,-0.0107464,1.39823e-06,-2.30196e-06,-0.000955637,0.113819,-7.9111e-06,1.37103e-05,0.0109462
204,0.204,0.52,1.28561,-0.297053,-1.57873,-6.40404e-08,2.79816e-07,0.778167,-1.50814e-07,2.4424e-07,-2.3569,-0.0106332,1.39025e-06,-2.28815e-06,-0.000944753,0.11262,-8.04253e-06,1.39147e-05,0.0108225
205,0.205,0.52,1.28561,-0.297058,-1.57875,-6.34234e-08,2.77219e-07,0.778156,-1.49428e-07,2.41959e-07,-2.3569,-0.0105212,1.38214e-06,-2.27414e-06,-0.000933992,0.111433,-8.16585e-06,1.41057e-05,0.0107002
206,0.206,0.52,1.28561,-0.297064,-1.57876,-6.28106e-08,2.74638e-07,0.778146,-1.4805e-07,2.39692e-07,-2.3569,-0.0104103,1.37392e-06,-2.25994e-06,-0.000923352,0.110259,-8.28136e-06,1.42836e-05,0.0105793
207,0.207,0.52,1.2856,-0.297069,-1.57877,-6.2202e-08,2.72073e-07,0.778135,-1.4668e-07,2.37439e-07,-2.3569,-0.0103006,1.36558e-06,-2.24558e-06,-0.000912833,0.109097,-8.38934e-06,1.44491e-05,0.0104597
208,0.208,0.52,1.2856,-0.297075,-1.57878,-6.15976e-08,2.69523e-07,0.778125,-1.45319e-07,2.35201e-07,-2.3569,-0.0101921,1.35714e-06,-2.23105e-06,-0.000902432,0.107948,-8.49008e-06,1.46025e-05,0.0103415
209,0.209,0.52,1.28559,-0.29708,-1.57879,-6.09975e-08,2.66991e-07,0.778115,-1.43966e-07,2.32977e-07,-2.35691,-0.0100847,1.3486e-06,-2.21637e-06,-0.000892149,0.106811,-8.58383e-06,1.47445e-05,0.0102246
210,0.21,0.52,1.28559,-0.297085,-1.5788,-6.04018e-08,2.64474e-07,0.778105,-1.42622e-07,2.30768e-07,-2.35691,-0.00997848,1.33998e-06,-2.20156e-06,-0.000881983,0.105685,-8.67087e-06,1.48753e-05,0.010109
211,0.211,0.52,1.28559,-0.297091,-1.57881,-5.98103e-08,2.61975e-07,0.778095,-1.41286e-07,2.28574e-07,-2.35691,-0.00987336,1.33127e-06,-2.18663e-06,-0.000871931,0.104572,-8.75143e-06,1.49954e-05,0.00999472
212,0.212,0.52,1.28558,-0.297096,-1.57882,-5.92233e-08,2.59492e-07,0.778085,-1.39959e-07,2.26395e-07,-2.35691,-0.00976934,1.32248e-06,-2.17158e-06,-0.000861993,0.10347,-8.82577e-06,1.51052e-05,0.00988172
213,0.213,0.52,1.28558,-0.297101,-1.57883,-5.86406e-08,2.57026e-07,0.778075,-1.38641e-07,2.24231e-07,-2.35691,-0.00966641,1.31362e-06,-2.15642e-06,-0.000852167,0.10238,-8.89412e-06,1.52052e-05,0.00976998
214,0.214,0.52,1.28558,-0.297106,-1.57884,-5.80624e-08,2.54577e-07,0.778066,-1.37332e-07,2.22082e-07,-2.35691,-0.00956457,1.30469e-06,-2.14117e-06,-0.000842452,0.101301,-8.9567e-06,1.52957e-05,0.00965949
215,0.215,0.52,1.28557,-0.297111,-1.57885,-5.74886e-08,2.52145e-07,0.778056,-1.36032e-07,2.19949e-07,-2.35691,-0.00946381,1.2957e-06,-2.12583e-06,-0.000832848,0.100234,-9.01373e-06,1.53771e-05,0.00955025
216,0.216,0.52,1.28557,-0.297116,-1.57886,-5.69192e-08,2.49731e-07,0.778047,-1.34741e-07,2.17831e-07,-2.35691,-0.0093641,1.28666e-06,-2.11042e-06,-0.000823351,0.0991779,-9.06542e-06,1.54498e-05,0.00944223
217,0.217,0.52,1.28557,-0.297121,-1.57888,-5.63543e-08,2.47334e-07,0.778037,-1.33459e-07,2.15728e-07,-2.35691,-0.00926545,1.27758e-06,-2.09494e-06,-0.000813963,0.098133,-9.11199e-06,1.5514e-05,0.00933543
218,0.218,0.52,1.28556,-0.297126,-1.57889,-5.57938e-08,2.44954e-07,0.778028,-1.32185e-07,2.13641e-07,-2.35691,-0.00916783,1.26844e-06,-2.07939e-06,-0.00080468,0.0970991,-9.15362e-06,1.55702e-05,0.00922982
219,0.219,0.52,1.28556,-0.297131,-1.57889,-5.52379e-08,2.42592e-07,0.778019,-1.30922e-07,2.11569e-07,-2.35691,-0.00907125,1.25927e-06,-2.0638e-06,-0.000795503,0.0960761,-9.19051e-06,1.56186e-05,0.0091254
220,0.22,0.52,1.28556,-0.297135,-1.5789,-5.46864e-08,2.40247e-07,0.77801,-1.29667e-07,2.09513e-07,-2.35691,-0.00897568,1.25006e-06,-2.04816e-06,-0.000786429,0.0950638,-9.22284e-06,1.56596e-05,0.00902216
221,0.221,0.52,1.28555,-0.29714,-1.57891,-5.41394e-08,2.3792e-07,0.778001,-1.28422e-07,2.07473e-07,-2.35692,-0.00888111,1.24083e-06,-2.03248e-06,-0.000777458,0.0940622,-9.2508e-06,1.56934e-05,0.00892007
222,0.222,0.52,1.28555,-0.297145,-1.57892,-5.35969e-08,2.35611e-07,0.777992,-1.27185e-07,2.05448e-07,-2.35692,-0.00878755,1.23156e-06,-2.01677e-06,-0.000768588,0.0930712,-9.27455e-06,1.57204e-05,0.00881913
223,0.223,0.52,1.28555,-0.297149,-1.57893,-5.30588e-08,2.33319e-07,0.777984,-1.25958e-07,2.03439e-07,-2.35692,-0.00869497,1.22228e-06,-2.00104e-06,-0.000759819,0.0920907,-9.29426e-06,1.57409e-05,0.00871932
224,0.224,0.52,1.28554,-0.297154,-1.57894,-5.25253e-08,2.31045e-07,0.777975,-1.24741e-07,2.01446e-07,-2.35692,-0.00860336,1.21298e-06,-1.98529e-06,-0.000751149,0.0911204,-9.31009e-06,1.57551e-05,0.00862064
225,0.225,0.52,1.28554,-0.297158,-1.57895,-5.19962e-08,2.28789e-07,0.777966,-1.23532e-07,1.99469e-07,-2.35692,-0.00851272,1.20366e-06,-1.96953e-06,-0.000742578,0.0901604,-9.32221e-06,1.57632e-05,0.00852306
226,0.226,0.52,1.28554,-0.297163,-1.57896,-5.14717e-08,2.26551e-07,0.777958,-1.22333e-07,1.97507e-07,-2.35692,-0.00842304,1.19433e-06,-1.95377e-06,-0.000734103,0.0892105,-9.33075e-06,1.57656e-05,0.00842658
227,0.227,0.52,1.28553,-0.297167,-1.57897,-5.09516e-08,2.2433e-07,0.77795,-1.21144e-07,1.95561e-07,-2.35692,-0.0083343,1.185e-06,-1.93801e-06,-0.000725724,0.0882706,-9.33587e-06,1.57625e-05,0.00833119
228,0.228,0.52,1.28553,-0.297172,-1.57898,-5.04359e-08,2.22127e-07,0.777941,-1.19963e-07,1.93631e-07,-2.35692,-0.0082465,1.17566e-06,-1.92225e-06,-0.00071744,0.0873406,-9.3377e-06,1.57541e-05,0.00823686
229,0.229,0.52,1.28553,-0.297176,-1.57899,-4.99248e-08,2.19942e-07,0.777933,-1.18792e-07,1.91717e-07,-2.35692,-0.00815962,1.16632e-06,-1.9065e-06,-0.00070925,0.0864204,-9.33639e-06,1.57406e-05,0.0081436
230,0.23,0.52,1.28552,-0.29718,-1.579,-4.9418e-08,2.17775e-07,0.777925,-1.17631e-07,1.89818e-07,-2.35692,-0.00807365,1.15699e-06,-1.89077e-06,-0.000701153,0.0855099,-9.33206e-06,1.57223e-05,0.00805139
231,0.231,0.52,1.28552,-0.297185,-1.57901,-4.89158e-08,2.15625e-07,0.777917,-1.16478e-07,1.87935e-07,-2.35692,-0.00798859,1.14766e-06,-1.87506e-06,-0.000693147,0.084609,-9.32483e-06,1.56993e-05,0.00796021
232,0.232,0.52,1.28552,-0.297189,-1.57901,-4.84179e-08,2.13493e-07,0.777909,-1.15335e-07,1.86068e-07,-2.35692,-0.00790443,1.13834e-06,-1.85937e-06,-0.000685232,0.0837176,-9.31484e-06,1.5672e-05,0.00787005
233,0.233,0.52,1.28552,-0.297193,-1.57902,-4.79245e-08,2.11379e-07,0.777901,-1.14202e-07,1.84216e-07,-2.35692,-0.00782115,1.12903e-06,-1.84371e-06,-0.000677406,0.0828355,-9.3022e-06,1.56404e-05,0.00778091
234,0.234,0.52,1.28551,-0.297197,-1.57903,-4.74354e-08,2.09282e-07,0.777893,-1.13077e-07,1.82381e-07,-2.35693,-0.00773876,1.11974e-06,-1.82809e-06,-0.00066967,0.0819628,-9.28703e-06,1.56048e-05,0.00769278
235,0.235,0.52,1.28551,-0.297201,-1.57904,-4.69508e-08,2.07203e-07,0.777886,-1.11962e-07,1.8056e-07,-2.35693,-0.00765723,1.11046e-06,-1.8125e-06,-0.000662021,0.0810993,-9.26942e-06,1.55653e-05,0.00760563
236,0.236,0.52,1.28551,-0.297205,-1.57905,-4.64705e-08,2.05142e-07,0.777878,-1.10856e-07,1.78756e-07,-2.35693,-0.00757655,1.1012e-06,-1.79696e-06,-0.000654458,0.0802448,-9.2495e-06,1.55221e-05,0.00751946
237,0.237,0.52,1.2855,-0.297209,-1.57906,-4.59946e-08,2.03098e-07,0.77787,-1.0976e-07,1.76966e-07,-2.35693,-0.00749673,1.09196e-06,-1.78146e-06,-0.000646981,0.0793994,-9.22737e-06,1.54755e-05,0.00743427
238,0.238,0.52,1.2855,-0.297213,-1.57906,-4.5523e-08,2.01072e-07,0.777863,-1.08673e-07,1.75193e-07,-2.35693,-0.00741775,1.08274e-06,-1.76601e-06,-0.000639589,0.0785629,-9.20311e-06,1.54255e-05,0.00735003
239,0.239,0.52,1.2855,-0.297217,-1.57907,-4.50557e-08,1.99063e-07,0.777856,-1.07594e-07,1.73434e-07,-2.35693,-0.0073396,1.07355e-06,-1.75061e-06,-0.000632281,0.0777351,-9.17684e-06,1.53724e-05,0.00726673
240,0.24,0.52,1.2855,-0.297221,-1.57908,-4.45927e-08,1.97071e-07,0.777848,-1.06525e-07,1.71691e-07,-2.35693,-0.00726228,1.06439e-06,-1.73527e-06,-0.000625056,0.0769161,-9.14864e-06,1.53162e-05,0.00718438
241,0.241,0.52,1.28549,-0.297224,-1.57909,-4.4134e-08,1.95097e-07,0.777841,-1.05466e-07,1.69964e-07,-2.35693,-0.00718577,1.05526e-06,-1.71998e-06,-0.000617912,0.0761058,-9.1186e-06,1.52571e-05,0.00710295
242,0.242,0.52,1.28549,-0.297228,-1.5791,-4.36795e-08,1.9314e-07,0.777834,-1.04415e-07,1.68251e-07,-2.35693,-0.00711007,1.04616e-06,-1.70475e-06,-0.000610849,0.075304,-9.0868e-06,1.51953e-05,0.00702244
243,0.243,0.52,1.28549,-0.297232,-1.5791,-4.32293e-08,1.912e-07,0.777827,-1.03373e-07,1.66554e-07,-2.35693,-0.00703516,1.03709e-06,-1.68959e-06,-0.000603867,0.0745106,-9.05334e-06,1.5131e-05,0.00694283
244,0.244,0.52,1.28549,-0.297236,-1.57911,-4.27832e-08,1.89278e-07,0.77782,-1.02341e-07,1.64872e-07,-2.35693,-0.00696104,1.02805e-06,-1.67449e-06,-0.000596963,0.0737256,-9.01829e-06,1.50641e-05,0.00686412
245,0.245,0.52,1.28548,-0.297239,-1.57912,-4.23414e-08,1.87372e-07,0.777813,-1.01317e-07,1.63205e-07,-2.35693,-0.0068877,1.01905e-06,-1.65946e-06,-0.000590138,0.0729488,-8.98172e-06,1.49949e-05,0.0067863
246,0.246,0.52,1.28548,-0.297243,-1.57913,-4.19037e-08,1.85484e-07,0.777806,-1.00303e-07,1.61553e-07,-2.35693,-0.00681514,1.01009e-06,-1.6445e-06,-0.00058339,0.0721802,-8.94372e-06,1.49236e-05,0.00670935
247,0.247,0.52,1.28548,-0.297246,-1.57913,-4.14702e-08,1.83612e-07,0.777799,-9.9297e-08,1.59916e-07,-2.35693,-0.00674334,1.00116e-06,-1.62962e-06,-0.000576719,0.0714198,-8.90435e-06,1.48501e-05,0.00663327
248,0.248,0.52,1.28548,-0.29725,-1.57914,-4.10408e-08,1.81757e-07,0.777793,-9.83003e-08,1.58294e-07,-2.35693,-0.0066723,9.92278e-07,-1.6148e-06,-0.000570124,0.0706673,-8.86369e-06,1.47746e-05,0.00655804
249,0.249,0.52,1.28547,-0.297253,-1.57915,-4.06154e-08,1.79919e-07,0.777786,-9.73124e-08,1.56687e-07,-2.35693,-0.006602,9.83435e-07,-1.60007e-06,-0.000563603,0.0699228,-8.8218e-06,1.46973e-05,0.00648366
250,0.25,0.52,1.28547,-0.297257,-1.57916,-4.01942e-08,1.78097e-07,0.777779,-9.63334e-08,1.55094e-07,-2.35693,-0.00653245,9.74635e-07,-1.58541e-06,-0.000557156,0.0691861,-8.77875e-06,1.46182e-05,0.00641012
251,0.251,0.52,1.28547,-0.29726,-1.57916,-3.97769e-08,1.76292e-07,0.777773,-9.53632e-08,1.53516e-07,-2.35694,-0.00646363,9.65878e-07,-1.57083e-06,-0.000550782,0.0684572,-8.73459e-06,1.45375e-05,0.0063374
252,0.252,0.52,1.28547,-0.297264,-1.57917,-3.93637e-08,1.74504e-07,0.777766,-9.44016e-08,1.51952e-07,-2.35694,-0.00639553,9.57166e-07,-1.55634e-06,-0.000544481,0.067736,-8.68939e-06,1.44552e-05,0.00626551
253,0.253,0.52,1.28546,-0.297267,-1.57918,-3.89545e-08,1.72732e-07,0.77776,-9.34488e-08,1.50403e-07,-2.35694,-0.00632815,9.48499e-07,-1.54192e-06,-0.000538251,0.0670223,-8.64321e-06,1.43714e-05,0.00619442
254,0.254,0.52,1.28546,-0.29727,-1.57918,-3.85492e-08,1.70976e-07,0.777754,-9.25046e-08,1.48868e-07,-2.35694,-0.00626149,9.3988e-07,-1.52759e-06,-0.000532092,0.0663162,-8.59611e-06,1.42863e-05,0.00612414
255,0.255,0.52,1.28546,-0.297274,-1.57919,-3.81479e-08,1.69236e-07,0.777748,-9.1569e-08,1.47348e-07,-2.35694,-0.00619552,9.31307e-07,-1.51335e-06,-0.000526003,0.0656175,-8.54813e-06,1.41999e-05,0.00605464
256,0.256,0.52,1.28546,-0.297277,-1.5792,-3.77505e-08,1.67513e-07,0.777741,-9.0642e-08,1.45841e-07,-2.35694,-0.00613025,9.22784e-07,-1.49919e-06,-0.000519982,0.0649262,-8.49933e-06,1.41123e-05,0.00598593
257,0.257,0.52,1.28545,-0.29728,-1.5792,-3.73569e-08,1.65806e-07,0.777735,-8.97235e-08,1.44349e-07,-2.35694,-0.00606567,9.14309e-07,-1.48513e-06,-0.00051403,0.0642422,-8.44975e-06,1.40235e-05,0.005918
258,0.258,0.52,1.28545,-0.297283,-1.57921,-3.69672e-08,1.64114e-07,0.777729,-8.88134e-08,1.42871e-07,-2.35694,-0.00600176,9.05884e-07,-1.47115e-06,-0.000508146,0.0635653,-8.39946e-06,1.39337e-05,0.00585083
259,0.259,0.52,1.28545,-0.297286,-1.57922,-3.65813e-08,1.62438e-07,0.777723,-8.79117e-08,1.41407e-07,-2.35694,-0.00593853,8.9751e-07,-1.45726e-06,-0.000502328,0.0628956,-8.34849e-06,1.3843e-05,0.00578441
260,0.26,0.52,1.28545,-0.29729,-1.57922,-3.61992e-08,1.60778e-07,0.777717,-8.70183e-08,1.39957e-07,-2.35694,-0.00587597,8.89188e-07,-1.44346e-06,-0.000496577,0.062233,-8.29688e-06,1.37513e-05,0.00571874
261,0.261,0.52,1.28545,-0.297293,-1.57923,-3.58209e-08,1.59134e-07,0.777712,-8.61333e-08,1.3852e-07,-2.35694,-0.00581406,8.80917e-07,-1.42976e-06,-0.000490891,0.0615773,-8.24469e-06,1.36589e-05,0.00565382
262,0.262,0.52,1.28544,-0.297296,-1.57924,-3.54464e-08,1.57505e-07,0.777706,-8.52565e-08,1.37097e-07,-2.35694,-0.00575281,8.72698e-07,-1.41614e-06,-0.000485269,0.0609286,-8.19195e-06,1.35657e-05,0.00558962
263,0.263,0.52,1.28544,-0.297299,-1.57924,-3.50755e-08,1.55892e-07,0.7777,-8.43879e-08,1.35688e-07,-2.35694,-0.0056922,8.64533e-07,-1.40263e-06,-0.000479711,0.0602866,-8.13871e-06,1.34717e-05,0.00552615
264,0.264,0.52,1.28544,-0.297302,-1.57925,-3.47083e-08,1.54293e-07,0.777694,-8.35274e-08,1.34292e-07,-2.35694,-0.00563224,8.56421e-07,-1.3892e-06,-0.000474217,0.0596515,-8.08499e-06,1.33772e-05,0.0054634
265,0.265,0.52,1.28544,-0.297305,-1.57925,-3.43448e-08,1.5271e-07,0.777689,-8.2675e-08,1.32909e-07,-2.35694,-0.0055729,8.48363e-07,-1.37587e-06,-0.000468784,0.059023,-8.03085e-06,1.32821e-05,0.00540135
266,0.266,0.52,1.28544,-0.297308,-1.57926,-3.39848e-08,1.51143e-07,0.777683,-8.18306e-08,1.3154e-07,-2.35694,-0.00551419,8.4036e-07,-1.36264e-06,-0.000463414,0.0584012,-7.97631e-06,1.31864e-05,0.00534
267,0.267,0.52,1.28543,-0.29731,-1.57927,-3.36285e-08,1.4959e-07,0.777678,-8.09943e-08,1.30184e-07,-2.35694,-0.00545609,8.32411e-07,-1.3495e-06,-0.000458104,0.0577859,-7.9214e-06,1.30903e-05,0.00527934
268,0.268,0.52,1.28543,-0.297313,-1.57927,-3.32758e-08,1.48052e-07,0.777672,-8.01658e-08,1.28841e-07,-2.35694,-0.00539861,8.24517e-07,-1.33646e-06,-0.000452855,0.0571771,-7.86617e-06,1.29938e-05,0.00521937
269,0.269,0.52,1.28543,-0.297316,-1.57928,-3.29266e-08,1.46528e-07,0.777667,-7.93452e-08,1.27511e-07,-2.35694,-0.00534174,8.16678e-07,-1.32351e-06,-0.000447665,0.0565747,-7.81064e-06,1.2897e-05,0.00516007
270,0.27,0.52,1.28543,-0.297319,-1.57928,-3.25809e-08,1.4502e-07,0.777662,-7.85324e-08,1.26194e-07,-2.35694,-0.00528546,8.08896e-07,-1.31066e-06,-0.000442534,0.0559787,-7.75485e-06,1.27998e-05,0.00510144
271,0.271,0.52,1.28543,-0.297322,-1.57929,-3.22386e-08,1.43526e-07,0.777656,-7.77274e-08,1.2489e-07,-2.35695,-0.00522978,8.01169e-07,-1.29791e-06,-0.000437462,0.0553889,-7.69881e-06,1.27024e-05,0.00504347
272,0.272,0.52,1.28542,-0.297324,-1.57929,-3.18998e-08,1.42046e-07,0.777651,-7.69301e-08,1.23598e-07,-2.35695,-0.00517468,7.93498e-07,-1.28526e-06,-0.000432447,0.0548053,-7.64257e-06,1.26048e-05,0.00498616
273,0.273,0.52,1.28542,-0.297327,-1.5793,-3.15645e-08,1.40581e-07,0.777646,-7.61404e-08,1.22319e-07,-2.35695,-0.00512017,7.85884e-07,-1.2727e-06,-0.000427489,0.0542279,-7.58615e-06,1.25069e-05,0.00492949
274,0.274,0.52,1.28542,-0.29733,-1.57931,-3.12325e-08,1.3913e-07,0.777641,-7.53583e-08,1.21053e-07,-2.35695,-0.00506622,7.78326e-07,-1.26024e-06,-0.000422588,0.0536566,-7.52957e-06,1.2409e-05,0.00487346
275,0.275,0.52,1.28542,-0.297333,-1.57931,-3.09039e-08,1.37693e-07,0.777636,-7.45837e-08,1.19799e-07,-2.35695,-0.00501285,7.70825e-07,-1.24788e-06,-0.000417742,0.0530913,-7.47286e-06,1.2311e-05,0.00481806
276,0.276,0.52,1.28542,-0.297335,-1.57932,-3.05786e-08,1.3627e-07,0.777631,-7.38166e-08,1.18557e-07,-2.35695,-0.00496004,7.6338e-07,-1.23562e-06,-0.000412952,0.052532,-7.41604e-06,1.22129e-05,0.00476329
277,0.277,0.52,1.28541,-0.297338,-1.57932,-3.02567e-08,1.34861e-07,0.777626,-7.30569e-08,1.17327e-07,-2.35695,-0.00490779,7.55993e-07,-1.22346e-06,-0.000408216,0.0519785,-7.35914e-06,1.21148e-05,0.00470914
278,0.278,0.52,1.28541,-0.29734,-1.57933,-2.9938e-08,1.33466e-07,0.777621,-7.23046e-08,1.1611e-07,-2.35695,-0.00485608,7.48662e-07,-1.21139e-06,-0.000403533,0.0514309,-7.30218e-06,1.20167e-05,0.0046556
279,0.279,0.52,1.28541,-0.297343,-1.57933,-2.96226e-08,1.32085e-07,0.777616,-7.15596e-08,1.14905e-07,-2.35695,-0.00480492,7.41388e-07,-1.19942e-06,-0.000398904,0.050889,-7.24518e-06,1.19186e-05,0.00460266
280,0.28,0.52,1.28541,-0.297345,-1.57934,-2.93103e-08,1.30717e-07,0.777612,-7.08218e-08,1.13711e-07,-2.35695,-0.0047543,7.34172e-07,-1.18756e-06,-0.000394328,0.0503529,-7.18816e-06,1.18206e-05,0.00455032
281,0.281,0.52,1.28541,-0.297348,-1.57934,-2.90013e-08,1.29362e-07,0.777607,-7.00912e-08,1.12529e-07,-2.35695,-0.00470421,7.27012e-07,-1.17578e-06,-0.000389803,0.0498224,-7.13114e-06,1.17228e-05,0.00449857
282,0.282,0.52,1.28541,-0.29735,-1.57935,-2.86954e-08,1.28021e-07,0.777602,-6.93678e-08,1.11359e-07,-2.35695,-0.00465465,7.19909e-07,-1.16411e-06,-0.00038533,0.0492975,-7.07413e-06,1.16251e-05,0.0044474
283,0.283,0.52,1.2854,-0.297353,-1.57935,-2.83927e-08,1.26693e-07,0.777597,-6.86514e-08,1.10201e-07,-2.35695,-0.00460562,7.12864e-07,-1.15253e-06,-0.000380908,0.0487781,-7.01716e-06,1.15275e-05,0.00439681
284,0.284,0.52,1.2854,-0.297355,-1.57936,-2.80931e-08,1.25378e-07,0.777593,-6.7942e-08,1.09054e-07,-2.35695,-0.0045571,7.05875e-07,-1.14105e-06,-0.000376537,0.0482642,-6.96025e-06,1.14302e-05,0.00434679
285,0.285,0.52,1.2854,-0.297358,-1.57936,-2.77965e-08,1.24077e-07,0.777588,-6.72396e-08,1.07919e-07,-2.35695,-0.00450909,6.98943e-07,-1.12967e-06,-0.000372215,0.0477557,-6.9034e-06,1.1333e-05,0.00429734
286,0.286,0.52,1.2854,-0.29736,-1.57937,-2.7503e-08,1.22788e-07,0.777584,-6.65441e-08,1.06795e-07,-2.35695,-0.00446158,6.92068e-07,-1.11839e-06,-0.000367942,0.0472526,-6.84664e-06,1.12361e-05,0.00424845
287,0.287,0.52,1.2854,-0.297362,-1.57937,-2.72125e-08,1.21512e-07,0.777579,-6.58555e-08,1.05682e-07,-2.35695,-0.00441458,6.8525e-07,-1.1072e-06,-0.000363717,0.0467548,-6.78998e-06,1.11395e-05,0.0042001
288,0.288,0.52,1.2854,-0.297365,-1.57938,-2.6925e-08,1.20249e-07,0.777575,-6.51736e-08,1.04581e-07,-2.35695,-0.00436807,6.78488e-07,-1.09611e-06,-0.000359541,0.0462622,-6.73344e-06,1.10432e-05,0.00415231
289,0.289,0.52,1.28539,-0.297367,-1.57938,-2.66405e-08,1.18998e-07,0.777571,-6.44985e-08,1.0349e-07,-2.35695,-0.00432205,6.71783e-07,-1.08511e-06,-0.000355413,0.0457748,-6.67702e-06,1.09471e-05,0.00410505
290,0.29,0.52,1.28539,-0.297369,-1.57939,-2.63589e-08,1.1776e-07,0.777566,-6.383e-08,1.0241e-07,-2.35695,-0.00427652,6.65134e-07,-1.07422e-06,-0.000351331,0.0452925,-6.62074e-06,1.08514e-05,0.00405833
291,0.291,0.52,1.28539,-0.297371,-1.57939,-2.60803e-08,1.16534e-07,0.777562,-6.31682e-08,1.01341e-07,-2.35695,-0.00423147,6.58541e-07,-1.06341e-06,-0.000347296,0.0448154,-6.56462e-06,1.07561e-05,0.00401213
292,0.292,0.52,1.28539,-0.297374,-1.5794,-2.58045e-08,1.1532e-07,0.777558,-6.25129e-08,1.00283e-07,-2.35695,-0.00418689,6.52005e-07,-1.0527e-06,-0.000343307,0.0443432,-6.50867e-06,1.06611e-05,0.00396646
293,0.293,0.52,1.28539,-0.297376,-1.5794,-2.55315e-08,1.14119e-07,0.777554,-6.18642e-08,9.9236e-08,-2.35695,-0.00414278,6.45524e-07,-1.04209e-06,-0.000339363,0.043876,-6.45289e-06,1.05665e-05,0.0039213
294,0.294,0.52,1.28539,-0.297378,-1.5794,-2.52614e-08,1.12929e-07,0.77755,-6.12219e-08,9.81992e-08,-2.35695,-0.00409913,6.39099e-07,-1.03157e-06,-0.000335464,0.0434138,-6.39731e-06,1.04723e-05,0.00387665
295,0.295,0.52,1.28539,-0.29738,-1.57941,-2.49941e-08,1.11752e-07,0.777546,-6.05859e-08,9.71729e-08,-2.35695,-0.00405595,6.32729e-07,-1.02114e-06,-0.000331609,0.0429564,-6.34192e-06,1.03785e-05,0.00383251
296,0.296,0.52,1.28538,-0.297382,-1.57941,-2.47296e-08,1.10586e-07,0.777542,-5.99564e-08,9.61569e-08,-2.35695,-0.00401322,6.26415e-07,-1.01081e-06,-0.000327799,0.0425038,-6.28674e-06,1.02851e-05,0.00378887
297,0.297,0.52,1.28538,-0.297384,-1.57942,-2.44678e-08,1.09433e-07,0.777538,-5.93331e-08,9.51512e-08,-2.35696,-0.00397094,6.20156e-07,-1.00057e-06,-0.000324031,0.042056,-6.23178e-06,1.01922e-05,0.00374571
298,0.298,0.52,1.28538,-0.297386,-1.57942,-2.42087e-08,1.0829e-07,0.777534,-5.8716e-08,9.41557e-08,-2.35696,-0.00392911,6.13951e-07,-9.90428e-07,-0.000320307,0.041613,-6.17704e-06,1.00998e-05,0.00370305
299,0.299,0.52,1.28538,-0.297389,-1.57943,-2.39524e-08,1.0716e-07,0.77753,-5.81052e-08,9.31703e-08,-2.35696,-0.00388771,6.07802e-07,-9.80374e-07,-0.000316625,0.0411745,-6.12255e-06,1.00078e-05,0.00366087
300,0.3,0.52,1.28538,-0.297391,-1.57943,-2.36987e-08,1.0604e-07,0.777526,-5.75004e-08,9.2195e-08,-2.35696,-0.00384676,6.01706e-07,-9.70412e-07,-0.000312985,0.0407408,-6.06829e-06,9.91625e-06,0.00361917
301,0.301,0.52,1.28538,-0.297393,-1.57943,-2.34476e-08,1.04933e-07,0.777522,-5.69017e-08,9.12295e-08,-2.35696,-0.00380623,5.95665e-07,-9.60542e-07,-0.000309387,0.0403115,-6.01429e-06,9.82523e-06,0.00357793
302,0.302,0.52,1.28538,-0.297395,-1.57944,-2.31992e-08,1.03836e-07,0.777518,-5.63091e-08,9.02738e-08,-2.35696,-0.00376613,5.89678e-07,-9.50762e-07,-0.000305829,0.0398868,-5.96055e-06,9.73471e-06,0.00353717
303,0.303,0.52,1.28537,-0.297397,-1.57944,-2.29534e-08,1.0275e-07,0.777514,-5.57224e-08,8.93279e-08,-2.35696,-0.00372645,5.83744e-07,-9.41072e-07,-0.000302312,0.0394666,-5.90707e-06,9.6447e-06,0.00349686
304,0.304,0.52,1.28537,-0.297398,-1.57945,-2.27101e-08,1.01676e-07,0.777511,-5.51416e-08,8.83917e-08,-2.35696,-0.0036872,5.77863e-07,-9.31472e-07,-0.000298835,0.0390508,-5.85386e-06,9.55522e-06,0.00345701
305,0.305,0.52,1.28537,-0.2974,-1.57945,-2.24694e-08,1.00612e-07,0.777507,-5.45666e-08,8.7465e-08,-2.35696,-0.00364835,5.72036e-07,-9.21961e-07,-0.000295398,0.0386394,-5.80094e-06,9.46626e-06,0.00341761
306,0.306,0.52,1.28537,-0.297402,-1.57945,-2.22312e-08,9.95591e-08,0.777503,-5.39975e-08,8.65477e-08,-2.35696,-0.00360992,5.66261e-07,-9.12539e-07,-0.000292,0.0382323,-5.74829e-06,9.37784e-06,0.00337866
307,0.307,0.52,1.28537,-0.297404,-1.57946,-2.19955e-08,9.85169e-08,0.7775,-5.34341e-08,8.56398e-08,-2.35696,-0.00357189,5.60539e-07,-9.03206e-07,-0.000288641,0.0378295,-5.69594e-06,9.28997e-06,0.00334014
308,0.308,0.52,1.28537,-0.297406,-1.57946,-2.17623e-08,9.74854e-08,0.777496,-5.28764e-08,8.47413e-08,-2.35696,-0.00353426,5.54869e-07,-8.93959e-07,-0.000285319,0.037431,-5.64388e-06,9.20264e-06,0.00330206
309,0.309,0.52,1.28537,-0.297408,-1.57947,-2.15315e-08,9.64644e-08,0.777493,-5.23243e-08,8.38519e-08,-2.35696,-0.00349702,5.49251e-07,-8.848e-07,-0.000282036,0.0370366,-5.59212e-06,9.11588e-06,0.00326442
310,0.31,0.52,1.28536,-0.29741,-1.57947,-2.13031e-08,9.54538e-08,0.777489,-5.17779e-08,8.29716e-08,-2.35696,-0.00346018,5.43685e-07,-8.75727e-07,-0.00027879,0.0366464,-5.54067e-06,9.02968e-06,0.00322719
311,0.311,0.52,1.28536,-0.297412,-1.57947,-2.10771e-08,9.44535e-08,0.777486,-5.12369e-08,8.21004e-08,-2.35696,-0.00342373,5.3817e-07,-8.66741e-07,-0.000275582,0.0362603,-5.48952e-06,8.94405e-06,0.00319039
312,0.312,0.52,1.28536,-0.297413,-1.57948,-2.08535e-08,9.34634e-08,0.777482,-5.07015e-08,8.12381e-08,-2.35696,-0.00338766,5.32706e-07,-8.57839e-07,-0.00027241,0.0358783,-5.43869e-06,8.859e-06,0.00315401
313,0.313,0.52,1.28536,-0.297415,-1.57948,-2.06322e-08,9.24835e-08,0.777479,-5.01715e-08,8.03847e-08,-2.35696,-0.00335197,5.27292e-07,-8.49022e-07,-0.000269274,0.0355003,-5.38817e-06,8.77453e-06,0.00311804
314,0.314,0.52,1.28536,-0.297417,-1.57948,-2.04133e-08,9.15136e-08,0.777476,-4.96469e-08,7.95401e-08,-2.35696,-0.00331666,5.21929e-07,-8.4029e-07,-0.000266173,0.0351263,-5.33798e-06,8.69064e-06,0.00308247
315,0.315,0.52,1.28536,-0.297419,-1.57949,-2.01967e-08,9.05536e-08,0.777472,-4.91276e-08,7.87041e-08,-2.35696,-0.00328172,5.16616e-07,-8.31641e-07,-0.000263108,0.0347563,-5.2881e-06,8.60734e-06,0.00304731
316,0.316,0.52,1.28536,-0.29742,-1.57949,-1.99823e-08,8.96035e-08,0.777469,-4.86137e-08,7.78767e-08,-2.35696,-0.00324714,5.11353e-07,-8.23075e-07,-0.000260079,0.0343901,-5.23855e-06,8.52463e-06,0.00301254
317,0.317,0.52,1.28536,-0.297422,-1.57949,-1.97702e-08,8.86631e-08,0.777466,-4.81049e-08,7.70579e-08,-2.35696,-0.00321293,5.06139e-07,-8.14591e-07,-0.000257083,0.0340278,-5.18933e-06,8.44252e-06,0.00297817
318,0.318,0.52,1.28536,-0.297424,-1.5795,-1.95603e-08,8.77324e-08,0.777463,-4.76014e-08,7.62475e-08,-2.35696,-0.00317909,5.00974e-07,-8.0619e-07,-0.000254122,0.0336693,-5.14044e-06,8.361e-06,0.00294419
319,0.319,0.52,1.28535,-0.297425,-1.5795,-1.93527e-08,8.68112e-08,0.77746,-4.71029e-08,7.54455e-08,-2.35696,-0.00314559,4.95858e-07,-7.97869e-07,-0.000251195,0.0333146,-5.09189e-06,8.28009e-06,0.00291059
320,0.32,0.52,1.28535,-0.297427,-1.57951,-1.91472e-08,8.58995e-08,0.777457,-4.66096e-08,7.46518e-08,-2.35696,-0.00311246,4.9079e-07,-7.89629e-07,-0.000248301,0.0329636,-5.04367e-06,8.19978e-06,0.00287738
321,0.321,0.52,1.28535,-0.297429,-1.57951,-1.89439e-08,8.49972e-08,0.777453,-4.61214e-08,7.38662e-08,-2.35696,-0.00307967,4.85771e-07,-7.81469e-07,-0.00024544,0.0326163,-4.99579e-06,8.12008e-06,0.00284453
322,0.322,0.52,1.28535,-0.29743,-1.57951,-1.87428e-08,8.41042e-08,0.77745,-4.56381e-08,7.30888e-08,-2.35696,-0.00304722,4.80799e-07,-7.73389e-07,-0.000242612,0.0322727,-4.94824e-06,8.04098e-06,0.00281206
323,0.323,0.52,1.28535,-0.297432,-1.57952,-1.85437e-08,8.32204e-08,0.777447,-4.51597e-08,7.23194e-08,-2.35696,-0.00301512,4.75874e-07,-7.65387e-07,-0.000239816,0.0319327,-4.90104e-06,7.96249e-06,0.00277996
324,0.324,0.52,1.28535,-0.297433,-1.57952,-1.83468e-08,8.23457e-08,0.777444,-4.46863e-08,7.1558e-08,-2.35696,-0.00298336,4.70997e-07,-7.57464e-07,-0.000237052,0.0315962,-4.85418e-06,7.8846e-06,0.00274823
325,0.325,0.52,1.28535,-0.297435,-1.57952,-1.81519e-08,8.148e-08,0.777441,-4.42177e-08,7.08045e-08,-2.35696,-0.00295193,4.66166e-07,-7.49618e-07,-0.000234319,0.0312634,-4.80766e-06,7.80733e-06,0.00271685
326,0.326,0.52,1.28535,-0.297437,-1.57952,-1.79591e-08,8.06232e-08,0.777438,-4.3754e-08,7.00587e-08,-2.35696,-0.00292083,4.61381e-07,-7.41849e-07,-0.000231618,0.030934,-4.76149e-06,7.73067e-06,0.00268582
327,0.327,0.52,1.28535,-0.297438,-1.57953,-1.77684e-08,7.97753e-08,0.777436,-4.3295e-08,6.93208e-08,-2.35696,-0.00289006,4.56643e-07,-7.34156e-07,-0.000228947,0.0306081,-4.71566e-06,7.65462e-06,0.00265515
328,0.328,0.52,1.28534,-0.29744,-1.57953,-1.75796e-08,7.89362e-08,0.777433,-4.28407e-08,6.85904e-08,-2.35696,-0.00285961,4.5195e-07,-7.26539e-07,-0.000226307,0.0302856,-4.67018e-06,7.57918e-06,0.00262483
329,0.329,0.52,1.28534,-0.297441,-1.57953,-1.73929e-08,7.81057e-08,0.77743,-4.2391e-08,6.78676e-08,-2.35696,-0.00282948,4.47302e-07,-7.18998e-07,-0.000223698,0.0299666,-4.62505e-06,7.50435e-06,0.00259485
330,0.33,0.52,1.28534,-0.297443,-1.57954,-1.72081e-08,7.72839e-08,0.777427,-4.1946e-08,6.71524e-08,-2.35696,-0.00279968,4.42699e-07,-7.11531e-07,-0.000221118,0.0296509,-4.58026e-06,7.43013e-06,0.0025652
331,0.331,0.52,1.28534,-0.297444,-1.57954,-1.70253e-08,7.64705e-08,0.777424,-4.15056e-08,6.64446e-08,-2.35696,-0.00277018,4.38141e-07,-7.04137e-07,-0.000218567,0.0293385,-4.53582e-06,7.35652e-06,0.0025359
332,0.332,0.52,1.28534,-0.297446,-1.57954,-1.68444e-08,7.56656e-08,0.777421,-4.10697e-08,6.57441e-08,-2.35696,-0.002741,4.33628e-07,-6.96817e-07,-0.000216046,0.0290294,-4.49172e-06,7.28353e-06,0.00250693
333,0.333,0.52,1.28534,-0.297447,-1.57955,-1.66654e-08,7.4869e-08,0.777419,-4.06384e-08,6.50509e-08,-2.35696,-0.00271212,4.29158e-07,-6.8957e-07,-0.000213553,0.0287236,-4.44798e-06,7.21114e-06,0.00247828
334,0.334,0.52,1.28534,-0.297448,-1.57955,-1.64883e-08,7.40806e-08,0.777416,-4.02114e-08,6.43649e-08,-2.35696,-0.00268355,4.24732e-07,-6.82395e-07,-0.000211089,0.0284209,-4.40458e-06,7.13935e-06,0.00244996
335,0.335,0.52,1.28534,-0.29745,-1.57955,-1.63131e-08,7.33004e-08,0.777413,-3.97889e-08,6.36861e-08,-2.35697,-0.00265528,4.20349e-07,-6.75291e-07,-0.000208653,0.0281215,-4.36153e-06,7.06818e-06,0.00242196
336,0.336,0.52,1.28534,-0.297451,-1.57955,-1.61398e-08,7.25284e-08,0.777411,-3.93707e-08,6.30143e-08,-2.35697,-0.00262731,4.16008e-07,-6.68258e-07,-0.000206245,0.0278253,-4.31882e-06,6.99761e-06,0.00239428
337,0.337,0.52,1.28534,-0.297453,-1.57956,-1.59683e-08,7.17643e-08,0.777408,-3.89568e-08,6.23495e-08,-2.35697,-0.00259963,4.11711e-07,-6.61296e-07,-0.000203864,0.0275321,-4.27647e-06,6.92764e-06,0.00236691
338,0.338,0.52,1.28533,-0.297454,-1.57956,-1.57986e-08,7.10082e-08,0.777405,-3.85473e-08,6.16917e-08,-2.35697,-0.00257224,4.07455e-07,-6.54403e-07,-0.000201511,0.027242,-4.23446e-06,6.85827e-06,0.00233985
339,0.339,0.52,1.28533,-0.297455,-1.57956,-1.56307e-08,7.02599e-08,0.777403,-3.81419e-08,6.10407e-08,-2.35697,-0.00254514,4.03242e-07,-6.47579e-07,-0.000199185,0.026955,-4.19279e-06,6.78951e-06,0.0023131
340,0.34,0.52,1.28533,-0.297457,-1.57957,-1.54645e-08,6.95194e-08,0.7774,-3.77408e-08,6.03965e-08,-2.35697,-0.00251833,3.9907e-07,-6.40824e-07,-0.000196885,0.0266711,-4.15147e-06,6.72134e-06,0.00228665
341,0.341,0.52,1.28533,-0.297458,-1.57957,-1.53002e-08,6.87867e-08,0.777398,-3.73438e-08,5.9759e-08,-2.35697,-0.0024918,3.94939e-07,-6.34136e-07,-0.000194611,0.0263901,-4.1105e-06,6.65377e-06,0.00226051
342,0.342,0.52,1.28533,-0.297459,-1.57957,-1.51376e-08,6.80615e-08,0.777395,-3.69509e-08,5.91282e-08,-2.35697,-0.00246555,3.90849e-07,-6.27516e-07,-0.000192364,0.0261121,-4.06986e-06,6.58679e-06,0.00223466
343,0.343,0.52,1.28533,-0.297461,-1.57957,-1.49767e-08,6.73439e-08,0.777393,-3.65621e-08,5.8504e-08,-2.35697,-0.00243957,3.86799e-07,-6.20962e-07,-0.000190142,0.025837,-4.02957e-06,6.5204e-06,0.0022091
344,0.344,0.52,1.28533,-0.297462,-1.57958,-1.48175e-08,6.66338e-08,0.777391,-3.61773e-08,5.78863e-08,-2.35697,-0.00241387,3.82789e-07,-6.14475e-07,-0.000187945,0.0255648,-3.98963e-06,6.45461e-06,0.00218383
345,0.345,0.52,1.28533,-0.297463,-1.57958,-1.466e-08,6.5931e-08,0.777388,-3.57965e-08,5.7275e-08,-2.35697,-0.00238844,3.7882e-07,-6.08053e-07,-0.000185774,0.0252954,-3.95002e-06,6.3894e-06,0.00215885
346,0.346,0.52,1.28533,-0.297464,-1.57958,-1.45042e-08,6.52356e-08,0.777386,-3.54196e-08,5.66702e-08,-2.35697,-0.00236328,3.74889e-07,-6.01696e-07,-0.000183627,0.0250289,-3.91075e-06,6.32477e-06,0.00213415
347,0.347,0.52,1.28533,-0.297466,-1.57958,-1.435e-08,6.45474e-08,0.777383,-3.50467e-08,5.60716e-08,-2.35697,-0.00233838,3.70998e-07,-5.95403e-07,-0.000181506,0.0247652,-3.87182e-06,6.26073e-06,0.00210973
348,0.348,0.52,1.28533,-0.297467,-1.57959,-1.41975e-08,6.38665e-08,0.777381,-3.46776e-08,5.54793e-08,-2.35697,-0.00231375,3.67145e-07,-5.89174e-07,-0.000179408,0.0245043,-3.83323e-06,6.19726e-06,0.00208559
349,0.349,0.52,1.28532,-0.297468,-1.57959,-1.40466e-08,6.31926e-08,0.777379,-3.43124e-08,5.48932e-08,-2.35697,-0.00228938,3.63331e-07,-5.83009e-07,-0.000177334,0.0242462,-3.79497e-06,6.13437e-06,0.00206173
350,0.35,0.52,1.28532,-0.297469,-1.57959,-1.38973e-08,6.25257e-08,0.777377,-3.39509e-08,5.43133e-08,-2.35697,-0.00226526,3.59555e-07,-5.76905e-07,-0.000175284,0.0239907,-3.75705e-06,6.07205e-06,0.00203813
351,0.351,0.52,1.28532,-0.29747,-1.57959,-1.37495e-08,6.18658e-08,0.777374,-3.35932e-08,5.37394e-08,-2.35697,-0.00224139,3.55817e-07,-5.70864e-07,-0.000173258,0.023738,-3.71946e-06,6.01031e-06,0.0020148
352,0.352,0.52,1.28532,-0.297472,-1.5796,-1.36034e-08,6.12128e-08,0.777372,-3.32393e-08,5.31715e-08,-2.35697,-0.00221778,3.52116e-07,-5.64885e-07,-0.000171255,0.0234879,-3.68221e-06,5.94913e-06,0.00199174
353,0.353,0.52,1.28532,-0.297473,-1.5796,-1.34588e-08,6.05667e-08,0.77737,-3.2889e-08,5.26096e-08,-2.35697,-0.00219442,3.48453e-07,-5.58966e-07,-0.000169274,0.0232405,-3.64528e-06,5.88851e-06,0.00196894
354,0.354,0.52,1.28532,-0.297474,-1.5796,-1.33157e-08,5.99272e-08,0.777368,-3.25424e-08,5.20536e-08,-2.35697,-0.0021713,3.44826e-07,-5.53107e-07,-0.000167317,0.0229956,-3.60868e-06,5.82846e-06,0.00194639
355,0.355,0.52,1.28532,-0.297475,-1.5796,-1.31742e-08,5.92945e-08,0.777365,-3.21993e-08,5.15034e-08,-2.35697,-0.00214842,3.41235e-07,-5.47309e-07,-0.000165382,0.0227534,-3.57241e-06,5.76896e-06,0.00192411
356,0.356,0.52,1.28532,-0.297476,-1.57961,-1.30341e-08,5.86684e-08,0.777363,-3.18599e-08,5.0959e-08,-2.35697,-0.00212579,3.37681e-07,-5.41569e-07,-0.000163468,0.0225136,-3.53646e-06,5.71002e-06,0.00190207
357,0.357,0.52,1.28532,-0.297477,-1.57961,-1.28956e-08,5.80488e-08,0.777361,-3.1524e-08,5.04202e-08,-2.35697,-0.0021034,3.34162e-07,-5.35888e-07,-0.000161577,0.0222765,-3.50084e-06,5.65162e-06,0.00188029
358,0.358,0.52,1.28532,-0.297478,-1.57961,-1.27585e-08,5.74357e-08,0.777359,-3.11915e-08,4.98872e-08,-2.35697,-0.00208124,3.30679e-07,-5.30266e-07,-0.000159708,0.0220418,-3.46554e-06,5.59378e-06,0.00185875
359,0.359,0.52,1.28532,-0.297479,-1.57961,-1.26229e-08,5.68291e-08,0.777357,-3.08626e-08,4.93597e-08,-2.35697,-0.00205931,3.27231e-07,-5.24701e-07,-0.00015786,0.0218096,-3.43056e-06,5.53648e-06,0.00183746
360,0.36,0.52,1.28532,-0.297481,-1.57961,-1.24887e-08,5.62287e-08,0.777355,-3.05371e-08,4.88377e-08,-2.35697,-0.00203762,3.23818e-07,-5.19193e-07,-0.000156033,0.0215798,-3.3959e-06,5.47971e-06,0.00181641
361,0.361,0.52,1.28532,-0.297482,-1.57962,-1.23559e-08,5.56347e-08,0.777353,-3.02149e-08,4.83213e-08,-2.35697,-0.00201615,3.20439e-07,-5.13741e-07,-0.000154227,0.0213524,-3.36155e-06,5.42349e-06,0.0017956
362,0.362,0.52,1.28531,-0.297483,-1.57962,-1.22246e-08,5.50469e-08,0.777351,-2.98962e-08,4.78102e-08,-2.35697,-0.00199491,3.17095e-07,-5.08346e-07,-0.000152441,0.0211275,-3.32752e-06,5.3678e-06,0.00177503
363,0.363,0.52,1.28531,-0.297484,-1.57962,-1.20946e-08,5.44652e-08,0.777349,-2.95807e-08,4.73046e-08,-2.35697,-0.0019739,3.13784e-07,-5.03005e-07,-0.000150677,0.0209049,-3.29381e-06,5.31264e-06,0.00175469
364,0.364,0.52,1.28531,-0.297485,-1.57962,-1.19661e-08,5.38897e-08,0.777347,-2.92686e-08,4.68042e-08,-2.35697,-0.0019531,3.10507e-07,-4.9772e-07,-0.000148932,0.0206847,-3.2604e-06,5.258e-06,0.00173458
365,0.365,0.52,1.28531,-0.297486,-1.57963,-1.18389e-08,5.33202e-08,0.777345,-2.89597e-08,4.63091e-08,-2.35697,-0.00193253,3.07263e-07,-4.92489e-07,-0.000147207,0.0204668,-3.2273e-06,5.20389e-06,0.0017147
366,0.366,0.52,1.28531,-0.297487,-1.57963,-1.1713e-08,5.27566e-08,0.777343,-2.86541e-08,4.58192e-08,-2.35697,-0.00191217,3.04052e-07,-4.87312e-07,-0.000145503,0.0202511,-3.19451e-06,5.1503e-06,0.00169504
367,0.367,0.52,1.28531,-0.297488,-1.57963,-1.15885e-08,5.2199e-08,0.777341,-2.83516e-08,4.53345e-08,-2.35697,-0.00189202,3.00874e-07,-4.82188e-07,-0.000143817,0.0200378,-3.16203e-06,5.09722e-06,0.00167561
368,0.368,0.52,1.28531,-0.297489,-1.57963,-1.14653e-08,5.16472e-08,0.777339,-2.80523e-08,4.48548e-08,-2.35697,-0.00187209,2.97728e-07,-4.77118e-07,-0.000142151,0.0198267,-3.12985e-06,5.04465e-06,0.0016564
369,0.369,0.52,1.28531,-0.29749,-1.57963,-1.13435e-08,5.11012e-08,0.777338,-2.77561e-08,4.43802e-08,-2.35697,-0.00185237,2.94614e-07,-4.72099e-07,-0.000140504,0.0196178,-3.09797e-06,4.99259e-06,0.00163741
370,0.37,0.52,1.28531,-0.297491,-1.57964,-1.12229e-08,5.05609e-08,0.777336,-2.74631e-08,4.39106e-08,-2.35697,-0.00183285,2.91532e-07,-4.67132e-07,-0.000138876,0.0194111,-3.06639e-06,4.94104e-06,0.00161863
371,0.371,0.52,1.28531,-0.297492,-1.57964,-1.11036e-08,5.00263e-08,0.777334,-2.71731e-08,4.34459e-08,-2.35697,-0.00181355,2.88481e-07,-4.62217e-07,-0.000137267,0.0192066,-3.03511e-06,4.88998e-06,0.00160007
372,0.372,0.52,1.28531,-0.297493,-1.57964,-1.09856e-08,4.94974e-08,0.777332,-2.68861e-08,4.29861e-08,-2.35697,-0.00179444,2.85462e-07,-4.57352e-07,-0.000135676,0.0190043,-3.00412e-06,4.83942e-06,0.00158172
373,0.373,0.52,1.28531,-0.297494,-1.57964,-1.08688e-08,4.89739e-08,0.77733,-2.66021e-08,4.25312e-08,-2.35697,-0.00177554,2.82473e-07,-4.52538e-07,-0.000134104,0.0188041,-2.97342e-06,4.78936e-06,0.00156357
374,0.374,0.52,1.28531,-0.297494,-1.57964,-1.07533e-08,4.8456e-08,0.777329,-2.63211e-08,4.20811e-08,-2.35697,-0.00175683,2.79515e-07,-4.47773e-07,-0.000132549,0.018606,-2.94302e-06,4.73978e-06,0.00154564
375,0.375,0.52,1.28531,-0.297495,-1.57964,-1.0639e-08,4.79435e-08,0.777327,-2.60431e-08,4.16356e-08,-2.35697,-0.00173832,2.76587e-07,-4.43058e-07,-0.000131012,0.01841,-2.91291e-06,4.69069e-06,0.0015279
376,0.376,0.52,1.28531,-0.297496,-1.57965,-1.05259e-08,4.74364e-08,0.777325,-2.5768e-08,4.11949e-08,-2.35697,-0.00172001,2.73689e-07,-4.38392e-07,-0.000129493,0.018216,-2.88308e-06,4.64208e-06,0.00151037
377,0.377,0.52,1.2853,-0.297497,-1.57965,-1.0414e-08,4.69347e-08,0.777323,-2.54957e-08,4.07588e-08,-2.35697,-0.00170189,2.7082e-07,-4.33774e-07,-0.000127991,0.0180241,-2.85354e-06,4.59395e-06,0.00149304
378,0.378,0.52,1.2853,-0.297498,-1.57965,-1.03033e-08,4.64382e-08,0.777322,-2.52263e-08,4.03274e-08,-2.35697,-0.00168396,2.67982e-07,-4.29204e-07,-0.000126507,0.0178342,-2.82428e-06,4.54629e-06,0.00147591
379,0.379,0.52,1.2853,-0.297499,-1.57965,-1.01938e-08,4.59469e-08,0.77732,-2.49597e-08,3.99004e-08,-2.35697,-0.00166622,2.65172e-07,-4.24681e-07,-0.00012504,0.0176463,-2.7953e-06,4.4991e-06,0.00145897
380,0.38,0.52,1.2853,-0.2975,-1.57965,-1.00855e-08,4.54608e-08,0.777318,-2.4696e-08,3.9478e-08,-2.35697,-0.00164867,2.62391e-07,-4.20205e-07,-0.000123589,0.0174604,-2.7666e-06,4.45237e-06,0.00144222
381,0.381,0.52,1.2853,-0.297501,-1.57966,-9.9783e-09,4.49798e-08,0.777317,-2.44349e-08,3.906e-08,-2.35697,-0.0016313,2.59638e-07,-4.15776e-07,-0.000122155,0.0172765,-2.73818e-06,4.40611e-06,0.00142566
382,0.382,0.52,1.2853,-0.297502,-1.57966,-9.87225e-09,4.45039e-08,0.777315,-2.41767e-08,3.86464e-08,-2.35697,-0.00161411,2.56914e-07,-4.11393e-07,-0.000120738,0.0170945,-2.71003e-06,4.36031e-06,0.0014093
383,0.383,0.52,1.2853,-0.297502,-1.57966,-9.76733e-09,4.4033e-08,0.777313,-2.39211e-08,3.82372e-08,-2.35697,-0.00159711,2.54218e-07,-4.07055e-07,-0.000119336,0.0169144,-2.68215e-06,4.31496e-06,0.00139311
384,0.384,0.52,1.2853,-0.297503,-1.57966,-9.66353e-09,4.3567e-08,0.777312,-2.36682e-08,3.78323e-08,-2.35697,-0.00158029,2.5155e-07,-4.02763e-07,-0.000117951,0.0167362,-2.65455e-06,4.27007e-06,0.00137712
385,0.385,0.52,1.2853,-0.297504,-1.57966,-9.56083e-09,4.31059e-08,0.77731,-2.3418e-08,3.74317e-08,-2.35697,-0.00156364,2.48909e-07,-3.98515e-07,-0.000116582,0.0165599,-2.62721e-06,4.22562e-06,0.0013613
386,0.386,0.52,1.2853,-0.297505,-1.57966,-9.45923e-09,4.26497e-08,0.777309,-2.31704e-08,3.70352e-08,-2.35697,-0.00154716,2.46295e-07,-3.94311e-07,-0.000115229,0.0163854,-2.60014e-06,4.18161e-06,0.00134567
387,0.387,0.52,1.2853,-0.297506,-1.57967,-9.35871e-09,4.21983e-08,0.777307,-2.29254e-08,3.6643e-08,-2.35697,-0.00153087,2.43709e-07,-3.90152e-07,-0.000113891,0.0162128,-2.57333e-06,4.13804e-06,0.00133021
388,0.388,0.52,1.2853,-0.297507,-1.57967,-9.25925e-09,4.17517e-08,0.777306,-2.2683e-08,3.62549e-08,-2.35697,-0.00151474,2.41149e-07,-3.86035e-07,-0.000112568,0.016042,-2.54679e-06,4.09491e-06,0.00131493
389,0.389,0.52,1.2853,-0.297507,-1.57967,-9.16086e-09,4.13097e-08,0.777304,-2.24431e-08,3.58709e-08,-2.35697,-0.00149878,2.38615e-07,-3.81962e-07,-0.000111261,0.015873,-2.5205e-06,4.05221e-06,0.00129982
390,0.39,0.52,1.2853,-0.297508,-1.57967,-9.06351e-09,4.08725e-08,0.777303,-2.22057e-08,3.5491e-08,-2.35697,-0.00148299,2.36108e-07,-3.77931e-07,-0.000109968,0.0157057,-2.49447e-06,4.00994e-06,0.00128488
391,0.391,0.52,1.2853,-0.297509,-1.57967,-8.9672e-09,4.04398e-08,0.777301,-2.19709e-08,3.51151e-08,-2.35697,-0.00146737,2.33626e-07,-3.73942e-07,-0.000108691,0.0155403,-2.4687e-06,3.9681e-06,0.00127012
392,0.392,0.52,1.2853,-0.29751,-1.57967,-8.87192e-09,4.00117e-08,0.7773,-2.17385e-08,3.47431e-08,-2.35697,-0.00145191,2.3117e-07,-3.69994e-07,-0.000107428,0.0153766,-2.44318e-06,3.92667e-06,0.00125552
393,0.393,0.52,1.2853,-0.29751,-1.57968,-8.77765e-09,3.95881e-08,0.777298,-2.15085e-08,3.43751e-08,-2.35697,-0.00143662,2.2874e-07,-3.66088e-07,-0.00010618,0.0152146,-2.41791e-06,3.88566e-06,0.00124109
394,0.394,0.52,1.2853,-0.297511,-1.57968,-8.68438e-09,3.91689e-08,0.777297,-2.1281e-08,3.40109e-08,-2.35697,-0.00142148,2.26334e-07,-3.62223e-07,-0.000104946,0.0150543,-2.39289e-06,3.84507e-06,0.00122682
395,0.395,0.52,1.28529,-0.297512,-1.57968,-8.59211e-09,3.87542e-08,0.777295,-2.10558e-08,3.36506e-08,-2.35697,-0.00140651,2.23954e-07,-3.58398e-07,-0.000103726,0.0148957,-2.36812e-06,3.80488e-06,0.00121272
396,0.396,0.52,1.28529,-0.297513,-1.57968,-8.50082e-09,3.83438e-08,0.777294,-2.08331e-08,3.32941e-08,-2.35697,-0.00139169,2.21598e-07,-3.54613e-07,-0.00010252,0.0147388,-2.34359e-06,3.7651e-06,0.00119878
397,0.397,0.52,1.28529,-0.297513,-1.57968,-8.4105e-09,3.79378e-08,0.777293,-2.06126e-08,3.29414e-08,-2.35697,-0.00137703,2.19267e-07,-3.50867e-07,-0.000101329,0.0145835,-2.31931e-06,3.72573e-06,0.00118499
398,0.398,0.52,1.28529,-0.297514,-1.57968,-8.32114e-09,3.75361e-08,0.777291,-2.03945e-08,3.25923e-08,-2.35697,-0.00136252,2.16959e-07,-3.47161e-07,-0.00010015,0.0144299,-2.29526e-06,3.68675e-06,0.00117137
399,0.399,0.52,1.28529,-0.297515,-1.57968,-8.23273e-09,3.71386e-08,0.77729,-2.01787e-08,3.2247e-08,-2.35697,-0.00134817,2.14676e-07,-3.43494e-07,-9.89857e-05,0.0142778,-2.27146e-06,3.64817e-06,0.00115789
400,0.4,0.52,1.28529,-0.297516,-1.57969,-8.14527e-09,3.67453e-08,0.777289,-1.99652e-08,3.19053e-08,-2.35697,-0.00133397,2.12416e-07,-3.39865e-07,-9.78345e-05,0.0141274,-2.24789e-06,3.60998e-06,0.00114458
401,0.401,0.52,1.28529,-0.297516,-1.57969,-8.05873e-09,3.63561e-08,0.777287,-1.97539e-08,3.15673e-08,-2.35697,-0.00131991,2.1018e-07,-3.36274e-07,-9.66965e-05,0.0139786,-2.22456e-06,3.57217e-06,0.00113141
402,0.402,0.52,1.28529,-0.297517,-1.57969,-7.97312e-09,3.5971e-08,0.777286,-1.95448e-08,3.12328e-08,-2.35697,-0.00130601,2.07967e-07,-3.3272e-07,-9.55716e-05,0.0138313,-2.20146e-06,3.53475e-06,0.00111839
403,0.403,0.52,1.28529,-0.297518,-1.57969,-7.88841e-09,3.559e-08,0.777285,-1.93379e-08,3.09018e-08,-2.35697,-0.00129225,2.05777e-07,-3.29204e-07,-9.44597e-05,0.0136856,-2.17859e-06,3.49772e-06,0.00110552
404,0.404,0.52,1.28529,-0.297518,-1.57969,-7.80461e-09,3.52131e-08,0.777283,-1.91332e-08,3.05744e-08,-2.35697,-0.00127864,2.0361e-07,-3.25725e-07,-9.33605e-05,0.0135414,-2.15595e-06,3.46106e-06,0.0010928
405,0.405,0.52,1.28529,-0.297519,-1.57969,-7.7217e-09,3.48401e-08,0.777282,-1.89307e-08,3.02504e-08,-2.35698,-0.00126517,2.01465e-07,-3.22282e-07,-9.2274e-05,0.0133988,-2.13353e-06,3.42477e-06,0.00108023
406,0.406,0.52,1.28529,-0.29752,-1.57969,-7.63968e-09,3.4471e-08,0.777281,-1.87303e-08,2.99298e-08,-2.35698,-0.00125184,1.99343e-07,-3.18875e-07,-9.12e-05,0.0132576,-2.11134e-06,3.38886e-06,0.00106779
407,0.407,0.52,1.28529,-0.29752,-1.5797,-7.55852e-09,3.41059e-08,0.77728,-1.8532e-08,2.96126e-08,-2.35698,-0.00123865,1.97242e-07,-3.15504e-07,-9.01384e-05,0.0131179,-2.08937e-06,3.35331e-06,0.0010555
408,0.408,0.52,1.28529,-0.297521,-1.5797,-7.47824e-09,3.37446e-08,0.777278,-1.83358e-08,2.92988e-08,-2.35698,-0.0012256,1.95164e-07,-3.12168e-07,-8.9089e-05,0.0129797,-2.06763e-06,3.31813e-06,0.00104335
409,0.409,0.52,1.28529,-0.297522,-1.5797,-7.3988e-09,3.33871e-08,0.777277,-1.81417e-08,2.89883e-08,-2.35698,-0.00121269,1.93107e-07,-3.08868e-07,-8.80517e-05,0.012843,-2.0461e-06,3.2833e-06,0.00103134
410,0.41,0.52,1.28529,-0.297522,-1.5797,-7.32021e-09,3.30334e-08,0.777276,-1.79496e-08,2.8681e-08,-2.35698,-0.00119992,1.91072e-07,-3.05602e-07,-8.70263e-05,0.0127077,-2.02479e-06,3.24883e-06,0.00101946
411,0.411,0.52,1.28529,-0.297523,-1.5797,-7.24246e-09,3.26834e-08,0.777275,-1.77595e-08,2.8377e-08,-2.35698,-0.00118727,1.89057e-07,-3.0237e-07,-8.60127e-05,0.0125738,-2.00369e-06,3.21472e-06,0.00100772
412,0.412,0.52,1.28529,-0.297523,-1.5797,-7.16553e-09,3.23371e-08,0.777274,-1.75715e-08,2.80763e-08,-2.35698,-0.00117477,1.87064e-07,-2.99172e-07,-8.50108e-05,0.0124414,-1.98281e-06,3.18096e-06,0.000996117
413,0.413,0.52,1.28529,-0.297524,-1.5797,-7.08943e-09,3.19945e-08,0.777272,-1.73854e-08,2.77787e-08,-2.35698,-0.00116239,1.85092e-07,-2.96008e-07,-8.40204e-05,0.0123103,-1.96213e-06,3.14754e-06,0.000984644
414,0.414,0.52,1.28529,-0.297525,-1.5797,-7.01413e-09,3.16555e-08,0.777271,-1.72013e-08,2.74842e-08,-2.35698,-0.00115015,1.8314e-07,-2.92877e-07,-8.30415e-05,0.0121806,-1.94167e-06,3.11447e-06,0.000973301
415,0.415,0.52,1.28529,-0.297525,-1.57971,-6.93964e-09,3.13201e-08,0.77727,-1.70191e-08,2.71929e-08,-2.35698,-0.00113803,1.81208e-07,-2.89779e-07,-8.20738e-05,0.0120523,-1.92141e-06,3.08173e-06,0.000962088
416,0.416,0.52,1.28529,-0.297526,-1.57971,-6.86593e-09,3.09882e-08,0.777269,-1.68389e-08,2.69047e-08,-2.35698,-0.00112604,1.79297e-07,-2.86713e-07,-8.11172e-05,0.0119253,-1.90136e-06,3.04934e-06,0.000951003
417,0.417,0.52,1.28528,-0.297526,-1.57971,-6.79302e-09,3.06598e-08,0.777268,-1.66605e-08,2.66195e-08,-2.35698,-0.00111418,1.77405e-07,-2.8368e-07,-8.01717e-05,0.0117997,-1.88151e-06,3.01728e-06,0.000940044
418,0.418,0.52,1.28528,-0.297527,-1.57971,-6.72087e-09,3.03349e-08,0.777267,-1.6484e-08,2.63373e-08,-2.35698,-0.00110244,1.75534e-07,-2.80679e-07,-7.92371e-05,0.0116754,-1.86186e-06,2.98554e-06,0.000929211
419,0.419,0.52,1.28528,-0.297528,-1.57971,-6.6495e-09,3.00134e-08,0.777266,-1.63094e-08,2.60581e-08,-2.35698,-0.00109083,1.73682e-07,-2.77709e-07,-7.83133e-05,0.0115524,-1.84241e-06,2.95414e-06,0.000918501
420,0.42,0.52,1.28528,-0.297528,-1.57971,-6.57889e-09,2.96954e-08,0.777265,-1.61367e-08,2.57819e-08,-2.35698,-0.00107934,1.71849e-07,-2.7477e-07,-7.74001e-05,0.0114307,-1.82316e-06,2.92306e-06,0.000907913
421,0.421,0.52,1.28528,-0.297529,-1.57971,-6.50902e-09,2.93807e-08,0.777263,-1.59657e-08,2.55086e-08,-2.35698,-0.00106797,1.70035e-07,-2.71863e-07,-7.64974e-05,0.0113102,-1.80411e-06,2.8923e-06,0.000897447
422,0.422,0.52,1.28528,-0.297529,-1.57971,-6.4399e-09,2.90693e-08,0.777262,-1.57966e-08,2.52381e-08,-2.35698,-0.00105672,1.68241e-07,-2.68986e-07,-7.56051e-05,0.0111911,-1.78525e-06,2.86186e-06,0.0008871
423,0.423,0.52,1.28528,-0.29753,-1.57972,-6.37152e-09,2.87612e-08,0.777261,-1.56292e-08,2.49706e-08,-2.35698,-0.00104558,1.66465e-07,-2.66139e-07,-7.47232e-05,0.0110732,-1.76658e-06,2.83173e-06,0.000876871
424,0.424,0.52,1.28528,-0.29753,-1.57972,-6.30386e-09,2.84564e-08,0.77726,-1.54637e-08,2.47059e-08,-2.35698,-0.00103457,1.64707e-07,-2.63322e-07,-7.38514e-05,0.0109565,-1.7481e-06,2.80192e-06,0.000866759
425,0.425,0.52,1.28528,-0.297531,-1.57972,-6.23693e-09,2.81548e-08,0.777259,-1.52998e-08,2.44439e-08,-2.35698,-0.00102367,1.62968e-07,-2.60535e-07,-7.29896e-05,0.0108411,-1.72981e-06,2.77241e-06,0.000856762
426,0.426,0.52,1.28528,-0.297531,-1.57972,-6.1707e-09,2.78563e-08,0.777258,-1.51377e-08,2.41848e-08,-2.35698,-0.00101289,1.61248e-07,-2.57777e-07,-7.21378e-05,0.0107269,-1.7117e-06,2.74321e-06,0.00084688
427,0.427,0.52,1.28528,-0.297532,-1.57972,-6.10518e-09,2.75611e-08,0.777257,-1.49773e-08,2.39284e-08,-2.35698,-0.00100222,1.59545e-07,-2.55048e-07,-7.12958e-05,0.0106139,-1.69379e-06,2.71431e-06,0.00083711
428,0.428,0.52,1.28528,-0.297533,-1.57972,-6.04036e-09,2.72689e-08,0.777256,-1.48186e-08,2.36747e-08,-2.35698,-0.000991658,1.5786e-07,-2.52348e-07,-7.04635e-05,0.0105021,-1.67605e-06,2.68572e-06,0.000827452
429,0.429,0.52,1.28528,-0.297533,-1.57972,-5.97623e-09,2.69799e-08,0.777255,-1.46616e-08,2.34237e-08,-2.35698,-0.000981211,1.56193e-07,-2.49677e-07,-6.96409e-05,0.0103914,-1.6585e-06,2.65741e-06,0.000817905
430,0.43,0.52,1.28528,-0.297534,-1.57972,-5.91278e-09,2.66939e-08,0.777254,-1.45062e-08,2.31753e-08,-2.35698,-0.000970875,1.54543e-07,-2.47033e-07,-6.88277e-05,0.010282,-1.64112e-06,2.62941e-06,0.000808466
431,0.431,0.52,1.28528,-0.297534,-1.57972,-5.85e-09,2.64109e-08,0.777253,-1.43525e-08,2.29296e-08,-2.35698,-0.000960647,1.52911e-07,-2.44418e-07,-6.80239e-05,0.0101736,-1.62393e-06,2.60169e-06,0.000799136
432,0.432,0.52,1.28528,-0.297535,-1.57972,-5.78789e-09,2.6131e-08,0.777252,-1.42004e-08,2.26865e-08,-2.35698,-0.000950527,1.51295e-07,-2.4183e-07,-6.72294e-05,0.0100665,-1.60691e-06,2.57426e-06,0.000789912
433,0.433,0.52,1.28528,-0.297535,-1.57973,-5.72645e-09,2.58539e-08,0.777251,-1.40499e-08,2.24459e-08,-2.35698,-0.000940514,1.49697e-07,-2.39269e-07,-6.6444e-05,0.00996042,-1.59006e-06,2.54712e-06,0.000780794
434,0.434,0.52,1.28528,-0.297536,-1.57973,-5.66565e-09,2.55799e-08,0.77725,-1.3901e-08,2.22079e-08,-2.35698,-0.000930606,1.48115e-07,-2.36736e-07,-6.56678e-05,0.00985549,-1.57339e-06,2.52026e-06,0.000771779
435,0.435,0.52,1.28528,-0.297536,-1.57973,-5.60551e-09,2.53087e-08,0.77725,-1.37537e-08,2.19724e-08,-2.35698,-0.000920802,1.4655e-07,-2.34229e-07,-6.49004e-05,0.00975166,-1.55689e-06,2.49368e-06,0.000762868
436,0.436,0.52,1.28528,-0.297537,-1.57973,-5.546e-09,2.50404e-08,0.777249,-1.36079e-08,2.17394e-08,-2.35698,-0.000911102,1.45001e-07,-2.31748e-07,-6.4142e-05,0.00964893,-1.54056e-06,2.46737e-06,0.000754059
437,0.437,0.52,1.28528,-0.297537,-1.57973,-5.48713e-09,2.47749e-08,0.777248,-1.34637e-08,2.15089e-08,-2.35698,-0.000901504,1.43469e-07,-2.29294e-07,-6.33923e-05,0.00954728,-1.52439e-06,2.44134e-06,0.000745351
438,0.438,0.52,1.28528,-0.297538,-1.57973,-5.42888e-09,2.45122e-08,0.777247,-1.33209e-08,2.12809e-08,-2.35698,-0.000892007,1.41952e-07,-2.26865e-07,-6.26513e-05,0.0094467,-1.5084e-06,2.41558e-06,0.000736742
439,0.439,0.52,1.28528,-0.297538,-1.57973,-5.37125e-09,2.42523e-08,0.777246,-1.31797e-08,2.10552e-08,-2.35698,-0.00088261,1.40452e-07,-2.24463e-07,-6.19188e-05,0.00934718,-1.49256e-06,2.39009e-06,0.000728231
440,0.44,0.52,1.28528,-0.297538,-1.57973,-5.31424e-09,2.39952e-08,0.777245,-1.304e-08,2.08319e-08,-2.35698,-0.000873312,1.38967e-07,-2.22085e-07,-6.11948e-05,0.00924871,-1.47689e-06,2.36487e-06,0.000719818
441,0.441,0.52,1.28528,-0.297539,-1.57973,-5.25783e-09,2.37408e-08,0.777244,-1.29018e-08,2.0611e-08,-2.35698,-0.000864112,1.37498e-07,-2.19733e-07,-6.04791e-05,0.00915127,-1.46139e-06,2.33991e-06,0.000711502
442,0.442,0.52,1.28528,-0.297539,-1.57973,-5.20202e-09,2.34891e-08,0.777243,-1.2765e-08,2.03924e-08,-2.35698,-0.000855009,1.36044e-07,-2.17405e-07,-5.97717e-05,0.00905487,-1.44604e-06,2.31521e-06,0.00070328
443,0.443,0.52,1.28528,-0.29754,-1.57974,-5.1468e-09,2.324e-08,0.777242,-1.26297e-08,2.01762e-08,-2.35698,-0.000846002,1.34606e-07,-2.15102e-07,-5.90725e-05,0.00895947,-1.43085e-06,2.29076e-06,0.000695152
444,0.444,0.52,1.28528,-0.29754,-1.57974,-5.09217e-09,2.29936e-08,0.777242,-1.24958e-08,1.99622e-08,-2.35698,-0.00083709,1.33183e-07,-2.12824e-07,-5.83814e-05,0.00886509,-1.41582e-06,2.26658e-06,0.000687118
445,0.445,0.52,1.28528,-0.297541,-1.57974,-5.03813e-09,2.27498e-08,0.777241,-1.23633e-08,1.97505e-08,-2.35698,-0.000828272,1.31774e-07,-2.10569e-07,-5.76982e-05,0.00877169,-1.40094e-06,2.24264e-06,0.000679175
446,0.446,0.52,1.28527,-0.297541,-1.57974,-4.98465e-09,2.25086e-08,0.77724,-1.22323e-08,1.95411e-08,-2.35698,-0.000819546,1.30381e-07,-2.08338e-07,-5.7023e-05,0.00867929,-1.38621e-06,2.21896e-06,0.000671324
447,0.447,0.52,1.28527,-0.297542,-1.57974,-4.93175e-09,2.22699e-08,0.777239,-1.21026e-08,1.93339e-08,-2.35698,-0.000810913,1.29002e-07,-2.06131e-07,-5.63556e-05,0.00858785,-1.37164e-06,2.19552e-06,0.000663562
448,0.448,0.52,1.28527,-0.297542,-1.57974,-4.87941e-09,2.20337e-08,0.777238,-1.19743e-08,1.91288e-08,-2.35698,-0.00080237,1.27637e-07,-2.03947e-07,-5.56959e-05,0.00849738,-1.35722e-06,2.17233e-06,0.000655889
449,0.449,0.52,1.28527,-0.297542,-1.57974,-4.82763e-09,2.18001e-08,0.777238,-1.18473e-08,1.8926e-08,-2.35698,-0.000793918,1.26287e-07,-2.01786e-07,-5.50438e-05,0.00840786,-1.34295e-06,2.14938e-06,0.000648304
450,0.45,0.52,1.28527,-0.297543,-1.57974,-4.77639e-09,2.15689e-08,0.777237,-1.17217e-08,1.87252e-08,-2.35698,-0.000785554,1.24951e-07,-1.99648e-07,-5.43992e-05,0.00831929,-1.32883e-06,2.12667e-06,0.000640805
451,0.451,0.52,1.28527,-0.297543,-1.57974,-4.7257e-09,2.13402e-08,0.777236,-1.15974e-08,1.85266e-08,-2.35698,-0.000777279,1.2363e-07,-1.97533e-07,-5.37621e-05,0.00823164,-1.31485e-06,2.1042e-06,0.000633393
452,0.452,0.52,1.28527,-0.297544,-1.57974,-4.67555e-09,2.11139e-08,0.777235,-1.14744e-08,1.83302e-08,-2.35698,-0.000769091,1.22322e-07,-1.9544e-07,-5.31324e-05,0.00814492,-1.30102e-06,2.08196e-06,0.000626065
453,0.453,0.52,1.28527,-0.297544,-1.57974,-4.62593e-09,2.089e-08,0.777234,-1.13527e-08,1.81358e-08,-2.35698,-0.000760989,1.21027e-07,-1.93369e-07,-5.251e-05,0.00805912,-1.28733e-06,2.05996e-06,0.000618822
454,0.454,0.52,1.28527,-0.297544,-1.57974,-4.57684e-09,2.06684e-08,0.777234,-1.12324e-08,1.79434e-08,-2.35698,-0.000752972,1.19747e-07,-1.9132e-07,-5.18947e-05,0.00797422,-1.27378e-06,2.03819e-06,0.000611661
455,0.455,0.52,1.28527,-0.297545,-1.57975,-4.52828e-09,2.04493e-08,0.777233,-1.11132e-08,1.77531e-08,-2.35698,-0.00074504,1.1848e-07,-1.89292e-07,-5.12866e-05,0.00789021,-1.26037e-06,2.01664e-06,0.000604583
456,0.456,0.52,1.28527,-0.297545,-1.57975,-4.48023e-09,2.02324e-08,0.777232,-1.09954e-08,1.75648e-08,-2.35698,-0.000737192,1.17226e-07,-1.87286e-07,-5.06855e-05,0.00780709,-1.24711e-06,1.99532e-06,0.000597585
457,0.457,0.52,1.28527,-0.297546,-1.57975,-4.43269e-09,2.00178e-08,0.777231,-1.08788e-08,1.73785e-08,-2.35698,-0.000729426,1.15986e-07,-1.85302e-07,-5.00914e-05,0.00772484,-1.23398e-06,1.97423e-06,0.000590668
458,0.458,0.52,1.28527,-0.297546,-1.57975,-4.38565e-09,1.98055e-08,0.777231,-1.07634e-08,1.71942e-08,-2.35698,-0.000721742,1.14758e-07,-1.83338e-07,-4.95042e-05,0.00764346,-1.22098e-06,1.95336e-06,0.00058383
459,0.459,0.52,1.28527,-0.297546,-1.57975,-4.33911e-09,1.95955e-08,0.77723,-1.06493e-08,1.70118e-08,-2.35698,-0.000714138,1.13544e-07,-1.81395e-07,-4.89237e-05,0.00756294,-1.20812e-06,1.9327e-06,0.00057707
460,0.46,0.52,1.28527,-0.297547,-1.57975,-4.29307e-09,1.93876e-08,0.777229,-1.05363e-08,1.68314e-08,-2.35698,-0.000706615,1.12342e-07,-1.79472e-07,-4.835e-05,0.00748327,-1.1954e-06,1.91227e-06,0.000570388
461,0.461,0.52,1.28527,-0.297547,-1.57975,-4.24752e-09,1.9182e-08,0.777229,-1.04246e-08,1.66529e-08,-2.35698,-0.000699172,1.11153e-07,-1.7757e-07,-4.77829e-05,0.00740443,-1.18281e-06,1.89204e-06,0.000563782
462,0.462,0.52,1.28527,-0.297547,-1.57975,-4.20246e-09,1.89786e-08,0.777228,-1.0314e-08,1.64763e-08,-2.35698,-0.000691806,1.09976e-07,-1.75688e-07,-4.72224e-05,0.00732643,-1.17035e-06,1.87203e-06,0.000557252
463,0.463,0.52,1.28527,-0.297548,-1.57975,-4.15787e-09,1.87773e-08,0.777227,-1.02046e-08,1.63015e-08,-2.35698,-0.000684518,1.08812e-07,-1.73826e-07,-4.66684e-05,0.00724925,-1.15801e-06,1.85223e-06,0.000550797
464,0.464,0.52,1.28527,-0.297548,-1.57975,-4.11375e-09,1.85781e-08,0.777227,-1.00964e-08,1.61286e-08,-2.35698,-0.000677308,1.0766e-07,-1.71984e-07,-4.61208e-05,0.00717288,-1.14581e-06,1.83264e-06,0.000544416
465,0.465,0.52,1.28527,-0.297549,-1.57975,-4.07011e-09,1.83811e-08,0.777226,-9.9893e-09,1.59575e-08,-2.35698,-0.000670172,1.0652e-07,-1.70161e-07,-4.55795e-05,0.00709731,-1.13374e-06,1.81325e-06,0.000538108
466,0.466,0.52,1.28527,-0.297549,-1.57975,-4.02693e-09,1.81861e-08,0.777225,-9.88334e-09,1.57883e-08,-2.35698,-0.000663113,1.05393e-07,-1.68357e-07,-4.50446e-05,0.00702254,-1.12179e-06,1.79407e-06,0.000531873
467,0.467,0.52,1.28527,-0.297549,-1.57975,-3.9842e-09,1.79932e-08,0.777225,-9.77851e-09,1.56208e-08,-2.35698,-0.000656127,1.04277e-07,-1.66573e-07,-4.45158e-05,0.00694856,-1.10996e-06,1.77509e-06,0.000525709
468,0.468,0.52,1.28527,-0.29755,-1.57976,-3.94193e-09,1.78024e-08,0.777224,-9.67478e-09,1.54551e-08,-2.35698,-0.000649215,1.03173e-07,-1.64807e-07,-4.39931e-05,0.00687536,-1.09826e-06,1.75631e-06,0.000519616
469,0.469,0.52,1.28527,-0.29755,-1.57976,-3.90012e-09,1.76135e-08,0.777223,-9.57216e-09,1.52912e-08,-2.35698,-0.000642376,1.0208e-07,-1.6306e-07,-4.34765e-05,0.00680293,-1.08668e-06,1.73773e-06,0.000513592
470,0.47,0.52,1.28527,-0.29755,-1.57976,-3.85874e-09,1.74267e-08,0.777223,-9.47062e-09,1.5129e-08,-2.35698,-0.000635609,1.00999e-07,-1.61331e-07,-4.29659e-05,0.00673126,-1.07522e-06,1.71934e-06,0.000507638
471,0.471,0.52,1.28527,-0.297551,-1.57976,-3.81781e-09,1.72418e-08,0.777222,-9.37016e-09,1.49685e-08,-2.35698,-0.000628913,9.99297e-08,-1.59621e-07,-4.24612e-05,0.00666035,-1.06388e-06,1.70114e-06,0.000501752
472,0.472,0.52,1.28527,-0.297551,-1.57976,-3.7773e-09,1.7059e-08,0.777221,-9.27076e-09,1.48098e-08,-2.35698,-0.000622288,9.88714e-08,-1.57929e-07,-4.19624e-05,0.00659019,-1.05266e-06,1.68314e-06,0.000495933
473,0.473,0.52,1.28527,-0.297551,-1.57976,-3.73723e-09,1.6878e-08,0.777221,-9.17241e-09,1.46527e-08,-2.35698,-0.000615733,9.78243e-08,-1.56255e-07,-4.14693e-05,0.00652076,-1.04155e-06,1.66533e-06,0.000490182
474,0.474,0.52,1.28527,-0.297552,-1.57976,-3.69759e-09,1.6699e-08,0.77722,-9.07511e-09,1.44972e-08,-2.35698,-0.000609246,9.67883e-08,-1.54598e-07,-4.0982e-05,0.00645207,-1.03056e-06,1.6477e-06,0.000484496
475,0.475,0.52,1.28527,-0.297552,-1.57976,-3.65837e-09,1.65218e-08,0.77722,-8.97883e-09,1.43435e-08,-2.35698,-0.000602828,9.57632e-08,-1.52959e-07,-4.05003e-05,0.00638409,-1.01969e-06,1.63026e-06,0.000478876
476,0.476,0.52,1.28527,-0.297552,-1.57976,-3.61956e-09,1.63466e-08,0.777219,-8.88358e-09,1.41913e-08,-2.35698,-0.000596478,9.47489e-08,-1.51338e-07,-4.00242e-05,0.00631684,-1.00893e-06,1.613e-06,0.00047332
477,0.477,0.52,1.28527,-0.297553,-1.57976,-3.58117e-09,1.61732e-08,0.777218,-8.78933e-09,1.40408e-08,-2.35698,-0.000590194,9.37453e-08,-1.49733e-07,-3.95537e-05,0.00625029,-9.98282e-07,1.59593e-06,0.000467828
478,0.478,0.52,1.28527,-0.297553,-1.57976,-3.54318e-09,1.60016e-08,0.777218,-8.69608e-09,1.38918e-08,-2.35698,-0.000583977,9.27523e-08,-1.48146e-07,-3.90885e-05,0.00618445,-9.87746e-07,1.57903e-06,0.000462399
479,0.479,0.52,1.28527,-0.297553,-1.57976,-3.5056e-09,1.58318e-08,0.777217,-8.60382e-09,1.37445e-08,-2.35698,-0.000577825,9.17697e-08,-1.46575e-07,-3.86288e-05,0.0061193,-9.7732e-07,1.56232e-06,0.000457032
480,0.48,0.52,1.28527,-0.297553,-1.57976,-3.46841e-09,1.56639e-08,0.777217,-8.51254e-09,1.35987e-08,-2.35698,-0.000571738,9.07976e-08,-1.45021e-07,-3.81745e-05,0.00605483,-9.67003e-07,1.54578e-06,0.000451727
481,0.481,0.52,1.28527,-0.297554,-1.57976,-3.43163e-09,1.54977e-08,0.777216,-8.42222e-09,1.34544e-08,-2.35698,-0.000565715,8.98357e-08,-1.43484e-07,-3.77254e-05,0.00599105,-9.56794e-07,1.52941e-06,0.000446483
482,0.482,0.52,1.28527,-0.297554,-1.57976,-3.39523e-09,1.53333e-08,0.777215,-8.33286e-09,1.33117e-08,-2.35698,-0.000559756,8.8884e-08,-1.41962e-07,-3.72815e-05,0.00592793,-9.46692e-07,1.51322e-06,0.000441299
483,0.483,0.52,1.28527,-0.297554,-1.57976,-3.35922e-09,1.51707e-08,0.777215,-8.24445e-09,1.31705e-08,-2.35698,-0.000553859,8.79423e-08,-1.40457e-07,-3.68427e-05,0.00586548,-9.36696e-07,1.49719e-06,0.000436174
484,0.484,0.52,1.28527,-0.297555,-1.57977,-3.32359e-09,1.50097e-08,0.777214,-8.15698e-09,1.30308e-08,-2.35698,-0.000548025,8.70105e-08,-1.38968e-07,-3.64091e-05,0.00580369,-9.26804e-07,1.48134e-06,0.000431109
485,0.485,0.52,1.28527,-0.297555,-1.57977,-3.28834e-09,1.48505e-08,0.777214,-8.07043e-09,1.28926e-08,-2.35698,-0.000542252,8.60886e-08,-1.37494e-07,-3.59805e-05,0.00574255,-9.17016e-07,1.46565e-06,0.000426102
486,0.486,0.52,1.28527,-0.297555,-1.57977,-3.25346e-09,1.46929e-08,0.777213,-7.9848e-09,1.27558e-08,-2.35698,-0.00053654,8.51765e-08,-1.36036e-07,-3.55569e-05,0.00568206,-9.07331e-07,1.45013e-06,0.000421152
487,0.487,0.52,1.28527,-0.297555,-1.57977,-3.21896e-09,1.45371e-08,0.777213,-7.90007e-09,1.26205e-08,-2.35698,-0.000530887,8.42739e-08,-1.34594e-07,-3.51382e-05,0.0056222,-8.97747e-07,1.43477e-06,0.000416259
488,0.488,0.52,1.28527,-0.297556,-1.57977,-3.18482e-09,1.43828e-08,0.777212,-7.81624e-09,1.24866e-08,-2.35698,-0.000525295,8.33809e-08,-1.33167e-07,-3.47244e-05,0.00556297,-8.88263e-07,1.41958e-06,0.000411422
489,0.489,0.52,1.28526,-0.297556,-1.57977,-3.15104e-09,1.42302e-08,0.777212,-7.73331e-09,1.23542e-08,-2.35698,-0.000519761,8.24974e-08,-1.31755e-07,-3.43153e-05,0.00550437,-8.78879e-07,1.40454e-06,0.000406641
490,0.49,0.52,1.28526,-0.297556,-1.57977,-3.11762e-09,1.40793e-08,0.777211,-7.65125e-09,1.22231e-08,-2.35698,-0.000514286,8.16232e-08,-1.30358e-07,-3.39111e-05,0.00544638,-8.69594e-07,1.38967e-06,0.000401915
491,0.491,0.52,1.28526,-0.297557,-1.57977,-3.08456e-09,1.39299e-08,0.777211,-7.57006e-09,1.20934e-08,-2.35698,-0.000508868,8.07582e-08,-1.28975e-07,-3.35115e-05,0.005389,-8.60405e-07,1.37495e-06,0.000397243
492,0.492,0.52,1.28526,-0.297557,-1.57977,-3.05185e-09,1.37821e-08,0.77721,-7.48973e-09,1.19651e-08,-2.35698,-0.000503508,7.99023e-08,-1.27608e-07,-3.31165e-05,0.00533223,-8.51314e-07,1.36038e-06,0.000392625
493,0.493,0.52,1.28526,-0.297557,-1.57977,-3.01949e-09,1.36359e-08,0.77721,-7.41025e-09,1.18382e-08,-2.35698,-0.000498204,7.90555e-08,-1.26255e-07,-3.27262e-05,0.00527606,-8.42317e-07,1.34597e-06,0.00038806
494,0.494,0.52,1.28526,-0.297557,-1.57977,-2.98747e-09,1.34912e-08,0.777209,-7.33161e-09,1.17126e-08,-2.35698,-0.000492955,7.82176e-08,-1.24916e-07,-3.23404e-05,0.00522048,-8.33415e-07,1.33171e-06,0.000383548
495,0.495,0.52,1.28526,-0.297558,-1.57977,-2.95578e-09,1.33481e-08,0.777209,-7.25381e-09,1.15884e-08,-2.35698,-0.000487763,7.73886e-08,-1.23591e-07,-3.19591e-05,0.00516548,-8.24606e-07,1.3176e-06,0.000379087
496,0.496,0.52,1.28526,-0.297558,-1.57977,-2.92444e-09,1.32065e-08,0.777208,-7.17683e-09,1.14654e-08,-2.35698,-0.000482624,7.65684e-08,-1.22281e-07,-3.15822e-05,0.00511106,-8.1589e-07,1.30365e-06,0.000374678
497,0.497,0.52,1.28526,-0.297558,-1.57977,-2.89343e-09,1.30664e-08,0.777208,-7.10067e-09,1.13438e-08,-2.35698,-0.00047754,7.57568e-08,-1.20984e-07,-3.12097e-05,0.00505722,-8.07265e-07,1.28983e-06,0.00037032
498,0.498,0.52,1.28526,-0.297558,-1.57977,-2.86275e-09,1.29277e-08,0.777207,-7.02532e-09,1.12235e-08,-2.35698,-0.00047251,7.49538e-08,-1.19701e-07,-3.08416e-05,0.00500394,-7.98731e-07,1.27617e-06,0.000366011
499,0.499,0.52,1.28526,-0.297559,-1.57977,-2.83239e-09,1.27906e-08,0.777207,-6.95076e-09,1.11044e-08,-2.35698,-0.000467532,7.41593e-08,-1.18431e-07,-3.04777e-05,0.00495123,-7.90287e-07,1.26265e-06,0.000361753
500,0.5,0.52,1.28526,-0.297559,-1.57977,-2.80236e-09,1.26548e-08,0.777206,-6.87699e-09,1.09866e-08,-2.35698,-0.000462607,7.33732e-08,-1.17175e-07,-3.0118e-05,0.00489907,-7.81931e-07,1.24927e-06,0.000357543
501,0.501,0.52,1.28526,-0.297559,-1.57977,-2.77264e-09,1.25206e-08,0.777206,-6.80401e-09,1.087e-08,-2.35698,-0.000457734,7.25954e-08,-1.15933e-07,-2.97626e-05,0.00484746,-7.73663e-07,1.23603e-06,0.000353382
502,0.502,0.52,1.28526,-0.297559,-1.57977,-2.74324e-09,1.23877e-08,0.777205,-6.7318e-09,1.07547e-08,-2.35698,-0.000452912,7.18259e-08,-1.14703e-07,-2.94113e-05,0.00479639,-7.65482e-07,1.22294e-06,0.000349268
503,0.503,0.52,1.28526,-0.29756,-1.57978,-2.71416e-09,1.22563e-08,0.777205,-6.66036e-09,1.06406e-08,-2.35698,-0.000448141,7.10645e-08,-1.13487e-07,-2.9064e-05,0.00474587,-7.57387e-07,1.20998e-06,0.000345202
504,0.504,0.52,1.28526,-0.29756,-1.57978,-2.68538e-09,1.21263e-08,0.777204,-6.58967e-09,1.05278e-08,-2.35698,-0.00044342,7.03111e-08,-1.12283e-07,-2.87208e-05,0.00469587,-7.49377e-07,1.19716e-06,0.000341183
505,0.505,0.52,1.28526,-0.29756,-1.57978,-2.6569e-09,1.19976e-08,0.777204,-6.51973e-09,1.04161e-08,-2.35698,-0.000438749,6.95657e-08,-1.11093e-07,-2.83816e-05,0.0046464,-7.41452e-07,1.18447e-06,0.00033721
506,0.506,0.52,1.28526,-0.29756,-1.57978,-2.62873e-09,1.18703e-08,0.777204,-6.45054e-09,1.03056e-08,-2.35698,-0.000434127,6.88281e-08,-1.09914e-07,-2.80464e-05,0.00459745,-7.33609e-07,1.17192e-06,0.000333283
507,0.507,0.52,1.28526,-0.297561,-1.57978,-2.60086e-09,1.17443e-08,0.777203,-6.38207e-09,1.01962e-08,-2.35698,-0.000429554,6.80984e-08,-1.08749e-07,-2.77151e-05,0.00454902,-7.2585e-07,1.1595e-06,0.000329401
508,0.508,0.52,1.28526,-0.297561,-1.57978,-2.57328e-09,1.16197e-08,0.777203,-6.31434e-09,1.00881e-08,-2.35698,-0.000425029,6.73764e-08,-1.07595e-07,-2.73876e-05,0.0045011,-7.18171e-07,1.14721e-06,0.000325563
509,0.509,0.52,1.28526,-0.297561,-1.57978,-2.546e-09,1.14964e-08,0.777202,-6.24732e-09,9.98104e-09,-2.35698,-0.000420551,6.66621e-08,-1.06454e-07,-2.70639e-05,0.00445368,-7.10574e-07,1.13505e-06,0.00032177
510,0.51,0.52,1.28526,-0.297561,-1.57978,-2.51901e-09,1.13744e-08,0.777202,-6.18101e-09,9.87515e-09,-2.35698,-0.000416121,6.59552e-08,-1.05325e-07,-2.6744e-05,0.00440676,-7.03056e-07,1.12302e-06,0.000318021
511,0.511,0.52,1.28526,-0.297561,-1.57978,-2.4923e-09,1.12538e-08,0.777201,-6.1154e-09,9.77038e-09,-2.35698,-0.000411738,6.52559e-08,-1.04208e-07,-2.64279e-05,0.00436034,-6.95618e-07,1.11112e-06,0.000314315
512,0.512,0.52,1.28526,-0.297562,-1.57978,-2.46588e-09,1.11343e-08,0.777201,-6.0505e-09,9.66673e-09,-2.35698,-0.0004074,6.4564e-08,-1.03103e-07,-2.61154e-05,0.00431441,-6.88258e-07,1.09934e-06,0.000310651
513,0.513,0.52,1.28526,-0.297562,-1.57978,-2.43973e-09,1.10162e-08,0.777201,-5.98627e-09,9.56417e-09,-2.35698,-0.000403109,6.38794e-08,-1.02009e-07,-2.58066e-05,0.00426896,-6.80975e-07,1.08769e-06,0.00030703
514,0.514,0.52,1.28526,-0.297562,-1.57978,-2.41387e-09,1.08993e-08,0.7772,-5.92273e-09,9.4627e-09,-2.35698,-0.000398862,6.3202e-08,-1.00927e-07,-2.55013e-05,0.00422398,-6.73769e-07,1.07616e-06,0.00030345
515,0.515,0.52,1.28526,-0.297562,-1.57978,-2.38828e-09,1.07836e-08,0.7772,-5.85987e-09,9.36231e-09,-2.35698,-0.000394661,6.25318e-08,-9.9857e-08,-2.51996e-05,0.00417949,-6.66639e-07,1.06476e-06,0.000299912
516,0.516,0.52,1.28526,-0.297562,-1.57978,-2.36296e-09,1.06692e-08,0.777199,-5.79767e-09,9.26299e-09,-2.35698,-0.000390503,6.18687e-08,-9.87979e-08,-2.49015e-05,0.00413546,-6.59584e-07,1.05347e-06,0.000296414
517,0.517,0.52,1.28526,-0.297563,-1.57978,-2.33791e-09,1.0556e-08,0.777199,-5.73613e-09,9.16471e-09,-2.35698,-0.00038639,6.12126e-08,-9.775e-08,-2.46068e-05,0.00409189,-6.52604e-07,1.04231e-06,0.000292957
518,0.518,0.52,1.28526,-0.297563,-1.57978,-2.31312e-09,1.0444e-08,0.777199,-5.67524e-09,9.06748e-09,-2.35698,-0.000382319,6.05635e-08,-9.67133e-08,-2.43156e-05,0.00404878,-6.45697e-07,1.03126e-06,0.00028954
519,0.519,0.52,1.28526,-0.297563,-1.57978,-2.2886e-09,1.03332e-08,0.777198,-5.615e-09,8.97128e-09,-2.35698,-0.000378292,5.99212e-08,-9.56875e-08,-2.40277e-05,0.00400613,-6.38862e-07,1.02033e-06,0.000286162
520,0.52,0.52,1.28526,-0.297563,-1.57978,-2.26434e-09,1.02235e-08,0.777198,-5.5554e-09,8.8761e-09,-2.35698,-0.000374307,5.92857e-08,-9.46726e-08,-2.37432e-05,0.00396393,-6.321e-07,1.00951e-06,0.000282823
521,0.521,0.52,1.28526,-0.297563,-1.57978,-2.24033e-09,1.0115e-08,0.777198,-5.49642e-09,8.78193e-09,-2.35698,-0.000370364,5.8657e-08,-9.36684e-08,-2.3462e-05,0.00392217,-6.25409e-07,9.98809e-07,0.000279523
522,0.522,0.52,1.28526,-0.297564,-1.57978,-2.21658e-09,1.00077e-08,0.777197,-5.43808e-09,8.68876e-09,-2.35698,-0.000366462,5.80349e-08,-9.26749e-08,-2.31842e-05,0.00388085,-6.18788e-07,9.8822e-07,0.00027626
523,0.523,0.52,1.28526,-0.297564,-1.57978,-2.19309e-09,9.9015e-09,0.777197,-5.38035e-09,8.59658e-09,-2.35698,-0.000362602,5.74194e-08,-9.1692e-08,-2.29095e-05,0.00383997,-6.12238e-07,9.77744e-07,0.000273035
524,0.524,0.52,1.28526,-0.297564,-1.57978,-2.16984e-09,9.79643e-09,0.777196,-5.32324e-09,8.50538e-09,-2.35698,-0.000358782,5.68104e-08,-9.07194e-08,-2.26381e-05,0.00379952,-6.05756e-07,9.67379e-07,0.000269848
525,0.525,0.52,1.28526,-0.297564,-1.57978,-2.14684e-09,9.69248e-09,0.777196,-5.26673e-09,8.41514e-09,-2.35698,-0.000355003,5.62078e-08,-8.97572e-08,-2.23698e-05,0.00375949,-5.99343e-07,9.57124e-07,0.000266697
526,0.526,0.52,1.28526,-0.297564,-1.57979,-2.12408e-09,9.58962e-09,0.777196,-5.21082e-09,8.32586e-09,-2.35698,-0.000351263,5.56117e-08,-8.88051e-08,-2.21047e-05,0.00371989,-5.92997e-07,9.46977e-07,0.000263583
527,0.527,0.52,1.28526,-0.297565,-1.57979,-2.10156e-09,9.48786e-09,0.777195,-5.1555e-09,8.23753e-09,-2.35698,-0.000347563,5.50218e-08,-8.78632e-08,-2.18426e-05,0.0036807,-5.86718e-07,9.36938e-07,0.000260504
528,0.528,0.52,1.28526,-0.297565,-1.57979,-2.07929e-09,9.38718e-09,0.777195,-5.10078e-09,8.15013e-09,-2.35698,-0.000343902,5.44382e-08,-8.69312e-08,-2.15836e-05,0.00364193,-5.80506e-07,9.27004e-07,0.000257461
529,0.529,0.52,1.28526,-0.297565,-1.57979,-2.05725e-09,9.28756e-09,0.777195,-5.04663e-09,8.06366e-09,-2.35698,-0.000340279,5.38608e-08,-8.60091e-08,-2.13277e-05,0.00360356,-5.74358e-07,9.17176e-07,0.000254454
530,0.53,0.52,1.28526,-0.297565,-1.57979,-2.03544e-09,9.189e-09,0.777194,-4.99305e-09,7.97811e-09,-2.35698,-0.000336694,5.32895e-08,-8.50968e-08,-2.10747e-05,0.0035656,-5.68276e-07,9.07452e-07,0.000251481
531,0.531,0.52,1.28526,-0.297565,-1.57979,-2.01386e-09,9.09149e-09,0.777194,-4.94005e-09,7.89346e-09,-2.35698,-0.000333148,5.27242e-08,-8.41942e-08,-2.08247e-05,0.00352804,-5.62258e-07,8.97831e-07,0.000248542
532,0.532,0.52,1.28526,-0.297565,-1.57979,-1.99252e-09,8.99501e-09,0.777194,-4.8876e-09,7.80972e-09,-2.35698,-0.000329638,5.21649e-08,-8.33011e-08,-2.05776e-05,0.00349087,-5.56304e-07,8.88312e-07,0.000245637
533,0.533,0.52,1.28526,-0.297566,-1.57979,-1.9714e-09,8.89955e-09,0.777193,-4.83571e-09,7.72686e-09,-2.35698,-0.000326166,5.16116e-08,-8.24175e-08,-2.03334e-05,0.0034541,-5.50412e-07,8.78894e-07,0.000242766
534,0.534,0.52,1.28526,-0.297566,-1.57979,-1.9505e-09,8.80511e-09,0.777193,-4.78438e-09,7.64488e-09,-2.35698,-0.00032273,5.10641e-08,-8.15433e-08,-2.00921e-05,0.00341771,-5.44582e-07,8.69575e-07,0.000239928
535,0.535,0.52,1.28526,-0.297566,-1.57979,-1.92983e-09,8.71167e-09,0.777193,-4.73358e-09,7.56377e-09,-2.35698,-0.00031933,5.05224e-08,-8.06783e-08,-1.98536e-05,0.0033817,-5.38814e-07,8.60355e-07,0.000237122
536,0.536,0.52,1.28526,-0.297566,-1.57979,-1.90937e-09,8.61922e-09,0.777192,-4.68333e-09,7.48352e-09,-2.35698,-0.000315966,4.99864e-08,-7.98226e-08,-1.96178e-05,0.00334608,-5.33107e-07,8.51233e-07,0.000234349
537,0.537,0.52,1.28526,-0.297566,-1.57979,-1.88913e-09,8.52775e-09,0.777192,-4.63361e-09,7.40412e-09,-2.35698,-0.000312638,4.94562e-08,-7.89759e-08,-1.93849e-05,0.00331083,-5.2746e-07,8.42208e-07,0.000231609
538,0.538,0.52,1.28526,-0.297566,-1.57979,-1.86911e-09,8.43725e-09,0.777192,-4.58442e-09,7.32556e-09,-2.35698,-0.000309345,4.89315e-08,-7.81381e-08,-1.91546e-05,0.00327595,-5.21873e-07,8.33277e-07,0.000228899
539,0.539,0.52,1.28526,-0.297567,-1.57979,-1.8493e-09,8.34771e-09,0.777192,-4.53574e-09,7.24784e-09,-2.35698,-0.000306086,4.84124e-08,-7.73093e-08,-1.89271e-05,0.00324144,-5.16345e-07,8.24442e-07,0.000226222
540,0.54,0.52,1.28526,-0.297567,-1.57979,-1.8297e-09,8.25912e-09,0.777191,-4.48759e-09,7.17094e-09,-2.35698,-0.000302862,4.78988e-08,-7.64892e-08,-1.87022e-05,0.0032073,-5.10875e-07,8.157e-07,0.000223575
541,0.541,0.52,1.28526,-0.297567,-1.57979,-1.8103e-09,8.17147e-09,0.777191,-4.43994e-09,7.09486e-09,-2.35698,-0.000299671,4.73906e-08,-7.56778e-08,-1.84799e-05,0.00317351,-5.05463e-07,8.07051e-07,0.000220958
542,0.542,0.52,1.28526,-0.297567,-1.57979,-1.79112e-09,8.08475e-09,0.777191,-4.39281e-09,7.01958e-09,-2.35698,-0.000296514,4.68879e-08,-7.48751e-08,-1.82602e-05,0.00314008,-5.00107e-07,7.98493e-07,0.000218372
543,0.543,0.52,1.28526,-0.297567,-1.57979,-1.77213e-09,7.99895e-09,0.77719,-4.34617e-09,6.94511e-09,-2.35698,-0.000293391,4.63904e-08,-7.40808e-08,-1.80431e-05,0.003107,-4.94809e-07,7.90026e-07,0.000215816
544,0.544,0.52,1.28526,-0.297567,-1.57979,-1.75335e-09,7.91406e-09,0.77719,-4.30002e-09,6.87142e-09,-2.35698,-0.0002903,4.58982e-08,-7.3295e-08,-1.78286e-05,0.00307427,-4.89567e-07,7.81649e-07,0.000213289
545,0.545,0.52,1.28526,-0.297568,-1.57979,-1.73477e-09,7.83007e-09,0.77719,-4.25437e-09,6.79851e-09,-2.35698,-0.000287242,4.54112e-08,-7.25175e-08,-1.76165e-05,0.00304188,-4.84379e-07,7.7336e-07,0.000210792
546,0.546,0.52,1.28526,-0.297568,-1.57979,-1.71638e-09,7.74697e-09,0.777189,-4.2092e-09,6.72638e-09,-2.35698,-0.000284216,4.49294e-08,-7.17482e-08,-1.7407e-05,0.00300984,-4.79247e-07,7.65159e-07,0.000208323
547,0.547,0.52,1.28526,-0.297568,-1.57979,-1.69819e-09,7.66476e-09,0.777189,-4.16451e-09,6.65501e-09,-2.35698,-0.000281222,4.44527e-08,-7.09871e-08,-1.71999e-05,0.00297813,-4.74169e-07,7.57045e-07,0.000205884
548,0.548,0.52,1.28526,-0.297568,-1.57979,-1.68019e-09,7.58341e-09,0.777189,-4.12029e-09,6.5844e-09,-2.35698,-0.00027826,4.39811e-08,-7.02341e-08,-1.69952e-05,0.00294676,-4.69145e-07,7.49017e-07,0.000203472
549,0.549,0.52,1.28526,-0.297568,-1.57979,-1.66239e-09,7.50293e-09,0.777189,-4.07654e-09,6.51454e-09,-2.35698,-0.000275329,4.35144e-08,-6.94891e-08,-1.67929e-05,0.00291571,-4.64173e-07,7.41075e-07,0.000201088
550,0.55,0.52,1.28526,-0.297568,-1.57979,-1.64477e-09,7.4233e-09,0.777188,-4.03326e-09,6.44542e-09,-2.35698,-0.000272429,4.30527e-08,-6.87519e-08,-1.6593e-05,0.002885,-4.59254e-07,7.33216e-07,0.000198732
551,0.551,0.52,1.28526,-0.297568,-1.57979,-1.62734e-09,7.34452e-09,0.777188,-3.99044e-09,6.37704e-09,-2.35698,-0.000269559,4.25959e-08,-6.80226e-08,-1.63955e-05,0.00285461,-4.54388e-07,7.2544e-07,0.000196403
552,0.552,0.52,1.28526,-0.297569,-1.57979,-1.61009e-09,7.26657e-09,0.777188,-3.94807e-09,6.30938e-09,-2.35698,-0.000266719,4.21439e-08,-6.7301e-08,-1.62002e-05,0.00282454,-4.49572e-07,7.17747e-07,0.000194101
553,0.553,0.52,1.28526,-0.297569,-1.57979,-1.59303e-09,7.18945e-09,0.777188,-3.90615e-09,6.24243e-09,-2.35698,-0.00026391,4.16967e-08,-6.65871e-08,-1.60073e-05,0.00279478,-4.44808e-07,7.10136e-07,0.000191825
554,0.554,0.52,1.28526,-0.297569,-1.57979,-1.57614e-09,7.11315e-09,0.777187,-3.86467e-09,6.1762e-09,-2.35698,-0.00026113,4.12543e-08,-6.58807e-08,-1.58166e-05,0.00276534,-4.40093e-07,7.02605e-07,0.000189576
555,0.555,0.52,1.28526,-0.297569,-1.57979,-1.55944e-09,7.03766e-09,0.777187,-3.82364e-09,6.11067e-09,-2.35698,-0.000258379,4.08165e-08,-6.51819e-08,-1.56281e-05,0.00273621,-4.35429e-07,6.95154e-07,0.000187353
556,0.556,0.52,1.28526,-0.297569,-1.57979,-1.54291e-09,6.96296e-09,0.777187,-3.78304e-09,6.04583e-09,-2.35698,-0.000255657,4.03834e-08,-6.44904e-08,-1.54418e-05,0.00270738,-4.30814e-07,6.87782e-07,0.000185156
557,0.557,0.52,1.28526,-0.297569,-1.5798,-1.52656e-09,6.88907e-09,0.777186,-3.74287e-09,5.98168e-09,-2.35698,-0.000252964,3.99549e-08,-6.38063e-08,-1.52578e-05,0.00267886,-4.26248e-07,6.80488e-07,0.000182984
558,0.558,0.52,1.28526,-0.297569,-1.5798,-1.51039e-09,6.81595e-09,0.777186,-3.70313e-09,5.91822e-09,-2.35698,-0.000250299,3.95309e-08,-6.31294e-08,-1.50759e-05,0.00265064,-4.2173e-07,6.73271e-07,0.000180838
559,0.559,0.52,1.28526,-0.29757,-1.5798,-1.49438e-09,6.74361e-09,0.777186,-3.66381e-09,5.85542e-09,-2.35698,-0.000247663,3.91114e-08,-6.24597e-08,-1.48961e-05,0.00262272,-4.1726e-07,6.66131e-07,0.000178716
560,0.56,0.52,1.28526,-0.29757,-1.5798,-1.47854e-09,6.67204e-09,0.777186,-3.6249e-09,5.7933e-09,-2.35698,-0.000245054,3.86964e-08,-6.17971e-08,-1.47184e-05,0.00259509,-4.12837e-07,6.59066e-07,0.000176619
561,0.561,0.52,1.28526,-0.29757,-1.5798,-1.46287e-09,6.60123e-09,0.777186,-3.58641e-09,5.73183e-09,-2.35698,-0.000242472,3.82857e-08,-6.11415e-08,-1.45428e-05,0.00256775,-4.08461e-07,6.52077e-07,0.000174546
562,0.562,0.52,1.28526,-0.29757,-1.5798,-1.44737e-09,6.53116e-09,0.777185,-3.54833e-09,5.67101e-09,-2.35698,-0.000239918,3.78794e-08,-6.04929e-08,-1.43693e-05,0.0025407,-4.04131e-07,6.45161e-07,0.000172497
563,0.563,0.52,1.28526,-0.29757,-1.5798,-1.43203e-09,6.46185e-09,0.777185,-3.51065e-09,5.61084e-09,-2.35698,-0.000237391,3.74775e-08,-5.98512e-08,-1.41978e-05,0.00251394,-3.99847e-07,6.38319e-07,0.000170472
564,0.564,0.52,1.28526,-0.29757,-1.5798,-1.41686e-09,6.39326e-09,0.777185,-3.47337e-09,5.55131e-09,-2.35698,-0.00023489,3.70797e-08,-5.92163e-08,-1.40284e-05,0.00248746,-3.95608e-07,6.31549e-07,0.00016847
565,0.565,0.52,1.28526,-0.29757,-1.5798,-1.40184e-09,6.32541e-09,0.777185,-3.43649e-09,5.4924e-09,-2.35698,-0.000232416,3.66862e-08,-5.85881e-08,-1.38609e-05,0.00246125,-3.91414e-07,6.24851e-07,0.000166492
566,0.566,0.52,1.28526,-0.29757,-1.5798,-1.38699e-09,6.25827e-09,0.777184,-3.4e-09,5.43413e-09,-2.35698,-0.000229967,3.62969e-08,-5.79665e-08,-1.36954e-05,0.00243532,-3.87264e-07,6.18224e-07,0.000164536
567,0.567,0.52,1.28526,-0.297571,-1.5798,-1.37229e-09,6.19185e-09,0.777184,-3.3639e-09,5.37647e-09,-2.35698,-0.000227545,3.59117e-08,-5.73516e-08,-1.35318e-05,0.00240967,-3.83159e-07,6.11667e-07,0.000162603
568,0.568,0.52,1.28526,-0.297571,-1.5798,-1.35775e-09,6.12613e-09,0.777184,-3.32817e-09,5.31942e-09,-2.35698,-0.000225148,3.55306e-08,-5.67432e-08,-1.33702e-05,0.00238429,-3.79096e-07,6.0518e-07,0.000160693
569,0.569,0.52,1.28526,-0.297571,-1.5798,-1.34336e-09,6.06111e-09,0.777184,-3.29283e-09,5.26298e-09,-2.35698,-0.000222776,3.51535e-08,-5.61412e-08,-1.32104e-05,0.00235917,-3.75077e-07,5.98761e-07,0.000158805
570,0.57,0.52,1.28526,-0.297571,-1.5798,-1.32913e-09,5.99678e-09,0.777183,-3.25787e-09,5.20714e-09,-2.35698,-0.00022043,3.47804e-08,-5.55456e-08,-1.30526e-05,0.00233432,-3.71101e-07,5.92411e-07,0.000156938
571,0.571,0.52,1.28526,-0.297571,-1.5798,-1.31504e-09,5.93313e-09,0.777183,-3.22327e-09,5.15189e-09,-2.35698,-0.000218108,3.44113e-08,-5.49564e-08,-1.28965e-05,0.00230973,-3.67166e-07,5.86128e-07,0.000155093
572,0.572,0.52,1.28525,-0.297571,-1.5798,-1.30111e-09,5.87016e-09,0.777183,-3.18904e-09,5.09722e-09,-2.35698,-0.00021581,3.4046e-08,-5.43734e-08,-1.27424e-05,0.00228539,-3.63273e-07,5.79911e-07,0.00015327
573,0.573,0.52,1.28525,-0.297571,-1.5798,-1.28732e-09,5.80786e-09,0.777183,-3.15518e-09,5.04314e-09,-2.35698,-0.000213537,3.36847e-08,-5.37965e-08,-1.259e-05,0.00226132,-3.59421e-07,5.7376e-07,0.000151468
574,0.574,0.52,1.28525,-0.297571,-1.5798,-1.27368e-09,5.74621e-09,0.777183,-3.12167e-09,4.98963e-09,-2.35698,-0.000211287,3.33272e-08,-5.32258e-08,-1.24394e-05,0.0022375,-3.5561e-07,5.67675e-07,0.000149687
575,0.575,0.52,1.28525,-0.297571,-1.5798,-1.26018e-09,5.68522e-09,0.777182,-3.08852e-09,4.93668e-09,-2.35698,-0.000209062,3.29735e-08,-5.26612e-08,-1.22906e-05,0.00221393,-3.51839e-07,5.61654e-07,0.000147926
576,0.576,0.52,1.28525,-0.297572,-1.5798,-1.24683e-09,5.62488e-09,0.777182,-3.05572e-09,4.8843e-09,-2.35698,-0.000206859,3.26235e-08,-5.21025e-08,-1.21436e-05,0.0021906,-3.48108e-07,5.55697e-07,0.000146186
577,0.577,0.52,1.28525,-0.297572,-1.5798,-1.23362e-09,5.56518e-09,0.777182,-3.02327e-09,4.83248e-09,-2.35698,-0.00020468,3.22772e-08,-5.15498e-08,-1.19982e-05,0.00216753,-3.44417e-07,5.49803e-07,0.000144466
578,0.578,0.52,1.28525,-0.297572,-1.5798,-1.22055e-09,5.50611e-09,0.777182,-2.99117e-09,4.7812e-09,-2.35698,-0.000202524,3.19346e-08,-5.10029e-08,-1.18546e-05,0.00214469,-3.40765e-07,5.43971e-07,0.000142766
579,0.579,0.52,1.28525,-0.297572,-1.5798,-1.20761e-09,5.44767e-09,0.777182,-2.9594e-09,4.73047e-09,-2.35698,-0.000200391,3.15957e-08,-5.04618e-08,-1.17127e-05,0.0021221,-3.37151e-07,5.38202e-07,0.000141086
580,0.58,0.52,1.28525,-0.297572,-1.5798,-1.19482e-09,5.38985e-09,0.777181,-2.92798e-09,4.68028e-09,-2.35698,-0.00019828,3.12603e-08,-4.99264e-08,-1.15724e-05,0.00209975,-3.33576e-07,5.32493e-07,0.000139425
581,0.581,0.52,1.28525,-0.297572,-1.5798,-1.18216e-09,5.33264e-09,0.777181,-2.89688e-09,4.63062e-09,-2.35698,-0.000196191,3.09285e-08,-4.93968e-08,-1.14338e-05,0.00207763,-3.30038e-07,5.26845e-07,0.000137784
582,0.582,0.52,1.28525,-0.297572,-1.5798,-1.16963e-09,5.27604e-09,0.777181,-2.86612e-09,4.58148e-09,-2.35698,-0.000194125,3.06002e-08,-4.88727e-08,-1.12969e-05,0.00205574,-3.26538e-07,5.21257e-07,0.000136161
583,0.583,0.52,1.28525,-0.297572,-1.5798,-1.15724e-09,5.22004e-09,0.777181,-2.83568e-09,4.53287e-09,-2.35698,-0.00019208,3.02754e-08,-4.83542e-08,-1.11615e-05,0.00203409,-3.23075e-07,5.15728e-07,0.000134558
584,0.584,0.52,1.28525,-0.297572,-1.5798,-1.14498e-09,5.16463e-09,0.777181,-2.80556e-09,4.48477e-09,-2.35698,-0.000190056,2.99541e-08,-4.78413e-08,-1.10277e-05,0.00201266,-3.19649e-07,5.10258e-07,0.000132973
585,0.585,0.52,1.28525,-0.297573,-1.5798,-1.13284e-09,5.10981e-09,0.77718,-2.77577e-09,4.43718e-09,-2.35698,-0.000188054,2.96361e-08,-4.73337e-08,-1.08956e-05,0.00199146,-3.16259e-07,5.04846e-07,0.000131407
586,0.586,0.52,1.28525,-0.297573,-1.5798,-1.12084e-09,5.05557e-09,0.77718,-2.74629e-09,4.3901e-09,-2.35698,-0.000186073,2.93216e-08,-4.68315e-08,-1.07649e-05,0.00197048,-3.12904e-07,4.99491e-07,0.000129858
587,0.587,0.52,1.28525,-0.297573,-1.5798,-1.10896e-09,5.00191e-09,0.77718,-2.71713e-09,4.34352e-09,-2.35698,-0.000184113,2.90103e-08,-4.63347e-08,-1.06358e-05,0.00194972,-3.09586e-07,4.94193e-07,0.000128328
588,0.588,0.52,1.28525,-0.297573,-1.5798,-1.09721e-09,4.94882e-09,0.77718,-2.68827e-09,4.29743e-09,-2.35698,-0.000182174,2.87024e-08,-4.58431e-08,-1.05083e-05,0.00192918,-3.06302e-07,4.88951e-07,0.000126816
589,0.589,0.52,1.28525,-0.297573,-1.5798,-1.08559e-09,4.89629e-09,0.77718,-2.65972e-09,4.25183e-09,-2.35698,-0.000180255,2.83977e-08,-4.53568e-08,-1.03822e-05,0.00190886,-3.03054e-07,4.83765e-07,0.000125321
590,0.59,0.52,1.28525,-0.297573,-1.5798,-1.07409e-09,4.84432e-09,0.777179,-2.63147e-09,4.20671e-09,-2.35698,-0.000178356,2.80962e-08,-4.48756e-08,-1.02576e-05,0.00188875,-2.99839e-07,4.78634e-07,0.000123843
591,0.591,0.52,1.28525,-0.297573,-1.5798,-1.06271e-09,4.7929e-09,0.777179,-2.60353e-09,4.16208e-09,-2.35698,-0.000176477,2.7798e-08,-4.43995e-08,-1.01345e-05,0.00186885,-2.96659e-07,4.73557e-07,0.000122383
592,0.592,0.52,1.28525,-0.297573,-1.5798,-1.05145e-09,4.74203e-09,0.777179,-2.57588e-09,4.11791e-09,-2.35698,-0.000174618,2.75029e-08,-4.39285e-08,-1.00128e-05,0.00184917,-2.93512e-07,4.68534e-07,0.00012094
593,0.593,0.52,1.28525,-0.297573,-1.5798,-1.04031e-09,4.69169e-09,0.777179,-2.54852e-09,4.07422e-09,-2.35698,-0.000172779,2.7211e-08,-4.34624e-08,-9.89262e-06,0.00182969,-2.90399e-07,4.63564e-07,0.000119513
594,0.594,0.52,1.28525,-0.297573,-1.5798,-1.02928e-09,4.64189e-09,0.777179,-2.52145e-09,4.03099e-09,-2.35698,-0.000170959,2.69221e-08,-4.30013e-08,-9.77381e-06,0.00181041,-2.87319e-07,4.58647e-07,0.000118103
595,0.595,0.52,1.28525,-0.297573,-1.5798,-1.01838e-09,4.59262e-09,0.777179,-2.49467e-09,3.98821e-09,-2.35698,-0.000169158,2.66363e-08,-4.25451e-08,-9.65641e-06,0.00179134,-2.84271e-07,4.53782e-07,0.00011671
596,0.596,0.52,1.28525,-0.297574,-1.5798,-1.00759e-09,4.54387e-09,0.777178,-2.46818e-09,3.9459e-09,-2.35698,-0.000167376,2.63536e-08,-4.20937e-08,-9.54039e-06,0.00177247,-2.81255e-07,4.48968e-07,0.000115332
597,0.597,0.52,1.28525,-0.297574,-1.5798,-9.96912e-10,4.49564e-09,0.777178,-2.44197e-09,3.90403e-09,-2.35698,-0.000165613,2.60738e-08,-4.16472e-08,-9.42574e-06,0.0017538,-2.78272e-07,4.44206e-07,0.000113971
598,0.598,0.52,1.28525,-0.297574,-1.5798,-9.8635e-10,4.44792e-09,0.777178,-2.41603e-09,3.8626e-09,-2.35698,-0.000163869,2.5797e-08,-4.12053e-08,-9.31244e-06,0.00173532,-2.7532e-07,4.39494e-07,0.000112626
599,0.599,0.52,1.28525,-0.297574,-1.5798,-9.759e-10,4.40071e-09,0.777178,-2.39037e-09,3.82161e-09,-2.35698,-0.000162142,2.55231e-08,-4.07681e-08,-9.20048e-06,0.00171704,-2.72399e-07,4.34832e-07,0.000111296
600,0.6,0.52,1.28525,-0.297574,-1.5798,-9.6556e-10,4.35399e-09,0.777178,-2.36498e-09,3.78106e-09,-2.35698,-0.000160434,2.52522e-08,-4.03356e-08,-9.08984e-06,0.00169896,-2.6951e-07,4.3022e-07,0.000109982
601,0.601,0.52,1.28525,-0.297574,-1.5798,-9.5533e-10,4.30778e-09,0.777178,-2.33987e-09,3.74094e-09,-2.35698,-0.000158744,2.49841e-08,-3.99077e-08,-8.98051e-06,0.00168106,-2.66651e-07,4.25656e-07,0.000108683
602,0.602,0.52,1.28525,-0.297574,-1.5798,-9.45208e-10,4.26205e-09,0.777177,-2.31501e-09,3.70125e-09,-2.35698,-0.000157072,2.47189e-08,-3.94843e-08,-8.87247e-06,0.00166335,-2.63822e-07,4.21141e-07,0.000107399
603,0.603,0.52,1.28525,-0.297574,-1.5798,-9.35194e-10,4.21681e-09,0.777177,-2.29043e-09,3.66197e-09,-2.35698,-0.000155418,2.44565e-08,-3.90654e-08,-8.76571e-06,0.00164583,-2.61023e-07,4.16674e-07,0.00010613
604,0.604,0.52,1.28525,-0.297574,-1.5798,-9.25286e-10,4.17205e-09,0.777177,-2.2661e-09,3.62311e-09,-2.35698,-0.00015378,2.41968e-08,-3.86509e-08,-8.66021e-06,0.00162849,-2.58254e-07,4.12254e-07,0.000104876
605,0.605,0.52,1.28525,-0.297574,-1.57981,-9.15482e-10,4.12776e-09,0.777177,-2.24203e-09,3.58467e-09,-2.35698,-0.000152161,2.39399e-08,-3.82409e-08,-8.55595e-06,0.00161134,-2.55514e-07,4.07881e-07,0.000103636
606,0.606,0.52,1.28525,-0.297574,-1.57981,-9.05783e-10,4.08395e-09,0.777177,-2.21822e-09,3.54663e-09,-2.35698,-0.000150558,2.36858e-08,-3.78352e-08,-8.45293e-06,0.00159436,-2.52803e-07,4.03554e-07,0.000102411
607,0.607,0.52,1.28525,-0.297574,-1.57981,-8.96186e-10,4.0406e-09,0.777177,-2.19466e-09,3.509e-09,-2.35698,-0.000148972,2.34343e-08,-3.74337e-08,-8.35113e-06,0.00157757,-2.50121e-07,3.99274e-07,0.0001012
608,0.608,0.52,1.28525,-0.297575,-1.57981,-8.86692e-10,3.99771e-09,0.777177,-2.17135e-09,3.47176e-09,-2.35698,-0.000147403,2.31855e-08,-3.70366e-08,-8.25053e-06,0.00156095,-2.47468e-07,3.95038e-07,0.000100004
609,0.609,0.52,1.28525,-0.297575,-1.57981,-8.77297e-10,3.95527e-09,0.777176,-2.14829e-09,3.43492e-09,-2.35698,-0.00014585,2.29394e-08,-3.66437e-08,-8.15111e-06,0.0015445,-2.44842e-07,3.90848e-07,9.88209e-05
610,0.61,0.52,1.28525,-0.297575,-1.57981,-8.68003e-10,3.91329e-09,0.777176,-2.12547e-09,3.39847e-09,-2.35698,-0.000144313,2.26958e-08,-3.62549e-08,-8.05288e-06,0.00152823,-2.42244e-07,3.86702e-07,9.7652e-05
611,0.611,0.52,1.28525,-0.297575,-1.57981,-8.58807e-10,3.87175e-09,0.777176,-2.1029e-09,3.36241e-09,-2.35698,-0.000142793,2.24549e-08,-3.58702e-08,-7.95581e-06,0.00151214,-2.39674e-07,3.826e-07,9.64967e-05
612,0.612,0.52,1.28525,-0.297575,-1.57981,-8.49708e-10,3.83065e-09,0.777176,-2.08056e-09,3.32673e-09,-2.35698,-0.000141289,2.22165e-08,-3.54897e-08,-7.85988e-06,0.00149621,-2.37131e-07,3.78541e-07,9.53548e-05
613,0.613,0.52,1.28525,-0.297575,-1.57981,-8.40706e-10,3.78998e-09,0.777176,-2.05846e-09,3.29143e-09,-2.35698,-0.000139801,2.19806e-08,-3.51131e-08,-7.76509e-06,0.00148044,-2.34615e-07,3.74526e-07,9.42263e-05
614,0.614,0.52,1.28525,-0.297575,-1.57981,-8.31799e-10,3.74975e-09,0.777176,-2.0366e-09,3.2565e-09,-2.35698,-0.000138328,2.17472e-08,-3.47406e-08,-7.67142e-06,0.00146485,-2.32126e-07,3.70553e-07,9.3111e-05
615,0.615,0.52,1.28525,-0.297575,-1.57981,-8.22986e-10,3.70995e-09,0.777176,-2.01497e-09,3.22195e-09,-2.35698,-0.000136871,2.15164e-08,-3.4372e-08,-7.57887e-06,0.00144942,-2.29663e-07,3.66622e-07,9.20086e-05
616,0.616,0.52,1.28525,-0.297575,-1.57981,-8.14267e-10,3.67057e-09,0.777175,-1.99356e-09,3.18776e-09,-2.35698,-0.000135429,2.12879e-08,-3.40073e-08,-7.4874e-06,0.00143415,-2.27226e-07,3.62733e-07,9.09192e-05
617,0.617,0.52,1.28525,-0.297575,-1.57981,-8.05641e-10,3.6316e-09,0.777175,-1.97239e-09,3.15393e-09,-2.35698,-0.000134003,2.10619e-08,-3.36465e-08,-7.39702e-06,0.00141904,-2.24815e-07,3.58885e-07,8.98424e-05
618,0.618,0.52,1.28525,-0.297575,-1.57981,-7.97106e-10,3.59305e-09,0.777175,-1.95144e-09,3.12046e-09,-2.35698,-0.000132591,2.08383e-08,-3.32896e-08,-7.30771e-06,0.00140409,-2.2243e-07,3.55078e-07,8.87782e-05
619,0.619,0.52,1.28525,-0.297575,-1.57981,-7.88661e-10,3.55491e-09,0.777175,-1.93071e-09,3.08735e-09,-2.35698,-0.000131195,2.0617e-08,-3.29364e-08,-7.21946e-06,0.0013893,-2.20069e-07,3.51312e-07,8.77264e-05
620,0.62,0.52,1.28525,-0.297575,-1.57981,-7.80305e-10,3.51717e-09,0.777175,-1.91021e-09,3.05459e-09,-2.35698,-0.000129813,2.03981e-08,-3.25869e-08,-7.13226e-06,0.00137467,-2.17734e-07,3.47585e-07,8.66869e-05
621,0.621,0.52,1.28525,-0.297575,-1.57981,-7.72039e-10,3.47984e-09,0.777175,-1.88992e-09,3.02218e-09,-2.35698,-0.000128445,2.01816e-08,-3.22412e-08,-7.04608e-06,0.00136019,-2.15424e-07,3.43898e-07,8.56596e-05
622,0.622,0.52,1.28525,-0.297576,-1.57981,-7.6386e-10,3.4429e-09,0.777175,-1.86984e-09,2.99011e-09,-2.35698,-0.000127092,1.99673e-08,-3.18991e-08,-6.96093e-06,0.00134586,-2.13138e-07,3.4025e-07,8.46442e-05
623,0.623,0.52,1.28525,-0.297576,-1.57981,-7.55767e-10,3.40635e-09,0.777174,-1.84998e-09,2.95838e-09,-2.35698,-0.000125753,1.97553e-08,-3.15607e-08,-6.87679e-06,0.00133168,-2.10876e-07,3.3664e-07,8.36407e-05
624,0.624,0.52,1.28525,-0.297576,-1.57981,-7.4776e-10,3.37019e-09,0.777174,-1.83033e-09,2.92698e-09,-2.35698,-0.000124429,1.95455e-08,-3.12258e-08,-6.79365e-06,0.00131765,-2.08638e-07,3.33069e-07,8.26489e-05
625,0.625,0.52,1.28525,-0.297576,-1.57981,-7.39839e-10,3.33442e-09,0.777174,-1.81089e-09,2.89592e-09,-2.35698,-0.000123118,1.9338e-08,-3.08945e-08,-6.71149e-06,0.00130377,-2.06424e-07,3.29536e-07,8.16687e-05
626,0.626,0.52,1.28525,-0.297576,-1.57981,-7.32001e-10,3.29902e-09,0.777174,-1.79165e-09,2.86519e-09,-2.35698,-0.000121821,1.91327e-08,-3.05667e-08,-6.63031e-06,0.00129004,-2.04234e-07,3.2604e-07,8.07e-05
627,0.627,0.52,1.28525,-0.297576,-1.57981,-7.24246e-10,3.264e-09,0.777174,-1.77262e-09,2.83479e-09,-2.35698,-0.000120538,1.89295e-08,-3.02424e-08,-6.55009e-06,0.00127645,-2.02067e-07,3.22582e-07,7.97425e-05
628,0.628,0.52,1.28525,-0.297576,-1.57981,-7.16573e-10,3.22935e-09,0.777174,-1.75379e-09,2.80471e-09,-2.35698,-0.000119268,1.87285e-08,-2.99216e-08,-6.47082e-06,0.001263,-1.99922e-07,3.1916e-07,7.87963e-05
629,0.629,0.52,1.28525,-0.297576,-1.57981,-7.08982e-10,3.19507e-09,0.777174,-1.73516e-09,2.77494e-09,-2.35698,-0.000118012,1.85297e-08,-2.96041e-08,-6.39249e-06,0.0012497,-1.97801e-07,3.15774e-07,7.78611e-05
630,0.63,0.52,1.28525,-0.297576,-1.57981,-7.01471e-10,3.16115e-09,0.777174,-1.71673e-09,2.7455e-09,-2.35698,-0.000116769,1.83329e-08,-2.929e-08,-6.31509e-06,0.00123653,-1.95702e-07,3.12424e-07,7.69369e-05
631,0.631,0.52,1.28525,-0.297576,-1.57981,-6.94039e-10,3.12759e-09,0.777174,-1.6985e-09,2.71636e-09,-2.35698,-0.000115539,1.81382e-08,-2.89792e-08,-6.23861e-06,0.00122351,-1.93625e-07,3.0911e-07,7.60235e-05
632,0.632,0.52,1.28525,-0.297576,-1.57981,-6.86687e-10,3.09439e-09,0.777173,-1.68046e-09,2.68754e-09,-2.35698,-0.000114322,1.79456e-08,-2.86718e-08,-6.16304e-06,0.00121062,-1.9157e-07,3.05831e-07,7.51207e-05
633,0.633,0.52,1.28525,-0.297576,-1.57981,-6.79412e-10,3.06154e-09,0.777173,-1.66261e-09,2.65902e-09,-2.35698,-0.000113117,1.77551e-08,-2.83676e-08,-6.08837e-06,0.00119787,-1.89537e-07,3.02586e-07,7.42285e-05
634,0.634,0.52,1.28525,-0.297576,-1.57981,-6.72215e-10,3.02904e-09,0.777173,-1.64495e-09,2.6308e-09,-2.35698,-0.000111926,1.75666e-08,-2.80666e-08,-6.01458e-06,0.00118525,-1.87525e-07,2.99376e-07,7.33468e-05
635,0.635,0.52,1.28525,-0.297576,-1.57981,-6.65093e-10,2.99689e-09,0.777173,-1.62747e-09,2.60288e-09,-2.35698,-0.000110747,1.738e-08,-2.77688e-08,-5.94167e-06,0.00117276,-1.85535e-07,2.96201e-07,7.24753e-05
636,0.636,0.52,1.28525,-0.297576,-1.57981,-6.58047e-10,2.96507e-09,0.777173,-1.61018e-09,2.57526e-09,-2.35698,-0.00010958,1.71955e-08,-2.74742e-08,-5.86963e-06,0.00116041,-1.83566e-07,2.93058e-07,7.16141e-05
637,0.637,0.52,1.28525,-0.297576,-1.57981,-6.51076e-10,2.93359e-09,0.777173,-1.59308e-09,2.54793e-09,-2.35698,-0.000108426,1.70129e-08,-2.71827e-08,-5.79844e-06,0.00114818,-1.81618e-07,2.8995e-07,7.07629e-05
638,0.638,0.52,1.28525,-0.297577,-1.57981,-6.44179e-10,2.90245e-09,0.777173,-1.57616e-09,2.5209e-09,-2.35698,-0.000107284,1.68322e-08,-2.68943e-08,-5.7281e-06,0.00113609,-1.7969e-07,2.86874e-07,6.99217e-05
639,0.639,0.52,1.28525,-0.297577,-1.57981,-6.37355e-10,2.87164e-09,0.777173,-1.55942e-09,2.49415e-09,-2.35698,-0.000106154,1.66535e-08,-2.66089e-08,-5.65859e-06,0.00112412,-1.77783e-07,2.8383e-07,6.90904e-05
640,0.64,0.52,1.28525,-0.297577,-1.57981,-6.30603e-10,2.84115e-09,0.777173,-1.54285e-09,2.46768e-09,-2.35698,-0.000105036,1.64767e-08,-2.63266e-08,-5.58991e-06,0.00111228,-1.75897e-07,2.80819e-07,6.82687e-05
641,0.641,0.52,1.28525,-0.297577,-1.57981,-6.23922e-10,2.81099e-09,0.777172,-1.52646e-09,2.44149e-09,-2.35698,-0.000103929,1.63017e-08,-2.60473e-08,-5.52205e-06,0.00110056,-1.7403e-07,2.7784e-07,6.74567e-05
642,0.642,0.52,1.28525,-0.297577,-1.57981,-6.17313e-10,2.78115e-09,0.777172,-1.51025e-09,2.41558e-09,-2.35698,-0.000102834,1.61286e-08,-2.57709e-08,-5.455e-06,0.00108897,-1.72183e-07,2.74893e-07,6.66542e-05
643,0.643,0.52,1.28525,-0.297577,-1.57981,-6.10773e-10,2.75163e-09,0.777172,-1.4942e-09,2.38995e-09,-2.35698,-0.000101751,1.59573e-08,-2.54975e-08,-5.38874e-06,0.0010775,-1.70355e-07,2.71977e-07,6.58611e-05
644,0.644,0.52,1.28525,-0.297577,-1.57981,-6.04303e-10,2.72242e-09,0.777172,-1.47833e-09,2.36459e-09,-2.35698,-0.000100679,1.57879e-08,-2.52269e-08,-5.32327e-06,0.00106615,-1.68547e-07,2.69091e-07,6.50773e-05
645,0.645,0.52,1.28525,-0.297577,-1.57981,-5.97901e-10,2.69351e-09,0.777172,-1.46263e-09,2.33949e-09,-2.35698,-9.96189e-05,1.56202e-08,-2.49593e-08,-5.25858e-06,0.00105492,-1.66758e-07,2.66237e-07,6.43027e-05
646,0.646,0.52,1.28525,-0.297577,-1.57981,-5.91567e-10,2.66492e-09,0.777172,-1.44709e-09,2.31467e-09,-2.35698,-9.85695e-05,1.54544e-08,-2.46945e-08,-5.19466e-06,0.0010438,-1.64988e-07,2.63412e-07,6.35372e-05
647,0.647,0.52,1.28525,-0.297577,-1.57981,-5.853e-10,2.63663e-09,0.777172,-1.43172e-09,2.2901e-09,-2.35698,-9.75312e-05,1.52903e-08,-2.44324e-08,-5.13151e-06,0.00103281,-1.63237e-07,2.60618e-07,6.27806e-05
648,0.648,0.52,1.28525,-0.297577,-1.57981,-5.791e-10,2.60864e-09,0.777172,-1.41651e-09,2.2658e-09,-2.35698,-9.65039e-05,1.51279e-08,-2.41732e-08,-5.0691e-06,0.00102193,-1.61504e-07,2.57853e-07,6.20329e-05
649,0.649,0.52,1.28525,-0.297577,-1.57981,-5.72965e-10,2.58094e-09,0.777172,-1.40146e-09,2.24176e-09,-2.35698,-9.54873e-05,1.49672e-08,-2.39167e-08,-5.00744e-06,0.00101116,-1.5979e-07,2.55118e-07,6.1294e-05
650,0.65,0.52,1.28525,-0.297577,-1.57981,-5.66896e-10,2.55354e-09,0.777172,-1.38657e-09,2.21797e-09,-2.35698,-9.44815e-05,1.48083e-08,-2.3663e-08,-4.94651e-06,0.00100051,-1.58094e-07,2.52411e-07,6.05637e-05
651,0.651,0.52,1.28525,-0.297577,-1.57981,-5.6089e-10,2.52644e-09,0.777171,-1.37184e-09,2.19443e-09,-2.35698,-9.34863e-05,1.4651e-08,-2.34119e-08,-4.88631e-06,0.000989974,-1.56416e-07,2.49734e-07,5.9842e-05
652,0.652,0.52,1.28525,-0.297577,-1.57981,-5.54948e-10,2.49961e-09,0.777171,-1.35727e-09,2.17114e-09,-2.35698,-9.25015e-05,1.44955e-08,-2.31635e-08,-4.82682e-06,0.000979545,-1.54756e-07,2.47084e-07,5.91287e-05
653,0.653,0.52,1.28525,-0.297577,-1.57981,-5.4907e-10,2.47308e-09,0.777171,-1.34285e-09,2.1481e-09,-2.35698,-9.15271e-05,1.43415e-08,-2.29177e-08,-4.76805e-06,0.000969227,-1.53113e-07,2.44463e-07,5.84238e-05
654,0.654,0.52,1.28525,-0.297577,-1.57981,-5.43253e-10,2.44682e-09,0.777171,-1.32859e-09,2.12531e-09,-2.35698,-9.0563e-05,1.41892e-08,-2.26746e-08,-4.70997e-06,0.000959017,-1.51488e-07,2.4187e-07,5.77272e-05
655,0.655,0.52,1.28525,-0.297577,-1.57981,-5.37498e-10,2.42085e-09,0.777171,-1.31447e-09,2.10275e-09,-2.35698,-8.96091e-05,1.40385e-08,-2.2434e-08,-4.65259e-06,0.000948915,-1.4988e-07,2.39304e-07,5.70388e-05
656,0.656,0.52,1.28525,-0.297577,-1.57981,-5.31804e-10,2.39515e-09,0.777171,-1.30051e-09,2.08044e-09,-2.35698,-8.86652e-05,1.38895e-08,-2.21959e-08,-4.59589e-06,0.000938919,-1.48289e-07,2.36765e-07,5.63584e-05
657,0.657,0.52,1.28525,-0.297578,-1.57981,-5.26171e-10,2.36972e-09,0.777171,-1.28669e-09,2.05836e-09,-2.35698,-8.77312e-05,1.3742e-08,-2.19604e-08,-4.53987e-06,0.000929028,-1.46715e-07,2.34253e-07,5.5686e-05
658,0.658,0.52,1.28525,-0.297578,-1.57981,-5.20597e-10,2.34456e-09,0.777171,-1.27303e-09,2.03651e-09,-2.35698,-8.68071e-05,1.3596e-08,-2.17274e-08,-4.48452e-06,0.000919242,-1.45158e-07,2.31768e-07,5.50216e-05
659,0.659,0.52,1.28525,-0.297578,-1.57981,-5.15082e-10,2.31967e-09,0.777171,-1.2595e-09,2.0149e-09,-2.35698,-8.58927e-05,1.34516e-08,-2.14969e-08,-4.42982e-06,0.000909558,-1.43617e-07,2.29309e-07,5.43649e-05
660,0.66,0.52,1.28525,-0.297578,-1.57981,-5.09625e-10,2.29504e-09,0.777171,-1.24612e-09,1.99352e-09,-2.35698,-8.49879e-05,1.33088e-08,-2.12688e-08,-4.37578e-06,0.000899977,-1.42092e-07,2.26877e-07,5.37159e-05
661,0.661,0.52,1.28525,-0.297578,-1.57981,-5.04227e-10,2.27068e-09,0.777171,-1.23288e-09,1.97236e-09,-2.35698,-8.40927e-05,1.31675e-08,-2.10431e-08,-4.32239e-06,0.000890497,-1.40584e-07,2.2447e-07,5.30745e-05
662,0.662,0.52,1.28525,-0.297578,-1.57981,-4.98885e-10,2.24657e-09,0.77717,-1.21979e-09,1.95143e-09,-2.35698,-8.32069e-05,1.30276e-08,-2.08198e-08,-4.26963e-06,0.000881116,-1.39092e-07,2.22088e-07,5.24407e-05
663,0.663,0.52,1.28525,-0.297578,-1.57981,-4.93601e-10,2.22272e-09,0.77717,-1.20683e-09,1.93072e-09,-2.35698,-8.23304e-05,1.28893e-08,-2.05989e-08,-4.21751e-06,0.000871835,-1.37615e-07,2.19732e-07,5.18144e-05
664,0.664,0.52,1.28525,-0.297578,-1.57981,-4.88372e-10,2.19912e-09,0.77717,-1.19401e-09,1.91023e-09,-2.35698,-8.14632e-05,1.27524e-08,-2.03804e-08,-4.166e-06,0.000862651,-1.36154e-07,2.17401e-07,5.11953e-05
665,0.665,0.52,1.28525,-0.297578,-1.57981,-4.83198e-10,2.17578e-09,0.77717,-1.18132e-09,1.88996e-09,-2.35698,-8.06051e-05,1.26169e-08,-2.01641e-08,-4.11511e-06,0.000853564,-1.34709e-07,2.15095e-07,5.05836e-05
666,0.666,0.52,1.28525,-0.297578,-1.57981,-4.7808e-10,2.15268e-09,0.77717,-1.16877e-09,1.86991e-09,-2.35698,-7.9756e-05,1.2483e-08,-1.99502e-08,-4.06483e-06,0.000844572,-1.33279e-07,2.12813e-07,4.99791e-05
667,0.667,0.52,1.28525,-0.297578,-1.57981,-4.73015e-10,2.12982e-09,0.77717,-1.15636e-09,1.85006e-09,-2.35698,-7.89159e-05,1.23504e-08,-1.97385e-08,-4.01515e-06,0.000835675,-1.31864e-07,2.10555e-07,4.93816e-05
668,0.668,0.52,1.28525,-0.297578,-1.57981,-4.68005e-10,2.10721e-09,0.77717,-1.14407e-09,1.83043e-09,-2.35698,-7.80847e-05,1.22192e-08,-1.95291e-08,-3.96607e-06,0.000826873,-1.30464e-07,2.08321e-07,4.87912e-05
669,0.669,0.52,1.28525,-0.297578,-1.57981,-4.63047e-10,2.08484e-09,0.77717,-1.13192e-09,1.811e-09,-2.35698,-7.72621e-05,1.20895e-08,-1.93218e-08,-3.91757e-06,0.000818162,-1.29079e-07,2.06111e-07,4.82077e-05
670,0.67,0.52,1.28525,-0.297578,-1.57981,-4.58142e-10,2.06271e-09,0.77717,-1.11989e-09,1.79178e-09,-2.35698,-7.64483e-05,1.19611e-08,-1.91168e-08,-3.86965e-06,0.000809544,-1.27709e-07,2.03925e-07,4.76311e-05
671,0.671,0.52,1.28525,-0.297578,-1.57981,-4.53289e-10,2.04081e-09,0.77717,-1.108e-09,1.77277e-09,-2.35698,-7.5643e-05,1.1834e-08,-1.8914e-08,-3.8223e-06,0.000801016,-1.26353e-07,2.01761e-07,4.70613e-05
672,0.672,0.52,1.28525,-0.297578,-1.57981,-4.48487e-10,2.01914e-09,0.77717,-1.09622e-09,1.75395e-09,-2.35698,-7.48462e-05,1.17083e-08,-1.87133e-08,-3.77552e-06,0.000792578,-1.25012e-07,1.99621e-07,4.64981e-05
673,0.673,0.52,1.28525,-0.297578,-1.57981,-4.43736e-10,1.9977e-09,0.77717,-1.08458e-09,1.73534e-09,-2.35698,-7.40578e-05,1.1584e-08,-1.85147e-08,-3.7293e-06,0.000784229,-1.23685e-07,1.97503e-07,4.59416e-05
674,0.674,0.52,1.28525,-0.297578,-1.57981,-4.39035e-10,1.97649e-09,0.77717,-1.07306e-09,1.71692e-09,-2.35698,-7.32777e-05,1.1461e-08,-1.83183e-08,-3.68364e-06,0.000775968,-1.22372e-07,1.95408e-07,4.53917e-05
675,0.675,0.52,1.28525,-0.297578,-1.57981,-4.34385e-10,1.95551e-09,0.777169,-1.06166e-09,1.6987e-09,-2.35698,-7.25059e-05,1.13393e-08,-1.81239e-08,-3.63852e-06,0.000767794,-1.21073e-07,1.93335e-07,4.48482e-05
676,0.676,0.52,1.28525,-0.297578,-1.57981,-4.29783e-10,1.93475e-09,0.777169,-1.05038e-09,1.68068e-09,-2.35698,-7.17421e-05,1.12188e-08,-1.79316e-08,-3.59394e-06,0.000759706,-1.19787e-07,1.91284e-07,4.43111e-05
677,0.677,0.52,1.28525,-0.297578,-1.57981,-4.2523e-10,1.91421e-09,0.777169,-1.03922e-09,1.66284e-09,-2.35698,-7.09864e-05,1.10997e-08,-1.77413e-08,-3.54989e-06,0.000751704,-1.18516e-07,1.89254e-07,4.37803e-05
678,0.678,0.52,1.28525,-0.297578,-1.57981,-4.20726e-10,1.89388e-09,0.777169,-1.02818e-09,1.64519e-09,-2.35698,-7.02387e-05,1.09818e-08,-1.75531e-08,-3.50638e-06,0.000743785,-1.17258e-07,1.87246e-07,4.32558e-05
679,0.679,0.52,1.28525,-0.297578,-1.57981,-4.16269e-10,1.87378e-09,0.777169,-1.01725e-09,1.62773e-09,-2.35698,-6.94988e-05,1.08652e-08,-1.73668e-08,-3.46338e-06,0.00073595,-1.16013e-07,1.8526e-07,4.27375e-05
680,0.68,0.52,1.28525,-0.297578,-1.57981,-4.1186e-10,1.85388e-09,0.777169,-1.00645e-09,1.61046e-09,-2.35698,-6.87668e-05,1.07498e-08,-1.71826e-08,-3.4209e-06,0.000728198,-1.14781e-07,1.83295e-07,4.22252e-05
681,0.681,0.52,1.28525,-0.297578,-1.57981,-4.07497e-10,1.8342e-09,0.777169,-9.95754e-10,1.59337e-09,-2.35698,-6.80424e-05,1.06356e-08,-1.70002e-08,-3.37893e-06,0.000720527,-1.13562e-07,1.8135e-07,4.1719e-05
682,0.682,0.52,1.28525,-0.297579,-1.57981,-4.0318e-10,1.81473e-09,0.777169,-9.85175e-10,1.57646e-09,-2.35698,-6.73257e-05,1.05226e-08,-1.68199e-08,-3.33746e-06,0.000712937,-1.12357e-07,1.79426e-07,4.12188e-05
683,0.683,0.52,1.28525,-0.297579,-1.57981,-3.98909e-10,1.79546e-09,0.777169,-9.74708e-10,1.55973e-09,-2.35698,-6.66165e-05,1.04109e-08,-1.66414e-08,-3.29649e-06,0.000705427,-1.11164e-07,1.77522e-07,4.07245e-05
684,0.684,0.52,1.28525,-0.297579,-1.57981,-3.94684e-10,1.7764e-09,0.777169,-9.64352e-10,1.54317e-09,-2.35698,-6.59148e-05,1.03003e-08,-1.64648e-08,-3.25601e-06,0.000697996,-1.09984e-07,1.75639e-07,4.0236e-05
685,0.685,0.52,1.28525,-0.297579,-1.57981,-3.90503e-10,1.75754e-09,0.777169,-9.54107e-10,1.5268e-09,-2.35698,-6.52205e-05,1.01909e-08,-1.62901e-08,-3.21601e-06,0.000690644,-1.08816e-07,1.73776e-07,3.97532e-05
686,0.686,0.52,1.28525,-0.297579,-1.57981,-3.86366e-10,1.73888e-09,0.777169,-9.4397e-10,1.51059e-09,-2.35698,-6.45335e-05,1.00827e-08,-1.61172e-08,-3.1765e-06,0.000683368,-1.07661e-07,1.71932e-07,3.92761e-05
687,0.687,0.52,1.28525,-0.297579,-1.57981,-3.82273e-10,1.72041e-09,0.777169,-9.33941e-10,1.49456e-09,-2.35698,-6.38537e-05,9.97557e-09,-1.59462e-08,-3.13746e-06,0.00067617,-1.06518e-07,1.70108e-07,3.88047e-05
688,0.688,0.52,1.28525,-0.297579,-1.57981,-3.78224e-10,1.70215e-09,0.777169,-9.24019e-10,1.4787e-09,-2.35698,-6.31811e-05,9.86962e-09,-1.5777e-08,-3.09889e-06,0.000669047,-1.05387e-07,1.68303e-07,3.83388e-05
689,0.689,0.52,1.28525,-0.297579,-1.57981,-3.74217e-10,1.68408e-09,0.777169,-9.14202e-10,1.46301e-09,-2.35698,-6.25156e-05,9.76479e-09,-1.56096e-08,-3.06078e-06,0.000662,-1.04268e-07,1.66518e-07,3.78784e-05
690,0.69,0.52,1.28525,-0.297579,-1.57981,-3.70253e-10,1.6662e-09,0.777168,-9.04489e-10,1.44748e-09,-2.35698,-6.18571e-05,9.66108e-09,-1.5444e-08,-3.02313e-06,0.000655026,-1.03161e-07,1.64751e-07,3.74235e-05
691,0.691,0.52,1.28525,-0.297579,-1.57981,-3.66331e-10,1.64851e-09,0.777168,-8.94879e-10,1.43212e-09,-2.35698,-6.12055e-05,9.55847e-09,-1.52801e-08,-2.98593e-06,0.000648126,-1.02066e-07,1.63003e-07,3.69739e-05
692,0.692,0.52,1.28525,-0.297579,-1.57981,-3.62451e-10,1.631e-09,0.777168,-8.85371e-10,1.41692e-09,-2.35698,-6.05608e-05,9.45695e-09,-1.5118e-08,-2.94918e-06,0.000641299,-1.00982e-07,1.61274e-07,3.65296e-05
693,0.693,0.52,1.28525,-0.297579,-1.57981,-3.58611e-10,1.61369e-09,0.777168,-8.75965e-10,1.40188e-09,-2.35698,-5.99229e-05,9.3565e-09,-1.49576e-08,-2.91287e-06,0.000634544,-9.99098e-08,1.59563e-07,3.60906e-05
694,0.694,0.52,1.28525,-0.297579,-1.57981,-3.54813e-10,1.59655e-09,0.777168,-8.66658e-10,1.387e-09,-2.35698,-5.92917e-05,9.25712e-09,-1.47988e-08,-2.877e-06,0.000627859,-9.8849e-08,1.5787e-07,3.56567e-05
695,0.695,0.52,1.28525,-0.297579,-1.57981,-3.51054e-10,1.5796e-09,0.777168,-8.5745e-10,1.37228e-09,-2.35698,-5.86672e-05,9.1588e-09,-1.46418e-08,-2.84156e-06,0.000621246,-9.77994e-08,1.56195e-07,3.5228e-05
696,0.696,0.52,1.28525,-0.297579,-1.57981,-3.47335e-10,1.56283e-09,0.777168,-8.4834e-10,1.35772e-09,-2.35698,-5.80492e-05,9.06152e-09,-1.44864e-08,-2.80654e-06,0.000614701,-9.67611e-08,1.54538e-07,3.48044e-05
697,0.697,0.52,1.28525,-0.297579,-1.57981,-3.43656e-10,1.54624e-09,0.777168,-8.39327e-10,1.34331e-09,-2.35698,-5.74377e-05,8.96527e-09,-1.43327e-08,-2.77195e-06,0.000608226,-9.57337e-08,1.52898e-07,3.43857e-05
698,0.698,0.52,1.28525,-0.297579,-1.57981,-3.40016e-10,1.52982e-09,0.777168,-8.30409e-10,1.32905e-09,-2.35698,-5.68327e-05,8.87005e-09,-1.41806e-08,-2.73777e-06,0.000601819,-9.47172e-08,1.51276e-07,3.3972e-05
699,0.699,0.52,1.28525,-0.297579,-1.57981,-3.36414e-10,1.51358e-09,0.777168,-8.21586e-10,1.31495e-09,-2.35698,-5.62341e-05,8.77584e-09,-1.40302e-08,-2.704e-06,0.00059548,-9.37116e-08,1.49671e-07,3.35631e-05
700,0.7,0.52,1.28525,-0.297579,-1.57981,-3.3285e-10,1.49751e-09,0.777168,-8.12857e-10,1.30099e-09,-2.35698,-5.56417e-05,8.68262e-09,-1.38813e-08,-2.67064e-06,0.000589207,-9.27165e-08,1.48083e-07,3.31591e-05
701,0.701,0.52,1.28525,-0.297579,-1.57981,-3.29325e-10,1.48161e-09,0.777168,-8.04221e-10,1.28719e-09,-2.35698,-5.50556e-05,8.5904e-09,-1.3734e-08,-2.63768e-06,0.000583001,-9.17321e-08,1.46512e-07,3.27599e-05
702,0.702,0.52,1.28525,-0.297579,-1.57981,-3.25836e-10,1.46588e-09,0.777168,-7.95676e-10,1.27352e-09,-2.35698,-5.44757e-05,8.49915e-09,-1.35883e-08,-2.60512e-06,0.000576859,-9.07581e-08,1.44958e-07,3.23654e-05
703,0.703,0.52,1.28525,-0.297579,-1.57981,-3.22385e-10,1.45031e-09,0.777168,-7.87222e-10,1.26001e-09,-2.35698,-5.39019e-05,8.40888e-09,-1.34441e-08,-2.57295e-06,0.000570783,-8.97945e-08,1.4342e-07,3.19756e-05
704,0.704,0.52,1.28525,-0.297579,-1.57981,-3.1897e-10,1.43491e-09,0.777168,-7.78858e-10,1.24664e-09,-2.35698,-5.33341e-05,8.31956e-09,-1.33014e-08,-2.54117e-06,0.00056477,-8.8841e-08,1.41898e-07,3.15904e-05
705,0.705,0.52,1.28525,-0.297579,-1.57982,-3.15591e-10,1.41968e-09,0.777168,-7.70583e-10,1.2334e-09,-2.35698,-5.27723e-05,8.23119e-09,-1.31603e-08,-2.50977e-06,0.000558821,-8.78977e-08,1.40393e-07,3.12097e-05
706,0.706,0.52,1.28525,-0.297579,-1.57982,-3.12248e-10,1.40461e-09,0.777168,-7.62395e-10,1.22031e-09,-2.35698,-5.22165e-05,8.14376e-09,-1.30206e-08,-2.47874e-06,0.000552935,-8.69644e-08,1.38903e-07,3.08335e-05
707,0.707,0.52,1.28525,-0.297579,-1.57982,-3.0894e-10,1.38969e-09,0.777167,-7.54295e-10,1.20736e-09,-2.35698,-5.16665e-05,8.05726e-09,-1.28825e-08,-2.4481e-06,0.00054711,-8.6041e-08,1.3743e-07,3.04618e-05
708,0.708,0.52,1.28525,-0.297579,-1.57982,-3.05668e-10,1.37494e-09,0.777167,-7.46281e-10,1.19455e-09,-2.35698,-5.11222e-05,7.97168e-09,-1.27458e-08,-2.41782e-06,0.000541347,-8.51274e-08,1.35972e-07,3.00945e-05
709,0.709,0.52,1.28525,-0.297579,-1.57982,-3.0243e-10,1.36034e-09,0.777167,-7.38351e-10,1.18187e-09,-2.35698,-5.05837e-05,7.887e-09,-1.26105e-08,-2.38791e-06,0.000535645,-8.42235e-08,1.34529e-07,2.97315e-05
710,0.71,0.52,1.28525,-0.297579,-1.57982,-2.99226e-10,1.34589e-09,0.777167,-7.30506e-10,1.16933e-09,-2.35698,-5.00509e-05,7.80323e-09,-1.24767e-08,-2.35836e-06,0.000530002,-8.33292e-08,1.33102e-07,2.93728e-05
711,0.711,0.52,1.28525,-0.297579,-1.57982,-2.96056e-10,1.3316e-09,0.777167,-7.22745e-10,1.15692e-09,-2.35698,-4.95237e-05,7.72034e-09,-1.23443e-08,-2.32916e-06,0.000524419,-8.24443e-08,1.3169e-07,2.90184e-05
712,0.712,0.52,1.28525,-0.297579,-1.57982,-2.9292e-10,1.31746e-09,0.777167,-7.15065e-10,1.14464e-09,-2.35698,-4.90021e-05,7.63834e-09,-1.22133e-08,-2.30032e-06,0.000518895,-8.15689e-08,1.30292e-07,2.86681e-05
713,0.713,0.52,1.28525,-0.297579,-1.57982,-2.89817e-10,1.30348e-09,0.777167,-7.07468e-10,1.13249e-09,-2.35698,-4.84859e-05,7.5572e-09,-1.20837e-08,-2.27182e-06,0.000513429,-8.07028e-08,1.2891e-07,2.83221e-05
714,0.714,0.52,1.28525,-0.297579,-1.57982,-2.86747e-10,1.28964e-09,0.777167,-6.99951e-10,1.12047e-09,-2.35698,-4.79752e-05,7.47693e-09,-1.19555e-08,-2.24367e-06,0.000508021,-7.98459e-08,1.27542e-07,2.79801e-05
715,0.715,0.52,1.28525,-0.29758,-1.57982,-2.8371e-10,1.27594e-09,0.777167,-6.92513e-10,1.10858e-09,-2.35698,-4.74698e-05,7.39751e-09,-1.18286e-08,-2.21586e-06,0.000502669,-7.8998e-08,1.26189e-07,2.76421e-05
716,0.716,0.52,1.28525,-0.29758,-1.57982,-2.80705e-10,1.2624e-09,0.777167,-6.85155e-10,1.09681e-09,-2.35698,-4.69698e-05,7.31893e-09,-1.17031e-08,-2.18839e-06,0.000497374,-7.81592e-08,1.2485e-07,2.73082e-05
717,0.717,0.52,1.28525,-0.29758,-1.57982,-2.77731e-10,1.24899e-09,0.777167,-6.77875e-10,1.08517e-09,-2.35698,-4.64751e-05,7.24119e-09,-1.15789e-08,-2.16124e-06,0.000492135,-7.73292e-08,1.23526e-07,2.69782e-05
718,0.718,0.52,1.28525,-0.29758,-1.57982,-2.74789e-10,1.23573e-09,0.777167,-6.70673e-10,1.07365e-09,-2.35698,-4.59855e-05,7.16427e-09,-1.1456e-08,-2.13443e-06,0.000486951,-7.65081e-08,1.22215e-07,2.66522e-05
719,0.719,0.52,1.28525,-0.29758,-1.57982,-2.71879e-10,1.22261e-09,0.777167,-6.63546e-10,1.06226e-09,-2.35698,-4.55012e-05,7.08817e-09,-1.13345e-08,-2.10794e-06,0.000481822,-7.56956e-08,1.20918e-07,2.633e-05
720,0.72,0.52,1.28525,-0.29758,-1.57982,-2.68999e-10,1.20963e-09,0.777167,-6.56496e-10,1.05099e-09,-2.35698,-4.50219e-05,7.01287e-09,-1.12142e-08,-2.08177e-06,0.000476746,-7.48918e-08,1.19636e-07,2.60116e-05
721,0.721,0.52,1.28525,-0.29758,-1.57982,-2.66149e-10,1.19678e-09,0.777167,-6.4952e-10,1.03983e-09,-2.35698,-4.45476e-05,6.93838e-09,-1.10952e-08,-2.05591e-06,0.000471724,-7.40966e-08,1.18366e-07,2.5697e-05
722,0.722,0.52,1.28525,-0.29758,-1.57982,-2.6333e-10,1.18408e-09,0.777167,-6.42619e-10,1.02879e-09,-2.35698,-4.40784e-05,6.86468e-09,-1.09775e-08,-2.03037e-06,0.000466755,-7.33098e-08,1.1711e-07,2.53861e-05
723,0.723,0.52,1.28525,-0.29758,-1.57982,-2.6054e-10,1.1715e-09,0.777167,-6.35791e-10,1.01788e-09,-2.35698,-4.36141e-05,6.79176e-09,-1.0861e-08,-2.00514e-06,0.000461839,-7.25312e-08,1.15868e-07,2.50789e-05
724,0.724,0.52,1.28525,-0.29758,-1.57982,-2.57781e-10,1.15906e-09,0.777167,-6.29035e-10,1.00707e-09,-2.35698,-4.31547e-05,6.71961e-09,-1.07457e-08,-1.98021e-06,0.000456974,-7.1761e-08,1.14639e-07,2.47754e-05
725,0.725,0.52,1.28525,-0.29758,-1.57982,-2.5505e-10,1.14676e-09,0.777167,-6.22351e-10,9.96384e-10,-2.35698,-4.27002e-05,6.64823e-09,-1.06317e-08,-1.95559e-06,0.00045216,-7.0999e-08,1.13422e-07,2.44755e-05
726,0.726,0.52,1.28525,-0.29758,-1.57982,-2.52348e-10,1.13458e-09,0.777167,-6.15738e-10,9.85808e-10,-2.35698,-4.22504e-05,6.57761e-09,-1.05189e-08,-1.93126e-06,0.000447397,-7.02451e-08,1.12219e-07,2.41791e-05
727,0.727,0.52,1.28525,-0.29758,-1.57982,-2.49675e-10,1.12253e-09,0.777167,-6.09196e-10,9.75346e-10,-2.35698,-4.18053e-05,6.50774e-09,-1.04073e-08,-1.90723e-06,0.000442685,-6.94992e-08,1.11028e-07,2.38862e-05
728,0.728,0.52,1.28525,-0.29758,-1.57982,-2.4703e-10,1.11061e-09,0.777167,-6.02723e-10,9.64994e-10,-2.35698,-4.1365e-05,6.43861e-09,-1.02968e-08,-1.88349e-06,0.000438021,-6.87611e-08,1.0985e-07,2.35969e-05
729,0.729,0.52,1.28525,-0.29758,-1.57982,-2.44414e-10,1.09882e-09,0.777166,-5.96318e-10,9.54751e-10,-2.35698,-4.09293e-05,6.37022e-09,-1.01876e-08,-1.86003e-06,0.000433407,-6.80309e-08,1.08685e-07,2.33109e-05
730,0.73,0.52,1.28525,-0.29758,-1.57982,-2.41825e-10,1.08715e-09,0.777166,-5.89982e-10,9.44618e-10,-2.35698,-4.04982e-05,6.30255e-09,-1.00794e-08,-1.83686e-06,0.000428842,-6.73084e-08,1.07532e-07,2.30284e-05
731,0.731,0.52,1.28525,-0.29758,-1.57982,-2.39263e-10,1.07561e-09,0.777166,-5.83713e-10,9.34592e-10,-2.35698,-4.00716e-05,6.2356e-09,-9.97248e-09,-1.81398e-06,0.000424325,-6.65937e-08,1.06391e-07,2.27492e-05
732,0.732,0.52,1.28525,-0.29758,-1.57982,-2.36729e-10,1.06419e-09,0.777166,-5.77511e-10,9.24673e-10,-2.35698,-3.96495e-05,6.16936e-09,-9.86666e-09,-1.79136e-06,0.000419855,-6.58865e-08,1.05262e-07,2.24733e-05
733,0.733,0.52,1.28525,-0.29758,-1.57982,-2.34221e-10,1.05289e-09,0.777166,-5.71374e-10,9.14859e-10,-2.35698,-3.92319e-05,6.10382e-09,-9.76196e-09,-1.76903e-06,0.000415432,-6.51868e-08,1.04145e-07,2.22007e-05
734,0.734,0.52,1.28525,-0.29758,-1.57982,-2.3174e-10,1.04171e-09,0.777166,-5.65303e-10,9.05148e-10,-2.35698,-3.88186e-05,6.03898e-09,-9.65836e-09,-1.74696e-06,0.000411056,-6.44946e-08,1.0304e-07,2.19314e-05
735,0.735,0.52,1.28525,-0.29758,-1.57982,-2.29285e-10,1.03065e-09,0.777166,-5.59296e-10,8.95541e-10,-2.35698,-3.84097e-05,5.97483e-09,-9.55587e-09,-1.72516e-06,0.000406726,-6.38097e-08,1.01947e-07,2.16652e-05
736,0.736,0.52,1.28525,-0.29758,-1.57982,-2.26856e-10,1.0197e-09,0.777166,-5.53353e-10,8.86036e-10,-2.35698,-3.80051e-05,5.91136e-09,-9.45447e-09,-1.70363e-06,0.000402442,-6.3132e-08,1.00865e-07,2.14023e-05
737,0.737,0.52,1.28525,-0.29758,-1.57982,-2.24453e-10,1.00888e-09,0.777166,-5.47473e-10,8.76632e-10,-2.35698,-3.76048e-05,5.84856e-09,-9.35414e-09,-1.68236e-06,0.000398203,-6.24616e-08,9.9795e-08,2.11424e-05
738,0.738,0.52,1.28525,-0.29758,-1.57982,-2.22076e-10,9.98163e-10,0.777166,-5.41656e-10,8.67328e-10,-2.35698,-3.72087e-05,5.78643e-09,-9.25487e-09,-1.66134e-06,0.000394008,-6.17983e-08,9.87362e-08,2.08856e-05
739,0.739,0.52,1.28525,-0.29758,-1.57982,-2.19723e-10,9.87564e-10,0.777166,-5.359e-10,8.58122e-10,-2.35698,-3.68168e-05,5.72496e-09,-9.15666e-09,-1.64059e-06,0.000389858,-6.1142e-08,9.76886e-08,2.06319e-05
740,0.74,0.52,1.28525,-0.29758,-1.57982,-2.17396e-10,9.77078e-10,0.777166,-5.30205e-10,8.49014e-10,-2.35698,-3.6429e-05,5.66415e-09,-9.05949e-09,-1.62008e-06,0.000385751,-6.04927e-08,9.66521e-08,2.03812e-05
741,0.741,0.52,1.28525,-0.29758,-1.57982,-2.15093e-10,9.66703e-10,0.777166,-5.24571e-10,8.40003e-10,-2.35698,-3.60453e-05,5.60398e-09,-8.96335e-09,-1.59982e-06,0.000381688,-5.98503e-08,9.56266e-08,2.01335e-05
742,0.742,0.52,1.28525,-0.29758,-1.57982,-2.12814e-10,9.56438e-10,0.777166,-5.18997e-10,8.31087e-10,-2.35698,-3.56656e-05,5.54444e-09,-8.86823e-09,-1.57981e-06,0.000377667,-5.92147e-08,9.4612e-08,1.98888e-05
743,0.743,0.52,1.28525,-0.29758,-1.57982,-2.1056e-10,9.46282e-10,0.777166,-5.13482e-10,8.22266e-10,-2.35698,-3.52899e-05,5.48554e-09,-8.77413e-09,-1.56004e-06,0.000373689,-5.85858e-08,9.36082e-08,1.96469e-05
744,0.744,0.52,1.28525,-0.29758,-1.57982,-2.0833e-10,9.36234e-10,0.777166,-5.08026e-10,8.13538e-10,-2.35698,-3.49182e-05,5.42727e-09,-8.68101e-09,-1.54052e-06,0.000369753,-5.79636e-08,9.2615e-08,1.9408e-05
745,0.745,0.52,1.28525,-0.29758,-1.57982,-2.06123e-10,9.26292e-10,0.777166,-5.02628e-10,8.04904e-10,-2.35698,-3.45504e-05,5.36961e-09,-8.58889e-09,-1.52123e-06,0.000365858,-5.73481e-08,9.16323e-08,1.91719e-05
746,0.746,0.52,1.28525,-0.29758,-1.57982,-2.03939e-10,9.16456e-10,0.777166,-4.97287e-10,7.9636e-10,-2.35698,-3.41865e-05,5.31257e-09,-8.49775e-09,-1.50217e-06,0.000362004,-5.6739e-08,9.06601e-08,1.89386e-05
747,0.747,0.52,1.28525,-0.29758,-1.57982,-2.01779e-10,9.06725e-10,0.777166,-4.92002e-10,7.87908e-10,-2.35698,-3.38264e-05,5.25613e-09,-8.40757e-09,-1.48335e-06,0.000358191,-5.61364e-08,8.96982e-08,1.8708e-05
748,0.748,0.52,1.28525,-0.29758,-1.57982,-1.99642e-10,8.97096e-10,0.777166,-4.86774e-10,7.79545e-10,-2.35698,-3.34701e-05,5.2003e-09,-8.31835e-09,-1.46475e-06,0.000354418,-5.55403e-08,8.87464e-08,1.84803e-05
749,0.749,0.52,1.28525,-0.29758,-1.57982,-1.97527e-10,8.8757e-10,0.777166,-4.81601e-10,7.71271e-10,-2.35698,-3.31175e-05,5.14505e-09,-8.23007e-09,-1.44639e-06,0.000350685,-5.49504e-08,8.78048e-08,1.82552e-05
750,0.75,0.52,1.28525,-0.29758,-1.57982,-1.95435e-10,8.78146e-10,0.777166,-4.76484e-10,7.63084e-10,-2.35698,-3.27687e-05,5.09039e-09,-8.14273e-09,-1.42824e-06,0.000346991,-5.43668e-08,8.68732e-08,1.80328e-05
751,0.751,0.52,1.28525,-0.29758,-1.57982,-1.93364e-10,8.68821e-10,0.777166,-4.7142e-10,7.54985e-10,-2.35698,-3.24235e-05,5.03632e-09,-8.05632e-09,-1.41032e-06,0.000343336,-5.37895e-08,8.59514e-08,1.78131e-05
752,0.752,0.52,1.28525,-0.29758,-1.57982,-1.91316e-10,8.59595e-10,0.777166,-4.66411e-10,7.46971e-10,-2.35698,-3.2082e-05,4.98281e-09,-7.97083e-09,-1.39262e-06,0.000339719,-5.32182e-08,8.50395e-08,1.7596e-05
753,0.753,0.52,1.28525,-0.29758,-1.57982,-1.8929e-10,8.50467e-10,0.777166,-4.61455e-10,7.39043e-10,-2.35698,-3.17441e-05,4.92988e-09,-7.88624e-09,-1.37513e-06,0.000336141,-5.2653e-08,8.41372e-08,1.73815e-05
754,0.754,0.52,1.28525,-0.29758,-1.57982,-1.87284e-10,8.41436e-10,0.777166,-4.56551e-10,7.31199e-10,-2.35698,-3.14097e-05,4.8775e-09,-7.80255e-09,-1.35785e-06,0.0003326,-5.20938e-08,8.32445e-08,1.71696e-05
755,0.755,0.52,1.28525,-0.29758,-1.57982,-1.85301e-10,8.32501e-10,0.777166,-4.51699e-10,7.23438e-10,-2.35698,-3.10789e-05,4.82569e-09,-7.71975e-09,-1.34079e-06,0.000329096,-5.15405e-08,8.23612e-08,1.69601e-05
756,0.756,0.52,1.28525,-0.29758,-1.57982,-1.83338e-10,8.23661e-10,0.777166,-4.46899e-10,7.15759e-10,-2.35698,-3.07515e-05,4.77442e-09,-7.63782e-09,-1.32393e-06,0.00032563,-5.09932e-08,8.14873e-08,1.67532e-05
757,0.757,0.52,1.28525,-0.29758,-1.57982,-1.81396e-10,8.14914e-10,0.777165,-4.4215e-10,7.08162e-10,-2.35698,-3.04276e-05,4.7237e-09,-7.55677e-09,-1.30728e-06,0.0003222,-5.04516e-08,8.06227e-08,1.65488e-05
758,0.758,0.52,1.28525,-0.29758,-1.57982,-1.79474e-10,8.06261e-10,0.777165,-4.37452e-10,7.00645e-10,-2.35698,-3.01071e-05,4.67352e-09,-7.47658e-09,-1.29083e-06,0.000318806,-4.99158e-08,7.97673e-08,1.63467e-05
759,0.759,0.52,1.28525,-0.29758,-1.57982,-1.77573e-10,7.97699e-10,0.777165,-4.32803e-10,6.93208e-10,-2.35698,-2.979e-05,4.62387e-09,-7.39723e-09,-1.27459e-06,0.000315448,-4.93856e-08,7.89209e-08,1.61471e-05
760,0.76,0.52,1.28525,-0.29758,-1.57982,-1.75692e-10,7.89228e-10,0.777165,-4.28204e-10,6.8585e-10,-2.35698,-2.94762e-05,4.57474e-09,-7.31873e-09,-1.25854e-06,0.000312125,-4.88611e-08,7.80835e-08,1.59499e-05
761,0.761,0.52,1.28525,-0.29758,-1.57982,-1.73831e-10,7.80848e-10,0.777165,-4.23654e-10,6.7857e-10,-2.35698,-2.91657e-05,4.52614e-09,-7.24106e-09,-1.24269e-06,0.000308837,-4.83422e-08,7.7255e-08,1.57551e-05
762,0.762,0.52,1.28525,-0.29758,-1.57982,-1.71989e-10,7.72556e-10,0.777165,-4.19151e-10,6.71368e-10,-2.35698,-2.88585e-05,4.47806e-09,-7.16422e-09,-1.22703e-06,0.000305584,-4.78287e-08,7.64353e-08,1.55626e-05
763,0.763,0.52,1.28525,-0.29758,-1.57982,-1.70168e-10,7.64352e-10,0.777165,-4.14697e-10,6.64242e-10,-2.35698,-2.85545e-05,4.43048e-09,-7.08819e-09,-1.21156e-06,0.000302365,-4.73208e-08,7.56243e-08,1.53723e-05
764,0.764,0.52,1.28525,-0.29758,-1.57982,-1.68365e-10,7.56235e-10,0.777165,-4.1029e-10,6.57191e-10,-2.35698,-2.82538e-05,4.38341e-09,-7.01297e-09,-1.19628e-06,0.00029918,-4.68182e-08,7.48219e-08,1.51844e-05
765,0.765,0.52,1.28525,-0.29758,-1.57982,-1.66582e-10,7.48205e-10,0.777165,-4.0593e-10,6.50216e-10,-2.35698,-2.79562e-05,4.33684e-09,-6.93854e-09,-1.18119e-06,0.000296029,-4.63209e-08,7.4028e-08,1.49987e-05
766,0.766,0.52,1.28525,-0.297581,-1.57982,-1.64817e-10,7.40259e-10,0.777165,-4.01616e-10,6.43314e-10,-2.35698,-2.76617e-05,4.29077e-09,-6.86491e-09,-1.16628e-06,0.00029291,-4.5829e-08,7.32425e-08,1.48152e-05
767,0.767,0.52,1.28525,-0.297581,-1.57982,-1.63071e-10,7.32398e-10,0.777165,-3.97349e-10,6.36485e-10,-2.35698,-2.73703e-05,4.24519e-09,-6.79205e-09,-1.15156e-06,0.000289825,-4.53422e-08,7.24654e-08,1.46339e-05
768,0.768,0.52,1.28525,-0.297581,-1.57982,-1.61344e-10,7.24621e-10,0.777165,-3.93126e-10,6.2973e-10,-2.35698,-2.70821e-05,4.20008e-09,-6.71997e-09,-1.13702e-06,0.000286772,-4.48607e-08,7.16965e-08,1.44548e-05
769,0.769,0.52,1.28525,-0.297581,-1.57982,-1.59635e-10,7.16926e-10,0.777165,-3.88948e-10,6.23045e-10,-2.35698,-2.67968e-05,4.15546e-09,-6.64866e-09,-1.12265e-06,0.000283751,-4.43842e-08,7.09358e-08,1.42778e-05
770,0.77,0.52,1.28525,-0.297581,-1.57982,-1.57944e-10,7.09313e-10,0.777165,-3.84815e-10,6.16432e-10,-2.35698,-2.65145e-05,4.11131e-09,-6.5781e-09,-1.10846e-06,0.000280762,-4.39128e-08,7.01831e-08,1.41029e-05
771,0.771,0.52,1.28525,-0.297581,-1.57982,-1.5627e-10,7.0178e-10,0.777165,-3.80725e-10,6.09889e-10,-2.35698,-2.62353e-05,4.06763e-09,-6.50829e-09,-1.09444e-06,0.000277805,-4.34464e-08,6.94384e-08,1.39302e-05
772,0.772,0.52,1.28525,-0.297581,-1.57982,-1.54615e-10,6.94328e-10,0.777165,-3.76679e-10,6.03415e-10,-2.35698,-2.59589e-05,4.02442e-09,-6.43922e-09,-1.0806e-06,0.000274879,-4.29849e-08,6.87016e-08,1.37595e-05
773,0.773,0.52,1.28525,-0.297581,-1.57982,-1.52977e-10,6.86955e-10,0.777165,-3.72676e-10,5.9701e-10,-2.35698,-2.56855e-05,3.98166e-09,-6.37088e-09,-1.06692e-06,0.000271983,-4.25284e-08,6.79726e-08,1.35908e-05
774,0.774,0.52,1.28525,-0.297581,-1.57982,-1.51357e-10,6.7966e-10,0.777165,-3.68716e-10,5.90673e-10,-2.35698,-2.54149e-05,3.93936e-09,-6.30327e-09,-1.05342e-06,0.000269118,-4.20767e-08,6.72514e-08,1.34242e-05
775,0.775,0.52,1.28525,-0.297581,-1.57982,-1.49753e-10,6.72442e-10,0.777165,-3.64798e-10,5.84403e-10,-2.35698,-2.51472e-05,3.89751e-09,-6.23638e-09,-1.04007e-06,0.000266284,-4.16298e-08,6.65378e-08,1.32596e-05
776,0.776,0.52,1.28525,-0.297581,-1.57982,-1.48167e-10,6.65301e-10,0.777165,-3.60921e-10,5.782e-10,-2.35698,-2.48824e-05,3.8561e-09,-6.1702e-09,-1.0269e-06,0.000263479,-4.11876e-08,6.58318e-08,1.30969e-05
777,0.777,0.52,1.28525,-0.297581,-1.57982,-1.46598e-10,6.58236e-10,0.777165,-3.57085e-10,5.72063e-10,-2.35698,-2.46203e-05,3.81513e-09,-6.10471e-09,-1.01388e-06,0.000260703,-4.07501e-08,6.51333e-08,1.29362e-05
778,0.778,0.52,1.28525,-0.297581,-1.57982,-1.45045e-10,6.51246e-10,0.777165,-3.5329e-10,5.6599e-10,-2.35698,-2.43609e-05,3.7746e-09,-6.03993e-09,-1.00102e-06,0.000257957,-4.03173e-08,6.44422e-08,1.27774e-05
779,0.779,0.52,1.28525,-0.297581,-1.57982,-1.43508e-10,6.4433e-10,0.777165,-3.49536e-10,5.59983e-10,-2.35698,-2.41044e-05,3.7345e-09,-5.97583e-09,-9.88324e-07,0.00025524,-3.98891e-08,6.37584e-08,1.26206e-05
780,0.78,0.52,1.28525,-0.297581,-1.57982,-1.41988e-10,6.37488e-10,0.777165,-3.45821e-10,5.54039e-10,-2.35698,-2.38505e-05,3.69482e-09,-5.91241e-09,-9.75781e-07,0.000252551,-3.94654e-08,6.30819e-08,1.24656e-05
781,0.781,0.52,1.28525,-0.297581,-1.57982,-1.40484e-10,6.30718e-10,0.777165,-3.42146e-10,5.48158e-10,-2.35698,-2.35992e-05,3.65556e-09,-5.84966e-09,-9.63392e-07,0.000249891,-3.90463e-08,6.24125e-08,1.23124e-05
782,0.782,0.52,1.28525,-0.297581,-1.57982,-1.38996e-10,6.2402e-10,0.777165,-3.3851e-10,5.42339e-10,-2.35698,-2.33507e-05,3.61672e-09,-5.78758e-09,-9.51155e-07,0.000247259,-3.86315e-08,6.17503e-08,1.21611e-05
783,0.783,0.52,1.28525,-0.297581,-1.57982,-1.37523e-10,6.17393e-10,0.777165,-3.34913e-10,5.36582e-10,-2.35698,-2.31047e-05,3.5783e-09,-5.72616e-09,-9.39069e-07,0.000244654,-3.82212e-08,6.1095e-08,1.20116e-05
784,0.784,0.52,1.28525,-0.297581,-1.57982,-1.36067e-10,6.10836e-10,0.777165,-3.31353e-10,5.30887e-10,-2.35698,-2.28613e-05,3.54028e-09,-5.66539e-09,-9.27131e-07,0.000242077,-3.78152e-08,6.04468e-08,1.1864e-05
785,0.785,0.52,1.28525,-0.297581,-1.57982,-1.34625e-10,6.0435e-10,0.777165,-3.27832e-10,5.25251e-10,-2.35698,-2.26205e-05,3.50267e-09,-5.60526e-09,-9.15341e-07,0.000239527,-3.74136e-08,5.98054e-08,1.1718e-05
786,0.786,0.52,1.28525,-0.297581,-1.57982,-1.33199e-10,5.97932e-10,0.777165,-3.24348e-10,5.19676e-10,-2.35698,-2.23823e-05,3.46545e-09,-5.54577e-09,-9.03695e-07,0.000237004,-3.70162e-08,5.91708e-08,1.15739e-05
787,0.787,0.52,1.28525,-0.297581,-1.57982,-1.31788e-10,5.91582e-10,0.777165,-3.20901e-10,5.14159e-10,-2.35698,-2.21465e-05,3.42863e-09,-5.48692e-09,-8.92192e-07,0.000234508,-3.6623e-08,5.85429e-08,1.14314e-05
788,0.788,0.52,1.28525,-0.297581,-1.57982,-1.30392e-10,5.85299e-10,0.777165,-3.1749e-10,5.08702e-10,-2.35698,-2.19133e-05,3.3922e-09,-5.42869e-09,-8.80831e-07,0.000232038,-3.6234e-08,5.79217e-08,1.12907e-05
789,0.789,0.52,1.28525,-0.297581,-1.57982,-1.29011e-10,5.79084e-10,0.777165,-3.14116e-10,5.03302e-10,-2.35698,-2.16824e-05,3.35616e-09,-5.37107e-09,-8.6961e-07,0.000229594,-3.58491e-08,5.73071e-08,1.11517e-05
790,0.79,0.52,1.28525,-0.297581,-1.57982,-1.27644e-10,5.72934e-10,0.777165,-3.10778e-10,4.97959e-10,-2.35698,-2.14541e-05,3.32051e-09,-5.31407e-09,-8.58527e-07,0.000227175,-3.54684e-08,5.66991e-08,1.10143e-05
791,0.791,0.52,1.28525,-0.297581,-1.57982,-1.26292e-10,5.66849e-10,0.777165,-3.07475e-10,4.92674e-10,-2.35698,-2.12281e-05,3.28523e-09,-5.25767e-09,-8.47581e-07,0.000224782,-3.50916e-08,5.60974e-08,1.08786e-05
792,0.792,0.52,1.28525,-0.297581,-1.57982,-1.24954e-10,5.6083e-10,0.777165,-3.04207e-10,4.87444e-10,-2.35698,-2.10045e-05,3.25032e-09,-5.20187e-09,-8.3677e-07,0.000222415,-3.47189e-08,5.55022e-08,1.07446e-05
793,0.793,0.52,1.28525,-0.297581,-1.57982,-1.23631e-10,5.54874e-10,0.777165,-3.00974e-10,4.8227e-10,-2.35698,-2.07832e-05,3.21579e-09,-5.14667e-09,-8.26091e-07,0.000220072,-3.43501e-08,5.49132e-08,1.06121e-05
794,0.794,0.52,1.28525,-0.297581,-1.57982,-1.22321e-10,5.48981e-10,0.777165,-2.97776e-10,4.7715e-10,-2.35698,-2.05643e-05,3.18162e-09,-5.09204e-09,-8.15545e-07,0.000217754,-3.39853e-08,5.43305e-08,1.04812e-05
795,0.795,0.52,1.28525,-0.297581,-1.57982,-1.21025e-10,5.43151e-10,0.777165,-2.94611e-10,4.72085e-10,-2.35698,-2.03477e-05,3.14781e-09,-5.038e-09,-8.05128e-07,0.00021546,-3.36242e-08,5.3754e-08,1.03519e-05
796,0.796,0.52,1.28525,-0.297581,-1.57982,-1.19743e-10,5.37383e-10,0.777165,-2.9148e-10,4.67074e-10,-2.35698,-2.01334e-05,3.11437e-09,-4.98453e-09,-7.9484e-07,0.00021319,-3.32671e-08,5.31837e-08,1.02242e-05
797,0.797,0.52,1.28525,-0.297581,-1.57982,-1.18475e-10,5.31676e-10,0.777164,-2.88382e-10,4.62116e-10,-2.35698,-1.99213e-05,3.08128e-09,-4.93163e-09,-7.84679e-07,0.000210945,-3.29137e-08,5.26193e-08,1.0098e-05
798,0.798,0.52,1.28525,-0.297581,-1.57982,-1.1722e-10,5.26029e-10,0.777164,-2.85317e-10,4.57211e-10,-2.35698,-1.97115e-05,3.04854e-09,-4.87929e-09,-7.74644e-07,0.000208723,-3.25641e-08,5.2061e-08,9.97334e-06
799,0.799,0.52,1.28525,-0.297581,-1.57982,-1.15978e-10,5.20443e-10,0.777164,-2.82285e-10,4.52357e-10,-2.35698,-1.95039e-05,3.01615e-09,-4.82751e-09,-7.64732e-07,0.000206524,-3.22182e-08,5.15085e-08,9.85016e-06
800,0.8,0.52,1.28525,-0.297581,-1.57982,-1.1475e-10,5.14916e-10,0.777164,-2.79285e-10,4.47555e-10,-2.35698,-1.92985e-05,2.9841e-09,-4.77627e-09,-7.54943e-07,0.000204349,-3.1876e-08,5.0962e-08,9.72847e-06
801,0.801,0.52,1.28525,-0.297581,-1.57982,-1.13534e-10,5.09447e-10,0.777164,-2.76317e-10,4.42805e-10,-2.35698,-1.90952e-05,2.9524e-09,-4.72558e-09,-7.45275e-07,0.000202196,-3.15374e-08,5.04212e-08,9.60825e-06
802,0.802,0.52,1.28525,-0.297581,-1.57982,-1.12331e-10,5.04037e-10,0.777164,-2.7338e-10,4.38104e-10,-2.35698,-1.88941e-05,2.92103e-09,-4.67543e-09,-7.35726e-07,0.000200067,-3.12024e-08,4.98862e-08,9.48947e-06
803,0.803,0.52,1.28525,-0.297581,-1.57982,-1.11141e-10,4.98684e-10,0.777164,-2.70474e-10,4.33454e-10,-2.35698,-1.8695e-05,2.88999e-09,-4.62581e-09,-7.26295e-07,0.000197959,-3.08709e-08,4.93568e-08,9.37212e-06
804,0.804,0.52,1.28525,-0.297581,-1.57982,-1.09964e-10,4.93388e-10,0.777164,-2.676e-10,4.28852e-10,-2.35698,-1.84981e-05,2.85928e-09,-4.57671e-09,-7.16981e-07,0.000195874,-3.05431e-08,4.88331e-08,9.25619e-06
805,0.805,0.52,1.28525,-0.297581,-1.57982,-1.08799e-10,4.88148e-10,0.777164,-2.64756e-10,4.243e-10,-2.35698,-1.83033e-05,2.8289e-09,-4.52814e-09,-7.07783e-07,0.000193811,-3.02186e-08,4.83149e-08,9.14166e-06
806,0.806,0.52,1.28525,-0.297581,-1.57982,-1.07647e-10,4.82964e-10,0.777164,-2.61942e-10,4.19796e-10,-2.35698,-1.81105e-05,2.79885e-09,-4.48008e-09,-6.98698e-07,0.000191769,-2.98976e-08,4.78022e-08,9.02851e-06
807,0.807,0.52,1.28525,-0.297581,-1.57982,-1.06506e-10,4.77835e-10,0.777164,-2.59158e-10,4.1534e-10,-2.35698,-1.79197e-05,2.76911e-09,-4.43253e-09,-6.89725e-07,0.000189749,-2.958e-08,4.7295e-08,8.91673e-06
808,0.808,0.52,1.28525,-0.297581,-1.57982,-1.05378e-10,4.7276e-10,0.777164,-2.56404e-10,4.10931e-10,-2.35698,-1.7731e-05,2.73968e-09,-4.38549e-09,-6.80864e-07,0.000187751,-2.92658e-08,4.67931e-08,8.80629e-06
809,0.809,0.52,1.28525,-0.297581,-1.57982,-1.04262e-10,4.67739e-10,0.777164,-2.53679e-10,4.06568e-10,-2.35698,-1.75442e-05,2.71057e-09,-4.33895e-09,-6.72112e-07,0.000185773,-2.8955e-08,4.62966e-08,8.69719e-06
810,0.81,0.52,1.28525,-0.297581,-1.57982,-1.03157e-10,4.62772e-10,0.777164,-2.50982e-10,4.02253e-10,-2.35698,-1.73594e-05,2.68177e-09,-4.2929e-09,-6.63469e-07,0.000183816,-2.86474e-08,4.58053e-08,8.58941e-06
811,0.811,0.52,1.28525,-0.297581,-1.57982,-1.02064e-10,4.57857e-10,0.777164,-2.48315e-10,3.97983e-10,-2.35698,-1.71766e-05,2.65328e-09,-4.24733e-09,-6.54933e-07,0.00018188,-2.83431e-08,4.53192e-08,8.48292e-06
812,0.812,0.52,1.28525,-0.297581,-1.57982,-1.00983e-10,4.52994e-10,0.777164,-2.45676e-10,3.93758e-10,-2.35698,-1.69957e-05,2.62509e-09,-4.20226e-09,-6.46503e-07,0.000179964,-2.8042e-08,4.48384e-08,8.37773e-06
813,0.813,0.52,1.28525,-0.297581,-1.57982,-9.99136e-11,4.48183e-10,0.777164,-2.43065e-10,3.89578e-10,-2.35698,-1.68167e-05,2.59719e-09,-4.15766e-09,-6.38177e-07,0.000178068,-2.77441e-08,4.43626e-08,8.2738e-06
814,0.814,0.52,1.28525,-0.297581,-1.57982,-9.88551e-11,4.43424e-10,0.777164,-2.40481e-10,3.85442e-10,-2.35698,-1.66395e-05,2.5696e-09,-4.11353e-09,-6.29955e-07,0.000176193,-2.74494e-08,4.38918e-08,8.17113e-06
815,0.815,0.52,1.28525,-0.297581,-1.57982,-9.78079e-11,4.38714e-10,0.777164,-2.37925e-10,3.81351e-10,-2.35698,-1.64643e-05,2.54229e-09,-4.06987e-09,-6.21834e-07,0.000174337,-2.71578e-08,4.3426e-08,8.0697e-06
816,0.816,0.52,1.28525,-0.297581,-1.57982,-9.67718e-11,4.34055e-10,0.777164,-2.35397e-10,3.77302e-10,-2.35698,-1.62909e-05,2.51528e-09,-4.02668e-09,-6.13815e-07,0.000172501,-2.68693e-08,4.29653e-08,7.9695e-06
817,0.817,0.52,1.28525,-0.297581,-1.57982,-9.57467e-11,4.29445e-10,0.777164,-2.32895e-10,3.73297e-10,-2.35698,-1.61193e-05,2.48855e-09,-3.98394e-09,-6.05895e-07,0.000170684,-2.65839e-08,4.25093e-08,7.87051e-06
818,0.818,0.52,1.28525,-0.297581,-1.57982,-9.47324e-11,4.24884e-10,0.777164,-2.30419e-10,3.69334e-10,-2.35698,-1.59495e-05,2.46211e-09,-3.94165e-09,-5.98073e-07,0.000168886,-2.63015e-08,4.20582e-08,7.77272e-06
819,0.819,0.52,1.28525,-0.297581,-1.57982,-9.37289e-11,4.20372e-10,0.777164,-2.2797e-10,3.65414e-10,-2.35698,-1.57815e-05,2.43595e-09,-3.89982e-09,-5.90349e-07,0.000167107,-2.60221e-08,4.16119e-08,7.67611e-06
820,0.82,0.52,1.28525,-0.297581,-1.57982,-9.2736e-11,4.15907e-10,0.777164,-2.25547e-10,3.61535e-10,-2.35698,-1.56153e-05,2.41007e-09,-3.85843e-09,-5.82721e-07,0.000165347,-2.57457e-08,4.11703e-08,7.58067e-06
821,0.821,0.52,1.28525,-0.297581,-1.57982,-9.17536e-11,4.1149e-10,0.777164,-2.2315e-10,3.57697e-10,-2.35698,-1.54508e-05,2.38446e-09,-3.81748e-09,-5.75187e-07,0.000163605,-2.54722e-08,4.07335e-08,7.48639e-06
822,0.822,0.52,1.28525,-0.297581,-1.57982,-9.07816e-11,4.0712e-10,0.777164,-2.20778e-10,3.53899e-10,-2.35698,-1.5288e-05,2.35912e-09,-3.77696e-09,-5.67748e-07,0.000161882,-2.52016e-08,4.03013e-08,7.39325e-06
823,0.823,0.52,1.28525,-0.297581,-1.57982,-8.982e-11,4.02796e-10,0.777164,-2.18432e-10,3.50143e-10,-2.35698,-1.5127e-05,2.33405e-09,-3.73687e-09,-5.604e-07,0.000160176,-2.49339e-08,3.98736e-08,7.30123e-06
824,0.824,0.52,1.28525,-0.297581,-1.57982,-8.88685e-11,3.98518e-10,0.777164,-2.1611e-10,3.46426e-10,-2.35698,-1.49677e-05,2.30925e-09,-3.69721e-09,-5.53145e-07,0.000158489,-2.4669e-08,3.94505e-08,7.21033e-06
825,0.825,0.52,1.28525,-0.297581,-1.57982,-8.79271e-11,3.94285e-10,0.777164,-2.13813e-10,3.42748e-10,-2.35698,-1.481e-05,2.28471e-09,-3.65797e-09,-5.45979e-07,0.00015682,-2.44069e-08,3.90318e-08,7.12053e-06
826,0.826,0.52,1.28525,-0.297581,-1.57982,-8.69956e-11,3.90098e-10,0.777164,-2.11541e-10,3.3911e-10,-2.35698,-1.4654e-05,2.26044e-09,-3.61915e-09,-5.38903e-07,0.000155168,-2.41477e-08,3.86176e-08,7.03182e-06
827,0.827,0.52,1.28525,-0.297581,-1.57982,-8.6074e-11,3.85955e-10,0.777164,-2.09292e-10,3.3551e-10,-2.35698,-1.44997e-05,2.23642e-09,-3.58073e-09,-5.31915e-07,0.000153534,-2.38912e-08,3.82078e-08,6.94419e-06
828,0.828,0.52,1.28525,-0.297581,-1.57982,-8.51622e-11,3.81856e-10,0.777164,-2.07068e-10,3.31948e-10,-2.35698,-1.4347e-05,2.21265e-09,-3.54273e-09,-5.25015e-07,0.000151916,-2.36374e-08,3.78024e-08,6.85762e-06
829,0.829,0.52,1.28525,-0.297581,-1.57982,-8.42601e-11,3.778e-10,0.777164,-2.04867e-10,3.28424e-10,-2.35698,-1.41959e-05,2.18914e-09,-3.50513e-09,-5.182e-07,0.000150316,-2.33863e-08,3.74012e-08,6.7721e-06
830,0.83,0.52,1.28525,-0.297581,-1.57982,-8.33675e-11,3.73788e-10,0.777164,-2.02689e-10,3.24938e-10,-2.35698,-1.40463e-05,2.16588e-09,-3.46793e-09,-5.1147e-07,0.000148733,-2.31378e-08,3.70044e-08,6.68761e-06
831,0.831,0.52,1.28525,-0.297581,-1.57982,-8.24843e-11,3.69818e-10,0.777164,-2.00535e-10,3.21488e-10,-2.35698,-1.38984e-05,2.14287e-09,-3.43112e-09,-5.04824e-07,0.000147166,-2.2892e-08,3.66117e-08,6.60415e-06
832,0.832,0.52,1.28525,-0.297581,-1.57982,-8.16105e-11,3.6589e-10,0.777164,-1.98404e-10,3.18075e-10,-2.35698,-1.3752e-05,2.1201e-09,-3.3947e-09,-4.98261e-07,0.000145616,-2.26488e-08,3.62232e-08,6.52171e-06
833,0.833,0.52,1.28525,-0.297581,-1.57982,-8.0746e-11,3.62004e-10,0.777164,-1.96295e-10,3.14698e-10,-2.35698,-1.36071e-05,2.09757e-09,-3.35867e-09,-4.9178e-07,0.000144082,-2.24082e-08,3.58388e-08,6.44026e-06
834,0.834,0.52,1.28525,-0.297581,-1.57982,-7.98906e-11,3.58159e-10,0.777164,-1.94208e-10,3.11358e-10,-2.35698,-1.34638e-05,2.07528e-09,-3.32302e-09,-4.8538e-07,0.000142565,-2.21702e-08,3.54585e-08,6.35981e-06
835,0.835,0.52,1.28525,-0.297581,-1.57982,-7.90443e-11,3.54355e-10,0.777164,-1.92144e-10,3.08052e-10,-2.35698,-1.3322e-05,2.05323e-09,-3.28775e-09,-4.79061e-07,0.000141063,-2.19347e-08,3.50822e-08,6.28033e-06
836,0.836,0.52,1.28525,-0.297581,-1.57982,-7.82069e-11,3.50591e-10,0.777164,-1.90102e-10,3.04782e-10,-2.35698,-1.31817e-05,2.03141e-09,-3.25286e-09,-4.7282e-07,0.000139577,-2.17016e-08,3.47099e-08,6.20181e-06
837,0.837,0.52,1.28525,-0.297581,-1.57982,-7.73785e-11,3.46868e-10,0.777164,-1.88081e-10,3.01546e-10,-2.35698,-1.30428e-05,2.00982e-09,-3.21833e-09,-4.66657e-07,0.000138107,-2.14711e-08,3.43415e-08,6.12426e-06
838,0.838,0.52,1.28525,-0.297581,-1.57982,-7.65588e-11,3.43184e-10,0.777164,-1.86082e-10,2.98345e-10,-2.35698,-1.29055e-05,1.98847e-09,-3.18417e-09,-4.60571e-07,0.000136652,-2.12431e-08,3.39771e-08,6.04764e-06
839,0.839,0.52,1.28525,-0.297581,-1.57982,-7.57477e-11,3.39539e-10,0.777164,-1.84104e-10,2.95178e-10,-2.35698,-1.27695e-05,1.96734e-09,-3.15038e-09,-4.54561e-07,0.000135213,-2.10173e-08,3.36166e-08,5.97196e-06
840,0.84,0.52,1.28525,-0.297581,-1.57982,-7.49453e-11,3.35933e-10,0.777164,-1.82147e-10,2.92044e-10,-2.35698,-1.2635e-05,1.94643e-09,-3.11694e-09,-4.48626e-07,0.000133789,-2.07941e-08,3.32598e-08,5.89719e-06
841,0.841,0.52,1.28525,-0.297581,-1.57982,-7.41514e-11,3.32365e-10,0.777164,-1.80211e-10,2.88944e-10,-2.35698,-1.2502e-05,1.92575e-09,-3.08385e-09,-4.42766e-07,0.000132379,-2.05732e-08,3.29069e-08,5.82334e-06
842,0.842,0.52,1.28525,-0.297581,-1.57982,-7.33658e-11,3.28835e-10,0.777164,-1.78296e-10,2.85877e-10,-2.35698,-1.23703e-05,1.90528e-09,-3.05112e-09,-4.36979e-07,0.000130985,-2.03546e-08,3.25577e-08,5.75039e-06
843,0.843,0.52,1.28525,-0.297581,-1.57982,-7.25886e-11,3.25342e-10,0.777164,-1.76401e-10,2.82842e-10,-2.35698,-1.224e-05,1.88504e-09,-3.01874e-09,-4.31265e-07,0.000129605,-2.01383e-08,3.22122e-08,5.67832e-06
844,0.844,0.52,1.28525,-0.297581,-1.57982,-7.18197e-11,3.21886e-10,0.777164,-1.74526e-10,2.79839e-10,-2.35698,-1.21111e-05,1.86501e-09,-2.9867e-09,-4.25623e-07,0.00012824,-1.99244e-08,3.18703e-08,5.60713e-06
845,0.845,0.52,1.28525,-0.297581,-1.57982,-7.10588e-11,3.18468e-10,0.777164,-1.72671e-10,2.76868e-10,-2.35698,-1.19835e-05,1.84519e-09,-2.955e-09,-4.20051e-07,0.000126889,-1.97127e-08,3.15321e-08,5.53681e-06
846,0.846,0.52,1.28525,-0.297581,-1.57982,-7.03061e-11,3.15085e-10,0.777164,-1.70835e-10,2.73929e-10,-2.35698,-1.18573e-05,1.82558e-09,-2.92363e-09,-4.14549e-07,0.000125553,-1.95033e-08,3.11975e-08,5.46734e-06
847,0.847,0.52,1.28525,-0.297581,-1.57982,-6.95613e-11,3.11739e-10,0.777164,-1.69019e-10,2.71021e-10,-2.35698,-1.17324e-05,1.80618e-09,-2.8926e-09,-4.09116e-07,0.00012423,-1.92961e-08,3.08664e-08,5.39872e-06
848,0.848,0.52,1.28525,-0.297581,-1.57982,-6.88244e-11,3.08428e-10,0.777164,-1.67223e-10,2.68144e-10,-2.35698,-1.16088e-05,1.78699e-09,-2.8619e-09,-4.03751e-07,0.000122922,-1.90911e-08,3.05389e-08,5.33093e-06
849,0.849,0.52,1.28525,-0.297581,-1.57982,-6.80953e-11,3.05152e-10,0.777164,-1.65445e-10,2.65297e-10,-2.35698,-1.14865e-05,1.768e-09,-2.83152e-09,-3.98454e-07,0.000121627,-1.88883e-08,3.02148e-08,5.26398e-06
850,0.85,0.52,1.28525,-0.297581,-1.57982,-6.73739e-11,3.01911e-10,0.777164,-1.63687e-10,2.6248e-10,-2.35698,-1.13656e-05,1.74921e-09,-2.80147e-09,-3.93223e-07,0.000120346,-1.86876e-08,2.98942e-08,5.19784e-06
851,0.851,0.52,1.28525,-0.297581,-1.57982,-6.66602e-11,2.98704e-10,0.777164,-1.61947e-10,2.59694e-10,-2.35698,-1.12458e-05,1.73062e-09,-2.77173e-09,-3.88058e-07,0.000119078,-1.84891e-08,2.95769e-08,5.1325e-06
852,0.852,0.52,1.28525,-0.297581,-1.57982,-6.5954e-11,2.95531e-10,0.777164,-1.60225e-10,2.56937e-10,-2.35698,-1.11274e-05,1.71223e-09,-2.74231e-09,-3.82957e-07,0.000117824,-1.82927e-08,2.9263e-08,5.06797e-06
853,0.853,0.52,1.28525,-0.297581,-1.57982,-6.52553e-11,2.92392e-10,0.777164,-1.58522e-10,2.54209e-10,-2.35698,-1.10102e-05,1.69403e-09,-2.7132e-09,-3.77921e-07,0.000116583,-1.80983e-08,2.89525e-08,5.00422e-06
854,0.854,0.52,1.28525,-0.297581,-1.57982,-6.4564e-11,2.89287e-10,0.777164,-1.56837e-10,2.5151e-10,-2.35698,-1.08942e-05,1.67603e-09,-2.68441e-09,-3.72949e-07,0.000115355,-1.79061e-08,2.86452e-08,4.94125e-06
855,0.855,0.52,1.28525,-0.297581,-1.57982,-6.388e-11,2.86214e-10,0.777164,-1.5517e-10,2.4884e-10,-2.35698,-1.07795e-05,1.65822e-09,-2.65591e-09,-3.68039e-07,0.00011414,-1.77159e-08,2.83412e-08,4.87904e-06
856,0.856,0.52,1.28525,-0.297581,-1.57982,-6.32033e-11,2.83174e-10,0.777164,-1.53521e-10,2.46198e-10,-2.35698,-1.06659e-05,1.6406e-09,-2.62772e-09,-3.6319e-07,0.000112938,-1.75276e-08,2.80405e-08,4.8176e-06
857,0.857,0.52,1.28525,-0.297581,-1.57982,-6.25338e-11,2.80166e-10,0.777164,-1.51889e-10,2.43585e-10,-2.35698,-1.05536e-05,1.62317e-09,-2.59983e-09,-3.58403e-07,0.000111748,-1.73414e-08,2.77429e-08,4.75691e-06
858,0.858,0.52,1.28525,-0.297581,-1.57982,-6.18713e-11,2.77191e-10,0.777164,-1.50274e-10,2.40999e-10,-2.35698,-1.04424e-05,1.60592e-09,-2.57224e-09,-3.53676e-07,0.000110571,-1.71572e-08,2.74485e-08,4.69696e-06
859,0.859,0.52,1.28525,-0.297581,-1.57982,-6.12158e-11,2.74246e-10,0.777164,-1.48677e-10,2.3844e-10,-2.35698,-1.03325e-05,1.58885e-09,-2.54493e-09,-3.49009e-07,0.000109406,-1.69749e-08,2.71572e-08,4.63774e-06
860,0.86,0.52,1.28525,-0.297581,-1.57982,-6.05673e-11,2.71333e-10,0.777164,-1.47097e-10,2.35909e-10,-2.35698,-1.02236e-05,1.57197e-09,-2.51792e-09,-3.44401e-07,0.000108254,-1.67945e-08,2.6869e-08,4.57925e-06
861,0.861,0.52,1.28525,-0.297581,-1.57982,-5.99257e-11,2.68451e-10,0.777164,-1.45533e-10,2.33404e-10,-2.35698,-1.01159e-05,1.55526e-09,-2.49119e-09,-3.3985e-07,0.000107114,-1.66161e-08,2.65839e-08,4.52147e-06
862,0.862,0.52,1.28525,-0.297581,-1.57982,-5.92909e-11,2.656e-10,0.777164,-1.43986e-10,2.30926e-10,-2.35698,-1.00094e-05,1.53873e-09,-2.46475e-09,-3.35357e-07,0.000105985,-1.64396e-08,2.63017e-08,4.4644e-06
863,0.863,0.52,1.28525,-0.297581,-1.57982,-5.86628e-11,2.62779e-10,0.777164,-1.42455e-10,2.28475e-10,-2.35698,-9.90396e-06,1.52238e-09,-2.43859e-09,-3.30921e-07,0.000104869,-1.62649e-08,2.60226e-08,4.40802e-06
864,0.864,0.52,1.28525,-0.297581,-1.57982,-5.80413e-11,2.59988e-10,0.777164,-1.40941e-10,2.26049e-10,-2.35698,-9.79965e-06,1.5062e-09,-2.41271e-09,-3.26541e-07,0.000103764,-1.60921e-08,2.57464e-08,4.35234e-06
865,0.865,0.52,1.28525,-0.297581,-1.57982,-5.74264e-11,2.57226e-10,0.777164,-1.39443e-10,2.23649e-10,-2.35698,-9.69643e-06,1.4902e-09,-2.3871e-09,-3.22216e-07,0.000102671,-1.59211e-08,2.54732e-08,4.29734e-06
866,0.866,0.52,1.28525,-0.297581,-1.57982,-5.68181e-11,2.54494e-10,0.777164,-1.37961e-10,2.21275e-10,-2.35698,-9.5943e-06,1.47436e-09,-2.36176e-09,-3.17946e-07,0.00010159,-1.5752e-08,2.52029e-08,4.24301e-06
867,0.867,0.52,1.28525,-0.297581,-1.57982,-5.62161e-11,2.51791e-10,0.777164,-1.36494e-10,2.18925e-10,-2.35698,-9.49325e-06,1.45869e-09,-2.33669e-09,-3.1373e-07,0.00010052,-1.55846e-08,2.49354e-08,4.18935e-06
868,0.868,0.52,1.28525,-0.297581,-1.57982,-5.56206e-11,2.49117e-10,0.777163,-1.35043e-10,2.16601e-10,-2.35698,-9.39326e-06,1.44319e-09,-2.31189e-09,-3.09567e-07,9.94612e-05,-1.54191e-08,2.46708e-08,4.13635e-06
869,0.869,0.52,1.28525,-0.297581,-1.57982,-5.50314e-11,2.4647e-10,0.777163,-1.33608e-10,2.14302e-10,-2.35698,-9.29432e-06,1.42785e-09,-2.28735e-09,-3.05457e-07,9.84135e-05,-1.52553e-08,2.4409e-08,4.08399e-06
870,0.87,0.52,1.28525,-0.297581,-1.57982,-5.44484e-11,2.43853e-10,0.777163,-1.32188e-10,2.12026e-10,-2.35698,-9.19643e-06,1.41268e-09,-2.26307e-09,-3.01399e-07,9.73769e-05,-1.50931e-08,2.415e-08,4.03228e-06
871,0.871,0.52,1.28525,-0.297581,-1.57982,-5.38715e-11,2.41262e-10,0.777163,-1.30782e-10,2.09775e-10,-2.35698,-9.09956e-06,1.39767e-09,-2.23905e-09,-2.97392e-07,9.63512e-05,-1.49328e-08,2.38937e-08,3.9812e-06
872,0.872,0.52,1.28525,-0.297581,-1.57982,-5.33008e-11,2.387e-10,0.777163,-1.29392e-10,2.07548e-10,-2.35698,-9.00372e-06,1.38281e-09,-2.21528e-09,-2.93437e-07,9.53364e-05,-1.47742e-08,2.36401e-08,3.93075e-06
873,0.873,0.52,1.28525,-0.297581,-1.57982,-5.27362e-11,2.36164e-10,0.777163,-1.28017e-10,2.05345e-10,-2.35698,-8.90889e-06,1.36812e-09,-2.19176e-09,-2.89531e-07,9.43322e-05,-1.46172e-08,2.33892e-08,3.88091e-06
874,0.874,0.52,1.28525,-0.297581,-1.57982,-5.21775e-11,2.33656e-10,0.777163,-1.26656e-10,2.03165e-10,-2.35698,-8.81505e-06,1.35358e-09,-2.1685e-09,-2.85675e-07,9.33386e-05,-1.44619e-08,2.3141e-08,3.83169e-06
875,0.875,0.52,1.28525,-0.297581,-1.57982,-5.16247e-11,2.31174e-10,0.777163,-1.25309e-10,2.01008e-10,-2.35698,-8.72221e-06,1.33919e-09,-2.14548e-09,-2.81867e-07,9.23554e-05,-1.43083e-08,2.28954e-08,3.78307e-06
876,0.876,0.52,1.28525,-0.297581,-1.57982,-5.10778e-11,2.28718e-10,0.777163,-1.23977e-10,1.98874e-10,-2.35698,-8.63034e-06,1.32496e-09,-2.12271e-09,-2.78108e-07,9.13826e-05,-1.41562e-08,2.26524e-08,3.73505e-06
877,0.877,0.52,1.28525,-0.297581,-1.57982,-5.05367e-11,2.26289e-10,0.777163,-1.2266e-10,1.96762e-10,-2.35698,-8.53944e-06,1.31088e-09,-2.10018e-09,-2.74397e-07,9.04201e-05,-1.40058e-08,2.2412e-08,3.68762e-06
878,0.878,0.52,1.28525,-0.297581,-1.57982,-5.00013e-11,2.23885e-10,0.777163,-1.21356e-10,1.94673e-10,-2.35698,-8.4495e-06,1.29695e-09,-2.07788e-09,-2.70733e-07,8.94677e-05,-1.3857e-08,2.21741e-08,3.64078e-06
879,0.879,0.52,1.28525,-0.297581,-1.57982,-4.94716e-11,2.21507e-10,0.777163,-1.20066e-10,1.92606e-10,-2.35698,-8.3605e-06,1.28316e-09,-2.05583e-09,-2.67115e-07,8.85253e-05,-1.37098e-08,2.19388e-08,3.59451e-06
880,0.88,0.52,1.28525,-0.297581,-1.57982,-4.89475e-11,2.19154e-10,0.777163,-1.18789e-10,1.90561e-10,-2.35698,-8.27244e-06,1.26953e-09,-2.034e-09,-2.63544e-07,8.75929e-05,-1.35641e-08,2.1706e-08,3.5488e-06
881,0.881,0.52,1.28525,-0.297581,-1.57982,-4.8429e-11,2.16826e-10,0.777163,-1.17526e-10,1.88538e-10,-2.35698,-8.18531e-06,1.25604e-09,-2.01241e-09,-2.60017e-07,8.66703e-05,-1.342e-08,2.14756e-08,3.50366e-06
882,0.882,0.52,1.28525,-0.297581,-1.57982,-4.79159e-11,2.14523e-10,0.777163,-1.16277e-10,1.86536e-10,-2.35698,-8.0991e-06,1.24269e-09,-1.99105e-09,-2.56536e-07,8.57573e-05,-1.32774e-08,2.12477e-08,3.45908e-06
883,0.883,0.52,1.28525,-0.297581,-1.57982,-4.74083e-11,2.12245e-10,0.777163,-1.15041e-10,1.84556e-10,-2.35698,-8.01379e-06,1.22948e-09,-1.96992e-09,-2.53099e-07,8.48541e-05,-1.31363e-08,2.10222e-08,3.41504e-06
884,0.884,0.52,1.28525,-0.297581,-1.57982,-4.69061e-11,2.0999e-10,0.777163,-1.13818e-10,1.82597e-10,-2.35698,-7.92939e-06,1.21641e-09,-1.94901e-09,-2.49706e-07,8.39603e-05,-1.29968e-08,2.07991e-08,3.37155e-06
885,0.885,0.52,1.28525,-0.297581,-1.57982,-4.64091e-11,2.0776e-10,0.777163,-1.12608e-10,1.80658e-10,-2.35698,-7.84587e-06,1.20349e-09,-1.92832e-09,-2.46356e-07,8.30759e-05,-1.28587e-08,2.05784e-08,3.32859e-06
886,0.886,0.52,1.28525,-0.297581,-1.57982,-4.59175e-11,2.05553e-10,0.777163,-1.11411e-10,1.7874e-10,-2.35698,-7.76323e-06,1.1907e-09,-1.90785e-09,-2.43048e-07,8.22009e-05,-1.27221e-08,2.036e-08,3.28616e-06
887,0.887,0.52,1.28525,-0.297581,-1.57982,-4.5431e-11,2.03369e-10,0.777163,-1.10227e-10,1.76842e-10,-2.35698,-7.68146e-06,1.17804e-09,-1.8876e-09,-2.39783e-07,8.13351e-05,-1.25869e-08,2.01439e-08,3.24425e-06
888,0.888,0.52,1.28525,-0.297582,-1.57982,-4.49497e-11,2.01209e-10,0.777163,-1.09055e-10,1.74965e-10,-2.35698,-7.60056e-06,1.16552e-09,-1.86756e-09,-2.3656e-07,8.04784e-05,-1.24532e-08,1.99301e-08,3.20286e-06
889,0.889,0.52,1.28525,-0.297582,-1.57982,-4.44735e-11,1.99072e-10,0.777163,-1.07896e-10,1.73107e-10,-2.35698,-7.5205e-06,1.15314e-09,-1.84774e-09,-2.33377e-07,7.96307e-05,-1.23208e-08,1.97186e-08,3.16198e-06
890,0.89,0.52,1.28525,-0.297582,-1.57982,-4.40024e-11,1.96957e-10,0.777163,-1.06749e-10,1.71269e-10,-2.35698,-7.44129e-06,1.14088e-09,-1.82812e-09,-2.30236e-07,7.87919e-05,-1.21899e-08,1.95093e-08,3.1216e-06
891,0.891,0.52,1.28525,-0.297582,-1.57982,-4.35362e-11,1.94865e-10,0.777163,-1.05614e-10,1.69451e-10,-2.35698,-7.36292e-06,1.12875e-09,-1.80872e-09,-2.27134e-07,7.7962e-05,-1.20604e-08,1.93023e-08,3.08173e-06
892,0.892,0.52,1.28525,-0.297582,-1.57982,-4.3075e-11,1.92795e-10,0.777163,-1.04491e-10,1.67652e-10,-2.35698,-7.28537e-06,1.11676e-09,-1.78952e-09,-2.24072e-07,7.71408e-05,-1.19323e-08,1.90974e-08,3.04234e-06
893,0.893,0.52,1.28525,-0.297582,-1.57982,-4.26186e-11,1.90747e-10,0.777163,-1.0338e-10,1.65872e-10,-2.35698,-7.20863e-06,1.10489e-09,-1.77052e-09,-2.21049e-07,7.63283e-05,-1.18055e-08,1.88947e-08,3.00344e-06
894,0.894,0.52,1.28525,-0.297582,-1.57982,-4.21671e-11,1.88721e-10,0.777163,-1.02281e-10,1.6411e-10,-2.35698,-7.13271e-06,1.09315e-09,-1.75173e-09,-2.18065e-07,7.55243e-05,-1.16801e-08,1.86942e-08,2.96502e-06
895,0.895,0.52,1.28525,-0.297582,-1.57982,-4.17204e-11,1.86716e-10,0.777163,-1.01194e-10,1.62368e-10,-2.35698,-7.05758e-06,1.08153e-09,-1.73313e-09,-2.15119e-07,7.47288e-05,-1.1556e-08,1.84958e-08,2.92707e-06
896,0.896,0.52,1.28525,-0.297582,-1.57982,-4.12784e-11,1.84733e-10,0.777163,-1.00118e-10,1.60644e-10,-2.35698,-6.98325e-06,1.07003e-09,-1.71474e-09,-2.12211e-07,7.39417e-05,-1.14332e-08,1.82995e-08,2.8896e-06
897,0.897,0.52,1.28525,-0.297582,-1.57982,-4.08411e-11,1.82771e-10,0.777163,-9.90538e-11,1.58938e-10,-2.35698,-6.9097e-06,1.05866e-09,-1.69653e-09,-2.0934e-07,7.31629e-05,-1.13117e-08,1.81053e-08,2.85258e-06
898,0.898,0.52,1.28525,-0.297582,-1.57982,-4.04084e-11,1.80829e-10,0.777163,-9.80008e-11,1.57251e-10,-2.35698,-6.83692e-06,1.04741e-09,-1.67852e-09,-2.06505e-07,7.23923e-05,-1.11915e-08,1.79131e-08,2.81603e-06
899,0.899,0.52,1.28525,-0.297582,-1.57982,-3.99803e-11,1.78908e-10,0.777163,-9.6959e-11,1.55581e-10,-2.35698,-6.76491e-06,1.03628e-09,-1.66071e-09,-2.03707e-07,7.16298e-05,-1.10726e-08,1.7723e-08,2.77992e-06
900,0.9,0.52,1.28525,-0.297582,-1.57982,-3.95568e-11,1.77008e-10,0.777163,-9.59282e-11,1.53929e-10,-2.35698,-6.69366e-06,1.02527e-09,-1.64308e-09,-2.00945e-07,7.08753e-05,-1.0955e-08,1.75349e-08,2.74427e-06
901,0.901,0.52,1.28525,-0.297582,-1.57982,-3.91377e-11,1.75127e-10,0.777163,-9.49084e-11,1.52295e-10,-2.35698,-6.62316e-06,1.01437e-09,-1.62564e-09,-1.98219e-07,7.01288e-05,-1.08386e-08,1.73488e-08,2.70905e-06
902,0.902,0.52,1.28525,-0.297582,-1.57982,-3.87231e-11,1.73267e-10,0.777163,-9.38994e-11,1.50678e-10,-2.35698,-6.5534e-06,1.00359e-09,-1.60838e-09,-1.95527e-07,6.93901e-05,-1.07234e-08,1.71647e-08,2.67427e-06
903,0.903,0.52,1.28525,-0.297582,-1.57982,-3.83128e-11,1.71427e-10,0.777163,-9.29012e-11,1.49078e-10,-2.35698,-6.48437e-06,9.92922e-10,-1.59131e-09,-1.9287e-07,6.86592e-05,-1.06095e-08,1.69825e-08,2.63992e-06
904,0.904,0.52,1.28525,-0.297582,-1.57982,-3.79069e-11,1.69606e-10,0.777163,-9.19136e-11,1.47495e-10,-2.35698,-6.41608e-06,9.82369e-10,-1.57441e-09,-1.90247e-07,6.7936e-05,-1.04967e-08,1.68023e-08,2.606e-06
905,0.905,0.52,1.28525,-0.297582,-1.57982,-3.75053e-11,1.67804e-10,0.777163,-9.09364e-11,1.45929e-10,-2.35698,-6.3485e-06,9.71928e-10,-1.5577e-09,-1.87658e-07,6.72205e-05,-1.03851e-08,1.6624e-08,2.57249e-06
906,0.906,0.52,1.28525,-0.297582,-1.57982,-3.7108e-11,1.66021e-10,0.777163,-8.99697e-11,1.4438e-10,-2.35698,-6.28163e-06,9.61598e-10,-1.54117e-09,-1.85102e-07,6.65124e-05,-1.02748e-08,1.64475e-08,2.5394e-06
907,0.907,0.52,1.28525,-0.297582,-1.57982,-3.67149e-11,1.64258e-10,0.777163,-8.90132e-11,1.42847e-10,-2.35698,-6.21547e-06,9.51378e-10,-1.52481e-09,-1.82579e-07,6.58119e-05,-1.01657e-08,1.6273e-08,2.50673e-06
908,0.908,0.52,1.28525,-0.297582,-1.57982,-3.63259e-11,1.62513e-10,0.777163,-8.80669e-11,1.4133e-10,-2.35698,-6.15001e-06,9.41266e-10,-1.50862e-09,-1.80088e-07,6.51187e-05,-1.00577e-08,1.61003e-08,2.47445e-06
909,0.909,0.52,1.28525,-0.297582,-1.57982,-3.5941e-11,1.60787e-10,0.777163,-8.71306e-11,1.3983e-10,-2.35698,-6.08523e-06,9.31262e-10,-1.4926e-09,-1.7763e-07,6.44328e-05,-9.95078e-09,1.59294e-08,2.44258e-06
910,0.91,0.52,1.28525,-0.297582,-1.57982,-3.55603e-11,1.59079e-10,0.777163,-8.62043e-11,1.38345e-10,-2.35698,-6.02114e-06,9.21364e-10,-1.47676e-09,-1.75203e-07,6.37541e-05,-9.84502e-09,1.57603e-08,2.4111e-06
911,0.911,0.52,1.28525,-0.297582,-1.57982,-3.51835e-11,1.57389e-10,0.777163,-8.52879e-11,1.36876e-10,-2.35698,-5.95772e-06,9.11572e-10,-1.46108e-09,-1.72808e-07,6.30826e-05,-9.74046e-09,1.5593e-08,2.38002e-06
912,0.912,0.52,1.28525,-0.297582,-1.57982,-3.48108e-11,1.55717e-10,0.777163,-8.43811e-11,1.35423e-10,-2.35698,-5.89497e-06,9.01883e-10,-1.44557e-09,-1.70443e-07,6.24181e-05,-9.63693e-09,1.54276e-08,2.34932e-06
913,0.913,0.52,1.28525,-0.297582,-1.57982,-3.4442e-11,1.54063e-10,0.777163,-8.34841e-11,1.33985e-10,-2.35698,-5.83288e-06,8.92297e-10,-1.43023e-09,-1.68109e-07,6.17607e-05,-9.53453e-09,1.52638e-08,2.319e-06
914,0.914,0.52,1.28525,-0.297582,-1.57982,-3.40771e-11,1.52426e-10,0.777163,-8.25965e-11,1.32562e-10,-2.35698,-5.77145e-06,8.82814e-10,-1.41504e-09,-1.65805e-07,6.11102e-05,-9.43323e-09,1.51018e-08,2.28905e-06
915,0.915,0.52,1.28525,-0.297582,-1.57982,-3.37161e-11,1.50807e-10,0.777163,-8.17184e-11,1.31155e-10,-2.35698,-5.71066e-06,8.7343e-10,-1.40002e-09,-1.63531e-07,6.04665e-05,-9.33298e-09,1.49415e-08,2.25949e-06
916,0.916,0.52,1.28525,-0.297582,-1.57982,-3.33589e-11,1.49205e-10,0.777163,-8.08496e-11,1.29762e-10,-2.35698,-5.65051e-06,8.64147e-10,-1.38516e-09,-1.61286e-07,5.98296e-05,-9.23386e-09,1.47829e-08,2.23028e-06
917,0.917,0.52,1.28525,-0.297582,-1.57982,-3.30054e-11,1.4762e-10,0.777163,-7.99901e-11,1.28384e-10,-2.35698,-5.591e-06,8.54963e-10,-1.37046e-09,-1.5907e-07,5.91994e-05,-9.1357e-09,1.4626e-08,2.20144e-06
918,0.918,0.52,1.28525,-0.297582,-1.57982,-3.26558e-11,1.46052e-10,0.777163,-7.91397e-11,1.27021e-10,-2.35698,-5.53211e-06,8.45875e-10,-1.35591e-09,-1.56883e-07,5.85759e-05,-9.03865e-09,1.44708e-08,2.17296e-06
919,0.919,0.52,1.28525,-0.297582,-1.57982,-3.23098e-11,1.445e-10,0.777163,-7.82983e-11,1.25673e-10,-2.35698,-5.47384e-06,8.36885e-10,-1.34151e-09,-1.54724e-07,5.79589e-05,-8.94259e-09,1.43172e-08,2.14484e-06
920,0.92,0.52,1.28525,-0.297582,-1.57982,-3.19675e-11,1.42965e-10,0.777163,-7.74659e-11,1.24338e-10,-2.35698,-5.41619e-06,8.2799e-10,-1.32727e-09,-1.52593e-07,5.73484e-05,-8.84755e-09,1.41653e-08,2.11706e-06
921,0.921,0.52,1.28525,-0.297582,-1.57982,-3.16288e-11,1.41446e-10,0.777163,-7.66423e-11,1.23018e-10,-2.35698,-5.35914e-06,8.19189e-10,-1.31318e-09,-1.5049e-07,5.67444e-05,-8.75352e-09,1.40149e-08,2.08963e-06
922,0.922,0.52,1.28525,-0.297582,-1.57982,-3.12937e-11,1.39944e-10,0.777163,-7.58274e-11,1.21712e-10,-2.35698,-5.3027e-06,8.10482e-10,-1.29924e-09,-1.48414e-07,5.61467e-05,-8.66053e-09,1.38662e-08,2.06254e-06
923,0.923,0.52,1.28525,-0.297582,-1.57982,-3.09622e-11,1.38457e-10,0.777163,-7.50213e-11,1.20419e-10,-2.35698,-5.24685e-06,8.01868e-10,-1.28545e-09,-1.46364e-07,5.55553e-05,-8.56852e-09,1.3719e-08,2.03579e-06
924,0.924,0.52,1.28525,-0.297582,-1.57982,-3.06342e-11,1.36986e-10,0.777163,-7.42237e-11,1.19141e-10,-2.35698,-5.19159e-06,7.93345e-10,-1.2718e-09,-1.44342e-07,5.49702e-05,-8.47746e-09,1.35734e-08,2.00937e-06
925,0.925,0.52,1.28525,-0.297582,-1.57982,-3.03096e-11,1.35531e-10,0.777163,-7.34346e-11,1.17876e-10,-2.35698,-5.13691e-06,7.84913e-10,-1.2583e-09,-1.42346e-07,5.43912e-05,-8.38736e-09,1.34293e-08,1.98328e-06
926,0.926,0.52,1.28525,-0.297582,-1.57982,-2.99885e-11,1.34091e-10,0.777163,-7.26538e-11,1.16624e-10,-2.35698,-5.0828e-06,7.7657e-10,-1.24495e-09,-1.40375e-07,5.38183e-05,-8.29825e-09,1.32868e-08,1.95752e-06
927,0.927,0.52,1.28525,-0.297582,-1.57982,-2.96708e-11,1.32667e-10,0.777163,-7.18814e-11,1.15386e-10,-2.35698,-5.02927e-06,7.68316e-10,-1.23173e-09,-1.3843e-07,5.32514e-05,-8.21003e-09,1.31458e-08,1.93208e-06
928,0.928,0.52,1.28525,-0.297582,-1.57982,-2.93564e-11,1.31257e-10,0.777163,-7.11172e-11,1.14161e-10,-2.35698,-4.9763e-06,7.6015e-10,-1.21865e-09,-1.36511e-07,5.26905e-05,-8.12284e-09,1.30062e-08,1.90696e-06
929,0.929,0.52,1.28525,-0.297582,-1.57982,-2.90454e-11,1.29863e-10,0.777163,-7.03611e-11,1.12949e-10,-2.35698,-4.92388e-06,7.5207e-10,-1.20572e-09,-1.34616e-07,5.21355e-05,-8.03648e-09,1.28682e-08,1.88215e-06
930,0.93,0.52,1.28525,-0.297582,-1.57982,-2.87377e-11,1.28483e-10,0.777163,-6.9613e-11,1.11749e-10,-2.35698,-4.87202e-06,7.44076e-10,-1.19292e-09,-1.32747e-07,5.15864e-05,-7.95109e-09,1.27316e-08,1.85765e-06
931,0.931,0.52,1.28525,-0.297582,-1.57982,-2.84332e-11,1.27118e-10,0.777163,-6.88729e-11,1.10563e-10,-2.35698,-4.82071e-06,7.36168e-10,-1.18025e-09,-1.30901e-07,5.10431e-05,-7.86665e-09,1.25965e-08,1.83345e-06
932,0.932,0.52,1.28525,-0.297582,-1.57982,-2.8132e-11,1.25768e-10,0.777163,-6.81406e-11,1.09389e-10,-2.35698,-4.76994e-06,7.28343e-10,-1.16772e-09,-1.2908e-07,5.05054e-05,-7.78302e-09,1.24628e-08,1.80956e-06
933,0.933,0.52,1.28525,-0.297582,-1.57982,-2.78339e-11,1.24432e-10,0.777163,-6.74162e-11,1.08227e-10,-2.35698,-4.7197e-06,7.20601e-10,-1.15533e-09,-1.27282e-07,4.99735e-05,-7.70032e-09,1.23305e-08,1.78597e-06
934,0.934,0.52,1.28525,-0.297582,-1.57982,-2.7539e-11,1.2311e-10,0.777163,-6.66994e-11,1.07078e-10,-2.35698,-4.66999e-06,7.12942e-10,-1.14306e-09,-1.25507e-07,4.94471e-05,-7.61851e-09,1.21996e-08,1.76267e-06
935,0.935,0.52,1.28525,-0.297582,-1.57982,-2.72473e-11,1.21802e-10,0.777163,-6.59903e-11,1.05941e-10,-2.35698,-4.6208e-06,7.05364e-10,-1.13093e-09,-1.23756e-07,4.89263e-05,-7.53748e-09,1.20702e-08,1.73967e-06
936,0.936,0.52,1.28525,-0.297582,-1.57982,-2.69586e-11,1.20508e-10,0.777163,-6.52886e-11,1.04816e-10,-2.35698,-4.57213e-06,6.97866e-10,-1.11892e-09,-1.22028e-07,4.8411e-05,-7.45748e-09,1.1942e-08,1.71695e-06
937,0.937,0.52,1.28525,-0.297582,-1.57982,-2.6673e-11,1.19228e-10,0.777163,-6.45945e-11,1.03703e-10,-2.35698,-4.52398e-06,6.90449e-10,-1.10704e-09,-1.20322e-07,4.7901e-05,-7.37821e-09,1.18153e-08,1.69452e-06
938,0.938,0.52,1.28525,-0.297582,-1.57982,-2.63904e-11,1.17961e-10,0.777163,-6.39077e-11,1.02602e-10,-2.35698,-4.47633e-06,6.8311e-10,-1.09529e-09,-1.18639e-07,4.73965e-05,-7.2998e-09,1.16899e-08,1.67237e-06
939,0.939,0.52,1.28525,-0.297582,-1.57982,-2.61108e-11,1.16708e-10,0.777163,-6.32282e-11,1.01512e-10,-2.35698,-4.42918e-06,6.75849e-10,-1.08366e-09,-1.16977e-07,4.68973e-05,-7.22223e-09,1.15658e-08,1.65049e-06
940,0.94,0.52,1.28525,-0.297582,-1.57982,-2.58341e-11,1.15468e-10,0.777163,-6.2556e-11,1.00435e-10,-2.35698,-4.38253e-06,6.68665e-10,-1.07216e-09,-1.15338e-07,4.64033e-05,-7.14548e-09,1.1443e-08,1.62889e-06
941,0.941,0.52,1.28525,-0.297582,-1.57982,-2.55604e-11,1.14242e-10,0.777163,-6.18909e-11,9.93681e-11,-2.35698,-4.33637e-06,6.61558e-10,-1.06078e-09,-1.1372e-07,4.59146e-05,-7.06953e-09,1.13216e-08,1.60756e-06
942,0.942,0.52,1.28525,-0.297582,-1.57982,-2.52896e-11,1.13028e-10,0.777163,-6.12329e-11,9.8313e-11,-2.35698,-4.2907e-06,6.54526e-10,-1.04951e-09,-1.12123e-07,4.5431e-05,-6.99441e-09,1.12014e-08,1.5865e-06
943,0.943,0.52,1.28525,-0.297582,-1.57982,-2.50217e-11,1.11827e-10,0.777163,-6.05818e-11,9.72691e-11,-2.35698,-4.24551e-06,6.47569e-10,-1.03837e-09,-1.10547e-07,4.49525e-05,-6.92009e-09,1.10825e-08,1.5657e-06
944,0.944,0.52,1.28525,-0.297582,-1.57982,-2.47566e-11,1.10639e-10,0.777163,-5.99377e-11,9.62362e-11,-2.35698,-4.2008e-06,6.40685e-10,-1.02735e-09,-1.08991e-07,4.4479e-05,-6.84658e-09,1.09649e-08,1.54517e-06
945,0.945,0.52,1.28525,-0.297582,-1.57982,-2.44943e-11,1.09464e-10,0.777163,-5.93004e-11,9.52143e-11,-2.35698,-4.15655e-06,6.33875e-10,-1.01644e-09,-1.07456e-07,4.40105e-05,-6.77382e-09,1.08485e-08,1.52489e-06
946,0.946,0.52,1.28525,-0.297582,-1.57982,-2.42348e-11,1.08301e-10,0.777163,-5.86699e-11,9.42033e-11,-2.35698,-4.11277e-06,6.27137e-10,-1.00565e-09,-1.05941e-07,4.35469e-05,-6.70182e-09,1.07334e-08,1.50486e-06
947,0.947,0.52,1.28525,-0.297582,-1.57982,-2.3978e-11,1.0715e-10,0.777163,-5.80461e-11,9.3203e-11,-2.35698,-4.06946e-06,6.20471e-10,-9.94975e-10,-1.04446e-07,4.30883e-05,-6.6306e-09,1.06194e-08,1.48509e-06
948,0.948,0.52,1.28525,-0.297582,-1.57982,-2.3724e-11,1.06012e-10,0.777163,-5.7429e-11,9.22133e-11,-2.35698,-4.02659e-06,6.13876e-10,-9.84412e-10,-1.02971e-07,4.26344e-05,-6.56018e-09,1.05067e-08,1.46557e-06
949,0.949,0.52,1.28525,-0.297582,-1.57982,-2.34726e-11,1.04886e-10,0.777163,-5.68183e-11,9.12341e-11,-2.35698,-3.98419e-06,6.07351e-10,-9.73961e-10,-1.01515e-07,4.21854e-05,-6.49043e-09,1.03952e-08,1.44629e-06
950,0.95,0.52,1.28525,-0.297582,-1.57982,-2.32239e-11,1.03771e-10,0.777163,-5.62142e-11,9.02653e-11,-2.35698,-3.94222e-06,6.00895e-10,-9.63621e-10,-1.00078e-07,4.1741e-05,-6.42146e-09,1.02849e-08,1.42726e-06
951,0.951,0.52,1.28525,-0.297582,-1.57982,-2.29779e-11,1.02669e-10,0.777163,-5.56165e-11,8.93069e-11,-2.35698,-3.9007e-06,5.94508e-10,-9.53391e-10,-9.86605e-08,4.13014e-05,-6.3532e-09,1.01757e-08,1.40846e-06
952,0.952,0.52,1.28525,-0.297582,-1.57982,-2.27344e-11,1.01578e-10,0.777163,-5.50252e-11,8.83585e-11,-2.35698,-3.85962e-06,5.88188e-10,-9.43269e-10,-9.72613e-08,4.08664e-05,-6.28569e-09,1.00677e-08,1.3899e-06
953,0.953,0.52,1.28525,-0.297582,-1.57982,-2.24936e-11,1.00499e-10,0.777163,-5.44401e-11,8.74203e-11,-2.35698,-3.81897e-06,5.81936e-10,-9.33255e-10,-9.58806e-08,4.04359e-05,-6.21889e-09,9.96084e-09,1.37158e-06
954,0.954,0.52,1.28525,-0.297582,-1.57982,-2.22553e-11,9.94313e-11,0.777163,-5.38613e-11,8.6492e-11,-2.35698,-3.77874e-06,5.7575e-10,-9.23347e-10,-9.45181e-08,4.001e-05,-6.1528e-09,9.85511e-09,1.35348e-06
955,0.955,0.52,1.28525,-0.297582,-1.57982,-2.20195e-11,9.83749e-11,0.777163,-5.32886e-11,8.55735e-11,-2.35698,-3.73895e-06,5.6963e-10,-9.13544e-10,-9.31736e-08,3.95886e-05,-6.0874e-09,9.75051e-09,1.33562e-06
956,0.956,0.52,1.28525,-0.297582,-1.57982,-2.17862e-11,9.73298e-11,0.777163,-5.2722e-11,8.46649e-11,-2.35698,-3.69957e-06,5.63575e-10,-9.03846e-10,-9.18468e-08,3.91716e-05,-6.02276e-09,9.647e-09,1.31798e-06
957,0.957,0.52,1.28525,-0.297582,-1.57982,-2.15553e-11,9.62957e-11,0.777163,-5.21614e-11,8.37658e-11,-2.35698,-3.6606e-06,5.57584e-10,-8.9425e-10,-9.05375e-08,3.87591e-05,-5.95874e-09,9.54461e-09,1.30056e-06
958,0.958,0.52,1.28525,-0.297582,-1.57982,-2.1327e-11,9.52727e-11,0.777163,-5.16068e-11,8.28763e-11,-2.35698,-3.62205e-06,5.51657e-10,-8.84756e-10,-8.92456e-08,3.83508e-05,-5.89542e-09,9.44329e-09,1.28336e-06
959,0.959,0.52,1.28525,-0.297582,-1.57982,-2.1101e-11,9.42605e-11,0.777163,-5.10581e-11,8.19963e-11,-2.35698,-3.5839e-06,5.45793e-10,-8.75363e-10,-8.79708e-08,3.79469e-05,-5.83278e-09,9.34306e-09,1.26638e-06
960,0.96,0.52,1.28525,-0.297582,-1.57982,-2.08774e-11,9.32591e-11,0.777163,-5.05152e-11,8.11256e-11,-2.35698,-3.54615e-06,5.39992e-10,-8.6607e-10,-8.67128e-08,3.75472e-05,-5.7708e-09,9.24388e-09,1.24961e-06
961,0.961,0.52,1.28525,-0.297582,-1.57982,-2.06562e-11,9.22683e-11,0.777163,-4.99781e-11,8.02641e-11,-2.35698,-3.5088e-06,5.34252e-10,-8.56875e-10,-8.54715e-08,3.71517e-05,-5.70948e-09,9.14576e-09,1.23306e-06
962,0.962,0.52,1.28525,-0.297582,-1.57982,-2.04374e-11,9.1288e-11,0.777163,-4.94467e-11,7.94118e-11,-2.35698,-3.47185e-06,5.28572e-10,-8.47778e-10,-8.42466e-08,3.67604e-05,-5.64881e-09,9.04868e-09,1.21671e-06
963,0.963,0.52,1.28525,-0.297582,-1.57982,-2.02209e-11,9.03181e-11,0.777163,-4.89209e-11,7.85685e-11,-2.35698,-3.43528e-06,5.22954e-10,-8.38777e-10,-8.3038e-08,3.63732e-05,-5.58875e-09,8.95264e-09,1.20057e-06
964,0.964,0.52,1.28525,-0.297582,-1.57982,-2.00066e-11,8.93586e-11,0.777163,-4.84008e-11,7.77342e-11,-2.35698,-3.3991e-06,5.17395e-10,-8.29872e-10,-8.18454e-08,3.59901e-05,-5.52933e-09,8.85763e-09,1.18464e-06
965,0.965,0.52,1.28525,-0.297582,-1.57982,-1.97946e-11,8.84092e-11,0.777163,-4.78861e-11,7.69087e-11,-2.35698,-3.3633e-06,5.11895e-10,-8.21062e-10,-8.06686e-08,3.5611e-05,-5.4706e-09,8.76359e-09,1.16891e-06
966,0.966,0.52,1.28525,-0.297582,-1.57982,-1.95849e-11,8.74699e-11,0.777163,-4.7377e-11,7.6092e-11,-2.35698,-3.32788e-06,5.06453e-10,-8.12345e-10,-7.95075e-08,3.5236e-05,-5.41244e-09,8.67057e-09,1.15337e-06
967,0.967,0.52,1.28525,-0.297582,-1.57982,-1.93774e-11,8.65406e-11,0.777163,-4.68732e-11,7.5284e-11,-2.35698,-3.29282e-06,5.0107e-10,-8.0372e-10,-7.83618e-08,3.48648e-05,-5.35492e-09,8.57854e-09,1.13804e-06
968,0.968,0.52,1.28525,-0.297582,-1.57982,-1.91721e-11,8.56211e-11,0.777163,-4.63748e-11,7.44846e-11,-2.35698,-3.25814e-06,4.95743e-10,-7.95187e-10,-7.72314e-08,3.44976e-05,-5.29802e-09,8.48747e-09,1.12289e-06
969,0.969,0.52,1.28525,-0.297582,-1.57982,-1.8969e-11,8.47115e-11,0.777163,-4.58817e-11,7.36936e-11,-2.35698,-3.22383e-06,4.90474e-10,-7.86745e-10,-7.6116e-08,3.41343e-05,-5.24172e-09,8.39739e-09,1.10794e-06
970,0.97,0.52,1.28525,-0.297582,-1.57982,-1.8768e-11,8.38115e-11,0.777163,-4.53938e-11,7.29111e-11,-2.35698,-3.18987e-06,4.8526e-10,-7.78392e-10,-7.50154e-08,3.37747e-05,-5.18601e-09,8.30826e-09,1.09318e-06
971,0.971,0.52,1.28525,-0.297582,-1.57982,-1.85692e-11,8.2921e-11,0.777163,-4.49112e-11,7.21368e-11,-2.35698,-3.15628e-06,4.80101e-10,-7.70128e-10,-7.39295e-08,3.3419e-05,-5.13091e-09,8.22007e-09,1.07861e-06
972,0.972,0.52,1.28525,-0.297582,-1.57982,-1.83724e-11,8.204e-11,0.777163,-4.44336e-11,7.13708e-11,-2.35698,-3.12304e-06,4.74998e-10,-7.61952e-10,-7.28581e-08,3.3067e-05,-5.07636e-09,8.13281e-09,1.06422e-06
973,0.973,0.52,1.28525,-0.297582,-1.57982,-1.81777e-11,8.11684e-11,0.777163,-4.39611e-11,7.06129e-11,-2.35698,-3.09014e-06,4.69948e-10,-7.53862e-10,-7.1801e-08,3.27187e-05,-5.02244e-09,8.04648e-09,1.05001e-06
974,0.974,0.52,1.28525,-0.297582,-1.57982,-1.79852e-11,8.0306e-11,0.777163,-4.34937e-11,6.9863e-11,-2.35698,-3.0576e-06,4.64953e-10,-7.45858e-10,-7.0758e-08,3.23741e-05,-4.96907e-09,7.96106e-09,1.03599e-06
975,0.975,0.52,1.28525,-0.297582,-1.57982,-1.77946e-11,7.94528e-11,0.777163,-4.30312e-11,6.91211e-11,-2.35698,-3.02539e-06,4.6001e-10,-7.3794e-10,-6.9729e-08,3.20331e-05,-4.91623e-09,7.87656e-09,1.02214e-06
976,0.976,0.52,1.28525,-0.297582,-1.57982,-1.76061e-11,7.86086e-11,0.777163,-4.25737e-11,6.83871e-11,-2.35698,-2.99353e-06,4.5512e-10,-7.30105e-10,-6.87137e-08,3.16957e-05,-4.864e-09,7.79295e-09,1.00847e-06
977,0.977,0.52,1.28525,-0.297582,-1.57982,-1.74195e-11,7.77735e-11,0.777163,-4.2121e-11,6.76609e-11,-2.35698,-2.962e-06,4.50282e-10,-7.22353e-10,-6.7712e-08,3.13619e-05,-4.81229e-09,7.71025e-09,9.94974e-07
978,0.978,0.52,1.28525,-0.297582,-1.57982,-1.7235e-11,7.69471e-11,0.777163,-4.16731e-11,6.69424e-11,-2.35698,-2.9308e-06,4.45495e-10,-7.14684e-10,-6.67237e-08,3.10316e-05,-4.76114e-09,7.62841e-09,9.81647e-07
979,0.979,0.52,1.28525,-0.297582,-1.57982,-1.70523e-11,7.61296e-11,0.777163,-4.123e-11,6.62315e-11,-2.35698,-2.89994e-06,4.40759e-10,-7.07096e-10,-6.57486e-08,3.07047e-05,-4.71057e-09,7.54743e-09,9.68492e-07
980,0.98,0.52,1.28525,-0.297582,-1.57982,-1.68717e-11,7.53208e-11,0.777163,-4.07915e-11,6.55282e-11,-2.35698,-2.86939e-06,4.36074e-10,-6.99589e-10,-6.47867e-08,3.03813e-05,-4.66046e-09,7.46733e-09,9.55504e-07
981,0.981,0.52,1.28525,-0.297582,-1.57982,-1.66929e-11,7.45205e-11,0.777163,-4.03578e-11,6.48323e-11,-2.35698,-2.83917e-06,4.31438e-10,-6.92161e-10,-6.38376e-08,3.00613e-05,-4.61095e-09,7.38805e-09,9.4268e-07
982,0.982,0.52,1.28525,-0.297582,-1.57982,-1.6516e-11,7.37287e-11,0.777163,-3.99286e-11,6.41438e-11,-2.35698,-2.80927e-06,4.26852e-10,-6.84813e-10,-6.29012e-08,2.97447e-05,-4.56193e-09,7.30963e-09,9.30021e-07
983,0.983,0.52,1.28525,-0.297582,-1.57982,-1.6341e-11,7.29454e-11,0.777163,-3.95041e-11,6.34626e-11,-2.35698,-2.77968e-06,4.22314e-10,-6.77542e-10,-6.19775e-08,2.94314e-05,-4.51347e-09,7.23204e-09,9.17524e-07
984,0.984,0.52,1.28525,-0.297582,-1.57982,-1.61679e-11,7.21704e-11,0.777163,-3.9084e-11,6.27887e-11,-2.35698,-2.75041e-06,4.17825e-10,-6.70348e-10,-6.10661e-08,2.91214e-05,-4.4655e-09,7.15526e-09,9.05186e-07
985,0.985,0.52,1.28525,-0.297582,-1.57982,-1.59966e-11,7.14036e-11,0.777163,-3.86684e-11,6.21219e-11,-2.35698,-2.72144e-06,4.13383e-10,-6.63231e-10,-6.01671e-08,2.88147e-05,-4.41804e-09,7.07932e-09,8.93006e-07
986,0.986,0.52,1.28525,-0.297582,-1.57982,-1.58271e-11,7.06449e-11,0.777163,-3.82572e-11,6.14622e-11,-2.35698,-2.69278e-06,4.08988e-10,-6.56189e-10,-5.92801e-08,2.85112e-05,-4.37111e-09,7.00415e-09,8.8098e-07
987,0.987,0.52,1.28525,-0.297582,-1.57982,-1.56594e-11,6.98943e-11,0.777163,-3.78504e-11,6.08095e-11,-2.35698,-2.66441e-06,4.04641e-10,-6.49222e-10,-5.8405e-08,2.82109e-05,-4.32464e-09,6.92981e-09,8.69107e-07
988,0.988,0.52,1.28525,-0.297582,-1.57982,-1.54935e-11,6.91517e-11,0.777163,-3.74479e-11,6.01637e-11,-2.35698,-2.63635e-06,4.00339e-10,-6.4233e-10,-5.75418e-08,2.79138e-05,-4.27868e-09,6.85625e-09,8.57387e-07
989,0.989,0.52,1.28525,-0.297582,-1.57982,-1.53293e-11,6.8417e-11,0.777163,-3.70497e-11,5.95248e-11,-2.35698,-2.60859e-06,3.96083e-10,-6.3551e-10,-5.66902e-08,2.76198e-05,-4.23319e-09,6.78347e-09,8.45815e-07
990,0.99,0.52,1.28525,-0.297582,-1.57982,-1.51669e-11,6.769e-11,0.777163,-3.66557e-11,5.88927e-11,-2.35698,-2.58111e-06,3.91872e-10,-6.28762e-10,-5.58501e-08,2.73289e-05,-4.18822e-09,6.71146e-09,8.34394e-07
991,0.991,0.52,1.28525,-0.297582,-1.57982,-1.50062e-11,6.69708e-11,0.777163,-3.6266e-11,5.82673e-11,-2.35698,-2.55393e-06,3.87707e-10,-6.22087e-10,-5.50214e-08,2.7041e-05,-4.14366e-09,6.64024e-09,8.23117e-07
992,0.992,0.52,1.28525,-0.297582,-1.57982,-1.48472e-11,6.62593e-11,0.777163,-3.58803e-11,5.76485e-11,-2.35698,-2.52703e-06,3.83585e-10,-6.15482e-10,-5.42039e-08,2.67562e-05,-4.09966e-09,6.56973e-09,8.11986e-07
993,0.993,0.52,1.28525,-0.297582,-1.57982,-1.46899e-11,6.55552e-11,0.777163,-3.54988e-11,5.70363e-11,-2.35698,-2.50041e-06,3.79507e-10,-6.08947e-10,-5.33974e-08,2.64744e-05,-4.05611e-09,6.49998e-09,8.00997e-07
994,0.994,0.52,1.28525,-0.297582,-1.57982,-1.45343e-11,6.48587e-11,0.777163,-3.51213e-11,5.64306e-11,-2.35698,-2.47408e-06,3.75473e-10,-6.02481e-10,-5.26018e-08,2.61955e-05,-4.01296e-09,6.431e-09,7.9015e-07
995,0.995,0.52,1.28525,-0.297582,-1.57982,-1.43803e-11,6.41696e-11,0.777163,-3.47478e-11,5.58313e-11,-2.35698,-2.44802e-06,3.71481e-10,-5.96085e-10,-5.1817e-08,2.59196e-05,-3.97034e-09,6.36273e-09,7.79438e-07
996,0.996,0.52,1.28525,-0.297582,-1.57982,-1.42279e-11,6.34878e-11,0.777163,-3.43783e-11,5.52384e-11,-2.35698,-2.42224e-06,3.67532e-10,-5.89756e-10,-5.10429e-08,2.56466e-05,-3.92814e-09,6.29518e-09,7.68867e-07
997,0.997,0.52,1.28525,-0.297582,-1.57982,-1.40771e-11,6.28132e-11,0.777163,-3.40127e-11,5.46518e-11,-2.35698,-2.39673e-06,3.63625e-10,-5.83494e-10,-5.02792e-08,2.53765e-05,-3.8864e-09,6.22835e-09,7.58432e-07
998,0.998,0.52,1.28525,-0.297582,-1.57982,-1.3928e-11,6.21458e-11,0.777163,-3.36511e-11,5.40714e-11,-2.35698,-2.37148e-06,3.59759e-10,-5.77299e-10,-4.9526e-08,2.51092e-05,-3.84507e-09,6.16226e-09,7.4813e-07
999,0.999,0.52,1.28525,-0.297582,-1.57982,-1.37804e-11,6.14855e-11,0.777163,-3.32932e-11,5.34972e-11,-2.35698,-2.34651e-06,3.55934e-10,-5.71169e-10,-4.87829e-08,2.48448e-05,-3.80424e-09,6.09683e-09,7.3796e-07
1000,1,0.52,1.28525,-0.297582,-1.57982,-1.36344e-11,6.08322e-11,0.777163,-3.29392e-11,5.2929e-11,-2.35698,-2.32179e-06,3.5215e-10,-5.65105e-10,-4.805e-08,2.45831e-05,-3.76378e-09,6.03212e-09,7.2792e-07
1001,1.001,0.52,1.28525,-0.297582,-1.57982,-1.34899e-11,6.01858e-11,0.777163,-3.25889e-11,5.23669e-11,-2.35698,-2.29734e-06,3.48407e-10,-5.59105e-10,-4.73271e-08,2.43242e-05,-3.72377e-09,5.96808e-09,7.1801e-07
1002,1.002,0.52,1.28525,-0.297582,-1.57982,-1.3347e-11,5.95464e-11,0.777163,-3.22423e-11,5.18108e-11,-2.35698,-2.27315e-06,3.44703e-10,-5.53168e-10,-4.6614e-08,2.4068e-05,-3.68418e-09,5.90473e-09,7.08227e-07
1003,1.003,0.52,1.28525,-0.297582,-1.57982,-1.32056e-11,5.89137e-11,0.777163,-3.18995e-11,5.12606e-11,-2.35698,-2.2492e-06,3.41038e-10,-5.47295e-10,-4.59106e-08,2.38145e-05,-3.64499e-09,5.84206e-09,6.98569e-07
1004,1.004,0.52,1.28525,-0.297582,-1.57982,-1.30657e-11,5.82877e-11,0.777163,-3.15603e-11,5.07162e-11,-2.35698,-2.22552e-06,3.37412e-10,-5.41484e-10,-4.52168e-08,2.35637e-05,-3.6063e-09,5.78003e-09,6.89038e-07
1005,1.005,0.52,1.28525,-0.297582,-1.57982,-1.29272e-11,5.76683e-11,0.777163,-3.12246e-11,5.01776e-11,-2.35698,-2.20208e-06,3.33825e-10,-5.35735e-10,-4.45325e-08,2.33155e-05,-3.56796e-09,5.71867e-09,6.79628e-07
1006,1.006,0.52,1.28525,-0.297582,-1.57982,-1.27903e-11,5.70556e-11,0.777163,-3.08926e-11,4.96447e-11,-2.35698,-2.17888e-06,3.30276e-10,-5.30047e-10,-4.38575e-08,2.30699e-05,-3.53005e-09,5.65796e-09,6.7034e-07
1007,1.007,0.52,1.28525,-0.297582,-1.57982,-1.26547e-11,5.64494e-11,0.777163,-3.05641e-11,4.91175e-11,-2.35698,-2.15594e-06,3.26765e-10,-5.24419e-10,-4.31917e-08,2.28269e-05,-3.49253e-09,5.59791e-09,6.61171e-07
1008,1.008,0.52,1.28525,-0.297582,-1.57982,-1.25206e-11,5.58496e-11,0.777163,-3.0239e-11,4.85958e-11,-2.35698,-2.13323e-06,3.23291e-10,-5.18851e-10,-4.25351e-08,2.25865e-05,-3.45543e-09,5.53847e-09,6.52121e-07
1009,1.009,0.52,1.28525,-0.297582,-1.57982,-1.2388e-11,5.52561e-11,0.777163,-2.99175e-11,4.80797e-11,-2.35698,-2.11076e-06,3.19854e-10,-5.13342e-10,-4.18875e-08,2.23486e-05,-3.41868e-09,5.47967e-09,6.43186e-07
1010,1.01,0.52,1.28525,-0.297582,-1.57982,-1.22567e-11,5.4669e-11,0.777163,-2.95993e-11,4.75691e-11,-2.35698,-2.08853e-06,3.16454e-10,-5.07891e-10,-4.12487e-08,2.21132e-05,-3.38238e-09,5.4215e-09,6.34369e-07
1011,1.011,0.52,1.28525,-0.297582,-1.57982,-1.21269e-11,5.40881e-11,0.777163,-2.92846e-11,4.70639e-11,-2.35698,-2.06653e-06,3.13089e-10,-5.02498e-10,-4.06187e-08,2.18803e-05,-3.34641e-09,5.36396e-09,6.25663e-07
1012,1.012,0.52,1.28525,-0.297582,-1.57982,-1.19984e-11,5.35134e-11,0.777163,-2.89731e-11,4.65641e-11,-2.35698,-2.04477e-06,3.09761e-10,-4.97163e-10,-3.99973e-08,2.16498e-05,-3.31083e-09,5.30703e-09,6.17074e-07
1013,1.013,0.52,1.28525,-0.297582,-1.57982,-1.18712e-11,5.29448e-11,0.777163,-2.8665e-11,4.60696e-11,-2.35698,-2.02323e-06,3.06467e-10,-4.91884e-10,-3.93845e-08,2.14218e-05,-3.27564e-09,5.25068e-09,6.08592e-07
1014,1.014,0.52,1.28525,-0.297582,-1.57982,-1.17454e-11,5.23822e-11,0.777163,-2.83602e-11,4.55803e-11,-2.35698,-2.00192e-06,3.03209e-10,-4.86661e-10,-3.87801e-08,2.11962e-05,-3.24085e-09,5.19493e-09,6.00222e-07
1015,1.015,0.52,1.28525,-0.297582,-1.57982,-1.1621e-11,5.18256e-11,0.777163,-2.80586e-11,4.50963e-11,-2.35698,-1.98084e-06,2.99986e-10,-4.81494e-10,-3.8184e-08,2.09729e-05,-3.20638e-09,5.13979e-09,5.91958e-07
1016,1.016,0.52,1.28525,-0.297582,-1.57982,-1.14979e-11,5.12749e-11,0.777163,-2.77602e-11,4.46173e-11,-2.35698,-1.95998e-06,2.96796e-10,-4.76382e-10,-3.75961e-08,2.0752e-05,-3.17231e-09,5.08523e-09,5.83802e-07
1017,1.017,0.52,1.28525,-0.297582,-1.57982,-1.1376e-11,5.07301e-11,0.777163,-2.7465e-11,4.41435e-11,-2.35698,-1.93934e-06,2.93641e-10,-4.71323e-10,-3.70164e-08,2.05335e-05,-3.13856e-09,5.03126e-09,5.75751e-07
1018,1.018,0.52,1.28525,-0.297582,-1.57982,-1.12555e-11,5.01911e-11,0.777163,-2.71729e-11,4.36747e-11,-2.35698,-1.91891e-06,2.90519e-10,-4.66319e-10,-3.64446e-08,2.03172e-05,-3.10524e-09,4.97784e-09,5.67807e-07
1019,1.019,0.52,1.28525,-0.297582,-1.57982,-1.11362e-11,4.96578e-11,0.777163,-2.68839e-11,4.32108e-11,-2.35698,-1.8987e-06,2.8743e-10,-4.61367e-10,-3.58807e-08,2.01032e-05,-3.07227e-09,4.92497e-09,5.59964e-07
1020,1.02,0.52,1.28525,-0.297582,-1.57982,-1.10182e-11,4.91301e-11,0.777163,-2.6598e-11,4.27519e-11,-2.35698,-1.8787e-06,2.84375e-10,-4.56469e-10,-3.53246e-08,1.98915e-05,-3.03955e-09,4.87273e-09,5.52223e-07
1021,1.021,0.52,1.28525,-0.297582,-1.57982,-1.09015e-11,4.86081e-11,0.777163,-2.63152e-11,4.22979e-11,-2.35698,-1.85892e-06,2.81351e-10,-4.51622e-10,-3.47762e-08,1.9682e-05,-3.00725e-09,4.821e-09,5.44584e-07
1022,1.022,0.52,1.28525,-0.297582,-1.57982,-1.0786e-11,4.80916e-11,0.777163,-2.60353e-11,4.18486e-11,-2.35698,-1.83934e-06,2.7836e-10,-4.46826e-10,-3.42354e-08,1.94747e-05,-2.97529e-09,4.76981e-09,5.37042e-07
1023,1.023,0.52,1.28525,-0.297582,-1.57982,-1.06717e-11,4.75805e-11,0.777163,-2.57585e-11,4.14042e-11,-2.35698,-1.81997e-06,2.754e-10,-4.42082e-10,-3.37021e-08,1.92696e-05,-2.94367e-09,4.71918e-09,5.29599e-07
1024,1.024,0.52,1.28525,-0.297582,-1.57982,-1.05586e-11,4.7075e-11,0.777163,-2.54845e-11,4.09645e-11,-2.35698,-1.8008e-06,2.72472e-10,-4.37388e-10,-3.31762e-08,1.90666e-05,-2.91234e-09,4.66909e-09,5.22253e-07
1025,1.025,0.52,1.28525,-0.297582,-1.57982,-1.04467e-11,4.65747e-11,0.777163,-2.52135e-11,4.05294e-11,-2.35698,-1.78183e-06,2.69576e-10,-4.32744e-10,-3.26576e-08,1.88658e-05,-2.88145e-09,4.61949e-09,5.15002e-07
1026,1.026,0.52,1.28525,-0.297582,-1.57982,-1.0336e-11,4.60798e-11,0.777163,-2.49454e-11,4.0099e-11,-2.35698,-1.76307e-06,2.66709e-10,-4.28149e-10,-3.21462e-08,1.86671e-05,-2.8508e-09,4.57047e-09,5.07847e-07
1027,1.027,0.52,1.28525,-0.297582,-1.57982,-1.02265e-11,4.55902e-11,0.777163,-2.46801e-11,3.96731e-11,-2.35698,-1.7445e-06,2.63874e-10,-4.23603e-10,-3.16419e-08,1.84705e-05,-2.82049e-09,4.52195e-09,5.00783e-07
1028,1.028,0.52,1.28525,-0.297582,-1.57982,-1.01182e-11,4.51058e-11,0.777163,-2.44176e-11,3.92517e-11,-2.35698,-1.72612e-06,2.61068e-10,-4.19105e-10,-3.11446e-08,1.82759e-05,-2.79055e-09,4.47392e-09,4.93811e-07
1029,1.029,0.52,1.28525,-0.297582,-1.57982,-1.00109e-11,4.46265e-11,0.777163,-2.41579e-11,3.88349e-11,-2.35698,-1.70795e-06,2.58293e-10,-4.14655e-10,-3.06542e-08,1.80834e-05,-2.76087e-09,4.42644e-09,4.86931e-07
1030,1.03,0.52,1.28525,-0.297582,-1.57982,-9.90487e-12,4.41523e-11,0.777163,-2.3901e-11,3.84224e-11,-2.35698,-1.68996e-06,2.55547e-10,-4.10252e-10,-3.01707e-08,1.7893e-05,-2.73152e-09,4.37946e-09,4.80141e-07
1031,1.031,0.52,1.28525,-0.297582,-1.57982,-9.79991e-12,4.36831e-11,0.777163,-2.36468e-11,3.80143e-11,-2.35698,-1.67216e-06,2.5283e-10,-4.05895e-10,-2.96939e-08,1.77045e-05,-2.70249e-09,4.33296e-09,4.73439e-07
1032,1.032,0.52,1.28525,-0.297582,-1.57982,-9.69607e-12,4.32189e-11,0.777163,-2.33953e-11,3.76106e-11,-2.35698,-1.65455e-06,2.50142e-10,-4.01586e-10,-2.92238e-08,1.75181e-05,-2.67376e-09,4.28695e-09,4.66823e-07
1033,1.033,0.52,1.28525,-0.297582,-1.57982,-9.59333e-12,4.27597e-11,0.777163,-2.31465e-11,3.72112e-11,-2.35698,-1.63712e-06,2.47482e-10,-3.97321e-10,-2.87602e-08,1.73336e-05,-2.64534e-09,4.24145e-09,4.60295e-07
1034,1.034,0.52,1.28525,-0.297582,-1.57982,-9.49168e-12,4.23053e-11,0.777163,-2.29004e-11,3.6816e-11,-2.35698,-1.61988e-06,2.44851e-10,-3.93103e-10,-2.83032e-08,1.7151e-05,-2.61721e-09,4.19643e-09,4.53854e-07
1035,1.035,0.52,1.28525,-0.297582,-1.57982,-9.39111e-12,4.18557e-11,0.777163,-2.26568e-11,3.64249e-11,-2.35698,-1.60282e-06,2.42247e-10,-3.88928e-10,-2.78525e-08,1.69703e-05,-2.58939e-09,4.15188e-09,4.47495e-07
1036,1.036,0.52,1.28525,-0.297582,-1.57982,-9.2916e-12,4.1411e-11,0.777163,-2.24159e-11,3.60381e-11,-2.35698,-1.58594e-06,2.39672e-10,-3.84799e-10,-2.74081e-08,1.67916e-05,-2.56191e-09,4.10778e-09,4.41219e-07
1037,1.037,0.52,1.28525,-0.297582,-1.57982,-9.19314e-12,4.09709e-11,0.777163,-2.21775e-11,3.56553e-11,-2.35698,-1.56924e-06,2.37124e-10,-3.80713e-10,-2.697e-08,1.66148e-05,-2.53466e-09,4.06418e-09,4.35026e-07
1038,1.038,0.52,1.28525,-0.297582,-1.57982,-9.09573e-12,4.05356e-11,0.777163,-2.19416e-11,3.52766e-11,-2.35698,-1.55271e-06,2.34602e-10,-3.7667e-10,-2.65381e-08,1.64398e-05,-2.50771e-09,4.02104e-09,4.28915e-07
1039,1.039,0.52,1.28525,-0.297582,-1.57982,-8.99935e-12,4.01048e-11,0.777163,-2.17082e-11,3.4902e-11,-2.35698,-1.53636e-06,2.32108e-10,-3.7267e-10,-2.61122e-08,1.62666e-05,-2.48104e-09,3.97837e-09,4.22883e-07
1040,1.04,0.52,1.28525,-0.297582,-1.57982,-8.90399e-12,3.96787e-11,0.777163,-2.14774e-11,3.45313e-11,-2.35698,-1.52017e-06,2.2964e-10,-3.68713e-10,-2.56923e-08,1.60953e-05,-2.45466e-09,3.93612e-09,4.16932e-07
1041,1.041,0.52,1.28525,-0.297582,-1.57982,-8.80964e-12,3.9257e-11,0.777163,-2.1249e-11,3.41645e-11,-2.35698,-1.50416e-06,2.27199e-10,-3.64798e-10,-2.52783e-08,1.59258e-05,-2.42856e-09,3.89435e-09,4.11058e-07
1042,1.042,0.52,1.28525,-0.297582,-1.57982,-8.71629e-12,3.88399e-11,0.777163,-2.1023e-11,3.38017e-11,-2.35698,-1.48832e-06,2.24783e-10,-3.60924e-10,-2.48701e-08,1.5758e-05,-2.40281e-09,3.85297e-09,4.0526e-07
1043,1.043,0.52,1.28525,-0.297582,-1.57982,-8.62393e-12,3.84271e-11,0.777163,-2.07994e-11,3.34427e-11,-2.35698,-1.47265e-06,2.22393e-10,-3.57092e-10,-2.44677e-08,1.55921e-05,-2.37724e-09,3.81208e-09,3.99539e-07
1044,1.044,0.52,1.28525,-0.297582,-1.57982,-8.53255e-12,3.80188e-11,0.777163,-2.05782e-11,3.30875e-11,-2.35698,-1.45714e-06,2.20028e-10,-3.533e-10,-2.4071e-08,1.54278e-05,-2.35194e-09,3.77162e-09,3.93892e-07
1045,1.045,0.52,1.28525,-0.297582,-1.57982,-8.44214e-12,3.76148e-11,0.777163,-2.03593e-11,3.27361e-11,-2.35698,-1.44179e-06,2.17689e-10,-3.49549e-10,-2.36799e-08,1.52653e-05,-2.32698e-09,3.73157e-09,3.88321e-07
1046,1.046,0.52,1.28525,-0.297582,-1.57982,-8.35268e-12,3.72151e-11,0.777163,-2.01428e-11,3.23884e-11,-2.35698,-1.42661e-06,2.15374e-10,-3.45837e-10,-2.32944e-08,1.51046e-05,-2.3022e-09,3.69197e-09,3.82821e-07
1047,1.047,0.52,1.28525,-0.297582,-1.57982,-8.26418e-12,3.68196e-11,0.777163,-1.99286e-11,3.20444e-11,-2.35698,-1.41158e-06,2.13085e-10,-3.42164e-10,-2.29143e-08,1.49455e-05,-2.27777e-09,3.65275e-09,3.77395e-07
1048,1.048,0.52,1.28525,-0.297582,-1.57982,-8.17661e-12,3.64283e-11,0.777163,-1.97166e-11,3.1704e-11,-2.35698,-1.39671e-06,2.10819e-10,-3.38531e-10,-2.25395e-08,1.47881e-05,-2.25354e-09,3.61397e-09,3.7204e-07
1049,1.049,0.52,1.28525,-0.297582,-1.57982,-8.08997e-12,3.60412e-11,0.777163,-1.95069e-11,3.13673e-11,-2.35698,-1.382e-06,2.08577e-10,-3.34936e-10,-2.21702e-08,1.46323e-05,-2.22956e-09,3.57563e-09,3.66757e-07
1050,1.05,0.52,1.28525,-0.297582,-1.57982,-8.00424e-12,3.56582e-11,0.777163,-1.92994e-11,3.10341e-11,-2.35698,-1.36745e-06,2.0636e-10,-3.3138e-10,-2.1806e-08,1.44782e-05,-2.2059e-09,3.53764e-09,3.61543e-07
1051,1.051,0.52,1.28525,-0.297582,-1.57982,-7.91943e-12,3.52793e-11,0.777163,-1.90942e-11,3.07045e-11,-2.35698,-1.35305e-06,2.04165e-10,-3.27861e-10,-2.1447e-08,1.43257e-05,-2.18246e-09,3.50009e-09,3.56399e-07
1052,1.052,0.52,1.28525,-0.297582,-1.57982,-7.83551e-12,3.49044e-11,0.777163,-1.88911e-11,3.03784e-11,-2.35698,-1.3388e-06,2.01995e-10,-3.24379e-10,-2.10932e-08,1.41748e-05,-2.15923e-09,3.46294e-09,3.51321e-07
1053,1.053,0.52,1.28525,-0.297582,-1.57982,-7.75248e-12,3.45335e-11,0.777163,-1.86902e-11,3.00558e-11,-2.35698,-1.3247e-06,1.99847e-10,-3.20935e-10,-2.07444e-08,1.40255e-05,-2.13628e-09,3.42618e-09,3.46311e-07
1054,1.054,0.52,1.28525,-0.297582,-1.57982,-7.67033e-12,3.41665e-11,0.777163,-1.84914e-11,2.97365e-11,-2.35698,-1.31075e-06,1.97722e-10,-3.17527e-10,-2.04006e-08,1.38778e-05,-2.11358e-09,3.3898e-09,3.41366e-07
1055,1.055,0.52,1.28525,-0.297582,-1.57982,-7.58905e-12,3.38034e-11,0.777163,-1.82947e-11,2.94207e-11,-2.35698,-1.29694e-06,1.9562e-10,-3.14155e-10,-2.00616e-08,1.37317e-05,-2.09109e-09,3.35382e-09,3.36487e-07
1056,1.056,0.52,1.28525,-0.297582,-1.57982,-7.50864e-12,3.34442e-11,0.777163,-1.81002e-11,2.91082e-11,-2.35698,-1.28328e-06,1.9354e-10,-3.10819e-10,-1.97276e-08,1.3587e-05,-2.06884e-09,3.31822e-09,3.31674e-07
1057,1.057,0.52,1.28525,-0.297582,-1.57982,-7.42907e-12,3.30888e-11,0.777163,-1.79077e-11,2.8799e-11,-2.35698,-1.26977e-06,1.91482e-10,-3.07519e-10,-1.93983e-08,1.34439e-05,-2.04688e-09,3.28298e-09,3.26923e-07
1058,1.058,0.52,1.28525,-0.297582,-1.57982,-7.35035e-12,3.27372e-11,0.777163,-1.77172e-11,2.84932e-11,-2.35698,-1.25639e-06,1.89446e-10,-3.04253e-10,-1.90737e-08,1.33023e-05,-2.02511e-09,3.24813e-09,3.22237e-07
1059,1.059,0.52,1.28525,-0.297582,-1.57982,-7.27246e-12,3.23893e-11,0.777163,-1.75288e-11,2.81905e-11,-2.35698,-1.24316e-06,1.87432e-10,-3.01022e-10,-1.87538e-08,1.31622e-05,-2.00362e-09,3.21363e-09,3.17611e-07
1060,1.06,0.52,1.28525,-0.297582,-1.57982,-7.1954e-12,3.20451e-11,0.777163,-1.73423e-11,2.78911e-11,-2.35698,-1.23007e-06,1.85439e-10,-2.97826e-10,-1.84384e-08,1.30236e-05,-1.9823e-09,3.17952e-09,3.13048e-07
1061,1.061,0.52,1.28525,-0.297582,-1.57982,-7.11915e-12,3.17045e-11,0.777163,-1.71579e-11,2.75949e-11,-2.35698,-1.21711e-06,1.83467e-10,-2.94663e-10,-1.81277e-08,1.28864e-05,-1.96127e-09,3.14574e-09,3.08544e-07
1062,1.062,0.52,1.28525,-0.297582,-1.57982,-7.04372e-12,3.13676e-11,0.777163,-1.69754e-11,2.73018e-11,-2.35698,-1.2043e-06,1.81516e-10,-2.91534e-10,-1.78213e-08,1.27507e-05,-1.94043e-09,3.11235e-09,3.04101e-07
1063,1.063,0.52,1.28525,-0.297582,-1.57982,-6.96908e-12,3.10343e-11,0.777163,-1.67948e-11,2.70118e-11,-2.35698,-1.19161e-06,1.79586e-10,-2.88438e-10,-1.75194e-08,1.26164e-05,-1.91974e-09,3.07934e-09,2.99716e-07
1064,1.064,0.52,1.28525,-0.297582,-1.57982,-6.89523e-12,3.07045e-11,0.777163,-1.66162e-11,2.67249e-11,-2.35698,-1.17906e-06,1.77676e-10,-2.85375e-10,-1.72219e-08,1.24835e-05,-1.89932e-09,3.04664e-09,2.9539e-07
1065,1.065,0.52,1.28525,-0.297582,-1.57982,-6.82216e-12,3.03782e-11,0.777163,-1.64395e-11,2.6441e-11,-2.35698,-1.16664e-06,1.75787e-10,-2.82345e-10,-1.69286e-08,1.23521e-05,-1.87915e-09,3.01428e-09,2.91121e-07
1066,1.066,0.52,1.28525,-0.297582,-1.57982,-6.74987e-12,3.00553e-11,0.777163,-1.62646e-11,2.61602e-11,-2.35698,-1.15436e-06,1.73918e-10,-2.79347e-10,-1.66396e-08,1.2222e-05,-1.85917e-09,2.98229e-09,2.86911e-07
1067,1.067,0.52,1.28525,-0.297582,-1.57982,-6.67835e-12,2.97359e-11,0.777163,-1.60916e-11,2.58823e-11,-2.35698,-1.1422e-06,1.72069e-10,-2.7638e-10,-1.63548e-08,1.20932e-05,-1.83942e-09,2.95061e-09,2.82755e-07
1068,1.068,0.52,1.28525,-0.297582,-1.57982,-6.60758e-12,2.94199e-11,0.777163,-1.59205e-11,2.56074e-11,-2.35698,-1.13017e-06,1.70239e-10,-2.73445e-10,-1.60741e-08,1.19659e-05,-1.81985e-09,2.9193e-09,2.78656e-07
1069,1.069,0.52,1.28525,-0.297582,-1.57982,-6.53756e-12,2.91073e-11,0.777163,-1.57511e-11,2.53354e-11,-2.35698,-1.11827e-06,1.68429e-10,-2.70542e-10,-1.57975e-08,1.18398e-05,-1.80056e-09,2.88829e-09,2.7461e-07
1070,1.07,0.52,1.28525,-0.297582,-1.57982,-6.46828e-12,2.8798e-11,0.777163,-1.55836e-11,2.50663e-11,-2.35698,-1.10649e-06,1.66638e-10,-2.67669e-10,-1.55249e-08,1.17151e-05,-1.78141e-09,2.85762e-09,2.70619e-07
1071,1.071,0.52,1.28525,-0.297582,-1.57982,-6.39974e-12,2.84919e-11,0.777163,-1.54179e-11,2.48001e-11,-2.35698,-1.09484e-06,1.64866e-10,-2.64826e-10,-1.52562e-08,1.15917e-05,-1.76244e-09,2.82729e-09,2.66681e-07
1072,1.072,0.52,1.28525,-0.297582,-1.57982,-6.33193e-12,2.81891e-11,0.777163,-1.52539e-11,2.45366e-11,-2.35698,-1.08331e-06,1.63113e-10,-2.62014e-10,-1.49915e-08,1.14697e-05,-1.74371e-09,2.79728e-09,2.62797e-07
1073,1.073,0.52,1.28525,-0.297582,-1.57982,-6.26483e-12,2.78896e-11,0.777163,-1.50916e-11,2.4276e-11,-2.35698,-1.0719e-06,1.61379e-10,-2.59231e-10,-1.47306e-08,1.13489e-05,-1.72518e-09,2.76759e-09,2.58963e-07
1074,1.074,0.52,1.28525,-0.297582,-1.57982,-6.19844e-12,2.75932e-11,0.777163,-1.49311e-11,2.40182e-11,-2.35698,-1.06061e-06,1.59663e-10,-2.56479e-10,-1.44735e-08,1.12293e-05,-1.70684e-09,2.7382e-09,2.55182e-07
1075,1.075,0.52,1.28525,-0.297582,-1.57982,-6.13276e-12,2.72999e-11,0.777163,-1.47723e-11,2.37631e-11,-2.35698,-1.04944e-06,1.57965e-10,-2.53755e-10,-1.42202e-08,1.11111e-05,-1.6887e-09,2.70911e-09,2.5145e-07
1076,1.076,0.52,1.28525,-0.297582,-1.57982,-6.06777e-12,2.70098e-11,0.777163,-1.46152e-11,2.35107e-11,-2.35698,-1.03839e-06,1.56285e-10,-2.5106e-10,-1.39706e-08,1.0994e-05,-1.67073e-09,2.68036e-09,2.4777e-07
1077,1.077,0.52,1.28525,-0.297582,-1.57982,-6.00347e-12,2.67227e-11,0.777163,-1.44597e-11,2.32609e-11,-2.35698,-1.02745e-06,1.54623e-10,-2.48394e-10,-1.37247e-08,1.08782e-05,-1.65299e-09,2.6519e-09,2.44137e-07
1078,1.078,0.52,1.28525,-0.297582,-1.57982,-5.93985e-12,2.64388e-11,0.777163,-1.43059e-11,2.30139e-11,-2.35698,-1.01663e-06,1.52979e-10,-2.45756e-10,-1.34823e-08,1.07637e-05,-1.6354e-09,2.62374e-09,2.40554e-07
1079,1.079,0.52,1.28525,-0.297582,-1.57982,-5.87691e-12,2.61578e-11,0.777163,-1.41538e-11,2.27694e-11,-2.35698,-1.00592e-06,1.51352e-10,-2.43147e-10,-1.32435e-08,1.06503e-05,-1.61803e-09,2.59589e-09,2.37021e-07
1080,1.08,0.52,1.28525,-0.297582,-1.57982,-5.81463e-12,2.58798e-11,0.777163,-1.40032e-11,2.25276e-11,-2.35698,-9.95328e-07,1.49743e-10,-2.40564e-10,-1.30083e-08,1.05381e-05,-1.60082e-09,2.56833e-09,2.33533e-07
1081,1.081,0.52,1.28525,-0.297582,-1.57982,-5.75302e-12,2.56048e-11,0.777163,-1.38543e-11,2.22883e-11,-2.35698,-9.84846e-07,1.48151e-10,-2.3801e-10,-1.27765e-08,1.04271e-05,-1.58379e-09,2.54107e-09,2.30092e-07
1082,1.082,0.52,1.28525,-0.297582,-1.57982,-5.69205e-12,2.53326e-11,0.777163,-1.37069e-11,2.20515e-11,-2.35698,-9.74474e-07,1.46575e-10,-2.35482e-10,-1.25481e-08,1.03173e-05,-1.567e-09,2.51407e-09,2.26699e-07
1083,1.083,0.52,1.28525,-0.297582,-1.57982,-5.63174e-12,2.50634e-11,0.777163,-1.35611e-11,2.18173e-11,-2.35698,-9.64211e-07,1.45017e-10,-2.32982e-10,-1.2323e-08,1.02087e-05,-1.55032e-09,2.48738e-09,2.2335e-07
1084,1.084,0.52,1.28525,-0.297582,-1.57982,-5.57206e-12,2.47971e-11,0.777163,-1.34169e-11,2.15856e-11,-2.35698,-9.54056e-07,1.43475e-10,-2.30507e-10,-1.21013e-08,1.01011e-05,-1.53383e-09,2.46098e-09,2.20047e-07
1085,1.085,0.52,1.28525,-0.297582,-1.57982,-5.51301e-12,2.45335e-11,0.777163,-1.32742e-11,2.13563e-11,-2.35698,-9.44008e-07,1.41949e-10,-2.2806e-10,-1.18829e-08,9.99476e-06,-1.51754e-09,2.43484e-09,2.16789e-07
1086,1.086,0.52,1.28525,-0.297582,-1.57982,-5.45459e-12,2.42728e-11,0.777163,-1.3133e-11,2.11294e-11,-2.35698,-9.34066e-07,1.4044e-10,-2.25638e-10,-1.16678e-08,9.88949e-06,-1.5014e-09,2.40899e-09,2.13575e-07
1087,1.087,0.52,1.28525,-0.297582,-1.57982,-5.39679e-12,2.40148e-11,0.777163,-1.29933e-11,2.0905e-11,-2.35698,-9.24229e-07,1.38946e-10,-2.23241e-10,-1.14558e-08,9.78533e-06,-1.48541e-09,2.38344e-09,2.10404e-07
1088,1.088,0.52,1.28525,-0.297582,-1.57982,-5.3396e-12,2.37596e-11,0.777163,-1.28551e-11,2.06829e-11,-2.35698,-9.14495e-07,1.37469e-10,-2.20871e-10,-1.12469e-08,9.68227e-06,-1.46964e-09,2.35812e-09,2.07275e-07
1089,1.089,0.52,1.28525,-0.297582,-1.57982,-5.28302e-12,2.35071e-11,0.777163,-1.27183e-11,2.04632e-11,-2.35698,-9.04864e-07,1.36007e-10,-2.18525e-10,-1.10412e-08,9.5803e-06,-1.45404e-09,2.33307e-09,2.04189e-07
1090,1.09,0.52,1.28525,-0.297582,-1.57982,-5.22703e-12,2.32573e-11,0.777163,-1.2583e-11,2.02459e-11,-2.35698,-8.95334e-07,1.34561e-10,-2.16204e-10,-1.08385e-08,9.4794e-06,-1.43855e-09,2.3083e-09,2.01145e-07
1091,1.091,0.52,1.28525,-0.297582,-1.57982,-5.17164e-12,2.30101e-11,0.777163,-1.24492e-11,2.00308e-11,-2.35698,-8.85905e-07,1.3313e-10,-2.13908e-10,-1.06389e-08,9.37956e-06,-1.42322e-09,2.28381e-09,1.98142e-07
1092,1.092,0.52,1.28525,-0.297582,-1.57982,-5.11684e-12,2.27655e-11,0.777163,-1.23168e-11,1.9818e-11,-2.35698,-8.76575e-07,1.31714e-10,-2.11637e-10,-1.04422e-08,9.28077e-06,-1.40811e-09,2.25956e-09,1.9518e-07
1093,1.093,0.52,1.28525,-0.297582,-1.57982,-5.06261e-12,2.25236e-11,0.777163,-1.21858e-11,1.96075e-11,-2.35698,-8.67343e-07,1.30313e-10,-2.09389e-10,-1.02485e-08,9.18303e-06,-1.39318e-09,2.23556e-09,1.9226e-07
1094,1.094,0.52,1.28525,-0.297582,-1.57982,-5.00896e-12,2.22842e-11,0.777163,-1.20561e-11,1.93993e-11,-2.35698,-8.58208e-07,1.28928e-10,-2.07166e-10,-1.00577e-08,9.08631e-06,-1.37834e-09,2.21183e-09,1.89377e-07
1095,1.095,0.52,1.28525,-0.297582,-1.57982,-4.95588e-12,2.20474e-11,0.777163,-1.19279e-11,1.91932e-11,-2.35698,-8.4917e-07,1.27557e-10,-2.04965e-10,-9.86976e-09,8.99061e-06,-1.36371e-09,2.18834e-09,1.86533e-07
1096,1.096,0.52,1.28525,-0.297582,-1.57982,-4.90337e-12,2.18131e-11,0.777163,-1.1801e-11,1.89893e-11,-2.35698,-8.40227e-07,1.262e-10,-2.02789e-10,-9.68463e-09,8.89592e-06,-1.34919e-09,2.16511e-09,1.83729e-07
1097,1.097,0.52,1.28525,-0.297582,-1.57982,-4.8514e-12,2.15812e-11,0.777163,-1.16755e-11,1.87876e-11,-2.35698,-8.31378e-07,1.24858e-10,-2.00635e-10,-9.50229e-09,8.80223e-06,-1.33487e-09,2.14212e-09,1.80964e-07
1098,1.098,0.52,1.28525,-0.297582,-1.57982,-4.79999e-12,2.13519e-11,0.777163,-1.15513e-11,1.8588e-11,-2.35698,-8.22622e-07,1.2353e-10,-1.98504e-10,-9.32269e-09,8.70952e-06,-1.32064e-09,2.11938e-09,1.78235e-07
1099,1.099,0.52,1.28525,-0.297582,-1.57982,-4.74913e-12,2.11249e-11,0.777163,-1.14284e-11,1.83906e-11,-2.35698,-8.13958e-07,1.22217e-10,-1.96396e-10,-9.14581e-09,8.61779e-06,-1.30661e-09,2.09689e-09,1.75545e-07
1100,1.1,0.52,1.28525,-0.297582,-1.57982,-4.6988e-12,2.09004e-11,0.777163,-1.13069e-11,1.81952e-11,-2.35698,-8.05386e-07,1.20917e-10,-1.94311e-10,-8.97159e-09,8.52703e-06,-1.29273e-09,2.0746e-09,1.72889e-07
1101,1.101,0.52,1.28525,-0.297582,-1.57982,-4.64901e-12,2.06783e-11,0.777163,-1.11866e-11,1.8002e-11,-2.35698,-7.96904e-07,1.19631e-10,-1.92247e-10,-8.80002e-09,8.43722e-06,-1.27902e-09,2.05257e-09,1.70271e-07
1102,1.102,0.52,1.28525,-0.297582,-1.57982,-4.59974e-12,2.04585e-11,0.777163,-1.10676e-11,1.78107e-11,-2.35698,-7.88511e-07,1.18359e-10,-1.90205e-10,-8.63104e-09,8.34836e-06,-1.26538e-09,2.03079e-09,1.6769e-07
1103,1.103,0.52,1.28525,-0.297582,-1.57982,-4.551e-12,2.02411e-11,0.777163,-1.09499e-11,1.76215e-11,-2.35698,-7.80207e-07,1.171e-10,-1.88185e-10,-8.46463e-09,8.26043e-06,-1.25196e-09,2.00923e-09,1.65141e-07
1104,1.104,0.52,1.28525,-0.297582,-1.57982,-4.50277e-12,2.0026e-11,0.777163,-1.08334e-11,1.74344e-11,-2.35698,-7.7199e-07,1.15855e-10,-1.86187e-10,-8.30074e-09,8.17343e-06,-1.23863e-09,1.98789e-09,1.62629e-07
1105,1.105,0.52,1.28525,-0.297582,-1.57982,-4.45505e-12,1.98131e-11,0.777163,-1.07182e-11,1.72492e-11,-2.35698,-7.6386e-07,1.14623e-10,-1.8421e-10,-8.13936e-09,8.08735e-06,-1.22549e-09,1.96678e-09,1.60152e-07
1106,1.106,0.52,1.28525,-0.297582,-1.57982,-4.40784e-12,1.96025e-11,0.777163,-1.06041e-11,1.70659e-11,-2.35698,-7.55815e-07,1.13404e-10,-1.82253e-10,-7.98043e-09,8.00217e-06,-1.21241e-09,1.94591e-09,1.57706e-07
1107,1.107,0.52,1.28525,-0.297582,-1.57982,-4.36113e-12,1.93942e-11,0.777163,-1.04913e-11,1.68847e-11,-2.35698,-7.47855e-07,1.12198e-10,-1.80318e-10,-7.82393e-09,7.9179e-06,-1.19956e-09,1.92523e-09,1.55297e-07
1108,1.108,0.52,1.28525,-0.297582,-1.57982,-4.31491e-12,1.91881e-11,0.777163,-1.03797e-11,1.67053e-11,-2.35698,-7.39979e-07,1.11005e-10,-1.78403e-10,-7.66983e-09,7.8345e-06,-1.1868e-09,1.90479e-09,1.52919e-07
1109,1.109,0.52,1.28525,-0.297582,-1.57982,-4.26919e-12,1.89841e-11,0.777163,-1.02693e-11,1.65278e-11,-2.35698,-7.32186e-07,1.09825e-10,-1.76508e-10,-7.51808e-09,7.75199e-06,-1.17418e-09,1.88457e-09,1.50575e-07
1110,1.11,0.52,1.28525,-0.297582,-1.57982,-4.22395e-12,1.87824e-11,0.777163,-1.01601e-11,1.63523e-11,-2.35698,-7.24475e-07,1.08657e-10,-1.74633e-10,-7.36866e-09,7.67035e-06,-1.16169e-09,1.86456e-09,1.48263e-07
1111,1.111,0.52,1.28525,-0.297582,-1.57982,-4.17918e-12,1.85827e-11,0.777163,-1.0052e-11,1.61786e-11,-2.35698,-7.16845e-07,1.07501e-10,-1.72779e-10,-7.22154e-09,7.58956e-06,-1.14931e-09,1.84478e-09,1.45982e-07
1112,1.112,0.52,1.28525,-0.297582,-1.57982,-4.13489e-12,1.83852e-11,0.777163,-9.94509e-12,1.60067e-11,-2.35698,-7.09295e-07,1.06358e-10,-1.70944e-10,-7.07669e-09,7.50963e-06,-1.13708e-09,1.82519e-09,1.43733e-07
1113,1.113,0.52,1.28525,-0.297582,-1.57982,-4.09108e-12,1.81898e-11,0.777163,-9.8393e-12,1.58367e-11,-2.35698,-7.01825e-07,1.05227e-10,-1.69128e-10,-6.93407e-09,7.43054e-06,-1.12504e-09,1.8058e-09,1.41515e-07
1114,1.114,0.52,1.28525,-0.297582,-1.57982,-4.04772e-12,1.79965e-11,0.777163,-9.73463e-12,1.56684e-11,-2.35698,-6.94434e-07,1.04108e-10,-1.67332e-10,-6.79365e-09,7.35228e-06,-1.11309e-09,1.7866e-09,1.39327e-07
1115,1.115,0.52,1.28525,-0.297582,-1.57982,-4.00483e-12,1.78052e-11,0.777163,-9.63108e-12,1.5502e-11,-2.35698,-6.8712e-07,1.03001e-10,-1.65555e-10,-6.6554e-09,7.27484e-06,-1.10124e-09,1.76764e-09,1.37169e-07
1116,1.116,0.52,1.28525,-0.297582,-1.57982,-3.96238e-12,1.7616e-11,0.777163,-9.52862e-12,1.53373e-11,-2.35698,-6.79884e-07,1.01905e-10,-1.63797e-10,-6.5193e-09,7.19822e-06,-1.08956e-09,1.74886e-09,1.35042e-07
1117,1.117,0.52,1.28525,-0.297582,-1.57982,-3.92039e-12,1.74288e-11,0.777163,-9.42726e-12,1.51744e-11,-2.35698,-6.72724e-07,1.00822e-10,-1.62057e-10,-6.38531e-09,7.12241e-06,-1.07798e-09,1.7303e-09,1.32944e-07
1118,1.118,0.52,1.28525,-0.297582,-1.57982,-3.87885e-12,1.72435e-11,0.777163,-9.32698e-12,1.50132e-11,-2.35698,-6.65639e-07,9.97494e-11,-1.60336e-10,-6.2534e-09,7.0474e-06,-1.06647e-09,1.71195e-09,1.30876e-07
1119,1.119,0.52,1.28525,-0.297582,-1.57982,-3.83774e-12,1.70602e-11,0.777163,-9.22776e-12,1.48537e-11,-2.35698,-6.58629e-07,9.86887e-11,-1.58633e-10,-6.12355e-09,6.97318e-06,-1.05519e-09,1.69374e-09,1.28835e-07
1120,1.12,0.52,1.28525,-0.297582,-1.57982,-3.79707e-12,1.68789e-11,0.777163,-9.1296e-12,1.46959e-11,-2.35698,-6.51692e-07,9.76391e-11,-1.56948e-10,-5.99572e-09,6.89973e-06,-1.04395e-09,1.67577e-09,1.26823e-07
1121,1.121,0.52,1.28525,-0.297582,-1.57982,-3.75683e-12,1.66995e-11,0.777163,-9.03248e-12,1.45398e-11,-2.35698,-6.44829e-07,9.66007e-11,-1.55282e-10,-5.86989e-09,6.82707e-06,-1.03282e-09,1.65798e-09,1.24839e-07
1122,1.122,0.52,1.28525,-0.297582,-1.57982,-3.71702e-12,1.6522e-11,0.777163,-8.93639e-12,1.43854e-11,-2.35698,-6.38038e-07,9.55734e-11,-1.53632e-10,-5.74603e-09,6.75516e-06,-1.02187e-09,1.64037e-09,1.22882e-07
1123,1.123,0.52,1.28525,-0.297582,-1.57982,-3.67763e-12,1.63464e-11,0.777163,-8.84133e-12,1.42326e-11,-2.35698,-6.31318e-07,9.4557e-11,-1.52001e-10,-5.62412e-09,6.68402e-06,-1.01096e-09,1.62297e-09,1.20954e-07
1124,1.124,0.52,1.28525,-0.297582,-1.57982,-3.63865e-12,1.61727e-11,0.777163,-8.74727e-12,1.40814e-11,-2.35698,-6.24669e-07,9.35514e-11,-1.50386e-10,-5.50412e-09,6.61362e-06,-1.00023e-09,1.60573e-09,1.1905e-07
1125,1.125,0.52,1.28525,-0.297582,-1.57982,-3.60009e-12,1.60008e-11,0.777163,-8.65422e-12,1.39318e-11,-2.35698,-6.18091e-07,9.25565e-11,-1.48789e-10,-5.38601e-09,6.54397e-06,-9.89615e-10,1.58868e-09,1.17174e-07
1126,1.126,0.52,1.28525,-0.297582,-1.57982,-3.56194e-12,1.58307e-11,0.777163,-8.56216e-12,1.37838e-11,-2.35698,-6.11581e-07,9.15722e-11,-1.47209e-10,-5.26976e-09,6.47505e-06,-9.79073e-10,1.57181e-09,1.15324e-07
1127,1.127,0.52,1.28525,-0.297582,-1.57982,-3.52419e-12,1.56624e-11,0.777163,-8.47107e-12,1.36374e-11,-2.35698,-6.0514e-07,9.05983e-11,-1.45646e-10,-5.15535e-09,6.40685e-06,-9.68714e-10,1.55511e-09,1.13501e-07
1128,1.128,0.52,1.28525,-0.297582,-1.57982,-3.48685e-12,1.5496e-11,0.777163,-8.38096e-12,1.34925e-11,-2.35698,-5.98767e-07,8.96348e-11,-1.44099e-10,-5.04275e-09,6.33937e-06,-9.5835e-10,1.53861e-09,1.11701e-07
1129,1.129,0.52,1.28525,-0.297582,-1.57982,-3.44989e-12,1.53313e-11,0.777163,-8.2918e-12,1.33491e-11,-2.35698,-5.92461e-07,8.86815e-11,-1.42568e-10,-4.93194e-09,6.27261e-06,-9.48208e-10,1.52227e-09,1.0993e-07
1130,1.13,0.52,1.28525,-0.297582,-1.57982,-3.41333e-12,1.51683e-11,0.777163,-8.20359e-12,1.32073e-11,-2.35698,-5.86222e-07,8.77384e-11,-1.41054e-10,-4.82288e-09,6.20655e-06,-9.38101e-10,1.50611e-09,1.0818e-07
1131,1.131,0.52,1.28525,-0.297582,-1.57982,-3.37716e-12,1.50071e-11,0.777163,-8.11632e-12,1.3067e-11,-2.35698,-5.80048e-07,8.68053e-11,-1.39556e-10,-4.71557e-09,6.14118e-06,-9.28097e-10,1.49012e-09,1.06456e-07
1132,1.132,0.52,1.28525,-0.297582,-1.57982,-3.34137e-12,1.48476e-11,0.777163,-8.02998e-12,1.29282e-11,-2.35698,-5.73939e-07,8.58821e-11,-1.38074e-10,-4.60996e-09,6.0765e-06,-9.18256e-10,1.4743e-09,1.04757e-07
1133,1.133,0.52,1.28525,-0.297582,-1.57982,-3.30596e-12,1.46898e-11,0.777163,-7.94455e-12,1.27909e-11,-2.35698,-5.67895e-07,8.49687e-11,-1.36607e-10,-4.50605e-09,6.0125e-06,-9.08512e-10,1.45864e-09,1.03081e-07
1134,1.134,0.52,1.28525,-0.297582,-1.57982,-3.27092e-12,1.45336e-11,0.777163,-7.86004e-12,1.2655e-11,-2.35698,-5.61914e-07,8.40651e-11,-1.35157e-10,-4.4038e-09,5.94918e-06,-8.98817e-10,1.44316e-09,1.01428e-07
1135,1.135,0.52,1.28525,-0.297582,-1.57982,-3.23626e-12,1.43792e-11,0.777163,-7.77642e-12,1.25206e-11,-2.35698,-5.55996e-07,8.3171e-11,-1.33721e-10,-4.30319e-09,5.88652e-06,-8.89292e-10,1.42782e-09,9.97978e-08
1136,1.136,0.52,1.28525,-0.297582,-1.57982,-3.20196e-12,1.42263e-11,0.777163,-7.69369e-12,1.23876e-11,-2.35698,-5.50141e-07,8.22864e-11,-1.32301e-10,-4.20419e-09,5.82453e-06,-8.79881e-10,1.41264e-09,9.81913e-08
1137,1.137,0.52,1.28525,-0.297582,-1.57982,-3.16803e-12,1.40751e-11,0.777163,-7.61184e-12,1.2256e-11,-2.35698,-5.44347e-07,8.14114e-11,-1.30896e-10,-4.1068e-09,5.76318e-06,-8.7046e-10,1.39766e-09,9.6608e-08
1138,1.138,0.52,1.28525,-0.297582,-1.57982,-3.13445e-12,1.39255e-11,0.777163,-7.53086e-12,1.21258e-11,-2.35698,-5.38614e-07,8.05455e-11,-1.29505e-10,-4.01097e-09,5.70249e-06,-8.61206e-10,1.38282e-09,9.50478e-08
1139,1.139,0.52,1.28525,-0.297582,-1.57982,-3.10123e-12,1.37775e-11,0.777163,-7.45075e-12,1.19969e-11,-2.35698,-5.32942e-07,7.96889e-11,-1.2813e-10,-3.91669e-09,5.64243e-06,-8.5206e-10,1.36814e-09,9.35092e-08
1140,1.14,0.52,1.28525,-0.297582,-1.57982,-3.06837e-12,1.3631e-11,0.777163,-7.37148e-12,1.18695e-11,-2.35698,-5.27329e-07,7.88413e-11,-1.26769e-10,-3.82395e-09,5.583e-06,-8.43008e-10,1.35361e-09,9.19903e-08
1141,1.141,0.52,1.28525,-0.297582,-1.57982,-3.03585e-12,1.34861e-11,0.777163,-7.29306e-12,1.17434e-11,-2.35698,-5.21776e-07,7.80028e-11,-1.25423e-10,-3.7327e-09,5.5242e-06,-8.34041e-10,1.33923e-09,9.04942e-08
1142,1.142,0.52,1.28525,-0.297582,-1.57982,-3.00368e-12,1.33428e-11,0.777163,-7.21548e-12,1.16186e-11,-2.35698,-5.16281e-07,7.71732e-11,-1.24091e-10,-3.64295e-09,5.46602e-06,-8.25149e-10,1.32502e-09,8.90194e-08
1143,1.143,0.52,1.28525,-0.297582,-1.57982,-2.97184e-12,1.3201e-11,0.777163,-7.13871e-12,1.14952e-11,-2.35698,-5.10843e-07,7.63524e-11,-1.22773e-10,-3.55466e-09,5.40845e-06,-8.16398e-10,1.31094e-09,8.75666e-08
1144,1.144,0.52,1.28525,-0.297582,-1.57982,-2.94035e-12,1.30607e-11,0.777163,-7.06277e-12,1.13731e-11,-2.35698,-5.05463e-07,7.55404e-11,-1.21469e-10,-3.46781e-09,5.35149e-06,-8.07708e-10,1.29704e-09,8.61337e-08
1145,1.145,0.52,1.28525,-0.297582,-1.57982,-2.90919e-12,1.29218e-11,0.777163,-6.98763e-12,1.12523e-11,-2.35698,-5.0014e-07,7.4737e-11,-1.20179e-10,-3.38238e-09,5.29513e-06,-7.99092e-10,1.28327e-09,8.472e-08
1146,1.146,0.52,1.28525,-0.297582,-1.57982,-2.87836e-12,1.27845e-11,0.777163,-6.91329e-12,1.11327e-11,-2.35698,-4.94873e-07,7.39421e-11,-1.18902e-10,-3.29836e-09,5.23936e-06,-7.90621e-10,1.26962e-09,8.33261e-08
1147,1.147,0.52,1.28525,-0.297582,-1.57982,-2.84785e-12,1.26486e-11,0.777163,-6.83974e-12,1.10145e-11,-2.35698,-4.89661e-07,7.31557e-11,-1.17639e-10,-3.21572e-09,5.18418e-06,-7.82215e-10,1.25614e-09,8.19532e-08
1148,1.148,0.52,1.28525,-0.297582,-1.57982,-2.81767e-12,1.25141e-11,0.777163,-6.76698e-12,1.08974e-11,-2.35698,-4.84504e-07,7.23777e-11,-1.1639e-10,-3.13445e-09,5.12958e-06,-7.73895e-10,1.24281e-09,8.06009e-08
1149,1.149,0.52,1.28525,-0.297582,-1.57982,-2.78781e-12,1.23811e-11,0.777163,-6.69498e-12,1.07817e-11,-2.35698,-4.79402e-07,7.16079e-11,-1.15154e-10,-3.05452e-09,5.07556e-06,-7.65619e-10,1.22963e-09,7.92649e-08
1150,1.15,0.52,1.28525,-0.297582,-1.57982,-2.75826e-12,1.22495e-11,0.777163,-6.62376e-12,1.06671e-11,-2.35698,-4.74353e-07,7.08463e-11,-1.1393e-10,-2.97591e-09,5.0221e-06,-7.57543e-10,1.21655e-09,7.79512e-08
1151,1.151,0.52,1.28525,-0.297582,-1.57982,-2.72903e-12,1.21193e-11,0.777163,-6.55329e-12,1.05538e-11,-2.35698,-4.69358e-07,7.00928e-11,-1.1272e-10,-2.89861e-09,4.96921e-06,-7.49477e-10,1.20363e-09,7.66533e-08
1152,1.152,0.52,1.28525,-0.297582,-1.57982,-2.70011e-12,1.19905e-11,0.777163,-6.48357e-12,1.04417e-11,-2.35698,-4.64415e-07,6.93473e-11,-1.11523e-10,-2.8226e-09,4.91688e-06,-7.41513e-10,1.19085e-09,7.53771e-08
1153,1.153,0.52,1.28525,-0.297582,-1.57982,-2.67149e-12,1.1863e-11,0.777163,-6.41459e-12,1.03308e-11,-2.35698,-4.59524e-07,6.86097e-11,-1.10339e-10,-2.74785e-09,4.86509e-06,-7.33593e-10,1.17822e-09,7.41163e-08
1154,1.154,0.52,1.28525,-0.297582,-1.57982,-2.64318e-12,1.17369e-11,0.777163,-6.34635e-12,1.0221e-11,-2.35698,-4.54684e-07,6.788e-11,-1.09167e-10,-2.67436e-09,4.81386e-06,-7.25823e-10,1.1657e-09,7.28757e-08
1155,1.155,0.52,1.28525,-0.297582,-1.57982,-2.61517e-12,1.16122e-11,0.777163,-6.27883e-12,1.01124e-11,-2.35698,-4.49896e-07,6.7158e-11,-1.08007e-10,-2.6021e-09,4.76316e-06,-7.18092e-10,1.15334e-09,7.16526e-08
1156,1.156,0.52,1.28525,-0.297582,-1.57982,-2.58745e-12,1.14887e-11,0.777163,-6.21203e-12,1.0005e-11,-2.35698,-4.45158e-07,6.64437e-11,-1.0686e-10,-2.53105e-09,4.71299e-06,-7.10448e-10,1.14108e-09,7.0446e-08
1157,1.157,0.52,1.28525,-0.297582,-1.57982,-2.56003e-12,1.13666e-11,0.777163,-6.14594e-12,9.8987e-12,-2.35698,-4.4047e-07,6.5737e-11,-1.05725e-10,-2.4612e-09,4.66336e-06,-7.02917e-10,1.12897e-09,6.92578e-08
1158,1.158,0.52,1.28525,-0.297582,-1.57982,-2.5329e-12,1.12458e-11,0.777163,-6.08055e-12,9.79354e-12,-2.35698,-4.35831e-07,6.50379e-11,-1.04602e-10,-2.39253e-09,4.61424e-06,-6.95478e-10,1.11696e-09,6.80864e-08
1159,1.159,0.52,1.28525,-0.297582,-1.57982,-2.50605e-12,1.11263e-11,0.777163,-6.01586e-12,9.68949e-12,-2.35698,-4.31241e-07,6.43461e-11,-1.03491e-10,-2.32502e-09,4.56565e-06,-6.88015e-10,1.10512e-09,6.69311e-08
1160,1.16,0.52,1.28525,-0.297582,-1.57982,-2.47949e-12,1.1008e-11,0.777163,-5.95186e-12,9.58655e-12,-2.35698,-4.26699e-07,6.36618e-11,-1.02392e-10,-2.25866e-09,4.51756e-06,-6.80743e-10,1.09336e-09,6.57934e-08
1161,1.161,0.52,1.28525,-0.297582,-1.57982,-2.45322e-12,1.0891e-11,0.777163,-5.88854e-12,9.4847e-12,-2.35698,-4.22206e-07,6.29846e-11,-1.01304e-10,-2.19343e-09,4.46998e-06,-6.73526e-10,1.08175e-09,6.46723e-08
1162,1.162,0.52,1.28525,-0.297582,-1.57982,-2.42722e-12,1.07752e-11,0.777163,-5.82589e-12,9.38394e-12,-2.35698,-4.17759e-07,6.23148e-11,-1.00228e-10,-2.12931e-09,4.42291e-06,-6.66351e-10,1.07027e-09,6.35658e-08
1163,1.163,0.52,1.28525,-0.297582,-1.57982,-2.40149e-12,1.06607e-11,0.777163,-5.7639e-12,9.28424e-12,-2.35698,-4.1336e-07,6.1652e-11,-9.91637e-11,-2.06629e-09,4.37632e-06,-6.5924e-10,1.05891e-09,6.24765e-08
1164,1.164,0.52,1.28525,-0.297582,-1.57982,-2.37604e-12,1.05473e-11,0.777163,-5.70258e-12,9.18561e-12,-2.35698,-4.09006e-07,6.09962e-11,-9.81104e-11,-2.00435e-09,4.33023e-06,-6.52244e-10,1.04767e-09,6.14031e-08
1165,1.165,0.52,1.28525,-0.297582,-1.57982,-2.35086e-12,1.04352e-11,0.777163,-5.64191e-12,9.08802e-12,-2.35698,-4.04699e-07,6.03475e-11,-9.70683e-11,-1.94348e-09,4.28463e-06,-6.45348e-10,1.03652e-09,6.03455e-08
1166,1.166,0.52,1.28525,-0.297582,-1.57982,-2.32594e-12,1.03243e-11,0.777163,-5.58188e-12,8.99147e-12,-2.35698,-4.00437e-07,5.97056e-11,-9.60373e-11,-1.88366e-09,4.2395e-06,-6.38461e-10,1.02553e-09,5.93029e-08
1167,1.167,0.52,1.28525,-0.297582,-1.57982,-2.30129e-12,1.02146e-11,0.777163,-5.5225e-12,8.89594e-12,-2.35698,-3.9622e-07,5.90706e-11,-9.50172e-11,-1.82487e-09,4.19485e-06,-6.31653e-10,1.01464e-09,5.82749e-08
1168,1.168,0.52,1.28525,-0.297582,-1.57982,-2.2769e-12,1.0106e-11,0.777163,-5.46374e-12,8.80143e-12,-2.35698,-3.92047e-07,5.84422e-11,-9.4008e-11,-1.7671e-09,4.15067e-06,-6.24914e-10,1.00387e-09,5.7262e-08
1169,1.169,0.52,1.28525,-0.297582,-1.57982,-2.25277e-12,9.99854e-12,0.777163,-5.40561e-12,8.70792e-12,-2.35698,-3.87918e-07,5.78206e-11,-9.30095e-11,-1.71034e-09,4.10696e-06,-6.18262e-10,9.9321e-10,5.62644e-08
1170,1.17,0.52,1.28525,-0.297582,-1.57982,-2.2289e-12,9.89226e-12,0.777163,-5.3481e-12,8.61541e-12,-2.35698,-3.83833e-07,5.72057e-11,-9.20215e-11,-1.65457e-09,4.06371e-06,-6.11743e-10,9.82641e-10,5.5282e-08
1171,1.171,0.52,1.28525,-0.297582,-1.57982,-2.20527e-12,9.7871e-12,0.777163,-5.2912e-12,8.52388e-12,-2.35698,-3.79791e-07,5.65972e-11,-9.10441e-11,-1.59977e-09,4.02091e-06,-6.05207e-10,9.72216e-10,5.43117e-08
1172,1.172,0.52,1.28525,-0.297582,-1.57982,-2.1819e-12,9.68306e-12,0.777163,-5.2349e-12,8.43332e-12,-2.35698,-3.75791e-07,5.59952e-11,-9.00771e-11,-1.54594e-09,3.97856e-06,-5.98773e-10,9.61896e-10,5.33577e-08
1173,1.173,0.52,1.28525,-0.297582,-1.57982,-2.15878e-12,9.58013e-12,0.777163,-5.1792e-12,8.34372e-12,-2.35698,-3.71833e-07,5.53996e-11,-8.91203e-11,-1.49305e-09,3.93666e-06,-5.92396e-10,9.51694e-10,5.24179e-08
1174,1.174,0.52,1.28525,-0.297582,-1.57982,-2.1359e-12,9.47829e-12,0.777163,-5.1241e-12,8.25507e-12,-2.35698,-3.67918e-07,5.48103e-11,-8.81737e-11,-1.4411e-09,3.8952e-06,-5.86119e-10,9.41566e-10,5.14904e-08
1175,1.175,0.52,1.28525,-0.297582,-1.57982,-2.11326e-12,9.37753e-12,0.777163,-5.06958e-12,8.16737e-12,-2.35698,-3.64043e-07,5.42274e-11,-8.72371e-11,-1.39007e-09,3.85418e-06,-5.79898e-10,9.31558e-10,5.05768e-08
1176,1.176,0.52,1.28525,-0.297582,-1.57982,-2.09086e-12,9.27785e-12,0.777163,-5.01564e-12,8.08059e-12,-2.35698,-3.60209e-07,5.36506e-11,-8.63105e-11,-1.33994e-09,3.81359e-06,-5.73684e-10,9.21699e-10,4.96765e-08
1177,1.177,0.52,1.28525,-0.297582,-1.57982,-2.0687e-12,9.17922e-12,0.777163,-4.96228e-12,7.99474e-12,-2.35698,-3.56416e-07,5.30799e-11,-8.53937e-11,-1.29071e-09,3.77342e-06,-5.67602e-10,9.119e-10,4.87907e-08
1178,1.178,0.52,1.28525,-0.297582,-1.57982,-2.04678e-12,9.08164e-12,0.777163,-4.90948e-12,7.9098e-12,-2.35698,-3.52662e-07,5.25153e-11,-8.44867e-11,-1.24235e-09,3.73368e-06,-5.61606e-10,9.02206e-10,4.79174e-08
1179,1.179,0.52,1.28525,-0.297582,-1.57982,-2.02508e-12,8.9851e-12,0.777163,-4.85724e-12,7.82577e-12,-2.35698,-3.48948e-07,5.19568e-11,-8.35892e-11,-1.19487e-09,3.69436e-06,-5.5561e-10,8.92627e-10,4.7057e-08
1180,1.18,0.52,1.28525,-0.297582,-1.57982,-2.00362e-12,8.88959e-12,0.777163,-4.80556e-12,7.74262e-12,-2.35698,-3.45273e-07,5.14041e-11,-8.27014e-11,-1.14823e-09,3.65545e-06,-5.49676e-10,8.83156e-10,4.62092e-08
1181,1.181,0.52,1.28525,-0.297582,-1.57982,-1.98239e-12,8.79509e-12,0.777163,-4.75443e-12,7.66036e-12,-2.35698,-3.41637e-07,5.08574e-11,-8.18229e-11,-1.10244e-09,3.61695e-06,-5.43866e-10,8.73767e-10,4.53741e-08
1182,1.182,0.52,1.28525,-0.297582,-1.57982,-1.96137e-12,8.70159e-12,0.777163,-4.70385e-12,7.57897e-12,-2.35698,-3.38039e-07,5.03164e-11,-8.09538e-11,-1.05748e-09,3.57886e-06,-5.3808e-10,8.64485e-10,4.45515e-08
1183,1.183,0.52,1.28525,-0.297582,-1.57982,-1.94059e-12,8.60909e-12,0.777163,-4.6538e-12,7.49845e-12,-2.35698,-3.34479e-07,4.97812e-11,-8.00939e-11,-1.01334e-09,3.54117e-06,-5.32328e-10,8.55326e-10,4.37415e-08
1184,1.184,0.52,1.28525,-0.297582,-1.57982,-1.92002e-12,8.51757e-12,0.777163,-4.60428e-12,7.41878e-12,-2.35698,-3.30957e-07,4.92517e-11,-7.92432e-11,-9.69997e-10,3.50387e-06,-5.26718e-10,8.46213e-10,4.29418e-08
1185,1.185,0.52,1.28525,-0.297582,-1.57982,-1.89967e-12,8.42702e-12,0.777163,-4.55529e-12,7.33996e-12,-2.35698,-3.27471e-07,4.87278e-11,-7.84014e-11,-9.27449e-10,3.46697e-06,-5.21079e-10,8.37233e-10,4.21546e-08
1186,1.186,0.52,1.28525,-0.297582,-1.57982,-1.87954e-12,8.33744e-12,0.777163,-4.50683e-12,7.26198e-12,-2.35698,-3.24023e-07,4.82095e-11,-7.75686e-11,-8.85683e-10,3.43046e-06,-5.15543e-10,8.28344e-10,4.13797e-08
1187,1.187,0.52,1.28525,-0.297582,-1.57982,-1.85962e-12,8.24881e-12,0.777163,-4.45887e-12,7.18482e-12,-2.35698,-3.2061e-07,4.76967e-11,-7.67447e-11,-8.44686e-10,3.39433e-06,-5.10059e-10,8.19554e-10,4.06161e-08
1188,1.188,0.52,1.28525,-0.297582,-1.57982,-1.83991e-12,8.16112e-12,0.777163,-4.41143e-12,7.10848e-12,-2.35698,-3.17234e-07,4.71894e-11,-7.59295e-11,-8.04447e-10,3.35858e-06,-5.04616e-10,8.10863e-10,3.98651e-08
1189,1.189,0.52,1.28525,-0.297582,-1.57982,-1.82041e-12,8.07436e-12,0.777163,-4.36449e-12,7.03296e-12,-2.35698,-3.13893e-07,4.66874e-11,-7.51229e-11,-7.64953e-10,3.32321e-06,-4.99256e-10,8.02246e-10,3.91246e-08
1190,1.19,0.52,1.28525,-0.297582,-1.57982,-1.80111e-12,7.98852e-12,0.777163,-4.31805e-12,6.95824e-12,-2.35698,-3.10587e-07,4.61908e-11,-7.4325e-11,-7.26194e-10,3.28821e-06,-4.93966e-10,7.93718e-10,3.83952e-08
1191,1.191,0.52,1.28525,-0.297582,-1.57982,-1.78202e-12,7.9036e-12,0.777163,-4.27211e-12,6.88431e-12,-2.35698,-3.07316e-07,4.56994e-11,-7.35355e-11,-6.88159e-10,3.25358e-06,-4.88699e-10,7.85293e-10,3.76758e-08
1192,1.192,0.52,1.28525,-0.297582,-1.57982,-1.76313e-12,7.81958e-12,0.777163,-4.22665e-12,6.81116e-12,-2.35698,-3.0408e-07,4.52134e-11,-7.27544e-11,-6.50837e-10,3.21932e-06,-4.83487e-10,7.76967e-10,3.69685e-08
1193,1.193,0.52,1.28525,-0.297582,-1.57982,-1.74445e-12,7.73645e-12,0.777163,-4.18168e-12,6.73879e-12,-2.35698,-3.00878e-07,4.47324e-11,-7.19815e-11,-6.1422e-10,3.18541e-06,-4.78343e-10,7.687e-10,3.62696e-08
1194,1.194,0.52,1.28525,-0.297582,-1.57982,-1.72596e-12,7.6542e-12,0.777163,-4.13719e-12,6.6672e-12,-2.35698,-2.97709e-07,4.42566e-11,-7.12169e-11,-5.78294e-10,3.15186e-06,-4.73302e-10,7.60531e-10,3.55841e-08
1195,1.195,0.52,1.28525,-0.297582,-1.57982,-1.70767e-12,7.57283e-12,0.777163,-4.09317e-12,6.59636e-12,-2.35698,-2.94574e-07,4.37858e-11,-7.04605e-11,-5.43049e-10,3.11867e-06,-4.68249e-10,7.52465e-10,3.49085e-08
1196,1.196,0.52,1.28525,-0.297582,-1.57982,-1.68957e-12,7.49233e-12,0.777163,-4.04961e-12,6.52627e-12,-2.35698,-2.91472e-07,4.33201e-11,-6.9712e-11,-5.08475e-10,3.08582e-06,-4.63263e-10,7.44473e-10,3.42411e-08
1197,1.197,0.52,1.28525,-0.297582,-1.57982,-1.67166e-12,7.41268e-12,0.777163,-4.00652e-12,6.45693e-12,-2.35698,-2.88402e-07,4.28593e-11,-6.89715e-11,-4.74563e-10,3.05333e-06,-4.58338e-10,7.36561e-10,3.35859e-08
1198,1.198,0.52,1.28525,-0.297582,-1.57982,-1.65394e-12,7.33387e-12,0.777163,-3.96389e-12,6.38833e-12,-2.35698,-2.85365e-07,4.24034e-11,-6.82388e-11,-4.41301e-10,3.02117e-06,-4.53483e-10,7.28745e-10,3.29398e-08
1199,1.199,0.52,1.28525,-0.297582,-1.57982,-1.63641e-12,7.25591e-12,0.777163,-3.92172e-12,6.32045e-12,-2.35698,-2.8236e-07,4.19524e-11,-6.7514e-11,-4.08681e-10,2.98935e-06,-4.48652e-10,7.21003e-10,3.23038e-08
1200,1.2,0.52,1.28525,-0.297582,-1.57982,-1.61907e-12,7.17877e-12,0.777163,-3.87999e-12,6.2533e-12,-2.35698,-2.79386e-07,4.15061e-11,-6.67968e-11,-3.76691e-10,2.95787e-06,-4.43888e-10,7.13333e-10,3.16765e-08
1201,1.201,0.52,1.28525,-0.297582,-1.57982,-1.60191e-12,7.10245e-12,0.777163,-3.8387e-12,6.18685e-12,-2.35698,-2.76444e-07,4.10645e-11,-6.60873e-11,-3.45324e-10,2.92672e-06,-4.39156e-10,7.05769e-10,3.106e-08
1202,1.202,0.52,1.28525,-0.297582,-1.57982,-1.58493e-12,7.02694e-12,0.777163,-3.79786e-12,6.12112e-12,-2.35698,-2.73533e-07,4.06277e-11,-6.53852e-11,-3.14569e-10,2.89589e-06,-4.34517e-10,6.98263e-10,3.04526e-08
1203,1.203,0.52,1.28525,-0.297582,-1.57982,-1.56813e-12,6.95224e-12,0.777163,-3.75744e-12,6.05608e-12,-2.35698,-2.70652e-07,4.01955e-11,-6.46907e-11,-2.84416e-10,2.8654e-06,-4.29831e-10,6.90875e-10,2.98534e-08
1204,1.204,0.52,1.28525,-0.297582,-1.57982,-1.55151e-12,6.87833e-12,0.777163,-3.71746e-12,5.99174e-12,-2.35698,-2.67802e-07,3.9768e-11,-6.40035e-11,-2.54858e-10,2.83522e-06,-4.25254e-10,6.83534e-10,2.92644e-08
1205,1.205,0.52,1.28525,-0.297582,-1.57982,-1.53506e-12,6.8052e-12,0.777163,-3.67791e-12,5.92807e-12,-2.35698,-2.64981e-07,3.9345e-11,-6.33236e-11,-2.25885e-10,2.80536e-06,-4.20751e-10,6.76262e-10,2.86842e-08
1206,1.206,0.52,1.28525,-0.297582,-1.57982,-1.51879e-12,6.73286e-12,0.777163,-3.63877e-12,5.86509e-12,-2.35698,-2.62191e-07,3.89264e-11,-6.26509e-11,-1.97487e-10,2.77581e-06,-4.16316e-10,6.69078e-10,2.81135e-08
1207,1.207,0.52,1.28525,-0.297582,-1.57982,-1.5027e-12,6.66128e-12,0.777163,-3.60005e-12,5.80277e-12,-2.35698,-2.5943e-07,3.85123e-11,-6.19854e-11,-1.69654e-10,2.74658e-06,-4.11868e-10,6.61963e-10,2.75502e-08
1208,1.208,0.52,1.28525,-0.297582,-1.57982,-1.48677e-12,6.59046e-12,0.777163,-3.56175e-12,5.74111e-12,-2.35698,-2.56698e-07,3.81027e-11,-6.1327e-11,-1.42381e-10,2.71765e-06,-4.07514e-10,6.54941e-10,2.6996e-08
1209,1.209,0.52,1.28525,-0.297582,-1.57982,-1.47101e-12,6.52039e-12,0.777163,-3.52385e-12,5.68011e-12,-2.35698,-2.53994e-07,3.76973e-11,-6.06755e-11,-1.15659e-10,2.68903e-06,-4.03175e-10,6.47981e-10,2.64521e-08
1210,1.21,0.52,1.28525,-0.297582,-1.57982,-1.45542e-12,6.45107e-12,0.777163,-3.48635e-12,5.61976e-12,-2.35698,-2.51319e-07,3.72963e-11,-6.0031e-11,-8.94776e-11,2.66071e-06,-3.98884e-10,6.41101e-10,2.59144e-08
1211,1.211,0.52,1.28525,-0.297582,-1.57982,-1.43999e-12,6.38249e-12,0.777163,-3.44925e-12,5.56005e-12,-2.35698,-2.48673e-07,3.68996e-11,-5.93933e-11,-6.38281e-11,2.63269e-06,-3.94632e-10,6.34297e-10,2.53868e-08
1212,1.212,0.52,1.28525,-0.297582,-1.57982,-1.42473e-12,6.31463e-12,0.777163,-3.41255e-12,5.50097e-12,-2.35698,-2.46054e-07,3.65071e-11,-5.87624e-11,-3.87011e-11,2.60497e-06,-3.90413e-10,6.27563e-10,2.48654e-08
1213,1.213,0.52,1.28525,-0.297582,-1.57982,-1.40963e-12,6.2475e-12,0.777163,-3.37624e-12,5.44252e-12,-2.35698,-2.43463e-07,3.61187e-11,-5.81381e-11,-1.40921e-11,2.57753e-06,-3.86318e-10,6.2088e-10,2.43526e-08
1214,1.214,0.52,1.28525,-0.297582,-1.57982,-1.39469e-12,6.18108e-12,0.777163,-3.34031e-12,5.38469e-12,-2.35698,-2.40899e-07,3.57345e-11,-5.75206e-11,1.00076e-11,2.55039e-06,-3.8218e-10,6.14292e-10,2.38497e-08
1215,1.215,0.52,1.28525,-0.297582,-1.57982,-1.37991e-12,6.11537e-12,0.777163,-3.30477e-12,5.32748e-12,-2.35698,-2.38362e-07,3.53544e-11,-5.69095e-11,3.36082e-11,2.52353e-06,-3.78107e-10,6.0778e-10,2.33536e-08
1216,1.216,0.52,1.28525,-0.297582,-1.57982,-1.36528e-12,6.05035e-12,0.777163,-3.2696e-12,5.27087e-12,-2.35698,-2.35852e-07,3.49783e-11,-5.6305e-11,5.67173e-11,2.49695e-06,-3.74076e-10,6.01322e-10,2.28642e-08
1217,1.217,0.52,1.28525,-0.297582,-1.57982,-1.35081e-12,5.98603e-12,0.777163,-3.23481e-12,5.21487e-12,-2.35698,-2.33368e-07,3.46062e-11,-5.57068e-11,7.93401e-11,2.47065e-06,-3.70133e-10,5.94925e-10,2.23839e-08
1218,1.218,0.52,1.28525,-0.297582,-1.57982,-1.33649e-12,5.92239e-12,0.777163,-3.20039e-12,5.15945e-12,-2.35698,-2.3091e-07,3.4238e-11,-5.51151e-11,1.01487e-10,2.44463e-06,-3.66121e-10,5.88639e-10,2.19097e-08
1219,1.219,0.52,1.28525,-0.297582,-1.57982,-1.32233e-12,5.85942e-12,0.777163,-3.16633e-12,5.10463e-12,-2.35698,-2.28478e-07,3.38738e-11,-5.45296e-11,1.23162e-10,2.41889e-06,-3.62299e-10,5.82354e-10,2.1444e-08
1220,1.22,0.52,1.28525,-0.297582,-1.57982,-1.30831e-12,5.79713e-12,0.777163,-3.13264e-12,5.05039e-12,-2.35698,-2.26072e-07,3.35134e-11,-5.39503e-11,1.44377e-10,2.39341e-06,-3.58396e-10,5.76195e-10,2.09857e-08
1221,1.221,0.52,1.28525,-0.297582,-1.57982,-1.29444e-12,5.73549e-12,0.777163,-3.0993e-12,4.99673e-12,-2.35698,-2.23692e-07,3.31569e-11,-5.33772e-11,1.65137e-10,2.36821e-06,-3.54609e-10,5.70069e-10,2.05347e-08
1222,1.222,0.52,1.28525,-0.297582,-1.57982,-1.28072e-12,5.67451e-12,0.777163,-3.06632e-12,4.94364e-12,-2.35698,-2.21336e-07,3.28042e-11,-5.28102e-11,1.85448e-10,2.34327e-06,-3.50829e-10,5.64001e-10,2.00885e-08
1223,1.223,0.52,1.28525,-0.297582,-1.57982,-1.26715e-12,5.61418e-12,0.777163,-3.03369e-12,4.89111e-12,-2.35698,-2.19005e-07,3.24552e-11,-5.22492e-11,2.05317e-10,2.31859e-06,-3.47121e-10,5.58008e-10,1.96516e-08
1224,1.224,0.52,1.28525,-0.297582,-1.57982,-1.25372e-12,5.55449e-12,0.777163,-3.00141e-12,4.83914e-12,-2.35698,-2.16699e-07,3.211e-11,-5.16941e-11,2.24753e-10,2.29417e-06,-3.43448e-10,5.52078e-10,1.92218e-08
1225,1.225,0.52,1.28525,-0.297582,-1.57982,-1.24043e-12,5.49544e-12,0.777163,-2.96947e-12,4.78772e-12,-2.35698,-2.14416e-07,3.17684e-11,-5.1145e-11,2.43762e-10,2.27001e-06,-3.39767e-10,5.46231e-10,1.87992e-08
1226,1.226,0.52,1.28525,-0.297582,-1.57982,-1.22728e-12,5.43701e-12,0.777163,-2.93787e-12,4.73684e-12,-2.35698,-2.12158e-07,3.14304e-11,-5.06017e-11,2.62351e-10,2.2461e-06,-3.36145e-10,5.40434e-10,1.83807e-08
1227,1.227,0.52,1.28525,-0.297582,-1.57982,-1.21427e-12,5.37921e-12,0.777163,-2.90661e-12,4.68651e-12,-2.35698,-2.09924e-07,3.10961e-11,-5.00641e-11,2.80526e-10,2.22245e-06,-3.32558e-10,5.34689e-10,1.79713e-08
1228,1.228,0.52,1.28525,-0.297582,-1.57982,-1.2014e-12,5.32202e-12,0.777163,-2.87568e-12,4.63671e-12,-2.35698,-2.07713e-07,3.07653e-11,-4.95322e-11,2.98296e-10,2.19904e-06,-3.29063e-10,5.28999e-10,1.75671e-08
1229,1.229,0.52,1.28525,-0.297582,-1.57982,-1.18867e-12,5.26543e-12,0.777163,-2.84508e-12,4.58745e-12,-2.35698,-2.05526e-07,3.0438e-11,-4.90061e-11,3.15664e-10,2.17588e-06,-3.25538e-10,5.23398e-10,1.71708e-08
1230,1.23,0.52,1.28525,-0.297582,-1.57982,-1.17607e-12,5.20945e-12,0.777163,-2.8148e-12,4.5387e-12,-2.35698,-2.03362e-07,3.01142e-11,-4.84855e-11,3.32639e-10,2.15297e-06,-3.22077e-10,5.17834e-10,1.67798e-08
1231,1.231,0.52,1.28525,-0.297582,-1.57982,-1.1636e-12,5.15406e-12,0.777163,-2.78485e-12,4.49047e-12,-2.35698,-2.0122e-07,2.97939e-11,-4.79704e-11,3.49226e-10,2.13029e-06,-3.18656e-10,5.1232e-10,1.63947e-08
1232,1.232,0.52,1.28525,-0.297582,-1.57982,-1.15127e-12,5.09927e-12,0.777163,-2.75521e-12,4.44276e-12,-2.35698,-1.99101e-07,2.94769e-11,-4.74608e-11,3.65431e-10,2.10786e-06,-3.15292e-10,5.06858e-10,1.60158e-08
1233,1.233,0.52,1.28525,-0.297582,-1.57982,-1.13906e-12,5.04505e-12,0.777163,-2.72589e-12,4.39555e-12,-2.35698,-1.97004e-07,2.91633e-11,-4.69566e-11,3.81261e-10,2.08566e-06,-3.11898e-10,5.01512e-10,1.56433e-08
1234,1.234,0.52,1.28525,-0.297582,-1.57982,-1.12699e-12,4.99141e-12,0.777163,-2.69689e-12,4.34884e-12,-2.35698,-1.9493e-07,2.88531e-11,-4.64577e-11,3.96721e-10,2.06369e-06,-3.08616e-10,4.96168e-10,1.52775e-08
1235,1.235,0.52,1.28525,-0.297582,-1.57982,-1.11504e-12,4.93834e-12,0.777163,-2.66819e-12,4.30263e-12,-2.35698,-1.92877e-07,2.85461e-11,-4.59642e-11,4.11819e-10,2.04196e-06,-3.05285e-10,4.90922e-10,1.49178e-08
1236,1.236,0.52,1.28525,-0.297582,-1.57982,-1.10323e-12,4.88584e-12,0.777163,-2.63979e-12,4.25691e-12,-2.35698,-1.90846e-07,2.82424e-11,-4.54759e-11,4.26559e-10,2.02045e-06,-3.02089e-10,4.85679e-10,1.45635e-08
1237,1.237,0.52,1.28525,-0.297582,-1.57982,-1.09153e-12,4.83389e-12,0.777163,-2.6117e-12,4.21168e-12,-2.35698,-1.88836e-07,2.7942e-11,-4.49928e-11,4.40948e-10,1.99918e-06,-2.98825e-10,4.8055e-10,1.42142e-08
1238,1.238,0.52,1.28525,-0.297582,-1.57982,-1.07996e-12,4.78249e-12,0.777163,-2.58391e-12,4.16693e-12,-2.35698,-1.86847e-07,2.76447e-11,-4.45148e-11,4.54991e-10,1.97812e-06,-2.95659e-10,4.75435e-10,1.3871e-08
1239,1.239,0.52,1.28525,-0.297582,-1.57982,-1.06851e-12,4.73164e-12,0.777163,-2.55641e-12,4.12265e-12,-2.35698,-1.84879e-07,2.73506e-11,-4.40419e-11,4.68693e-10,1.95729e-06,-2.92533e-10,4.70376e-10,1.35339e-08
1240,1.24,0.52,1.28525,-0.297582,-1.57982,-1.05719e-12,4.68134e-12,0.777163,-2.52921e-12,4.07884e-12,-2.35698,-1.82932e-07,2.70596e-11,-4.3574e-11,4.82061e-10,1.93668e-06,-2.89403e-10,4.65392e-10,1.32028e-08
1241,1.241,0.52,1.28525,-0.297582,-1.57982,-1.04598e-12,4.63156e-12,0.777163,-2.50229e-12,4.0355e-12,-2.35698,-1.81006e-07,2.67717e-11,-4.31111e-11,4.95099e-10,1.91628e-06,-2.86368e-10,4.60435e-10,1.28755e-08
1242,1.242,0.52,1.28525,-0.297582,-1.57982,-1.0349e-12,4.58232e-12,0.777163,-2.47566e-12,3.99262e-12,-2.35698,-1.791e-07,2.64869e-11,-4.26532e-11,5.07813e-10,1.8961e-06,-2.83277e-10,4.55563e-10,1.25554e-08
1243,1.243,0.52,1.28525,-0.297582,-1.57982,-1.02393e-12,4.5336e-12,0.777163,-2.44932e-12,3.95019e-12,-2.35698,-1.77214e-07,2.62051e-11,-4.22e-11,5.2021e-10,1.87613e-06,-2.80276e-10,4.5072e-10,1.22402e-08
1244,1.244,0.52,1.28525,-0.297582,-1.57982,-1.01307e-12,4.48539e-12,0.777163,-2.42325e-12,3.90821e-12,-2.35698,-1.75348e-07,2.59263e-11,-4.17517e-11,5.32293e-10,1.85637e-06,-2.77299e-10,4.45926e-10,1.19285e-08
1245,1.245,0.52,1.28525,-0.297582,-1.57982,-1.00233e-12,4.4377e-12,0.777163,-2.39746e-12,3.86668e-12,-2.35698,-1.73501e-07,2.56505e-11,-4.13082e-11,5.44068e-10,1.83682e-06,-2.74345e-10,4.41194e-10,1.1623e-08
1246,1.246,0.52,1.28525,-0.297582,-1.57982,-9.91709e-13,4.39052e-12,0.777163,-2.37195e-12,3.8256e-12,-2.35698,-1.71674e-07,2.53776e-11,-4.08693e-11,5.55541e-10,1.81748e-06,-2.7141e-10,4.36518e-10,1.13227e-08
1247,1.247,0.52,1.28525,-0.297582,-1.57982,-9.81197e-13,4.34384e-12,0.777163,-2.34671e-12,3.78494e-12,-2.35698,-1.69866e-07,2.51076e-11,-4.04351e-11,5.66715e-10,1.79834e-06,-2.6855e-10,4.31869e-10,1.1027e-08
1248,1.248,0.52,1.28525,-0.297582,-1.57982,-9.70797e-13,4.29765e-12,0.777163,-2.32173e-12,3.74472e-12,-2.35698,-1.68077e-07,2.48405e-11,-4.00056e-11,5.77598e-10,1.7794e-06,-2.65668e-10,4.27289e-10,1.07372e-08
1249,1.249,0.52,1.28525,-0.297582,-1.57982,-9.60506e-13,4.25195e-12,0.777163,-2.29702e-12,3.70493e-12,-2.35698,-1.66307e-07,2.45762e-11,-3.95805e-11,5.88192e-10,1.76066e-06,-2.62824e-10,4.22766e-10,1.04508e-08
1250,1.25,0.52,1.28525,-0.297582,-1.57982,-9.50325e-13,4.20675e-12,0.777163,-2.27258e-12,3.66556e-12,-2.35698,-1.64556e-07,2.43148e-11,-3.91601e-11,5.98502e-10,1.74212e-06,-2.60043e-10,4.18268e-10,1.01705e-08
1251,1.251,0.52,1.28525,-0.297582,-1.57982,-9.40252e-13,4.16202e-12,0.777163,-2.24839e-12,3.62661e-12,-2.35698,-1.62823e-07,2.40561e-11,-3.8744e-11,6.08534e-10,1.72377e-06,-2.57282e-10,4.13823e-10,9.89478e-09
1252,1.252,0.52,1.28525,-0.297582,-1.57982,-9.30285e-13,4.11776e-12,0.777163,-2.22447e-12,3.58807e-12,-2.35698,-1.61108e-07,2.38001e-11,-3.83324e-11,6.18292e-10,1.70562e-06,-2.54547e-10,4.09428e-10,9.62393e-09
1253,1.253,0.52,1.28525,-0.297582,-1.57982,-9.20424e-13,4.07398e-12,0.777163,-2.20079e-12,3.54994e-12,-2.35698,-1.59411e-07,2.35469e-11,-3.79252e-11,6.27782e-10,1.68765e-06,-2.519e-10,4.05057e-10,9.35701e-09
1254,1.254,0.52,1.28525,-0.297582,-1.57982,-9.10667e-13,4.03066e-12,0.777163,-2.17737e-12,3.51222e-12,-2.35698,-1.57733e-07,2.32965e-11,-3.75222e-11,6.37008e-10,1.66988e-06,-2.492e-10,4.00765e-10,9.09434e-09
1255,1.255,0.52,1.28525,-0.297582,-1.57982,-9.01014e-13,3.9878e-12,0.777163,-2.1542e-12,3.4749e-12,-2.35698,-1.56072e-07,2.30486e-11,-3.71236e-11,6.45973e-10,1.65229e-06,-2.46513e-10,3.96514e-10,8.83547e-09
1256,1.256,0.52,1.28525,-0.297582,-1.57982,-8.91463e-13,3.9454e-12,0.777163,-2.13127e-12,3.43797e-12,-2.35698,-1.54428e-07,2.28033e-11,-3.67292e-11,6.54682e-10,1.63489e-06,-2.43878e-10,3.92307e-10,8.58284e-09
1257,1.257,0.52,1.28525,-0.297582,-1.57982,-8.82014e-13,3.90345e-12,0.777163,-2.10859e-12,3.40144e-12,-2.35698,-1.52802e-07,2.25607e-11,-3.6339e-11,6.6314e-10,1.61768e-06,-2.41296e-10,3.88136e-10,8.33322e-09
1258,1.258,0.52,1.28525,-0.297582,-1.57982,-8.72664e-13,3.86195e-12,0.777163,-2.08615e-12,3.36529e-12,-2.35698,-1.51193e-07,2.23207e-11,-3.59529e-11,6.71351e-10,1.60064e-06,-2.38721e-10,3.84018e-10,8.08735e-09
1259,1.259,0.52,1.28525,-0.297582,-1.57982,-8.63414e-13,3.82088e-12,0.777163,-2.06395e-12,3.32953e-12,-2.35698,-1.496e-07,2.20832e-11,-3.5571e-11,6.79318e-10,1.58378e-06,-2.36179e-10,3.79936e-10,7.84651e-09
1260,1.26,0.52,1.28525,-0.297582,-1.57982,-8.54261e-13,3.78026e-12,0.777163,-2.04198e-12,3.29415e-12,-2.35698,-1.48025e-07,2.18483e-11,-3.51931e-11,6.87046e-10,1.5671e-06,-2.33716e-10,3.75886e-10,7.61098e-09
1261,1.261,0.52,1.28525,-0.297582,-1.57982,-8.45206e-13,3.74006e-12,0.777163,-2.02025e-12,3.25914e-12,-2.35698,-1.46466e-07,2.16158e-11,-3.48192e-11,6.9454e-10,1.5506e-06,-2.31178e-10,3.71913e-10,7.3779e-09
1262,1.262,0.52,1.28525,-0.297582,-1.57982,-8.36247e-13,3.70029e-12,0.777163,-1.99875e-12,3.22451e-12,-2.35698,-1.44924e-07,2.13859e-11,-3.44493e-11,7.01804e-10,1.53427e-06,-2.28737e-10,3.67958e-10,7.14992e-09
1263,1.263,0.52,1.28525,-0.297582,-1.57982,-8.27382e-13,3.66095e-12,0.777163,-1.97748e-12,3.19024e-12,-2.35698,-1.43398e-07,2.11583e-11,-3.40833e-11,7.08841e-10,1.51811e-06,-2.26306e-10,3.64048e-10,6.92583e-09
1264,1.264,0.52,1.28525,-0.297582,-1.57982,-8.18612e-13,3.62202e-12,0.777163,-1.95643e-12,3.15634e-12,-2.35698,-1.41888e-07,2.09332e-11,-3.37211e-11,7.15656e-10,1.50212e-06,-2.23903e-10,3.6017e-10,6.70492e-09
1265,1.265,0.52,1.28525,-0.297582,-1.57982,-8.09934e-13,3.58351e-12,0.777163,-1.93561e-12,3.1228e-12,-2.35698,-1.40393e-07,2.07105e-11,-3.33629e-11,7.22252e-10,1.4863e-06,-2.21539e-10,3.56348e-10,6.4883e-09
1266,1.266,0.52,1.28525,-0.297582,-1.57982,-8.01349e-13,3.5454e-12,0.777163,-1.91501e-12,3.08962e-12,-2.35698,-1.38915e-07,2.04902e-11,-3.30084e-11,7.28634e-10,1.47065e-06,-2.19166e-10,3.52567e-10,6.27458e-09
1267,1.267,0.52,1.28525,-0.297582,-1.57982,-7.92854e-13,3.5077e-12,0.777163,-1.89463e-12,3.05678e-12,-2.35698,-1.37452e-07,2.02721e-11,-3.26578e-11,7.34803e-10,1.45516e-06,-2.1684e-10,3.48816e-10,6.06501e-09
1268,1.268,0.52,1.28525,-0.297582,-1.57982,-7.8445e-13,3.4704e-12,0.777163,-1.87447e-12,3.0243e-12,-2.35698,-1.36004e-07,2.00565e-11,-3.23108e-11,7.40765e-10,1.43984e-06,-2.14522e-10,3.45127e-10,5.86041e-09
1269,1.269,0.52,1.28525,-0.297582,-1.57982,-7.76134e-13,3.4335e-12,0.777163,-1.85452e-12,2.99216e-12,-2.35698,-1.34572e-07,1.98431e-11,-3.19675e-11,7.46525e-10,1.42467e-06,-2.1226e-10,3.41447e-10,5.65727e-09
1270,1.27,0.52,1.28525,-0.297582,-1.57982,-7.67907e-13,3.39699e-12,0.777163,-1.83478e-12,2.96036e-12,-2.35698,-1.33155e-07,1.9632e-11,-3.16279e-11,7.52082e-10,1.40967e-06,-2.10011e-10,3.37814e-10,5.45992e-09
1271,1.271,0.52,1.28525,-0.297582,-1.57982,-7.59766e-13,3.36087e-12,0.777163,-1.81525e-12,2.9289e-12,-2.35698,-1.31753e-07,1.94231e-11,-3.12919e-11,7.57444e-10,1.39483e-06,-2.07734e-10,3.34246e-10,5.26443e-09
1272,1.272,0.52,1.28525,-0.297582,-1.57982,-7.51713e-13,3.32513e-12,0.777163,-1.79593e-12,2.89778e-12,-2.35698,-1.30365e-07,1.92164e-11,-3.09594e-11,7.62613e-10,1.38014e-06,-2.0555e-10,3.30688e-10,5.07401e-09
1273,1.273,0.52,1.28525,-0.297582,-1.57982,-7.43744e-13,3.28978e-12,0.777163,-1.77682e-12,2.86698e-12,-2.35698,-1.28993e-07,1.9012e-11,-3.06305e-11,7.67593e-10,1.3656e-06,-2.03364e-10,3.27169e-10,4.88528e-09
1274,1.274,0.52,1.28525,-0.297582,-1.57982,-7.3586e-13,3.25479e-12,0.777163,-1.75791e-12,2.83652e-12,-2.35698,-1.27634e-07,1.88097e-11,-3.0305e-11,7.72385e-10,1.35122e-06,-2.01191e-10,3.23705e-10,4.70079e-09
1275,1.275,0.52,1.28525,-0.297582,-1.57982,-7.28059e-13,3.22018e-12,0.777163,-1.7392e-12,2.80637e-12,-2.35698,-1.2629e-07,1.86096e-11,-2.99831e-11,7.76996e-10,1.33699e-06,-1.99055e-10,3.20264e-10,4.51999e-09
1276,1.276,0.52,1.28525,-0.297582,-1.57982,-7.20342e-13,3.18594e-12,0.777163,-1.72069e-12,2.77655e-12,-2.35698,-1.2496e-07,1.84116e-11,-2.96645e-11,7.81427e-10,1.32291e-06,-1.96945e-10,3.16853e-10,4.34109e-09
1277,1.277,0.52,1.28525,-0.297582,-1.57982,-7.12706e-13,3.15206e-12,0.777163,-1.70237e-12,2.74704e-12,-2.35698,-1.23644e-07,1.82157e-11,-2.93493e-11,7.8568e-10,1.30898e-06,-1.94857e-10,3.13482e-10,4.16705e-09
1278,1.278,0.52,1.28525,-0.297582,-1.57982,-7.0515e-13,3.11855e-12,0.777163,-1.68426e-12,2.71785e-12,-2.35698,-1.22342e-07,1.80219e-11,-2.90375e-11,7.89761e-10,1.29519e-06,-1.928e-10,3.10153e-10,3.99501e-09
1279,1.279,0.52,1.28525,-0.297582,-1.57982,-6.97675e-13,3.08539e-12,0.777163,-1.66633e-12,2.68897e-12,-2.35698,-1.21054e-07,1.78301e-11,-2.8729e-11,7.93672e-10,1.28155e-06,-1.90715e-10,3.06865e-10,3.82595e-09
1280,1.28,0.52,1.28525,-0.297582,-1.57982,-6.9028e-13,3.05258e-12,0.777163,-1.64859e-12,2.66039e-12,-2.35698,-1.19779e-07,1.76404e-11,-2.84238e-11,7.97415e-10,1.26806e-06,-1.88717e-10,3.03602e-10,3.66151e-09
1281,1.281,0.52,1.28525,-0.297582,-1.57982,-6.82962e-13,3.02012e-12,0.777163,-1.63105e-12,2.63212e-12,-2.35698,-1.18518e-07,1.74527e-11,-2.81218e-11,8.00995e-10,1.2547e-06,-1.86699e-10,3.00378e-10,3.49836e-09
1282,1.282,0.52,1.28525,-0.297582,-1.57982,-6.75722e-13,2.988e-12,0.777163,-1.61369e-12,2.60414e-12,-2.35698,-1.17269e-07,1.7267e-11,-2.7823e-11,8.04413e-10,1.24149e-06,-1.84704e-10,2.97186e-10,3.33826e-09
1283,1.283,0.52,1.28525,-0.297582,-1.57982,-6.68559e-13,2.95623e-12,0.777163,-1.59651e-12,2.57647e-12,-2.35698,-1.16035e-07,1.70833e-11,-2.75274e-11,8.07672e-10,1.22841e-06,-1.82737e-10,2.94037e-10,3.18233e-09
1284,1.284,0.52,1.28525,-0.297582,-1.57982,-6.61472e-13,2.92479e-12,0.777163,-1.57952e-12,2.54909e-12,-2.35698,-1.14813e-07,1.69015e-11,-2.72349e-11,8.10778e-10,1.21548e-06,-1.80763e-10,2.90922e-10,3.02901e-09
1285,1.285,0.52,1.28525,-0.297582,-1.57982,-6.5446e-13,2.89369e-12,0.777163,-1.56271e-12,2.522e-12,-2.35698,-1.13604e-07,1.67217e-11,-2.69455e-11,8.1373e-10,1.20268e-06,-1.7887e-10,2.87823e-10,2.87849e-09
1286,1.286,0.52,1.28525,-0.297582,-1.57982,-6.47522e-13,2.86292e-12,0.777163,-1.54608e-12,2.4952e-12,-2.35698,-1.12407e-07,1.65438e-11,-2.66593e-11,8.16535e-10,1.19001e-06,-1.7698e-10,2.84754e-10,2.72965e-09
1287,1.287,0.52,1.28525,-0.297582,-1.57982,-6.40658e-13,2.83247e-12,0.777163,-1.52962e-12,2.46868e-12,-2.35698,-1.11223e-07,1.63678e-11,-2.6376e-11,8.19191e-10,1.17748e-06,-1.75119e-10,2.81728e-10,2.58415e-09
1288,1.288,0.52,1.28525,-0.297582,-1.57982,-6.33866e-13,2.80235e-12,0.777163,-1.51334e-12,2.44244e-12,-2.35698,-1.10052e-07,1.61936e-11,-2.60958e-11,8.21704e-10,1.16508e-06,-1.73274e-10,2.7873e-10,2.44284e-09
1289,1.289,0.52,1.28525,-0.297582,-1.57982,-6.27147e-13,2.77255e-12,0.777163,-1.49723e-12,2.41649e-12,-2.35698,-1.08893e-07,1.60213e-11,-2.58185e-11,8.24075e-10,1.15281e-06,-1.71372e-10,2.75785e-10,2.30195e-09
1290,1.29,0.52,1.28525,-0.297582,-1.57982,-6.20498e-13,2.74307e-12,0.777163,-1.4813e-12,2.39081e-12,-2.35698,-1.07747e-07,1.58508e-11,-2.55442e-11,8.26309e-10,1.14067e-06,-1.69577e-10,2.72847e-10,2.16509e-09
1291,1.291,0.52,1.28525,-0.297582,-1.57982,-6.1392e-13,2.7139e-12,0.777163,-1.46553e-12,2.3654e-12,-2.35698,-1.06612e-07,1.56822e-11,-2.52728e-11,8.28406e-10,1.12866e-06,-1.6778e-10,2.69945e-10,2.03117e-09
1292,1.292,0.52,1.28525,-0.297582,-1.57982,-6.07412e-13,2.68504e-12,0.777163,-1.44993e-12,2.34026e-12,-2.35698,-1.05489e-07,1.55153e-11,-2.50043e-11,8.30371e-10,1.11677e-06,-1.65964e-10,2.6709e-10,1.89845e-09
1293,1.293,0.52,1.28525,-0.297582,-1.57982,-6.00973e-13,2.65649e-12,0.777163,-1.4345e-12,2.31539e-12,-2.35698,-1.04378e-07,1.53502e-11,-2.47386e-11,8.32205e-10,1.10501e-06,-1.64213e-10,2.64248e-10,1.7691e-09
1294,1.294,0.52,1.28525,-0.297582,-1.57982,-5.94602e-13,2.62824e-12,0.777163,-1.41923e-12,2.29078e-12,-2.35698,-1.03279e-07,1.51869e-11,-2.44758e-11,8.3391e-10,1.09337e-06,-1.62476e-10,2.61439e-10,1.6422e-09
1295,1.295,0.52,1.28525,-0.297582,-1.57982,-5.88299e-13,2.60029e-12,0.777163,-1.40413e-12,2.26643e-12,-2.35698,-1.02192e-07,1.50252e-11,-2.42157e-11,8.3549e-10,1.08186e-06,-1.60719e-10,2.5867e-10,1.5173e-09
1296,1.296,0.52,1.28525,-0.297582,-1.57982,-5.82062e-13,2.57264e-12,0.777163,-1.38918e-12,2.24235e-12,-2.35698,-1.01115e-07,1.48654e-11,-2.39585e-11,8.36945e-10,1.07046e-06,-1.59016e-10,2.55926e-10,1.3958e-09
1297,1.297,0.52,1.28525,-0.297582,-1.57982,-5.75892e-13,2.54528e-12,0.777163,-1.37439e-12,2.21852e-12,-2.35698,-1.00051e-07,1.47072e-11,-2.37039e-11,8.38281e-10,1.05919e-06,-1.5735e-10,2.532e-10,1.27637e-09
1298,1.298,0.52,1.28525,-0.297582,-1.57982,-5.69786e-13,2.51821e-12,0.777163,-1.35977e-12,2.19494e-12,-2.35698,-9.89969e-08,1.45507e-11,-2.3452e-11,8.39498e-10,1.04804e-06,-1.55674e-10,2.50505e-10,1.15935e-09
1299,1.299,0.52,1.28525,-0.297582,-1.57982,-5.63746e-13,2.49143e-12,0.777163,-1.34529e-12,2.17161e-12,-2.35698,-9.79544e-08,1.43959e-11,-2.32028e-11,8.406e-10,1.037e-06,-1.54015e-10,2.47846e-10,1.04363e-09
1300,1.3,0.52,1.28525,-0.297582,-1.57982,-5.5777e-13,2.46494e-12,0.777163,-1.33097e-12,2.14853e-12,-2.35698,-9.69229e-08,1.42427e-11,-2.29563e-11,8.41587e-10,1.02608e-06,-1.52374e-10,2.45214e-10,9.30927e-10
1301,1.301,0.52,1.28525,-0.297582,-1.57982,-5.51857e-13,2.43872e-12,0.777163,-1.31681e-12,2.1257e-12,-2.35698,-9.59022e-08,1.40912e-11,-2.27124e-11,8.42463e-10,1.01527e-06,-1.50738e-10,2.42625e-10,8.20515e-10
1302,1.302,0.52,1.28525,-0.297582,-1.57982,-5.46006e-13,2.41279e-12,0.777163,-1.30279e-12,2.10311e-12,-2.35698,-9.48923e-08,1.39412e-11,-2.24711e-11,8.43229e-10,1.00458e-06,-1.49124e-10,2.40048e-10,7.12207e-10
1303,1.303,0.52,1.28525,-0.297582,-1.57982,-5.40218e-13,2.38713e-12,0.777163,-1.28892e-12,2.08076e-12,-2.35698,-9.3893e-08,1.37929e-11,-2.22323e-11,8.43888e-10,9.94001e-07,-1.47563e-10,2.37485e-10,6.05604e-10
1304,1.304,0.52,1.28525,-0.297582,-1.57982,-5.34491e-13,2.36174e-12,0.777163,-1.2752e-12,2.05864e-12,-2.35698,-9.29043e-08,1.36461e-11,-2.19961e-11,8.44442e-10,9.83533e-07,-1.45982e-10,2.34959e-10,5.0119e-10
1305,1.305,0.52,1.28525,-0.297582,-1.57982,-5.28824e-13,2.33663e-12,0.777163,-1.26163e-12,2.03676e-12,-2.35698,-9.19259e-08,1.35009e-11,-2.17624e-11,8.44892e-10,9.73175e-07,-1.44477e-10,2.32451e-10,3.99706e-10
1306,1.306,0.52,1.28525,-0.297582,-1.57982,-5.23218e-13,2.31178e-12,0.777163,-1.2482e-12,2.01512e-12,-2.35698,-9.09579e-08,1.33573e-11,-2.15311e-11,8.45242e-10,9.62927e-07,-1.42894e-10,2.29997e-10,2.99673e-10
1307,1.307,0.52,1.28525,-0.297582,-1.57982,-5.17671e-13,2.28719e-12,0.777163,-1.23492e-12,1.9937e-12,-2.35698,-9e-08,1.32151e-11,-2.13023e-11,8.45493e-10,9.52786e-07,-1.41349e-10,2.27564e-10,2.01591e-10
1308,1.308,0.52,1.28525,-0.297582,-1.57982,-5.12183e-13,2.26287e-12,0.777163,-1.22177e-12,1.97251e-12,-2.35698,-8.90523e-08,1.30745e-11,-2.1076e-11,8.45646e-10,9.42752e-07,-1.39855e-10,2.25145e-10,1.06188e-10
1309,1.309,0.52,1.28525,-0.297582,-1.57982,-5.06753e-13,2.23881e-12,0.777163,-1.20877e-12,1.95155e-12,-2.35698,-8.81145e-08,1.29354e-11,-2.08521e-11,8.45706e-10,9.32824e-07,-1.38405e-10,2.2274e-10,1.29278e-11
1310,1.31,0.52,1.28525,-0.297582,-1.57982,-5.01381e-13,2.215e-12,0.777163,-1.1959e-12,1.93081e-12,-2.35698,-8.71866e-08,1.27978e-11,-2.06305e-11,8.45673e-10,9.23e-07,-1.3691e-10,2.20386e-10,-7.85454e-11
1311,1.311,0.52,1.28525,-0.297582,-1.57982,-4.96066e-13,2.19144e-12,0.777163,-1.18317e-12,1.91029e-12,-2.35698,-8.62685e-08,1.26616e-11,-2.04113e-11,8.45549e-10,9.1328e-07,-1.35471e-10,2.18045e-10,-1.68499e-10
1312,1.312,0.52,1.28525,-0.297582,-1.57982,-4.90807e-13,2.16813e-12,0.777163,-1.17058e-12,1.88998e-12,-2.35698,-8.536e-08,1.25268e-11,-2.01944e-11,8.45336e-10,9.03662e-07,-1.3399e-10,2.15731e-10,-2.57112e-10
1313,1.313,0.52,1.28525,-0.297582,-1.57982,-4.85603e-13,2.14508e-12,0.777163,-1.15812e-12,1.8699e-12,-2.35698,-8.44611e-08,1.23935e-11,-1.99798e-11,8.45035e-10,8.94146e-07,-1.32567e-10,2.1344e-10,-3.42874e-10
1314,1.314,0.52,1.28525,-0.297582,-1.57982,-4.80455e-13,2.12226e-12,0.777163,-1.14579e-12,1.85002e-12,-2.35698,-8.35717e-08,1.22617e-11,-1.97675e-11,8.4465e-10,8.84729e-07,-1.31193e-10,2.11166e-10,-4.26984e-10
1315,1.315,0.52,1.28525,-0.297582,-1.57982,-4.75362e-13,2.09969e-12,0.777163,-1.13359e-12,1.83036e-12,-2.35698,-8.26916e-08,1.21312e-11,-1.95575e-11,8.44182e-10,8.75412e-07,-1.29795e-10,2.08917e-10,-5.09037e-10
1316,1.316,0.52,1.28525,-0.297582,-1.57982,-4.70322e-13,2.07736e-12,0.777163,-1.12153e-12,1.81091e-12,-2.35698,-8.18208e-08,1.20021e-11,-1.93497e-11,8.43632e-10,8.66193e-07,-1.28383e-10,2.06712e-10,-5.90018e-10
1317,1.317,0.52,1.28525,-0.297582,-1.57982,-4.65336e-13,2.05527e-12,0.777163,-1.10959e-12,1.79166e-12,-2.35698,-8.09592e-08,1.18744e-11,-1.91441e-11,8.43002e-10,8.57071e-07,-1.27041e-10,2.04507e-10,-6.6939e-10
1318,1.318,0.52,1.28525,-0.297582,-1.57982,-4.60403e-13,2.03341e-12,0.777163,-1.09778e-12,1.77262e-12,-2.35698,-8.01067e-08,1.1748e-11,-1.89407e-11,8.42293e-10,8.48045e-07,-1.2569e-10,2.02341e-10,-7.4637e-10
1319,1.319,0.52,1.28525,-0.297582,-1.57982,-4.55522e-13,2.01179e-12,0.777163,-1.08609e-12,1.75378e-12,-2.35698,-7.92631e-08,1.1623e-11,-1.87394e-11,8.41509e-10,8.39114e-07,-1.24348e-10,2.00189e-10,-8.23031e-10
1320,1.32,0.52,1.28525,-0.297582,-1.57982,-4.50692e-13,1.99039e-12,0.777163,-1.07453e-12,1.73514e-12,-2.35698,-7.84284e-08,1.14993e-11,-1.85403e-11,8.40648e-10,8.30277e-07,-1.2299e-10,1.98073e-10,-8.97423e-10
1321,1.321,0.52,1.28525,-0.297582,-1.57982,-4.45914e-13,1.96922e-12,0.777163,-1.06309e-12,1.7167e-12,-2.35698,-7.76025e-08,1.13769e-11,-1.83433e-11,8.39714e-10,8.21534e-07,-1.21728e-10,1.95949e-10,-9.70218e-10
1322,1.322,0.52,1.28525,-0.297582,-1.57982,-4.41187e-13,1.94828e-12,0.777163,-1.05178e-12,1.69845e-12,-2.35698,-7.67853e-08,1.12559e-11,-1.81484e-11,8.38709e-10,8.12882e-07,-1.20409e-10,1.93873e-10,-1.0415e-09
1323,1.323,0.52,1.28525,-0.297582,-1.57982,-4.36509e-13,1.92756e-12,0.777163,-1.04058e-12,1.6804e-12,-2.35698,-7.59767e-08,1.11361e-11,-1.79555e-11,8.37632e-10,8.04322e-07,-1.19125e-10,1.91818e-10,-1.10991e-09
1324,1.324,0.52,1.28525,-0.297582,-1.57982,-4.31882e-13,1.90706e-12,0.777163,-1.0295e-12,1.66254e-12,-2.35698,-7.51766e-08,1.10176e-11,-1.77647e-11,8.36489e-10,7.95851e-07,-1.17887e-10,1.89774e-10,-1.17843e-09
1325,1.325,0.52,1.28525,-0.297582,-1.57982,-4.27303e-13,1.88678e-12,0.777163,-1.01854e-12,1.64487e-12,-2.35698,-7.4385e-08,1.09003e-11,-1.7576e-11,8.35278e-10,7.8747e-07,-1.16597e-10,1.87766e-10,-1.24413e-09
1326,1.326,0.52,1.28525,-0.297582,-1.57982,-4.22773e-13,1.86671e-12,0.777163,-1.0077e-12,1.62739e-12,-2.35698,-7.36017e-08,1.07843e-11,-1.73892e-11,8.34e-10,7.79177e-07,-1.15379e-10,1.85772e-10,-1.30788e-09
1327,1.327,0.52,1.28525,-0.297582,-1.57982,-4.1829e-13,1.84686e-12,0.777163,-9.96976e-13,1.61009e-12,-2.35698,-7.28266e-08,1.06696e-11,-1.72044e-11,8.32662e-10,7.70972e-07,-1.14156e-10,1.83787e-10,-1.37095e-09
1328,1.328,0.52,1.28525,-0.297582,-1.57982,-4.13856e-13,1.82722e-12,0.777163,-9.86363e-13,1.59298e-12,-2.35698,-7.20597e-08,1.0556e-11,-1.70216e-11,8.31257e-10,7.62853e-07,-1.12919e-10,1.81848e-10,-1.4333e-09
1329,1.329,0.52,1.28525,-0.297582,-1.57982,-4.09468e-13,1.80778e-12,0.777163,-9.75863e-13,1.57605e-12,-2.35698,-7.13008e-08,1.04437e-11,-1.68408e-11,8.29794e-10,7.54819e-07,-1.11725e-10,1.79901e-10,-1.49383e-09
1330,1.33,0.52,1.28525,-0.297582,-1.57982,-4.05127e-13,1.78856e-12,0.777163,-9.65475e-13,1.55929e-12,-2.35698,-7.055e-08,1.03325e-11,-1.66618e-11,8.28271e-10,7.4687e-07,-1.10555e-10,1.77994e-10,-1.55336e-09
1331,1.331,0.52,1.28525,-0.297582,-1.57982,-4.00832e-13,1.76953e-12,0.777163,-9.55198e-13,1.54272e-12,-2.35698,-6.98071e-08,1.02226e-11,-1.64848e-11,8.26689e-10,7.39005e-07,-1.09363e-10,1.76104e-10,-1.61005e-09
1332,1.332,0.52,1.28525,-0.297582,-1.57982,-3.96582e-13,1.75071e-12,0.777163,-9.4503e-13,1.52632e-12,-2.35698,-6.9072e-08,1.01138e-11,-1.63096e-11,8.2505e-10,7.31222e-07,-1.08219e-10,1.7422e-10,-1.66688e-09
1333,1.333,0.52,1.28525,-0.297582,-1.57982,-3.92377e-13,1.73209e-12,0.777163,-9.3497e-13,1.5101e-12,-2.35698,-6.83446e-08,1.00061e-11,-1.61363e-11,8.23356e-10,7.23522e-07,-1.07072e-10,1.72373e-10,-1.72171e-09
1334,1.334,0.52,1.28525,-0.297582,-1.57982,-3.88217e-13,1.71367e-12,0.777163,-9.25017e-13,1.49405e-12,-2.35698,-6.76249e-08,9.89968e-12,-1.59648e-11,8.21607e-10,7.15902e-07,-1.05912e-10,1.70548e-10,-1.77508e-09
1335,1.335,0.52,1.28525,-0.297582,-1.57982,-3.84101e-13,1.69545e-12,0.777163,-9.1517e-13,1.47817e-12,-2.35698,-6.69128e-08,9.79435e-12,-1.57952e-11,8.19806e-10,7.08363e-07,-1.04804e-10,1.68732e-10,-1.82719e-09
1336,1.336,0.52,1.28525,-0.297582,-1.57982,-3.80029e-13,1.67741e-12,0.777163,-9.05428e-13,1.46246e-12,-2.35698,-6.62082e-08,9.6901e-12,-1.56273e-11,8.17953e-10,7.00903e-07,-1.03713e-10,1.66928e-10,-1.87816e-09
1337,1.337,0.52,1.28525,-0.297582,-1.57982,-3.76e-13,1.65957e-12,0.777163,-8.95789e-13,1.44692e-12,-2.35698,-6.55109e-08,9.58697e-12,-1.54613e-11,8.1605e-10,6.93522e-07,-1.02592e-10,1.65158e-10,-1.92822e-09
1338,1.338,0.52,1.28525,-0.297582,-1.57982,-3.72013e-13,1.64192e-12,0.777163,-8.86253e-13,1.43154e-12,-2.35698,-6.48211e-08,9.48494e-12,-1.5297e-11,8.14097e-10,6.86219e-07,-1.01465e-10,1.63427e-10,-1.97571e-09
1339,1.339,0.52,1.28525,-0.297582,-1.57982,-3.68069e-13,1.62446e-12,0.777163,-8.76819e-13,1.41632e-12,-2.35698,-6.41385e-08,9.38399e-12,-1.51345e-11,8.12099e-10,6.78992e-07,-1.0038e-10,1.61689e-10,-2.02356e-09
1340,1.34,0.52,1.28525,-0.297582,-1.57982,-3.64167e-13,1.60718e-12,0.777163,-8.67485e-13,1.40127e-12,-2.35698,-6.34631e-08,9.28415e-12,-1.49736e-11,8.10052e-10,6.71842e-07,-9.93177e-11,1.59972e-10,-2.06877e-09
1341,1.341,0.52,1.28525,-0.297582,-1.57982,-3.60306e-13,1.59009e-12,0.777163,-8.5825e-13,1.38637e-12,-2.35698,-6.27948e-08,9.18536e-12,-1.48145e-11,8.0796e-10,6.64767e-07,-9.8292e-11,1.58255e-10,-2.1142e-09
1342,1.342,0.52,1.28525,-0.297582,-1.57982,-3.56485e-13,1.57318e-12,0.777163,-8.49114e-13,1.37164e-12,-2.35698,-6.21335e-08,9.08762e-12,-1.46571e-11,8.05825e-10,6.57766e-07,-9.72237e-11,1.56576e-10,-2.15829e-09
1343,1.343,0.52,1.28525,-0.297582,-1.57982,-3.52706e-13,1.55644e-12,0.777163,-8.40075e-13,1.35706e-12,-2.35698,-6.14792e-08,8.99093e-12,-1.45013e-11,8.03645e-10,6.50839e-07,-9.62171e-11,1.54908e-10,-2.20027e-09
1344,1.344,0.52,1.28525,-0.297582,-1.57982,-3.48966e-13,1.53989e-12,0.777163,-8.31132e-13,1.34263e-12,-2.35698,-6.08318e-08,8.89518e-12,-1.43473e-11,8.01423e-10,6.43985e-07,-9.51508e-11,1.53287e-10,-2.24129e-09
1345,1.345,0.52,1.28525,-0.297582,-1.57982,-3.45266e-13,1.52351e-12,0.777163,-8.22284e-13,1.32836e-12,-2.35698,-6.01912e-08,8.80053e-12,-1.41948e-11,7.99162e-10,6.37204e-07,-9.41299e-11,1.51658e-10,-2.28166e-09
1346,1.346,0.52,1.28525,-0.297582,-1.57982,-3.41605e-13,1.50731e-12,0.777163,-8.13531e-13,1.31424e-12,-2.35698,-5.95574e-08,8.70689e-12,-1.40439e-11,7.96862e-10,6.30493e-07,-9.31616e-11,1.50034e-10,-2.32145e-09
1347,1.347,0.52,1.28525,-0.297582,-1.57982,-3.37984e-13,1.49127e-12,0.777163,-8.0487e-13,1.30028e-12,-2.35698,-5.89302e-08,8.61424e-12,-1.38947e-11,7.9452e-10,6.23854e-07,-9.21941e-11,1.4843e-10,-2.35972e-09
1348,1.348,0.52,1.28525,-0.297582,-1.57982,-3.344e-13,1.47541e-12,0.777163,-7.96302e-13,1.28645e-12,-2.35698,-5.83096e-08,8.52253e-12,-1.37471e-11,7.92143e-10,6.17284e-07,-9.11424e-11,1.46881e-10,-2.39626e-09
1349,1.349,0.52,1.28525,-0.297582,-1.57982,-3.30854e-13,1.45972e-12,0.777163,-7.87825e-13,1.27278e-12,-2.35698,-5.76956e-08,8.43187e-12,-1.3601e-11,7.89727e-10,6.10783e-07,-9.02283e-11,1.45302e-10,-2.43197e-09
1350,1.35,0.52,1.28525,-0.297582,-1.57982,-3.27346e-13,1.44419e-12,0.777163,-7.79438e-13,1.25925e-12,-2.35698,-5.70881e-08,8.34216e-12,-1.34565e-11,7.87277e-10,6.04351e-07,-8.92776e-11,1.4375e-10,-2.46796e-09
1351,1.351,0.52,1.28525,-0.297582,-1.57982,-3.23876e-13,1.42883e-12,0.777163,-7.7114e-13,1.24587e-12,-2.35698,-5.64869e-08,8.2534e-12,-1.33134e-11,7.84792e-10,5.97987e-07,-8.82926e-11,1.42241e-10,-2.50198e-09
1352,1.352,0.52,1.28525,-0.297582,-1.57982,-3.20442e-13,1.41363e-12,0.777163,-7.62931e-13,1.23262e-12,-2.35698,-5.58921e-08,8.16553e-12,-1.3172e-11,7.82275e-10,5.91689e-07,-8.73484e-11,1.40731e-10,-2.53466e-09
1353,1.353,0.52,1.28525,-0.297582,-1.57982,-3.17044e-13,1.3986e-12,0.777163,-7.54809e-13,1.21952e-12,-2.35698,-5.53035e-08,8.07863e-12,-1.3032e-11,7.79724e-10,5.85458e-07,-8.64453e-11,1.39226e-10,-2.56752e-09
1354,1.354,0.52,1.28525,-0.297582,-1.57982,-3.13683e-13,1.38372e-12,0.777163,-7.46773e-13,1.20656e-12,-2.35698,-5.47211e-08,7.99265e-12,-1.28935e-11,7.77141e-10,5.79293e-07,-8.55649e-11,1.37721e-10,-2.5989e-09
1355,1.355,0.52,1.28525,-0.297582,-1.57982,-3.10357e-13,1.369e-12,0.777163,-7.38823e-13,1.19374e-12,-2.35698,-5.41449e-08,7.90757e-12,-1.27565e-11,7.74526e-10,5.73192e-07,-8.46087e-11,1.3628e-10,-2.62844e-09
1356,1.356,0.52,1.28525,-0.297582,-1.57982,-3.07066e-13,1.35444e-12,0.777163,-7.30958e-13,1.18105e-12,-2.35698,-5.35747e-08,7.82343e-12,-1.2621e-11,7.71882e-10,5.67156e-07,-8.37217e-11,1.34828e-10,-2.6575e-09
1357,1.357,0.52,1.28525,-0.297582,-1.57982,-3.0381e-13,1.34004e-12,0.777163,-7.23176e-13,1.16849e-12,-2.35698,-5.30106e-08,7.74018e-12,-1.24868e-11,7.6921e-10,5.61183e-07,-8.28121e-11,1.33407e-10,-2.68571e-09
1358,1.358,0.52,1.28525,-0.297582,-1.57982,-3.00589e-13,1.32578e-12,0.777163,-7.15477e-13,1.15607e-12,-2.35698,-5.24523e-08,7.65778e-12,-1.23542e-11,7.6651e-10,5.55274e-07,-8.19327e-11,1.3199e-10,-2.71319e-09
1359,1.359,0.52,1.28525,-0.297582,-1.57982,-2.97402e-13,1.31168e-12,0.777163,-7.0786e-13,1.14378e-12,-2.35698,-5.19e-08,7.57627e-12,-1.22229e-11,7.63785e-10,5.49426e-07,-8.1085e-11,1.30574e-10,-2.74062e-09
1360,1.36,0.52,1.28525,-0.297582,-1.57982,-2.94248e-13,1.29773e-12,0.777163,-7.00324e-13,1.13163e-12,-2.35698,-5.13535e-08,7.49563e-12,-1.2093e-11,7.61031e-10,5.4364e-07,-8.01854e-11,1.29202e-10,-2.76691e-09
1361,1.361,0.52,1.28525,-0.297582,-1.57982,-2.91128e-13,1.28393e-12,0.777163,-6.92868e-13,1.1196e-12,-2.35698,-5.08127e-08,7.41588e-12,-1.19645e-11,7.58252e-10,5.37915e-07,-7.9344e-11,1.27825e-10,-2.79255e-09
1362,1.362,0.52,1.28525,-0.297582,-1.57982,-2.88041e-13,1.27027e-12,0.777163,-6.85492e-13,1.1077e-12,-2.35698,-5.02776e-08,7.33692e-12,-1.18373e-11,7.55448e-10,5.3225e-07,-7.84993e-11,1.26473e-10,-2.81592e-09
1363,1.363,0.52,1.28525,-0.297582,-1.57982,-2.84987e-13,1.25676e-12,0.777163,-6.78194e-13,1.09592e-12,-2.35698,-4.97482e-08,7.25885e-12,-1.17115e-11,7.5262e-10,5.26645e-07,-7.76613e-11,1.25125e-10,-2.83927e-09
1364,1.364,0.52,1.28525,-0.297582,-1.57982,-2.81965e-13,1.24339e-12,0.777163,-6.70974e-13,1.08427e-12,-2.35698,-4.92243e-08,7.1816e-12,-1.15871e-11,7.49768e-10,5.21099e-07,-7.68126e-11,1.23802e-10,-2.86227e-09
1365,1.365,0.52,1.28525,-0.297582,-1.57982,-2.78975e-13,1.23016e-12,0.777163,-6.63831e-13,1.07275e-12,-2.35698,-4.87059e-08,7.10516e-12,-1.1464e-11,7.46895e-10,5.15612e-07,-7.60089e-11,1.2249e-10,-2.88358e-09
1366,1.366,0.52,1.28525,-0.297582,-1.57982,-2.76017e-13,1.21708e-12,0.777163,-6.56764e-13,1.06135e-12,-2.35698,-4.81931e-08,7.02958e-12,-1.13421e-11,7.44002e-10,5.10182e-07,-7.5208e-11,1.21176e-10,-2.9056e-09
1367,1.367,0.52,1.28525,-0.297582,-1.57982,-2.73091e-13,1.20413e-12,0.777163,-6.49771e-13,1.05006e-12,-2.35698,-4.76856e-08,6.95473e-12,-1.12216e-11,7.41086e-10,5.04809e-07,-7.44154e-11,1.19888e-10,-2.9254e-09
1368,1.368,0.52,1.28525,-0.297582,-1.57982,-2.70195e-13,1.19132e-12,0.777163,-6.42854e-13,1.0389e-12,-2.35698,-4.71834e-08,6.88072e-12,-1.11024e-11,7.3815e-10,4.99493e-07,-7.35929e-11,1.18632e-10,-2.94374e-09
1369,1.369,0.52,1.28525,-0.297582,-1.57982,-2.6733e-13,1.17865e-12,0.777163,-6.3601e-13,1.02786e-12,-2.35698,-4.66866e-08,6.80751e-12,-1.09844e-11,7.35198e-10,4.94233e-07,-7.28294e-11,1.17368e-10,-2.96347e-09
1370,1.37,0.52,1.28525,-0.297582,-1.57982,-2.64495e-13,1.16611e-12,0.777163,-6.29238e-13,1.01693e-12,-2.35698,-4.61949e-08,6.73506e-12,-1.08676e-11,7.32225e-10,4.89028e-07,-7.20659e-11,1.16105e-10,-2.98121e-09
1371,1.371,0.52,1.28525,-0.297582,-1.57982,-2.61691e-13,1.15371e-12,0.777163,-6.22539e-13,1.00612e-12,-2.35698,-4.57085e-08,6.66335e-12,-1.07522e-11,7.29234e-10,4.83879e-07,-7.12777e-11,1.14884e-10,-2.99764e-09
1372,1.372,0.52,1.28525,-0.297582,-1.57982,-2.58916e-13,1.14144e-12,0.777163,-6.15911e-13,9.95428e-13,-2.35698,-4.52272e-08,6.59246e-12,-1.06379e-11,7.26229e-10,4.78783e-07,-7.05507e-11,1.13649e-10,-3.01564e-09
1373,1.373,0.52,1.28525,-0.297582,-1.57982,-2.5617e-13,1.1293e-12,0.777163,-6.09354e-13,9.84846e-13,-2.35698,-4.47509e-08,6.52228e-12,-1.05248e-11,7.23205e-10,4.73741e-07,-6.97772e-11,1.12452e-10,-3.03171e-09
1374,1.374,0.52,1.28525,-0.297582,-1.57982,-2.53454e-13,1.11728e-12,0.777163,-6.02867e-13,9.74378e-13,-2.35698,-4.42797e-08,6.45287e-12,-1.0413e-11,7.20165e-10,4.68752e-07,-6.90694e-11,1.11248e-10,-3.0466e-09
1375,1.375,0.52,1.28525,-0.297582,-1.57982,-2.50766e-13,1.1054e-12,0.777163,-5.96448e-13,9.6402e-13,-2.35698,-4.38134e-08,6.38421e-12,-1.03023e-11,7.17112e-10,4.63816e-07,-6.83203e-11,1.10063e-10,-3.0614e-09
1376,1.376,0.52,1.28525,-0.297582,-1.57982,-2.48107e-13,1.09364e-12,0.777163,-5.90098e-13,9.53773e-13,-2.35698,-4.3352e-08,6.31629e-12,-1.01928e-11,7.14042e-10,4.58931e-07,-6.75672e-11,1.08915e-10,-3.0748e-09
1377,1.377,0.52,1.28525,-0.297582,-1.57982,-2.45477e-13,1.08201e-12,0.777163,-5.83815e-13,9.43634e-13,-2.35698,-4.28955e-08,6.24904e-12,-1.00845e-11,7.10961e-10,4.54098e-07,-6.68399e-11,1.0776e-10,-3.08829e-09
1378,1.378,0.52,1.28525,-0.297582,-1.57982,-2.42874e-13,1.0705e-12,0.777163,-5.776e-13,9.33603e-13,-2.35698,-4.24438e-08,6.18256e-12,-9.9773e-12,7.07866e-10,4.49316e-07,-6.61762e-11,1.06601e-10,-3.10055e-09
1379,1.379,0.52,1.28525,-0.297582,-1.57982,-2.40298e-13,1.05911e-12,0.777163,-5.7145e-13,9.23679e-13,-2.35698,-4.19968e-08,6.11673e-12,-9.87128e-12,7.0476e-10,4.44585e-07,-6.54542e-11,1.05464e-10,-3.11295e-09
1380,1.38,0.52,1.28525,-0.297582,-1.57982,-2.3775e-13,1.04784e-12,0.777163,-5.65366e-13,9.1386e-13,-2.35698,-4.15546e-08,6.05163e-12,-9.76637e-12,7.0164e-10,4.39903e-07,-6.47553e-11,1.04349e-10,-3.12415e-09
1381,1.381,0.52,1.28525,-0.297582,-1.57982,-2.35229e-13,1.0367e-12,0.777163,-5.59347e-13,9.04146e-13,-2.35698,-4.1117e-08,5.98721e-12,-9.66258e-12,6.98511e-10,4.3527e-07,-6.40479e-11,1.03252e-10,-3.13557e-09
1382,1.382,0.52,1.28525,-0.297582,-1.57982,-2.32735e-13,1.02567e-12,0.777163,-5.53391e-13,8.94535e-13,-2.35698,-4.06841e-08,5.92347e-12,-9.55989e-12,6.95369e-10,4.30687e-07,-6.33968e-11,1.02137e-10,-3.14585e-09
1383,1.383,0.52,1.28525,-0.297582,-1.57982,-2.30267e-13,1.01476e-12,0.777163,-5.47499e-13,8.85026e-13,-2.35698,-4.02556e-08,5.86044e-12,-9.45828e-12,6.92218e-10,4.26151e-07,-6.26863e-11,1.01062e-10,-3.15635e-09
1384,1.384,0.52,1.28525,-0.297582,-1.57982,-2.27825e-13,1.00396e-12,0.777163,-5.4167e-13,8.75618e-13,-2.35698,-3.98317e-08,5.79807e-12,-9.35776e-12,6.89056e-10,4.21664e-07,-6.20476e-11,9.99781e-11,-3.16569e-09
1385,1.385,0.52,1.28525,-0.297582,-1.57982,-2.25409e-13,9.93282e-13,0.777163,-5.35903e-13,8.6631e-13,-2.35698,-3.94123e-08,5.73638e-12,-9.2583e-12,6.85886e-10,4.17223e-07,-6.14218e-11,9.89038e-11,-3.17527e-09
1386,1.386,0.52,1.28525,-0.297582,-1.57982,-2.23019e-13,9.82715e-13,0.777163,-5.30197e-13,8.57101e-13,-2.35698,-3.89973e-08,5.67533e-12,-9.15991e-12,6.82707e-10,4.12829e-07,-6.0737e-11,9.78587e-11,-3.18437e-09
1387,1.387,0.52,1.28525,-0.297582,-1.57982,-2.20654e-13,9.72261e-13,0.777163,-5.24552e-13,8.4799e-13,-2.35698,-3.85866e-08,5.61492e-12,-9.06257e-12,6.79518e-10,4.08482e-07,-6.00883e-11,9.6822e-11,-3.19266e-09
1388,1.388,0.52,1.28525,-0.297582,-1.57982,-2.18314e-13,9.61918e-13,0.777163,-5.18967e-13,8.38976e-13,-2.35698,-3.81803e-08,5.55515e-12,-8.96626e-12,6.76322e-10,4.04181e-07,-5.94586e-11,9.57817e-11,-3.20087e-09
1389,1.389,0.52,1.28525,-0.297582,-1.57982,-2.15999e-13,9.51685e-13,0.777163,-5.13442e-13,8.30057e-13,-2.35698,-3.77782e-08,5.49605e-12,-8.87097e-12,6.73117e-10,3.99924e-07,-5.88179e-11,9.4778e-11,-3.20649e-09
1390,1.39,0.52,1.28525,-0.297582,-1.57982,-2.13709e-13,9.41561e-13,0.777163,-5.07975e-13,8.21233e-13,-2.35698,-3.73804e-08,5.43753e-12,-8.77669e-12,6.69908e-10,3.95713e-07,-5.82096e-11,9.37631e-11,-3.21302e-09
1391,1.391,0.52,1.28525,-0.297582,-1.57982,-2.11443e-13,9.31545e-13,0.777163,-5.02566e-13,8.12503e-13,-2.35698,-3.69868e-08,5.37964e-12,-8.68342e-12,6.66692e-10,3.91545e-07,-5.75564e-11,9.27781e-11,-3.21934e-09
1392,1.392,0.52,1.28525,-0.297582,-1.57982,-2.09201e-13,9.21635e-13,0.777163,-4.97215e-13,8.03866e-13,-2.35698,-3.65973e-08,5.3224e-12,-8.59113e-12,6.6347e-10,3.87422e-07,-5.69465e-11,9.17887e-11,-3.22506e-09
1393,1.393,0.52,1.28525,-0.297582,-1.57982,-2.06982e-13,9.1183e-13,0.777163,-4.91921e-13,7.95321e-13,-2.35698,-3.62119e-08,5.26573e-12,-8.49984e-12,6.60243e-10,3.83342e-07,-5.63425e-11,9.08125e-11,-3.22928e-09
1394,1.394,0.52,1.28525,-0.297582,-1.57982,-2.04787e-13,9.0213e-13,0.777163,-4.86684e-13,7.86866e-13,-2.35698,-3.58306e-08,5.2097e-12,-8.40951e-12,6.5701e-10,3.79305e-07,-5.57682e-11,8.98506e-11,-3.23328e-09
1395,1.395,0.52,1.28525,-0.297582,-1.57982,-2.02616e-13,8.92533e-13,0.777163,-4.81502e-13,7.78501e-13,-2.35698,-3.54533e-08,5.15425e-12,-8.32014e-12,6.53775e-10,3.75311e-07,-5.51761e-11,8.88861e-11,-3.23798e-09
1396,1.396,0.52,1.28525,-0.297582,-1.57982,-2.00467e-13,8.83038e-13,0.777163,-4.76375e-13,7.70226e-13,-2.35698,-3.508e-08,5.09942e-12,-8.2317e-12,6.50536e-10,3.71359e-07,-5.45907e-11,8.7934e-11,-3.24246e-09
1397,1.397,0.52,1.28525,-0.297582,-1.57982,-1.98341e-13,8.73644e-13,0.777163,-4.71303e-13,7.62038e-13,-2.35698,-3.47106e-08,5.04511e-12,-8.14424e-12,6.47291e-10,3.67448e-07,-5.39962e-11,8.70202e-11,-3.24459e-09
1398,1.398,0.52,1.28525,-0.297582,-1.57982,-1.96238e-13,8.64349e-13,0.777163,-4.66285e-13,7.53937e-13,-2.35698,-3.43451e-08,4.99141e-12,-8.05768e-12,6.44045e-10,3.63579e-07,-5.34358e-11,8.60908e-11,-3.24773e-09
1399,1.399,0.52,1.28525,-0.297582,-1.57982,-1.94157e-13,8.55154e-13,0.777163,-4.6132e-13,7.45922e-13,-2.35698,-3.39834e-08,4.93826e-12,-7.97205e-12,6.40797e-10,3.5975e-07,-5.28215e-11,8.51883e-11,-3.25076e-09
1400,1.4,0.52,1.28525,-0.297582,-1.57982,-1.92098e-13,8.46056e-13,0.777163,-4.56408e-13,7.37992e-13,-2.35698,-3.36256e-08,4.8857e-12,-7.88733e-12,6.37544e-10,3.55962e-07,-5.22726e-11,8.42744e-11,-3.25158e-09
1401,1.401,0.52,1.28525,-0.297582,-1.57982,-1.90061e-13,8.37055e-13,0.777163,-4.51548e-13,7.30147e-13,-2.35698,-3.32715e-08,4.83371e-12,-7.80351e-12,6.34293e-10,3.52213e-07,-5.17124e-11,8.33816e-11,-3.2535e-09
1402,1.402,0.52,1.28525,-0.297582,-1.57982,-1.88045e-13,8.2815e-13,0.777163,-4.4674e-13,7.22385e-13,-2.35698,-3.29211e-08,4.78227e-12,-7.72056e-12,6.31039e-10,3.48504e-07,-5.11742e-11,8.24908e-11,-3.25536e-09
1403,1.403,0.52,1.28525,-0.297582,-1.57982,-1.86051e-13,8.1934e-13,0.777163,-4.41984e-13,7.14706e-13,-2.35698,-3.25745e-08,4.73135e-12,-7.63852e-12,6.27782e-10,3.44834e-07,-5.06362e-11,8.16175e-11,-3.25501e-09
1404,1.404,0.52,1.28525,-0.297582,-1.57982,-1.84078e-13,8.10623e-13,0.777163,-4.37277e-13,7.07108e-13,-2.35698,-3.22314e-08,4.68097e-12,-7.55734e-12,6.24528e-10,3.41203e-07,-5.0065e-11,8.07559e-11,-3.25578e-09
1405,1.405,0.52,1.28525,-0.297582,-1.57982,-1.82126e-13,8.01999e-13,0.777163,-4.32621e-13,6.99591e-13,-2.35698,-3.1892e-08,4.63116e-12,-7.47702e-12,6.21272e-10,3.3761e-07,-4.95392e-11,7.98953e-11,-3.25656e-09
1406,1.406,0.52,1.28525,-0.297582,-1.57982,-1.80194e-13,7.93467e-13,0.777163,-4.28015e-13,6.92153e-13,-2.35698,-3.15562e-08,4.58187e-12,-7.39756e-12,6.18015e-10,3.34054e-07,-4.90599e-11,7.90421e-11,-3.25515e-09
1407,1.407,0.52,1.28525,-0.297582,-1.57982,-1.78283e-13,7.85025e-13,0.777163,-4.23457e-13,6.84795e-13,-2.35698,-3.12239e-08,4.5331e-12,-7.31894e-12,6.14761e-10,3.30537e-07,-4.85243e-11,7.81989e-11,-3.25488e-09
1408,1.408,0.52,1.28525,-0.297582,-1.57982,-1.76393e-13,7.76673e-13,0.777163,-4.18949e-13,6.77515e-13,-2.35698,-3.08951e-08,4.48485e-12,-7.24115e-12,6.11507e-10,3.27056e-07,-4.79706e-11,7.73829e-11,-3.2546e-09
1409,1.409,0.52,1.28525,-0.297582,-1.57982,-1.74522e-13,7.6841e-13,0.777163,-4.14488e-13,6.70313e-13,-2.35698,-3.05698e-08,4.43712e-12,-7.16418e-12,6.08252e-10,3.23612e-07,-4.75003e-11,7.65443e-11,-3.25215e-09
1410,1.41,0.52,1.28525,-0.297582,-1.57982,-1.72671e-13,7.60235e-13,0.777163,-4.10074e-13,6.63187e-13,-2.35698,-3.02479e-08,4.38991e-12,-7.08803e-12,6.05001e-10,3.20204e-07,-4.69886e-11,7.57284e-11,-3.25092e-09
1411,1.411,0.52,1.28525,-0.297582,-1.57982,-1.7084e-13,7.52147e-13,0.777163,-4.05708e-13,6.56136e-13,-2.35698,-2.99294e-08,4.34316e-12,-7.0127e-12,6.01751e-10,3.16832e-07,-4.65038e-11,7.492e-11,-3.24964e-09
1412,1.412,0.52,1.28525,-0.297582,-1.57982,-1.69028e-13,7.44144e-13,0.777163,-4.01388e-13,6.49161e-13,-2.35698,-2.96142e-08,4.29694e-12,-6.93818e-12,5.98502e-10,3.13496e-07,-4.59681e-11,7.41424e-11,-3.24635e-09
1413,1.413,0.52,1.28525,-0.297582,-1.57982,-1.67236e-13,7.36227e-13,0.777163,-3.97114e-13,6.4226e-13,-2.35698,-2.93024e-08,4.25115e-12,-6.86445e-12,5.95257e-10,3.10194e-07,-4.5486e-11,7.33478e-11,-3.24385e-09
1414,1.414,0.52,1.28525,-0.297582,-1.57982,-1.65462e-13,7.28394e-13,0.777163,-3.92885e-13,6.35432e-13,-2.35698,-2.89938e-08,4.20593e-12,-6.79148e-12,5.92015e-10,3.06928e-07,-4.49951e-11,7.25717e-11,-3.24164e-09
1415,1.415,0.52,1.28525,-0.297582,-1.57982,-1.63707e-13,7.20645e-13,0.777163,-3.88702e-13,6.28676e-13,-2.35698,-2.86885e-08,4.16116e-12,-6.71931e-12,5.88775e-10,3.03695e-07,-4.45143e-11,7.1808e-11,-3.23743e-09
1416,1.416,0.52,1.28525,-0.297582,-1.57982,-1.61971e-13,7.12977e-13,0.777163,-3.84563e-13,6.21993e-13,-2.35698,-2.83864e-08,4.11688e-12,-6.64788e-12,5.85539e-10,3.00497e-07,-4.407e-11,7.10358e-11,-3.23405e-09
1417,1.417,0.52,1.28525,-0.297582,-1.57982,-1.60253e-13,7.05392e-13,0.777163,-3.80468e-13,6.1538e-13,-2.35698,-2.80875e-08,4.07303e-12,-6.57723e-12,5.82308e-10,2.97333e-07,-4.35784e-11,7.02813e-11,-3.2309e-09
1418,1.418,0.52,1.28525,-0.297582,-1.57982,-1.58554e-13,6.97887e-13,0.777163,-3.76416e-13,6.08838e-13,-2.35698,-2.77917e-08,4.02969e-12,-6.50732e-12,5.79078e-10,2.94202e-07,-4.31197e-11,6.95355e-11,-3.22743e-09
1419,1.419,0.52,1.28525,-0.297582,-1.57982,-1.56872e-13,6.90462e-13,0.777163,-3.72408e-13,6.02365e-13,-2.35698,-2.74991e-08,3.98677e-12,-6.43817e-12,5.75853e-10,2.91104e-07,-4.26438e-11,6.8803e-11,-3.22253e-09
1420,1.42,0.52,1.28525,-0.297582,-1.57982,-1.55208e-13,6.83115e-13,0.777163,-3.68443e-13,5.95962e-13,-2.35698,-2.72095e-08,3.94435e-12,-6.36973e-12,5.72632e-10,2.88038e-07,-4.2231e-11,6.80557e-11,-3.21757e-09
1421,1.421,0.52,1.28525,-0.297582,-1.57982,-1.53562e-13,6.75847e-13,0.777163,-3.64519e-13,5.89626e-13,-2.35698,-2.6923e-08,3.90235e-12,-6.30204e-12,5.69417e-10,2.85005e-07,-4.1759e-11,6.73431e-11,-3.21343e-09
1422,1.422,0.52,1.28525,-0.297582,-1.57982,-1.51934e-13,6.68656e-13,0.777163,-3.60638e-13,5.83357e-13,-2.35698,-2.66395e-08,3.86078e-12,-6.23506e-12,5.66206e-10,2.82004e-07,-4.12956e-11,6.66243e-11,-3.20921e-09
1423,1.423,0.52,1.28525,-0.297582,-1.57982,-1.50322e-13,6.61542e-13,0.777163,-3.56798e-13,5.77155e-13,-2.35698,-2.6359e-08,3.81972e-12,-6.16878e-12,5.62999e-10,2.79034e-07,-4.08692e-11,6.59226e-11,-3.20271e-09
1424,1.424,0.52,1.28525,-0.297582,-1.57982,-1.48728e-13,6.54503e-13,0.777163,-3.52998e-13,5.71019e-13,-2.35698,-2.60814e-08,3.77906e-12,-6.10321e-12,5.598e-10,2.76096e-07,-4.04652e-11,6.52115e-11,-3.19736e-09
1425,1.425,0.52,1.28525,-0.297582,-1.57982,-1.47151e-13,6.4754e-13,0.777163,-3.49239e-13,5.64949e-13,-2.35698,-2.58068e-08,3.73885e-12,-6.03833e-12,5.56606e-10,2.73188e-07,-4.00137e-11,6.45187e-11,-3.19198e-09
1426,1.426,0.52,1.28525,-0.297582,-1.57982,-1.4559e-13,6.4065e-13,0.777163,-3.4552e-13,5.58943e-13,-2.35698,-2.5535e-08,3.69903e-12,-5.97417e-12,5.53416e-10,2.70311e-07,-3.96066e-11,6.38281e-11,-3.18622e-09
1427,1.427,0.52,1.28525,-0.297582,-1.57982,-1.44046e-13,6.33833e-13,0.777163,-3.41841e-13,5.53e-13,-2.35698,-2.52661e-08,3.65968e-12,-5.91066e-12,5.50234e-10,2.67465e-07,-3.91517e-11,6.31603e-11,-3.18071e-09
1428,1.428,0.52,1.28525,-0.297582,-1.57982,-1.42518e-13,6.27089e-13,0.777163,-3.38201e-13,5.47121e-13,-2.35698,-2.50001e-08,3.62071e-12,-5.84784e-12,5.47056e-10,2.64648e-07,-3.8753e-11,6.24835e-11,-3.17308e-09
1429,1.429,0.52,1.28525,-0.297582,-1.57982,-1.41006e-13,6.20417e-13,0.777163,-3.346e-13,5.41304e-13,-2.35698,-2.47368e-08,3.58215e-12,-5.78569e-12,5.43886e-10,2.61861e-07,-3.83408e-11,6.18304e-11,-3.16614e-09
1430,1.43,0.52,1.28525,-0.297582,-1.57982,-1.39511e-13,6.13816e-13,0.777163,-3.31037e-13,5.35549e-13,-2.35698,-2.44764e-08,3.54404e-12,-5.7242e-12,5.40722e-10,2.59104e-07,-3.79438e-11,6.11591e-11,-3.15892e-09
1431,1.431,0.52,1.28525,-0.297582,-1.57982,-1.38031e-13,6.07285e-13,0.777163,-3.27511e-13,5.29856e-13,-2.35698,-2.42186e-08,3.5063e-12,-5.66336e-12,5.37568e-10,2.56375e-07,-3.75211e-11,6.05251e-11,-3.15235e-09
1432,1.432,0.52,1.28525,-0.297582,-1.57982,-1.36567e-13,6.00823e-13,0.777163,-3.24024e-13,5.24222e-13,-2.35698,-2.39636e-08,3.46897e-12,-5.60316e-12,5.34419e-10,2.53676e-07,-3.71307e-11,5.98732e-11,-3.14555e-09
1433,1.433,0.52,1.28525,-0.297582,-1.57982,-1.35119e-13,5.9443e-13,0.777163,-3.20573e-13,5.18649e-13,-2.35698,-2.37113e-08,3.43206e-12,-5.5436e-12,5.31277e-10,2.51004e-07,-3.67364e-11,5.92386e-11,-3.13828e-09
1434,1.434,0.52,1.28525,-0.297582,-1.57982,-1.33686e-13,5.88105e-13,0.777163,-3.1716e-13,5.13135e-13,-2.35698,-2.34616e-08,3.39553e-12,-5.48467e-12,5.28143e-10,2.48361e-07,-3.63372e-11,5.86043e-11,-3.13116e-09
1435,1.435,0.52,1.28525,-0.297582,-1.57982,-1.32268e-13,5.81847e-13,0.777163,-3.13782e-13,5.0768e-13,-2.35698,-2.32145e-08,3.35938e-12,-5.42638e-12,5.25016e-10,2.45746e-07,-3.59562e-11,5.79763e-11,-3.1235e-09
1436,1.436,0.52,1.28525,-0.297582,-1.57982,-1.30865e-13,5.75656e-13,0.777163,-3.10441e-13,5.02282e-13,-2.35698,-2.29701e-08,3.3236e-12,-5.36871e-12,5.21897e-10,2.43158e-07,-3.55516e-11,5.73844e-11,-3.11595e-09
1437,1.437,0.52,1.28525,-0.297582,-1.57982,-1.29477e-13,5.69531e-13,0.777163,-3.07135e-13,4.96942e-13,-2.35698,-2.27282e-08,3.28822e-12,-5.31166e-12,5.18784e-10,2.40597e-07,-3.51609e-11,5.67662e-11,-3.10783e-09
1438,1.438,0.52,1.28525,-0.297582,-1.57982,-1.28104e-13,5.63471e-13,0.777163,-3.03864e-13,4.91659e-13,-2.35698,-2.24889e-08,3.25325e-12,-5.25518e-12,5.15681e-10,2.38064e-07,-3.4835e-11,5.61453e-11,-3.09982e-09
1439,1.439,0.52,1.28525,-0.297582,-1.57982,-1.26745e-13,5.57475e-13,0.777163,-3.00628e-13,4.86431e-13,-2.35698,-2.22521e-08,3.21862e-12,-5.19933e-12,5.12585e-10,2.35557e-07,-3.44722e-11,5.55425e-11,-3.09124e-09
1440,1.44,0.52,1.28525,-0.297582,-1.57982,-1.254e-13,5.51543e-13,0.777163,-2.97427e-13,4.8126e-13,-2.35698,-2.20178e-08,3.18433e-12,-5.14408e-12,5.09499e-10,2.33076e-07,-3.4062e-11,5.4977e-11,-3.08277e-09
1441,1.441,0.52,1.28525,-0.297582,-1.57982,-1.2407e-13,5.45674e-13,0.777163,-2.94259e-13,4.76143e-13,-2.35698,-2.17859e-08,3.15044e-12,-5.08941e-12,5.06421e-10,2.30622e-07,-3.37047e-11,5.43883e-11,-3.07371e-09
1442,1.442,0.52,1.28525,-0.297582,-1.57982,-1.22754e-13,5.39868e-13,0.777163,-2.91126e-13,4.71081e-13,-2.35698,-2.15565e-08,3.11691e-12,-5.0353e-12,5.03352e-10,2.28193e-07,-3.33357e-11,5.38119e-11,-3.06475e-09
1443,1.443,0.52,1.28525,-0.297582,-1.57982,-1.21452e-13,5.34123e-13,0.777163,-2.88025e-13,4.66072e-13,-2.35698,-2.13295e-08,3.08372e-12,-4.9818e-12,5.00292e-10,2.2579e-07,-3.29794e-11,5.32375e-11,-3.05525e-09
1444,1.444,0.52,1.28525,-0.297582,-1.57982,-1.20164e-13,5.28439e-13,0.777163,-2.84958e-13,4.61117e-13,-2.35698,-2.11049e-08,3.05088e-12,-4.92885e-12,4.9724e-10,2.23413e-07,-3.26256e-11,5.26919e-11,-3.04527e-09
1445,1.445,0.52,1.28525,-0.297582,-1.57982,-1.18889e-13,5.22816e-13,0.777163,-2.81924e-13,4.56214e-13,-2.35698,-2.08827e-08,3.01842e-12,-4.87645e-12,4.94201e-10,2.2106e-07,-3.2326e-11,5.21042e-11,-3.03577e-09
1446,1.446,0.52,1.28525,-0.297582,-1.57982,-1.17628e-13,5.17253e-13,0.777163,-2.78921e-13,4.51364e-13,-2.35698,-2.06628e-08,2.98625e-12,-4.82462e-12,4.91169e-10,2.18732e-07,-3.19483e-11,5.15698e-11,-3.02535e-09
1447,1.447,0.52,1.28525,-0.297582,-1.57982,-1.16381e-13,5.11749e-13,0.777163,-2.75951e-13,4.46565e-13,-2.35698,-2.04452e-08,2.95445e-12,-4.77333e-12,4.88149e-10,2.16429e-07,-3.16046e-11,5.10173e-11,-3.01709e-09
1448,1.448,0.52,1.28525,-0.297582,-1.57982,-1.15146e-13,5.06303e-13,0.777163,-2.73012e-13,4.41817e-13,-2.35698,-2.02299e-08,2.92296e-12,-4.72262e-12,4.85137e-10,2.1415e-07,-3.12413e-11,5.04898e-11,-3.00737e-09
1449,1.449,0.52,1.28525,-0.297582,-1.57982,-1.13925e-13,5.00915e-13,0.777163,-2.70105e-13,4.3712e-13,-2.35698,-2.00169e-08,2.89189e-12,-4.6724e-12,4.82133e-10,2.11895e-07,-3.09341e-11,4.99416e-11,-2.99698e-09
1450,1.45,0.52,1.28525,-0.297582,-1.57982,-1.12716e-13,4.95585e-13,0.777163,-2.67228e-13,4.32472e-13,-2.35698,-1.98061e-08,2.86107e-12,-4.62275e-12,4.79142e-10,2.09663e-07,-3.06229e-11,4.94006e-11,-2.98685e-09
1451,1.451,0.52,1.28525,-0.297582,-1.57982,-1.11521e-13,4.90311e-13,0.777163,-2.64382e-13,4.27874e-13,-2.35698,-1.95976e-08,2.83067e-12,-4.57359e-12,4.76159e-10,2.07455e-07,-3.0301e-11,4.88691e-11,-2.97727e-09
1452,1.452,0.52,1.28525,-0.297582,-1.57982,-1.10338e-13,4.85094e-13,0.777163,-2.61567e-13,4.23325e-13,-2.35698,-1.93912e-08,2.80051e-12,-4.52498e-12,4.73188e-10,2.05271e-07,-2.99744e-11,4.83535e-11,-2.96761e-09
1453,1.453,0.52,1.28525,-0.297582,-1.57982,-1.09167e-13,4.79932e-13,0.777163,-2.58781e-13,4.18824e-13,-2.35698,-1.9187e-08,2.77068e-12,-4.47688e-12,4.70226e-10,2.03109e-07,-2.96372e-11,4.78417e-11,-2.9567e-09
1454,1.454,0.52,1.28525,-0.297582,-1.57982,-1.08009e-13,4.74824e-13,0.777163,-2.56025e-13,4.14371e-13,-2.35698,-1.8985e-08,2.74119e-12,-4.4293e-12,4.67274e-10,2.0097e-07,-2.93525e-11,4.73231e-11,-2.9467e-09
1455,1.455,0.52,1.28525,-0.297582,-1.57982,-1.06863e-13,4.69771e-13,0.777163,-2.53299e-13,4.09965e-13,-2.35698,-1.87851e-08,2.71201e-12,-4.38222e-12,4.64333e-10,1.98854e-07,-2.90231e-11,4.6827e-11,-2.93654e-09
1456,1.456,0.52,1.28525,-0.297582,-1.57982,-1.0573e-13,4.64772e-13,0.777163,-2.50601e-13,4.05606e-13,-2.35698,-1.85873e-08,2.68313e-12,-4.33563e-12,4.61402e-10,1.9676e-07,-2.87273e-11,4.63293e-11,-2.92508e-09
1457,1.457,0.52,1.28525,-0.297582,-1.57982,-1.04608e-13,4.59826e-13,0.777163,-2.47932e-13,4.01294e-13,-2.35698,-1.83915e-08,2.65456e-12,-4.28955e-12,4.58482e-10,1.94688e-07,-2.84053e-11,4.58442e-11,-2.91457e-09
1458,1.458,0.52,1.28525,-0.297582,-1.57982,-1.03499e-13,4.54933e-13,0.777163,-2.45292e-13,3.97027e-13,-2.35698,-1.81979e-08,2.62631e-12,-4.24395e-12,4.55573e-10,1.92638e-07,-2.81219e-11,4.53468e-11,-2.90322e-09
1459,1.459,0.52,1.28525,-0.297582,-1.57982,-1.02401e-13,4.50092e-13,0.777163,-2.4268e-13,3.92806e-13,-2.35698,-1.80063e-08,2.59837e-12,-4.19883e-12,4.52676e-10,1.9061e-07,-2.7804e-11,4.4875e-11,-2.89335e-09
1460,1.46,0.52,1.28525,-0.297582,-1.57982,-1.01314e-13,4.45302e-13,0.777163,-2.40095e-13,3.88629e-13,-2.35698,-1.78166e-08,2.57069e-12,-4.15421e-12,4.49788e-10,1.88602e-07,-2.74949e-11,4.4402e-11,-2.88182e-09
1461,1.461,0.52,1.28525,-0.297582,-1.57982,-1.0024e-13,4.40563e-13,0.777163,-2.37538e-13,3.84497e-13,-2.35698,-1.7629e-08,2.5433e-12,-4.11006e-12,4.46911e-10,1.86616e-07,-2.72067e-11,4.39344e-11,-2.87103e-09
1462,1.462,0.52,1.28525,-0.297582,-1.57982,-9.91762e-14,4.35874e-13,0.777163,-2.35008e-13,3.80409e-13,-2.35698,-1.74434e-08,2.51625e-12,-4.06636e-12,4.44045e-10,1.84651e-07,-2.69092e-11,4.34657e-11,-2.85924e-09
1463,1.463,0.52,1.28525,-0.297582,-1.57982,-9.8124e-14,4.31236e-13,0.777163,-2.32506e-13,3.76364e-13,-2.35698,-1.72597e-08,2.48945e-12,-4.02314e-12,4.41193e-10,1.82707e-07,-2.66775e-11,4.29817e-11,-2.84884e-09
1464,1.464,0.52,1.28525,-0.297582,-1.57982,-9.70831e-14,4.26646e-13,0.777163,-2.30029e-13,3.72362e-13,-2.35698,-1.7078e-08,2.46296e-12,-3.98036e-12,4.3835e-10,1.80783e-07,-2.63518e-11,4.25409e-11,-2.83669e-09
1465,1.465,0.52,1.28525,-0.297582,-1.57982,-9.60532e-14,4.22106e-13,0.777163,-2.2758e-13,3.68403e-13,-2.35698,-1.68982e-08,2.43673e-12,-3.93806e-12,4.35519e-10,1.78879e-07,-2.60955e-11,4.20852e-11,-2.82537e-09
1466,1.466,0.52,1.28525,-0.297582,-1.57982,-9.50342e-14,4.17614e-13,0.777163,-2.25156e-13,3.64486e-13,-2.35698,-1.67202e-08,2.41081e-12,-3.89619e-12,4.32698e-10,1.76996e-07,-2.57935e-11,4.16392e-11,-2.81431e-09
1467,1.467,0.52,1.28525,-0.297582,-1.57982,-9.4026e-14,4.13169e-13,0.777163,-2.22758e-13,3.60611e-13,-2.35698,-1.65442e-08,2.38513e-12,-3.85478e-12,4.29889e-10,1.75132e-07,-2.5539e-11,4.11889e-11,-2.80206e-09
1468,1.468,0.52,1.28525,-0.297582,-1.57982,-9.30285e-14,4.08772e-13,0.777163,-2.20386e-13,3.56776e-13,-2.35698,-1.637e-08,2.35973e-12,-3.81381e-12,4.27094e-10,1.73287e-07,-2.52534e-11,4.07541e-11,-2.79108e-09
1469,1.469,0.52,1.28525,-0.297582,-1.57982,-9.20416e-14,4.04422e-13,0.777163,-2.18038e-13,3.52983e-13,-2.35698,-1.61976e-08,2.3346e-12,-3.77326e-12,4.24309e-10,1.71463e-07,-2.49616e-11,4.03317e-11,-2.77993e-09
1470,1.47,0.52,1.28525,-0.297582,-1.57982,-9.10651e-14,4.00118e-13,0.777163,-2.15716e-13,3.4923e-13,-2.35698,-1.6027e-08,2.30977e-12,-3.73316e-12,4.21535e-10,1.69657e-07,-2.47339e-11,3.98888e-11,-2.76729e-09
1471,1.471,0.52,1.28525,-0.297582,-1.57982,-9.0099e-14,3.95859e-13,0.777163,-2.13419e-13,3.45517e-13,-2.35698,-1.58583e-08,2.28518e-12,-3.69346e-12,4.18774e-10,1.67871e-07,-2.44889e-11,3.94694e-11,-2.75525e-09
1472,1.472,0.52,1.28525,-0.297582,-1.57982,-8.91432e-14,3.91646e-13,0.777163,-2.11146e-13,3.41843e-13,-2.35698,-1.56913e-08,2.26084e-12,-3.65421e-12,4.16024e-10,1.66103e-07,-2.41936e-11,3.90542e-11,-2.7434e-09
1473,1.473,0.52,1.28525,-0.297582,-1.57982,-8.81974e-14,3.87478e-13,0.777163,-2.08897e-13,3.38208e-13,-2.35698,-1.5526e-08,2.2368e-12,-3.61536e-12,4.13287e-10,1.64354e-07,-2.39442e-11,3.864e-11,-2.73195e-09
1474,1.474,0.52,1.28525,-0.297582,-1.57982,-8.72617e-14,3.83354e-13,0.777163,-2.06672e-13,3.34612e-13,-2.35698,-1.53626e-08,2.21294e-12,-3.57694e-12,4.1056e-10,1.62623e-07,-2.36851e-11,3.82259e-11,-2.7205e-09
1475,1.475,0.52,1.28525,-0.297582,-1.57982,-8.6336e-14,3.79274e-13,0.777163,-2.04471e-13,3.31054e-13,-2.35698,-1.52008e-08,2.18941e-12,-3.53891e-12,4.07846e-10,1.6091e-07,-2.34581e-11,3.78157e-11,-2.70738e-09
1476,1.476,0.52,1.28525,-0.297582,-1.57982,-8.542e-14,3.75238e-13,0.777163,-2.02293e-13,3.27534e-13,-2.35698,-1.50407e-08,2.16608e-12,-3.50129e-12,4.05144e-10,1.59216e-07,-2.31947e-11,3.74164e-11,-2.69483e-09
1477,1.477,0.52,1.28525,-0.297582,-1.57982,-8.45138e-14,3.71244e-13,0.777163,-2.00139e-13,3.24051e-13,-2.35698,-1.48824e-08,2.14301e-12,-3.46408e-12,4.02455e-10,1.57539e-07,-2.29486e-11,3.70184e-11,-2.68244e-09
1478,1.478,0.52,1.28525,-0.297582,-1.57982,-8.36171e-14,3.67293e-13,0.777163,-1.98007e-13,3.20606e-13,-2.35698,-1.47256e-08,2.12022e-12,-3.42725e-12,3.99778e-10,1.5588e-07,-2.26988e-11,3.66276e-11,-2.67019e-09
1479,1.479,0.52,1.28525,-0.297582,-1.57982,-8.273e-14,3.63384e-13,0.777163,-1.95898e-13,3.17197e-13,-2.35698,-1.45706e-08,2.09764e-12,-3.39081e-12,3.97114e-10,1.54239e-07,-2.24647e-11,3.62331e-11,-2.65794e-09
1480,1.48,0.52,1.28525,-0.297582,-1.57982,-8.18522e-14,3.59516e-13,0.777163,-1.93812e-13,3.13824e-13,-2.35698,-1.44172e-08,2.07527e-12,-3.35478e-12,3.94462e-10,1.52615e-07,-2.22099e-11,3.58648e-11,-2.64565e-09
1481,1.481,0.52,1.28525,-0.297582,-1.57982,-8.09838e-14,3.5569e-13,0.777163,-1.91748e-13,3.10487e-13,-2.35698,-1.42654e-08,2.0532e-12,-3.3191e-12,3.91822e-10,1.51008e-07,-2.19929e-11,3.54721e-11,-2.63336e-09
1482,1.482,0.52,1.28525,-0.297582,-1.57982,-8.01245e-14,3.51904e-13,0.777163,-1.89705e-13,3.07186e-13,-2.35698,-1.41151e-08,2.03133e-12,-3.28382e-12,3.89194e-10,1.49417e-07,-2.17566e-11,3.50977e-11,-2.6209e-09
1483,1.483,0.52,1.28525,-0.297582,-1.57982,-7.92744e-14,3.48158e-13,0.777163,-1.87685e-13,3.03919e-13,-2.35698,-1.39665e-08,2.00969e-12,-3.24892e-12,3.86579e-10,1.47844e-07,-2.15141e-11,3.47256e-11,-2.60839e-09
1484,1.484,0.52,1.28525,-0.297582,-1.57982,-7.84333e-14,3.44453e-13,0.777163,-1.85686e-13,3.00688e-13,-2.35698,-1.38195e-08,1.98832e-12,-3.21436e-12,3.83976e-10,1.46287e-07,-2.12888e-11,3.43466e-11,-2.59735e-09
1485,1.485,0.52,1.28525,-0.297582,-1.57982,-7.76011e-14,3.40786e-13,0.777163,-1.83708e-13,2.9749e-13,-2.35698,-1.36739e-08,1.9671e-12,-3.18022e-12,3.81385e-10,1.44747e-07,-2.10369e-11,3.39977e-11,-2.58564e-09
1486,1.486,0.52,1.28525,-0.297582,-1.57982,-7.67777e-14,3.37159e-13,0.777163,-1.81751e-13,2.94327e-13,-2.35698,-1.353e-08,1.94618e-12,-3.14641e-12,3.78805e-10,1.43222e-07,-2.08176e-11,3.36319e-11,-2.57346e-09
1487,1.487,0.52,1.28525,-0.297582,-1.57982,-7.5963e-14,3.33571e-13,0.777163,-1.79816e-13,2.91197e-13,-2.35698,-1.33875e-08,1.92549e-12,-3.11295e-12,3.76238e-10,1.41714e-07,-2.05873e-11,3.32802e-11,-2.5609e-09
1488,1.488,0.52,1.28525,-0.297582,-1.57982,-7.5157e-14,3.3002e-13,0.777163,-1.779e-13,2.88101e-13,-2.35698,-1.32465e-08,1.90496e-12,-3.07986e-12,3.73684e-10,1.40222e-07,-2.03714e-11,3.29183e-11,-2.54818e-09
1489,1.489,0.52,1.28525,-0.297582,-1.57982,-7.43596e-14,3.26507e-13,0.777163,-1.76006e-13,2.85038e-13,-2.35698,-1.3107e-08,1.88472e-12,-3.04711e-12,3.71142e-10,1.38746e-07,-2.01667e-11,3.2564e-11,-2.53663e-09
1490,1.49,0.52,1.28525,-0.297582,-1.57982,-7.35706e-14,3.23032e-13,0.777163,-1.74131e-13,2.82007e-13,-2.35698,-1.2969e-08,1.86467e-12,-3.01471e-12,3.68612e-10,1.37285e-07,-1.99505e-11,3.22191e-11,-2.5243e-09
1491,1.491,0.52,1.28525,-0.297582,-1.57982,-7.279e-14,3.19594e-13,0.777163,-1.72276e-13,2.79008e-13,-2.35698,-1.28325e-08,1.84482e-12,-2.98266e-12,3.66093e-10,1.35839e-07,-1.97539e-11,3.18704e-11,-2.5109e-09
1492,1.492,0.52,1.28525,-0.297582,-1.57982,-7.20177e-14,3.16192e-13,0.777163,-1.70441e-13,2.76041e-13,-2.35698,-1.26973e-08,1.82515e-12,-2.95097e-12,3.63589e-10,1.34408e-07,-1.95506e-11,3.15329e-11,-2.49922e-09
1493,1.493,0.52,1.28525,-0.297582,-1.57982,-7.12536e-14,3.12826e-13,0.777163,-1.68626e-13,2.73106e-13,-2.35698,-1.25636e-08,1.80571e-12,-2.91961e-12,3.61096e-10,1.32993e-07,-1.93459e-11,3.11947e-11,-2.48667e-09
1494,1.494,0.52,1.28525,-0.297582,-1.57982,-7.04975e-14,3.09496e-13,0.777163,-1.6683e-13,2.70202e-13,-2.35698,-1.24313e-08,1.78646e-12,-2.88858e-12,3.58616e-10,1.31593e-07,-1.91238e-11,3.08714e-11,-2.47369e-09
1495,1.495,0.52,1.28525,-0.297582,-1.57982,-6.97494e-14,3.06202e-13,0.777163,-1.65053e-13,2.67329e-13,-2.35698,-1.23004e-08,1.76745e-12,-2.85786e-12,3.56149e-10,1.30207e-07,-1.8919e-11,3.05346e-11,-2.46174e-09
1496,1.496,0.52,1.28525,-0.297582,-1.57982,-6.90093e-14,3.02942e-13,0.777163,-1.63295e-13,2.64486e-13,-2.35698,-1.21709e-08,1.74862e-12,-2.82749e-12,3.53692e-10,1.28836e-07,-1.87189e-11,3.0223e-11,-2.4483e-09
1497,1.497,0.52,1.28525,-0.297582,-1.57982,-6.8277e-14,2.99718e-13,0.777163,-1.61556e-13,2.61674e-13,-2.35698,-1.20428e-08,1.73001e-12,-2.79743e-12,3.5125e-10,1.27479e-07,-1.8534e-11,2.98907e-11,-2.43638e-09
1498,1.498,0.52,1.28525,-0.297582,-1.57982,-6.75525e-14,2.96527e-13,0.777163,-1.59835e-13,2.58891e-13,-2.35698,-1.1916e-08,1.7116e-12,-2.76769e-12,3.4882e-10,1.26137e-07,-1.8308e-11,2.95869e-11,-2.42354e-09
1499,1.499,0.52,1.28525,-0.297582,-1.57982,-6.68357e-14,2.93371e-13,0.777163,-1.58132e-13,2.56138e-13,-2.35698,-1.17905e-08,1.69334e-12,-2.73827e-12,3.46404e-10,1.24809e-07,-1.81116e-11,2.92649e-11,-2.41176e-09
1500,1.5,0.52,1.28525,-0.297582,-1.57982,-6.61264e-14,2.90248e-13,0.777163,-1.56448e-13,2.53414e-13,-2.35698,-1.16663e-08,1.67534e-12,-2.70916e-12,3.43998e-10,1.23494e-07,-1.79051e-11,2.8972e-11,-2.39809e-09
1501,1.501,0.52,1.28525,-0.297582,-1.57982,-6.54247e-14,2.87158e-13,0.777163,-1.54782e-13,2.5072e-13,-2.35698,-1.15435e-08,1.65747e-12,-2.68037e-12,3.41606e-10,1.22194e-07,-1.77048e-11,2.86606e-11,-2.3859e-09
1502,1.502,0.52,1.28525,-0.297582,-1.57982,-6.47304e-14,2.84102e-13,0.777163,-1.53133e-13,2.48054e-13,-2.35698,-1.1422e-08,1.63984e-12,-2.65187e-12,3.39227e-10,1.20907e-07,-1.75648e-11,2.83349e-11,-2.37441e-09
1503,1.503,0.52,1.28525,-0.297582,-1.57982,-6.40435e-14,2.81077e-13,0.777163,-1.51502e-13,2.45416e-13,-2.35698,-1.13017e-08,1.62242e-12,-2.62367e-12,3.36858e-10,1.19634e-07,-1.73673e-11,2.80384e-11,-2.36081e-09
1504,1.504,0.52,1.28525,-0.297582,-1.57982,-6.33638e-14,2.78085e-13,0.777163,-1.49888e-13,2.42806e-13,-2.35698,-1.11827e-08,1.60513e-12,-2.59578e-12,3.34503e-10,1.18374e-07,-1.71857e-11,2.77464e-11,-2.34858e-09
1505,1.505,0.52,1.28525,-0.297582,-1.57982,-6.26914e-14,2.75125e-13,0.777163,-1.48292e-13,2.40224e-13,-2.35698,-1.10649e-08,1.58802e-12,-2.56818e-12,3.32162e-10,1.17128e-07,-1.69911e-11,2.74473e-11,-2.33694e-09
1506,1.506,0.52,1.28525,-0.297582,-1.57982,-6.20261e-14,2.72196e-13,0.777163,-1.46712e-13,2.3767e-13,-2.35698,-1.09484e-08,1.57113e-12,-2.54088e-12,3.2983e-10,1.15894e-07,-1.6814e-11,2.71573e-11,-2.32317e-09
1507,1.507,0.52,1.28525,-0.297582,-1.57982,-6.13679e-14,2.69298e-13,0.777163,-1.45149e-13,2.35142e-13,-2.35698,-1.08331e-08,1.55439e-12,-2.51387e-12,3.27514e-10,1.14674e-07,-1.66274e-11,2.68824e-11,-2.31067e-09
1508,1.508,0.52,1.28525,-0.297582,-1.57982,-6.07166e-14,2.66432e-13,0.777163,-1.43603e-13,2.32642e-13,-2.35698,-1.07191e-08,1.53785e-12,-2.48714e-12,3.2521e-10,1.13467e-07,-1.64379e-11,2.65864e-11,-2.29877e-09
1509,1.509,0.52,1.28525,-0.297582,-1.57982,-6.00723e-14,2.63595e-13,0.777163,-1.42073e-13,2.30168e-13,-2.35698,-1.06062e-08,1.52149e-12,-2.46069e-12,3.22917e-10,1.12272e-07,-1.6299e-11,2.62943e-11,-2.28629e-09
1510,1.51,0.52,1.28525,-0.297582,-1.57982,-5.94348e-14,2.60789e-13,0.777163,-1.4056e-13,2.2772e-13,-2.35698,-1.04945e-08,1.50526e-12,-2.43454e-12,3.20638e-10,1.1109e-07,-1.61134e-11,2.60058e-11,-2.27469e-09
1511,1.511,0.52,1.28525,-0.297582,-1.57982,-5.8804e-14,2.58013e-13,0.777163,-1.39063e-13,2.25299e-13,-2.35698,-1.0384e-08,1.48925e-12,-2.40866e-12,3.18368e-10,1.0992e-07,-1.59366e-11,2.57453e-11,-2.26069e-09
1512,1.512,0.52,1.28525,-0.297582,-1.57982,-5.81799e-14,2.55266e-13,0.777163,-1.37582e-13,2.22903e-13,-2.35698,-1.02747e-08,1.47341e-12,-2.38304e-12,3.16114e-10,1.08762e-07,-1.57875e-11,2.54749e-11,-2.24786e-09
1513,1.513,0.52,1.28525,-0.297582,-1.57982,-5.75625e-14,2.52548e-13,0.777163,-1.36116e-13,2.20533e-13,-2.35698,-1.01665e-08,1.45772e-12,-2.35771e-12,3.13872e-10,1.07617e-07,-1.56212e-11,2.52029e-11,-2.23501e-09
1514,1.514,0.52,1.28525,-0.297582,-1.57982,-5.69516e-14,2.4986e-13,0.777163,-1.34666e-13,2.18187e-13,-2.35698,-1.00594e-08,1.44215e-12,-2.33266e-12,3.11644e-10,1.06484e-07,-1.54232e-11,2.4947e-11,-2.22258e-09
1515,1.515,0.52,1.28525,-0.297582,-1.57982,-5.63472e-14,2.472e-13,0.777163,-1.33232e-13,2.15867e-13,-2.35698,-9.95352e-09,1.4268e-12,-2.30785e-12,3.09427e-10,1.05363e-07,-1.52946e-11,2.46631e-11,-2.20991e-09
1516,1.516,0.52,1.28525,-0.297582,-1.57982,-5.57491e-14,2.44568e-13,0.777163,-1.31812e-13,2.13572e-13,-2.35698,-9.84871e-09,1.41163e-12,-2.2833e-12,3.07223e-10,1.04253e-07,-1.51148e-11,2.44059e-11,-2.1976e-09
1517,1.517,0.52,1.28525,-0.297582,-1.57982,-5.51574e-14,2.41964e-13,0.777163,-1.30408e-13,2.11301e-13,-2.35698,-9.74501e-09,1.39654e-12,-2.25905e-12,3.05031e-10,1.03155e-07,-1.49505e-11,2.41572e-11,-2.18493e-09
1518,1.518,0.52,1.28525,-0.297582,-1.57982,-5.4572e-14,2.39388e-13,0.777163,-1.29019e-13,2.09054e-13,-2.35698,-9.6424e-09,1.38168e-12,-2.23502e-12,3.02853e-10,1.02069e-07,-1.47777e-11,2.3904e-11,-2.17254e-09
1519,1.519,0.52,1.28525,-0.297582,-1.57982,-5.39927e-14,2.3684e-13,0.777163,-1.27645e-13,2.0683e-13,-2.35698,-9.54086e-09,1.36698e-12,-2.21125e-12,3.00686e-10,1.00994e-07,-1.46288e-11,2.36426e-11,-2.16139e-09
1520,1.52,0.52,1.28525,-0.297582,-1.57982,-5.34197e-14,2.34318e-13,0.777163,-1.26285e-13,2.04631e-13,-2.35698,-9.4404e-09,1.3524e-12,-2.18775e-12,2.98531e-10,9.99306e-08,-1.44543e-11,2.33912e-11,-2.15005e-09
1521,1.521,0.52,1.28525,-0.297582,-1.57982,-5.28527e-14,2.31823e-13,0.777163,-1.2494e-13,2.02455e-13,-2.35698,-9.341e-09,1.33803e-12,-2.16448e-12,2.96387e-10,9.88783e-08,-1.4319e-11,2.31339e-11,-2.13762e-09
1522,1.522,0.52,1.28525,-0.297582,-1.57982,-5.22917e-14,2.29355e-13,0.777163,-1.23609e-13,2.00302e-13,-2.35698,-9.24264e-09,1.32376e-12,-2.14148e-12,2.94256e-10,9.78371e-08,-1.41735e-11,2.28871e-11,-2.1256e-09
1523,1.523,0.52,1.28525,-0.297582,-1.57982,-5.17367e-14,2.26913e-13,0.777163,-1.22292e-13,1.98172e-13,-2.35698,-9.14532e-09,1.30967e-12,-2.11871e-12,2.92136e-10,9.6807e-08,-1.40141e-11,2.26487e-11,-2.11263e-09
1524,1.524,0.52,1.28525,-0.297582,-1.57982,-5.11875e-14,2.24497e-13,0.777163,-1.2099e-13,1.96064e-13,-2.35698,-9.04903e-09,1.29572e-12,-2.09619e-12,2.9003e-10,9.57875e-08,-1.3857e-11,2.24105e-11,-2.09959e-09
1525,1.525,0.52,1.28525,-0.297582,-1.57982,-5.06442e-14,2.22107e-13,0.777163,-1.19701e-13,1.93979e-13,-2.35698,-8.95374e-09,1.28193e-12,-2.07389e-12,2.87937e-10,9.47788e-08,-1.37189e-11,2.21659e-11,-2.08848e-09
1526,1.526,0.52,1.28525,-0.297582,-1.57982,-5.01066e-14,2.19742e-13,0.777163,-1.18426e-13,1.91917e-13,-2.35698,-8.85946e-09,1.26827e-12,-2.05185e-12,2.85854e-10,9.3781e-08,-1.35628e-11,2.19289e-11,-2.07598e-09
1527,1.527,0.52,1.28525,-0.297582,-1.57982,-4.95747e-14,2.17403e-13,0.777163,-1.17164e-13,1.89876e-13,-2.35698,-8.76618e-09,1.25477e-12,-2.03003e-12,2.83784e-10,9.27934e-08,-1.3431e-11,2.16972e-11,-2.06317e-09
1528,1.528,0.52,1.28525,-0.297582,-1.57982,-4.90485e-14,2.15088e-13,0.777163,-1.15916e-13,1.87856e-13,-2.35698,-8.67387e-09,1.24141e-12,-2.00845e-12,2.81727e-10,9.18163e-08,-1.32682e-11,2.14682e-11,-2.05216e-09
1529,1.529,0.52,1.28525,-0.297582,-1.57982,-4.85278e-14,2.12798e-13,0.777163,-1.14681e-13,1.85859e-13,-2.35698,-8.58254e-09,1.22819e-12,-1.98711e-12,2.79681e-10,9.08494e-08,-1.31306e-11,2.12506e-11,-2.03963e-09
1530,1.53,0.52,1.28525,-0.297582,-1.57982,-4.80127e-14,2.10532e-13,0.777163,-1.1346e-13,1.83882e-13,-2.35698,-8.49217e-09,1.2151e-12,-1.96598e-12,2.77647e-10,8.98928e-08,-1.30026e-11,2.1019e-11,-2.02669e-09
1531,1.531,0.52,1.28525,-0.297582,-1.57982,-4.75031e-14,2.0829e-13,0.777163,-1.12251e-13,1.81927e-13,-2.35698,-8.40275e-09,1.20217e-12,-1.94507e-12,2.75627e-10,8.89462e-08,-1.28437e-11,2.0795e-11,-2.01554e-09
1532,1.532,0.52,1.28525,-0.297582,-1.57982,-4.69988e-14,2.06073e-13,0.777163,-1.11055e-13,1.79992e-13,-2.35698,-8.31428e-09,1.1894e-12,-1.92438e-12,2.73617e-10,8.80096e-08,-1.27408e-11,2.05665e-11,-2.00287e-09
1533,1.533,0.52,1.28525,-0.297582,-1.57982,-4.64999e-14,2.03878e-13,0.777163,-1.09872e-13,1.78078e-13,-2.35698,-8.22673e-09,1.17676e-12,-1.90391e-12,2.7162e-10,8.70828e-08,-1.26089e-11,2.03411e-11,-1.99135e-09
1534,1.534,0.52,1.28525,-0.297582,-1.57982,-4.60063e-14,2.01707e-13,0.777163,-1.08702e-13,1.76184e-13,-2.35698,-8.14011e-09,1.1642e-12,-1.88368e-12,2.69634e-10,8.61658e-08,-1.24709e-11,2.01281e-11,-1.9788e-09
1535,1.535,0.52,1.28525,-0.297582,-1.57982,-4.55179e-14,1.9956e-13,0.777163,-1.07544e-13,1.7431e-13,-2.35698,-8.0544e-09,1.15179e-12,-1.86365e-12,2.67662e-10,8.52585e-08,-1.23213e-11,1.99298e-11,-1.96773e-09
1536,1.536,0.52,1.28525,-0.297582,-1.57982,-4.50347e-14,1.97435e-13,0.777163,-1.06398e-13,1.72457e-13,-2.35698,-7.96959e-09,1.1395e-12,-1.84385e-12,2.657e-10,8.43608e-08,-1.22049e-11,1.97035e-11,-1.95664e-09
1537,1.537,0.52,1.28525,-0.297582,-1.57982,-4.45566e-14,1.95332e-13,0.777163,-1.05265e-13,1.70623e-13,-2.35698,-7.88567e-09,1.12742e-12,-1.82424e-12,2.63749e-10,8.34725e-08,-1.20716e-11,1.94951e-11,-1.94447e-09
1538,1.538,0.52,1.28525,-0.297582,-1.57982,-4.40836e-14,1.93252e-13,0.777163,-1.04143e-13,1.68808e-13,-2.35698,-7.80264e-09,1.11541e-12,-1.80485e-12,2.61811e-10,8.25935e-08,-1.1925e-11,1.92936e-11,-1.93299e-09
1539,1.539,0.52,1.28525,-0.297582,-1.57982,-4.36156e-14,1.91195e-13,0.777163,-1.03034e-13,1.67013e-13,-2.35698,-7.72048e-09,1.10352e-12,-1.78567e-12,2.59883e-10,8.17237e-08,-1.18066e-11,1.90871e-11,-1.92031e-09
1540,1.54,0.52,1.28525,-0.297582,-1.57982,-4.31525e-14,1.89159e-13,0.777163,-1.01936e-13,1.65237e-13,-2.35698,-7.63919e-09,1.09178e-12,-1.76668e-12,2.57968e-10,8.08631e-08,-1.17103e-11,1.88746e-11,-1.90849e-09
1541,1.541,0.52,1.28525,-0.297582,-1.57982,-4.26944e-14,1.87144e-13,0.777163,-1.0085e-13,1.63479e-13,-2.35698,-7.55875e-09,1.0801e-12,-1.74791e-12,2.56066e-10,8.00116e-08,-1.15448e-11,1.86895e-11,-1.89758e-09
1542,1.542,0.52,1.28525,-0.297582,-1.57982,-4.22411e-14,1.85152e-13,0.777163,-9.9776e-14,1.61741e-13,-2.35698,-7.47916e-09,1.06864e-12,-1.72932e-12,2.54175e-10,7.91692e-08,-1.14514e-11,1.84808e-11,-1.88516e-09
1543,1.543,0.52,1.28525,-0.297582,-1.57982,-4.17926e-14,1.8318e-13,0.777163,-9.87131e-14,1.60021e-13,-2.35698,-7.40041e-09,1.05725e-12,-1.71094e-12,2.52295e-10,7.83356e-08,-1.13444e-11,1.82775e-11,-1.8734e-09
1544,1.544,0.52,1.28525,-0.297582,-1.57982,-4.13489e-14,1.81229e-13,0.777163,-9.76615e-14,1.58319e-13,-2.35698,-7.32249e-09,1.04597e-12,-1.69275e-12,2.50428e-10,7.75106e-08,-1.11758e-11,1.80992e-11,-1.86203e-09
1545,1.545,0.52,1.28525,-0.297582,-1.57982,-4.09099e-14,1.79299e-13,0.777163,-9.66211e-14,1.56635e-13,-2.35698,-7.24539e-09,1.03483e-12,-1.67474e-12,2.48571e-10,7.66944e-08,-1.106e-11,1.79026e-11,-1.85088e-09
1546,1.546,0.52,1.28525,-0.297582,-1.57982,-4.04755e-14,1.7739e-13,0.777163,-9.55918e-14,1.54969e-13,-2.35698,-7.1691e-09,1.02382e-12,-1.65694e-12,2.46726e-10,7.58868e-08,-1.09621e-11,1.771e-11,-1.83986e-09
1547,1.547,0.52,1.28525,-0.297582,-1.57982,-4.00457e-14,1.75501e-13,0.777163,-9.45734e-14,1.53321e-13,-2.35698,-7.09361e-09,1.01292e-12,-1.63933e-12,2.44892e-10,7.50878e-08,-1.08398e-11,1.75155e-11,-1.82898e-09
1548,1.548,0.52,1.28525,-0.297582,-1.57982,-3.96205e-14,1.73632e-13,0.777163,-9.35659e-14,1.51691e-13,-2.35698,-7.01892e-09,1.00216e-12,-1.6219e-12,2.43068e-10,7.4297e-08,-1.07431e-11,1.73279e-11,-1.81642e-09
1549,1.549,0.52,1.28525,-0.297582,-1.57982,-3.91998e-14,1.71783e-13,0.777163,-9.25691e-14,1.50077e-13,-2.35698,-6.94501e-09,9.91477e-13,-1.60466e-12,2.41257e-10,7.35148e-08,-1.06061e-11,1.71594e-11,-1.80446e-09
1550,1.55,0.52,1.28525,-0.297582,-1.57982,-3.87836e-14,1.69953e-13,0.777163,-9.15829e-14,1.48481e-13,-2.35698,-6.87189e-09,9.8087e-13,-1.58763e-12,2.39458e-10,7.27406e-08,-1.05145e-11,1.69686e-11,-1.79284e-09
1551,1.551,0.52,1.28525,-0.297582,-1.57982,-3.83718e-14,1.68143e-13,0.777163,-9.06072e-14,1.46902e-13,-2.35698,-6.79953e-09,9.70453e-13,-1.57073e-12,2.3767e-10,7.19747e-08,-1.03756e-11,1.67959e-11,-1.78139e-09
1552,1.552,0.52,1.28525,-0.297582,-1.57982,-3.79643e-14,1.66352e-13,0.777163,-8.9642e-14,1.4534e-13,-2.35698,-6.72793e-09,9.60102e-13,-1.55403e-12,2.35894e-10,7.12167e-08,-1.0299e-11,1.66091e-11,-1.77003e-09
1553,1.553,0.52,1.28525,-0.297582,-1.57982,-3.75611e-14,1.64581e-13,0.777163,-8.8687e-14,1.43794e-13,-2.35698,-6.65709e-09,9.49894e-13,-1.5375e-12,2.34129e-10,7.04669e-08,-1.01474e-11,1.64449e-11,-1.75873e-09
1554,1.554,0.52,1.28525,-0.297582,-1.57982,-3.71623e-14,1.62828e-13,0.777163,-8.77422e-14,1.42265e-13,-2.35698,-6.587e-09,9.39788e-13,-1.52114e-12,2.32375e-10,6.97249e-08,-1.0064e-11,1.62629e-11,-1.74745e-09
1555,1.555,0.52,1.28525,-0.297582,-1.57982,-3.67676e-14,1.61094e-13,0.777163,-8.68074e-14,1.40752e-13,-2.35698,-6.51764e-09,9.29749e-13,-1.50498e-12,2.30633e-10,6.89908e-08,-9.94084e-12,1.61022e-11,-1.73614e-09
1556,1.556,0.52,1.28525,-0.297582,-1.57982,-3.63771e-14,1.59378e-13,0.777163,-8.58826e-14,1.39255e-13,-2.35698,-6.44901e-09,9.19868e-13,-1.48896e-12,2.28901e-10,6.82645e-08,-9.85197e-12,1.59194e-11,-1.72484e-09
1557,1.557,0.52,1.28525,-0.297582,-1.57982,-3.59908e-14,1.57681e-13,0.777163,-8.49677e-14,1.37774e-13,-2.35698,-6.38111e-09,9.10045e-13,-1.47314e-12,2.27182e-10,6.75456e-08,-9.74058e-12,1.57463e-11,-1.7151e-09
1558,1.558,0.52,1.28525,-0.297582,-1.57982,-3.56086e-14,1.56001e-13,0.777163,-8.40624e-14,1.36308e-13,-2.35698,-6.31392e-09,9.00374e-13,-1.45748e-12,2.25472e-10,6.68342e-08,-9.62489e-12,1.55891e-11,-1.70473e-09
1559,1.559,0.52,1.28525,-0.297582,-1.57982,-3.52305e-14,1.5434e-13,0.777163,-8.31669e-14,1.34859e-13,-2.35698,-6.24744e-09,8.90797e-13,-1.44198e-12,2.23772e-10,6.61305e-08,-9.53588e-12,1.54148e-11,-1.694e-09
1560,1.56,0.52,1.28525,-0.297582,-1.57982,-3.48563e-14,1.52696e-13,0.777163,-8.22808e-14,1.33424e-13,-2.35698,-6.18166e-09,8.81301e-13,-1.42664e-12,2.22084e-10,6.54343e-08,-9.43889e-12,1.52459e-11,-1.68299e-09
1561,1.561,0.52,1.28525,-0.297582,-1.57982,-3.44861e-14,1.51069e-13,0.777163,-8.14042e-14,1.32005e-13,-2.35698,-6.11657e-09,8.71929e-13,-1.41147e-12,2.20406e-10,6.47452e-08,-9.30649e-12,1.51001e-11,-1.67174e-09
1562,1.562,0.52,1.28525,-0.297582,-1.57982,-3.41199e-14,1.4946e-13,0.777163,-8.05369e-14,1.30601e-13,-2.35698,-6.05216e-09,8.62635e-13,-1.39646e-12,2.1874e-10,6.40634e-08,-9.2481e-12,1.49233e-11,-1.66033e-09
1563,1.563,0.52,1.28525,-0.297582,-1.57982,-3.37575e-14,1.47868e-13,0.777163,-7.96789e-14,1.29212e-13,-2.35698,-5.98844e-09,8.53435e-13,-1.38162e-12,2.17086e-10,6.3389e-08,-9.14864e-12,1.47599e-11,-1.65044e-09
1564,1.564,0.52,1.28525,-0.297582,-1.57982,-3.3399e-14,1.46293e-13,0.777163,-7.883e-14,1.27838e-13,-2.35698,-5.92538e-09,8.44368e-13,-1.36692e-12,2.15441e-10,6.27215e-08,-9.0461e-12,1.46058e-11,-1.63983e-09
1565,1.565,0.52,1.28525,-0.297582,-1.57982,-3.30443e-14,1.44735e-13,0.777163,-7.79902e-14,1.26478e-13,-2.35698,-5.86299e-09,8.35384e-13,-1.35238e-12,2.13806e-10,6.20611e-08,-8.95944e-12,1.44575e-11,-1.6283e-09
1566,1.566,0.52,1.28525,-0.297582,-1.57982,-3.26933e-14,1.43193e-13,0.777163,-7.71592e-14,1.25133e-13,-2.35698,-5.80126e-09,8.26443e-13,-1.33802e-12,2.12183e-10,6.14076e-08,-8.85634e-12,1.43034e-11,-1.61838e-09
1567,1.567,0.52,1.28525,-0.297582,-1.57982,-3.2346e-14,1.41668e-13,0.777163,-7.63372e-14,1.23802e-13,-2.35698,-5.74017e-09,8.17651e-13,-1.32379e-12,2.1057e-10,6.07611e-08,-8.75311e-12,1.4157e-11,-1.60773e-09
1568,1.568,0.52,1.28525,-0.297582,-1.57982,-3.20025e-14,1.40159e-13,0.777163,-7.55239e-14,1.22485e-13,-2.35698,-5.67973e-09,8.08962e-13,-1.30971e-12,2.08968e-10,6.01213e-08,-8.64907e-12,1.40066e-11,-1.59658e-09
1569,1.569,0.52,1.28525,-0.297582,-1.57982,-3.16625e-14,1.38666e-13,0.777163,-7.47193e-14,1.21183e-13,-2.35698,-5.61993e-09,8.00341e-13,-1.29578e-12,2.07377e-10,5.94881e-08,-8.55123e-12,1.38544e-11,-1.58676e-09
1570,1.57,0.52,1.28525,-0.297582,-1.57982,-3.13262e-14,1.37189e-13,0.777163,-7.39232e-14,1.19894e-13,-2.35698,-5.56076e-09,7.91798e-13,-1.28201e-12,2.05794e-10,5.88617e-08,-8.47348e-12,1.37042e-11,-1.57548e-09
1571,1.571,0.52,1.28525,-0.297582,-1.57982,-3.09935e-14,1.35728e-13,0.777163,-7.31356e-14,1.18619e-13,-2.35698,-5.5022e-09,7.83381e-13,-1.26838e-12,2.04224e-10,5.82419e-08,-8.35245e-12,1.35764e-11,-1.56596e-09
1572,1.572,0.52,1.28525,-0.297582,-1.57982,-3.06642e-14,1.34282e-13,0.777163,-7.23564e-14,1.17357e-13,-2.35698,-5.44427e-09,7.75036e-13,-1.25488e-12,2.02664e-10,5.76287e-08,-8.28606e-12,1.34188e-11,-1.5553e-09
1573,1.573,0.52,1.28525,-0.297582,-1.57982,-3.03385e-14,1.32851e-13,0.777163,-7.15855e-14,1.16109e-13,-2.35698,-5.38694e-09,7.66801e-13,-1.24154e-12,2.01114e-10,5.70217e-08,-8.17828e-12,1.32797e-11,-1.54566e-09
1574,1.574,0.52,1.28525,-0.297582,-1.57982,-3.00162e-14,1.31436e-13,0.777163,-7.08228e-14,1.14874e-13,-2.35698,-5.33022e-09,7.58636e-13,-1.22834e-12,1.99573e-10,5.64214e-08,-8.14073e-12,1.31281e-11,-1.5345e-09
1575,1.575,0.52,1.28525,-0.297582,-1.57982,-2.96974e-14,1.30036e-13,0.777163,-7.00682e-14,1.13652e-13,-2.35698,-5.2741e-09,7.50534e-13,-1.21528e-12,1.98044e-10,5.58272e-08,-8.00843e-12,1.30008e-11,-1.52498e-09
1576,1.576,0.52,1.28525,-0.297582,-1.57982,-2.93819e-14,1.28651e-13,0.777163,-6.93217e-14,1.12443e-13,-2.35698,-5.21857e-09,7.42544e-13,-1.20236e-12,1.96524e-10,5.52393e-08,-7.92871e-12,1.28565e-11,-1.51419e-09
1577,1.577,0.52,1.28525,-0.297582,-1.57982,-2.90698e-14,1.2728e-13,0.777163,-6.85831e-14,1.11247e-13,-2.35698,-5.16362e-09,7.34656e-13,-1.18957e-12,1.95015e-10,5.46575e-08,-7.88615e-12,1.27027e-11,-1.50446e-09
1578,1.578,0.52,1.28525,-0.297582,-1.57982,-2.8761e-14,1.25924e-13,0.777163,-6.78523e-14,1.10064e-13,-2.35698,-5.10925e-09,7.26835e-13,-1.17692e-12,1.93516e-10,5.4082e-08,-7.78495e-12,1.25765e-11,-1.49328e-09
1579,1.579,0.52,1.28525,-0.297582,-1.57982,-2.84555e-14,1.24583e-13,0.777163,-6.71294e-14,1.08893e-13,-2.35698,-5.05545e-09,7.19075e-13,-1.16442e-12,1.92027e-10,5.35125e-08,-7.71434e-12,1.24422e-11,-1.48334e-09
1580,1.58,0.52,1.28525,-0.297582,-1.57982,-2.81532e-14,1.23255e-13,0.777163,-6.64141e-14,1.07735e-13,-2.35698,-5.00222e-09,7.1142e-13,-1.15203e-12,1.9055e-10,5.2949e-08,-7.6077e-12,1.23194e-11,-1.47409e-09
1581,1.581,0.52,1.28525,-0.297582,-1.57982,-2.78541e-14,1.21942e-13,0.777163,-6.57065e-14,1.06589e-13,-2.35698,-4.94955e-09,7.03864e-13,-1.13978e-12,1.8908e-10,5.23914e-08,-7.55734e-12,1.21735e-11,-1.4631e-09
1582,1.582,0.52,1.28525,-0.297582,-1.57982,-2.75582e-14,1.20643e-13,0.777163,-6.50064e-14,1.05456e-13,-2.35698,-4.89744e-09,6.96368e-13,-1.12766e-12,1.87622e-10,5.18397e-08,-7.48151e-12,1.20472e-11,-1.45328e-09
1583,1.583,0.52,1.28525,-0.297582,-1.57982,-2.72654e-14,1.19358e-13,0.777163,-6.43137e-14,1.04334e-13,-2.35698,-4.84587e-09,6.88934e-13,-1.11567e-12,1.86174e-10,5.1294e-08,-7.39296e-12,1.19213e-11,-1.44408e-09
1584,1.584,0.52,1.28525,-0.297582,-1.57982,-2.69757e-14,1.18086e-13,0.777163,-6.36285e-14,1.03224e-13,-2.35698,-4.79485e-09,6.81624e-13,-1.1038e-12,1.84734e-10,5.0754e-08,-7.30554e-12,1.17868e-11,-1.43473e-09
1585,1.585,0.52,1.28525,-0.297582,-1.57982,-2.66891e-14,1.16828e-13,0.777163,-6.29505e-14,1.02126e-13,-2.35698,-4.74436e-09,6.74348e-13,-1.09207e-12,1.83305e-10,5.02196e-08,-7.22113e-12,1.16731e-11,-1.42428e-09
1586,1.586,0.52,1.28525,-0.297582,-1.57982,-2.64055e-14,1.15583e-13,0.777163,-6.22797e-14,1.0104e-13,-2.35698,-4.69441e-09,6.67139e-13,-1.08047e-12,1.81884e-10,4.96905e-08,-7.17451e-12,1.15456e-11,-1.41401e-09
1587,1.587,0.52,1.28525,-0.297582,-1.57982,-2.6125e-14,1.14351e-13,0.777163,-6.16161e-14,9.99654e-14,-2.35698,-4.64498e-09,6.6005e-13,-1.06897e-12,1.80476e-10,4.91674e-08,-7.04404e-12,1.14409e-11,-1.40485e-09
1588,1.588,0.52,1.28525,-0.297582,-1.57982,-2.58474e-14,1.13133e-13,0.777163,-6.09596e-14,9.89021e-14,-2.35698,-4.59607e-09,6.53017e-13,-1.05761e-12,1.79076e-10,4.86497e-08,-7.004e-12,1.13027e-11,-1.39576e-09
1589,1.589,0.52,1.28525,-0.297582,-1.57982,-2.55727e-14,1.11928e-13,0.777163,-6.03101e-14,9.78501e-14,-2.35698,-4.54768e-09,6.46083e-13,-1.04635e-12,1.77685e-10,4.81375e-08,-6.92759e-12,1.11846e-11,-1.3865e-09
1590,1.59,0.52,1.28525,-0.297582,-1.57982,-2.5301e-14,1.10735e-13,0.777163,-5.96675e-14,9.68093e-14,-2.35698,-4.49979e-09,6.39193e-13,-1.03523e-12,1.76303e-10,4.76305e-08,-6.88836e-12,1.10467e-11,-1.3776e-09
1591,1.591,0.52,1.28525,-0.297582,-1.57982,-2.50321e-14,1.09555e-13,0.777163,-5.90317e-14,9.57796e-14,-2.35698,-4.45242e-09,6.32366e-13,-1.02424e-12,1.7493e-10,4.7129e-08,-6.76026e-12,1.09578e-11,-1.36668e-09
1592,1.592,0.52,1.28525,-0.297582,-1.57982,-2.47661e-14,1.08388e-13,0.777163,-5.84027e-14,9.47608e-14,-2.35698,-4.40553e-09,6.25627e-13,-1.01335e-12,1.73569e-10,4.66328e-08,-6.72455e-12,1.08288e-11,-1.35705e-09
1593,1.593,0.52,1.28525,-0.297582,-1.57982,-2.45029e-14,1.07233e-13,0.777163,-5.77804e-14,9.37529e-14,-2.35698,-4.35915e-09,6.18972e-13,-1.00256e-12,1.72216e-10,4.61417e-08,-6.6248e-12,1.07281e-11,-1.34697e-09
1594,1.594,0.52,1.28525,-0.297582,-1.57982,-2.42425e-14,1.0609e-13,0.777163,-5.71647e-14,9.27557e-14,-2.35698,-4.31325e-09,6.12339e-13,-9.91915e-13,1.70874e-10,4.56558e-08,-6.53015e-12,1.06204e-11,-1.33782e-09
1595,1.595,0.52,1.28525,-0.297582,-1.57982,-2.39849e-14,1.0496e-13,0.777163,-5.65556e-14,9.1769e-14,-2.35698,-4.26783e-09,6.05859e-13,-9.81345e-13,1.6954e-10,4.51752e-08,-6.51512e-12,1.04885e-11,-1.32808e-09
1596,1.596,0.52,1.28525,-0.297582,-1.57982,-2.373e-14,1.03841e-13,0.777163,-5.5953e-14,9.07929e-14,-2.35698,-4.2229e-09,5.99379e-13,-9.70913e-13,1.68217e-10,4.46994e-08,-6.42367e-12,1.03789e-11,-1.31911e-09
1597,1.597,0.52,1.28525,-0.297582,-1.57982,-2.34777e-14,1.02735e-13,0.777163,-5.53569e-14,8.98272e-14,-2.35698,-4.17843e-09,5.93028e-13,-9.60582e-13,1.66901e-10,4.42287e-08,-6.35069e-12,1.02755e-11,-1.30947e-09
1598,1.598,0.52,1.28525,-0.297582,-1.57982,-2.32282e-14,1.0164e-13,0.777163,-5.4767e-14,8.88717e-14,-2.35698,-4.13444e-09,5.86686e-13,-9.50369e-13,1.65597e-10,4.37631e-08,-6.31115e-12,1.01517e-11,-1.30055e-09
1599,1.599,0.52,1.28525,-0.297582,-1.57982,-2.29813e-14,1.00557e-13,0.777163,-5.41835e-14,8.79264e-14,-2.35698,-4.09091e-09,5.80418e-13,-9.40272e-13,1.643e-10,4.33024e-08,-6.20393e-12,1.00648e-11,-1.29095e-09
1600,1.6,0.52,1.28525,-0.297582,-1.57982,-2.2737e-14,9.9485e-14,0.777163,-5.36061e-14,8.69911e-14,-2.35698,-4.04783e-09,5.74206e-13,-9.30272e-13,1.63014e-10,4.28465e-08,-6.15221e-12,9.94926e-12,-1.28365e-09
1601,1.601,0.52,1.28525,-0.297582,-1.57982,-2.24953e-14,9.84248e-14,0.777163,-5.3035e-14,8.60658e-14,-2.35698,-4.00521e-09,5.68091e-13,-9.20381e-13,1.61735e-10,4.23953e-08,-6.05142e-12,9.84222e-12,-1.27512e-09
1602,1.602,0.52,1.28525,-0.297582,-1.57982,-2.22562e-14,9.73759e-14,0.777163,-5.24699e-14,8.51504e-14,-2.35698,-3.96304e-09,5.62035e-13,-9.10603e-13,1.60465e-10,4.19488e-08,-6.0321e-12,9.72142e-12,-1.26665e-09
1603,1.603,0.52,1.28525,-0.297582,-1.57982,-2.20196e-14,9.63381e-14,0.777163,-5.19109e-14,8.42446e-14,-2.35698,-3.92131e-09,5.56102e-13,-9.00899e-13,1.59202e-10,4.1507e-08,-5.95262e-12,9.63249e-12,-1.25754e-09
1604,1.604,0.52,1.28525,-0.297582,-1.57982,-2.17855e-14,9.53114e-14,0.777163,-5.13578e-14,8.33485e-14,-2.35698,-3.88002e-09,5.50184e-13,-8.91319e-13,1.57948e-10,4.10699e-08,-5.88567e-12,9.53335e-12,-1.248e-09
1605,1.605,0.52,1.28525,-0.297582,-1.57982,-2.15539e-14,9.42956e-14,0.777163,-5.08105e-14,8.24619e-14,-2.35698,-3.83917e-09,5.44321e-13,-8.81844e-13,1.56705e-10,4.06375e-08,-5.80146e-12,9.43938e-12,-1.23908e-09
1606,1.606,0.52,1.28525,-0.297582,-1.57982,-2.13248e-14,9.32906e-14,0.777163,-5.02691e-14,8.15848e-14,-2.35698,-3.79875e-09,5.3853e-13,-8.72471e-13,1.5547e-10,4.02096e-08,-5.76027e-12,9.33211e-12,-1.22939e-09
1607,1.607,0.52,1.28525,-0.297582,-1.57982,-2.10981e-14,9.22963e-14,0.777163,-4.97334e-14,8.07169e-14,-2.35698,-3.75875e-09,5.32775e-13,-8.63194e-13,1.54246e-10,3.97863e-08,-5.66585e-12,9.23993e-12,-1.22193e-09
1608,1.608,0.52,1.28525,-0.297582,-1.57982,-2.08738e-14,9.13126e-14,0.777163,-4.92035e-14,7.98584e-14,-2.35698,-3.71917e-09,5.27131e-13,-8.54003e-13,1.53028e-10,3.93675e-08,-5.66816e-12,9.1265e-12,-1.21325e-09
1609,1.609,0.52,1.28525,-0.297582,-1.57982,-2.06519e-14,9.03393e-14,0.777163,-4.86792e-14,7.90089e-14,-2.35698,-3.68001e-09,5.21534e-13,-8.44926e-13,1.51818e-10,3.89528e-08,-5.58713e-12,9.02821e-12,-1.20391e-09
1610,1.61,0.52,1.28525,-0.297582,-1.57982,-2.04324e-14,8.93764e-14,0.777163,-4.81604e-14,7.81685e-14,-2.35698,-3.64127e-09,5.15916e-13,-8.35949e-13,1.50619e-10,3.85427e-08,-5.48895e-12,8.94817e-12,-1.19668e-09
1611,1.611,0.52,1.28525,-0.297582,-1.57982,-2.02151e-14,8.84237e-14,0.777163,-4.76472e-14,7.7337e-14,-2.35698,-3.60293e-09,5.1044e-13,-8.27062e-13,1.49427e-10,3.81369e-08,-5.44838e-12,8.84616e-12,-1.18815e-09
1612,1.612,0.52,1.28525,-0.297582,-1.57982,-2.00002e-14,8.74812e-14,0.777163,-4.71395e-14,7.65143e-14,-2.35698,-3.56499e-09,5.05005e-13,-8.18274e-13,1.48242e-10,3.77353e-08,-5.41448e-12,8.75253e-12,-1.1789e-09
1613,1.613,0.52,1.28525,-0.297582,-1.57982,-1.97876e-14,8.65487e-14,0.777163,-4.66372e-14,7.57004e-14,-2.35698,-3.52746e-09,4.99629e-13,-8.09567e-13,1.47068e-10,3.73381e-08,-5.34392e-12,8.6627e-12,-1.17009e-09
1614,1.614,0.52,1.28525,-0.297582,-1.57982,-1.95772e-14,8.56261e-14,0.777163,-4.61402e-14,7.48952e-14,-2.35698,-3.49031e-09,4.94318e-13,-8.00951e-13,1.45902e-10,3.69447e-08,-5.28807e-12,8.55391e-12,-1.16203e-09
1615,1.615,0.52,1.28525,-0.297582,-1.57982,-1.9369e-14,8.47134e-14,0.777163,-4.56485e-14,7.40985e-14,-2.35698,-3.45356e-09,4.8905e-13,-7.92451e-13,1.44743e-10,3.65557e-08,-5.25431e-12,8.47061e-12,-1.15305e-09
1616,1.616,0.52,1.28525,-0.297582,-1.57982,-1.9163e-14,8.38103e-14,0.777163,-4.5162e-14,7.33103e-14,-2.35698,-3.4172e-09,4.83829e-13,-7.84016e-13,1.43595e-10,3.61708e-08,-5.15257e-12,8.39284e-12,-1.14602e-09
1617,1.617,0.52,1.28525,-0.297582,-1.57982,-1.89593e-14,8.29169e-14,0.777163,-4.46808e-14,7.25304e-14,-2.35698,-3.38122e-09,4.78686e-13,-7.75686e-13,1.42453e-10,3.57899e-08,-5.14638e-12,8.28996e-12,-1.13749e-09
1618,1.618,0.52,1.28525,-0.297582,-1.57982,-1.87577e-14,8.20329e-14,0.777163,-4.42046e-14,7.17589e-14,-2.35698,-3.34562e-09,4.73605e-13,-7.67423e-13,1.41319e-10,3.54131e-08,-5.07402e-12,8.20209e-12,-1.12986e-09
1619,1.619,0.52,1.28525,-0.297582,-1.57982,-1.85582e-14,8.11584e-14,0.777163,-4.37336e-14,7.09956e-14,-2.35698,-3.31039e-09,4.68592e-13,-7.59242e-13,1.40196e-10,3.50402e-08,-5.01816e-12,8.11525e-12,-1.12085e-09
1620,1.62,0.52,1.28525,-0.297582,-1.57982,-1.83608e-14,8.02932e-14,0.777163,-4.32675e-14,7.02403e-14,-2.35698,-3.27554e-09,4.63559e-13,-7.51193e-13,1.39079e-10,3.46712e-08,-4.95954e-12,8.03188e-12,-1.11215e-09
1621,1.621,0.52,1.28525,-0.297582,-1.57982,-1.81656e-14,7.94372e-14,0.777163,-4.28064e-14,6.94931e-14,-2.35698,-3.24105e-09,4.58608e-13,-7.43206e-13,1.37971e-10,3.43062e-08,-4.90511e-12,7.95561e-12,-1.10446e-09
1622,1.622,0.52,1.28525,-0.297582,-1.57982,-1.79724e-14,7.85903e-14,0.777163,-4.23503e-14,6.87539e-14,-2.35698,-3.20692e-09,4.5374e-13,-7.35294e-13,1.36869e-10,3.3945e-08,-4.85049e-12,7.8715e-12,-1.09561e-09
1623,1.623,0.52,1.28525,-0.297582,-1.57982,-1.77813e-14,7.77524e-14,0.777163,-4.1899e-14,6.80225e-14,-2.35698,-3.17316e-09,4.48879e-13,-7.27475e-13,1.35779e-10,3.35875e-08,-4.79303e-12,7.78261e-12,-1.0886e-09
1624,1.624,0.52,1.28525,-0.297582,-1.57982,-1.75921e-14,7.69234e-14,0.777163,-4.14524e-14,6.72989e-14,-2.35698,-3.13975e-09,4.4412e-13,-7.19721e-13,1.34694e-10,3.3234e-08,-4.74875e-12,7.6959e-12,-1.08166e-09
1625,1.625,0.52,1.28525,-0.297582,-1.57982,-1.7405e-14,7.61033e-14,0.777163,-4.10107e-14,6.65831e-14,-2.35698,-3.10669e-09,4.39384e-13,-7.1208e-13,1.33616e-10,3.2884e-08,-4.71661e-12,7.60654e-12,-1.07343e-09
1626,1.626,0.52,1.28525,-0.297582,-1.57982,-1.72199e-14,7.52919e-14,0.777163,-4.05737e-14,6.58748e-14,-2.35698,-3.07398e-09,4.34708e-13,-7.04514e-13,1.32546e-10,3.25377e-08,-4.6432e-12,7.5264e-12,-1.06589e-09
1627,1.627,0.52,1.28525,-0.297582,-1.57982,-1.70368e-14,7.44891e-14,0.777163,-4.01413e-14,6.5174e-14,-2.35698,-3.04161e-09,4.30097e-13,-6.97016e-13,1.31484e-10,3.21951e-08,-4.62773e-12,7.44568e-12,-1.05742e-09
1628,1.628,0.52,1.28525,-0.297582,-1.57982,-1.68555e-14,7.36948e-14,0.777163,-3.97135e-14,6.44807e-14,-2.35698,-3.00959e-09,4.25502e-13,-6.89612e-13,1.30431e-10,3.18561e-08,-4.56178e-12,7.37503e-12,-1.05042e-09
1629,1.629,0.52,1.28525,-0.297582,-1.57982,-1.66762e-14,7.2909e-14,0.777163,-3.92903e-14,6.37948e-14,-2.35698,-2.9779e-09,4.20948e-13,-6.82281e-13,1.29385e-10,3.15207e-08,-4.53613e-12,7.28081e-12,-1.04344e-09
1630,1.63,0.52,1.28525,-0.297582,-1.57982,-1.64988e-14,7.21316e-14,0.777163,-3.88716e-14,6.31161e-14,-2.35698,-2.94655e-09,4.16465e-13,-6.75026e-13,1.28345e-10,3.11887e-08,-4.47007e-12,7.21503e-12,-1.03512e-09
1631,1.631,0.52,1.28525,-0.297582,-1.57982,-1.63233e-14,7.13624e-14,0.777163,-3.84573e-14,6.24447e-14,-2.35698,-2.91552e-09,4.12033e-13,-6.67845e-13,1.27314e-10,3.08603e-08,-4.3894e-12,7.14417e-12,-1.0276e-09
1632,1.632,0.52,1.28525,-0.297582,-1.57982,-1.61496e-14,7.06014e-14,0.777163,-3.80475e-14,6.17804e-14,-2.35698,-2.88482e-09,4.07659e-13,-6.60746e-13,1.26289e-10,3.05353e-08,-4.39276e-12,7.04944e-12,-1.0204e-09
1633,1.633,0.52,1.28525,-0.297582,-1.57982,-1.59778e-14,6.98486e-14,0.777163,-3.7642e-14,6.11231e-14,-2.35698,-2.85445e-09,4.03315e-13,-6.53728e-13,1.25273e-10,3.02138e-08,-4.29953e-12,6.99825e-12,-1.01214e-09
1634,1.634,0.52,1.28525,-0.297582,-1.57982,-1.58078e-14,6.91037e-14,0.777163,-3.72409e-14,6.04729e-14,-2.35698,-2.82439e-09,3.99007e-13,-6.46767e-13,1.24265e-10,2.98957e-08,-4.26369e-12,6.91919e-12,-1.00519e-09
1635,1.635,0.52,1.28525,-0.297582,-1.57982,-1.56396e-14,6.83667e-14,0.777163,-3.6844e-14,5.98296e-14,-2.35698,-2.79466e-09,3.94743e-13,-6.39894e-13,1.23264e-10,2.95809e-08,-4.21113e-12,6.84581e-12,-9.98219e-10
1636,1.636,0.52,1.28525,-0.297582,-1.57982,-1.54732e-14,6.76376e-14,0.777163,-3.64513e-14,5.91931e-14,-2.35698,-2.76523e-09,3.90564e-13,-6.33085e-13,1.2227e-10,2.92696e-08,-4.2313e-12,6.75084e-12,-9.89868e-10
1637,1.637,0.52,1.28525,-0.297582,-1.57982,-1.53085e-14,6.69163e-14,0.777163,-3.60628e-14,5.85634e-14,-2.35698,-2.73612e-09,3.86396e-13,-6.26351e-13,1.21284e-10,2.89612e-08,-4.14554e-12,6.69389e-12,-9.82224e-10
1638,1.638,0.52,1.28525,-0.297582,-1.57982,-1.51456e-14,6.62026e-14,0.777163,-3.56785e-14,5.79404e-14,-2.35698,-2.70731e-09,3.82292e-13,-6.19692e-13,1.20305e-10,2.86564e-08,-4.09144e-12,6.63361e-12,-9.75023e-10
1639,1.639,0.52,1.28525,-0.297582,-1.57982,-1.49844e-14,6.54965e-14,0.777163,-3.52983e-14,5.7324e-14,-2.35698,-2.6788e-09,3.78234e-13,-6.13093e-13,1.19333e-10,2.83547e-08,-4.07797e-12,6.54771e-12,-9.68051e-10
1640,1.64,0.52,1.28525,-0.297582,-1.57982,-1.4825e-14,6.4798e-14,0.777163,-3.49221e-14,5.67141e-14,-2.35698,-2.6506e-09,3.74175e-13,-6.06576e-13,1.18368e-10,2.80561e-08,-4.00493e-12,6.49573e-12,-9.61424e-10
1641,1.641,0.52,1.28525,-0.297582,-1.57982,-1.46672e-14,6.41068e-14,0.777163,-3.45499e-14,5.61108e-14,-2.35698,-2.62269e-09,3.70169e-13,-6.0014e-13,1.1741e-10,2.77607e-08,-3.93197e-12,6.43141e-12,-9.53304e-10
1642,1.642,0.52,1.28525,-0.297582,-1.57982,-1.45111e-14,6.34231e-14,0.777163,-3.41817e-14,5.55139e-14,-2.35698,-2.59508e-09,3.66247e-13,-5.93745e-13,1.1646e-10,2.74684e-08,-3.91502e-12,6.35931e-12,-9.45805e-10
1643,1.643,0.52,1.28525,-0.297582,-1.57982,-1.43567e-14,6.27466e-14,0.777163,-3.38174e-14,5.49233e-14,-2.35698,-2.56775e-09,3.62404e-13,-5.87405e-13,1.15518e-10,2.71792e-08,-3.91721e-12,6.26658e-12,-9.38637e-10
1644,1.644,0.52,1.28525,-0.297582,-1.57982,-1.42039e-14,6.20773e-14,0.777163,-3.3457e-14,5.4339e-14,-2.35698,-2.54072e-09,3.58524e-13,-5.81168e-13,1.14582e-10,2.68929e-08,-3.87991e-12,6.20411e-12,-9.31715e-10
1645,1.645,0.52,1.28525,-0.297582,-1.57982,-1.40527e-14,6.14151e-14,0.777163,-3.31004e-14,5.37609e-14,-2.35698,-2.51396e-09,3.54653e-13,-5.74993e-13,1.13655e-10,2.66097e-08,-3.76968e-12,6.15843e-12,-9.2556e-10
1646,1.646,0.52,1.28525,-0.297582,-1.57982,-1.39031e-14,6.076e-14,0.777163,-3.27476e-14,5.3189e-14,-2.35698,-2.4875e-09,3.5087e-13,-5.68877e-13,1.12733e-10,2.63297e-08,-3.75416e-12,6.08098e-12,-9.19026e-10
1647,1.647,0.52,1.28525,-0.297582,-1.57982,-1.37552e-14,6.01118e-14,0.777163,-3.23986e-14,5.26231e-14,-2.35698,-2.4613e-09,3.47143e-13,-5.62828e-13,1.11818e-10,2.60522e-08,-3.7194e-12,6.01316e-12,-9.12489e-10
1648,1.648,0.52,1.28525,-0.297582,-1.57982,-1.36088e-14,5.94706e-14,0.777163,-3.20533e-14,5.20633e-14,-2.35698,-2.43539e-09,3.43453e-13,-5.56837e-13,1.10909e-10,2.5778e-08,-3.68997e-12,5.9499e-12,-9.05977e-10
1649,1.649,0.52,1.28525,-0.297582,-1.57982,-1.34639e-14,5.88362e-14,0.777163,-3.17116e-14,5.15095e-14,-2.35698,-2.40975e-09,3.39786e-13,-5.50921e-13,1.10007e-10,2.55067e-08,-3.64461e-12,5.88473e-12,-8.99474e-10
1650,1.65,0.52,1.28525,-0.297582,-1.57982,-1.33206e-14,5.82085e-14,0.777163,-3.13737e-14,5.09615e-14,-2.35698,-2.38438e-09,3.3617e-13,-5.45062e-13,1.09111e-10,2.5238e-08,-3.58003e-12,5.82905e-12,-8.92961e-10
1651,1.651,0.52,1.28525,-0.297582,-1.57982,-1.31788e-14,5.75875e-14,0.777163,-3.10393e-14,5.04193e-14,-2.35698,-2.35927e-09,3.32611e-13,-5.3926e-13,1.08222e-10,2.49722e-08,-3.57992e-12,5.74818e-12,-8.86422e-10
1652,1.652,0.52,1.28525,-0.297582,-1.57982,-1.30385e-14,5.69731e-14,0.777163,-3.07084e-14,4.98829e-14,-2.35698,-2.33443e-09,3.29068e-13,-5.33529e-13,1.07339e-10,2.47094e-08,-3.55294e-12,5.68744e-12,-8.7989e-10
1653,1.653,0.52,1.28525,-0.297582,-1.57982,-1.28996e-14,5.63652e-14,0.777163,-3.03811e-14,4.93522e-14,-2.35698,-2.30985e-09,3.25517e-13,-5.27875e-13,1.06463e-10,2.44491e-08,-3.49839e-12,5.63969e-12,-8.73295e-10
1654,1.654,0.52,1.28525,-0.297582,-1.57982,-1.27623e-14,5.57638e-14,0.777163,-3.00574e-14,4.88272e-14,-2.35698,-2.28553e-09,3.22059e-13,-5.22265e-13,1.05593e-10,2.41917e-08,-3.38494e-12,5.60687e-12,-8.66736e-10
1655,1.655,0.52,1.28525,-0.297582,-1.57982,-1.26263e-14,5.51689e-14,0.777163,-2.9737e-14,4.83077e-14,-2.35698,-2.26147e-09,3.18659e-13,-5.16695e-13,1.04731e-10,2.39371e-08,-3.41498e-12,5.51932e-12,-8.60123e-10
1656,1.656,0.52,1.28525,-0.297582,-1.57982,-1.24919e-14,5.45802e-14,0.777163,-2.942e-14,4.77937e-14,-2.35698,-2.23766e-09,3.15222e-13,-5.11225e-13,1.03874e-10,2.3685e-08,-3.3598e-12,5.46924e-12,-8.5345e-10
1657,1.657,0.52,1.28525,-0.297582,-1.57982,-1.23589e-14,5.39978e-14,0.777163,-2.91065e-14,4.72852e-14,-2.35698,-2.2141e-09,3.11925e-13,-5.05762e-13,1.03025e-10,2.34356e-08,-3.32767e-12,5.40826e-12,-8.46823e-10
1658,1.658,0.52,1.28525,-0.297582,-1.57982,-1.22272e-14,5.34216e-14,0.777163,-2.87962e-14,4.67822e-14,-2.35698,-2.19078e-09,3.0858e-13,-5.00396e-13,1.0218e-10,2.31889e-08,-3.28969e-12,5.35862e-12,-8.39522e-10
1659,1.659,0.52,1.28525,-0.297582,-1.57982,-1.2097e-14,5.28515e-14,0.777163,-2.84893e-14,4.62844e-14,-2.35698,-2.16772e-09,3.05311e-13,-4.9507e-13,1.01343e-10,2.29447e-08,-3.26373e-12,5.30128e-12,-8.32727e-10
1660,1.66,0.52,1.28525,-0.297582,-1.57982,-1.19682e-14,5.22875e-14,0.777163,-2.81856e-14,4.5792e-14,-2.35698,-2.14489e-09,3.02031e-13,-4.89813e-13,1.00514e-10,2.27031e-08,-3.24229e-12,5.23559e-12,-8.25929e-10
1661,1.661,0.52,1.28525,-0.297582,-1.57982,-1.18407e-14,5.17295e-14,0.777163,-2.78852e-14,4.53048e-14,-2.35698,-2.12231e-09,2.98816e-13,-4.84596e-13,9.96905e-11,2.24641e-08,-3.20132e-12,5.18563e-12,-8.1909e-10
1662,1.662,0.52,1.28525,-0.297582,-1.57982,-1.17146e-14,5.11774e-14,0.777163,-2.75879e-14,4.48228e-14,-2.35698,-2.09996e-09,2.9566e-13,-4.79429e-13,9.88743e-11,2.22275e-08,-3.19037e-12,5.11899e-12,-8.13925e-10
1663,1.663,0.52,1.28525,-0.297582,-1.57982,-1.15898e-14,5.06312e-14,0.777163,-2.72939e-14,4.43459e-14,-2.35698,-2.07785e-09,2.9252e-13,-4.74326e-13,9.80634e-11,2.19935e-08,-3.15774e-12,5.06586e-12,-8.08164e-10
1664,1.664,0.52,1.28525,-0.297582,-1.57982,-1.14664e-14,5.00909e-14,0.777163,-2.7003e-14,4.38741e-14,-2.35698,-2.05598e-09,2.89361e-13,-4.69292e-13,9.72584e-11,2.17619e-08,-3.10501e-12,5.01271e-12,-8.02073e-10
1665,1.665,0.52,1.28525,-0.297582,-1.57982,-1.13442e-14,4.95562e-14,0.777163,-2.67151e-14,4.34073e-14,-2.35698,-2.03433e-09,2.8626e-13,-4.643e-13,9.64599e-11,2.15328e-08,-3.08168e-12,4.96182e-12,-7.95838e-10
1666,1.666,0.52,1.28525,-0.297582,-1.57982,-1.12234e-14,4.90273e-14,0.777163,-2.64304e-14,4.29455e-14,-2.35698,-2.01291e-09,2.83204e-13,-4.59368e-13,9.56673e-11,2.1306e-08,-3.02191e-12,4.91495e-12,-7.89215e-10
1667,1.667,0.52,1.28525,-0.297582,-1.57982,-1.11038e-14,4.8504e-14,0.777163,-2.61487e-14,4.24886e-14,-2.35698,-1.99172e-09,2.80189e-13,-4.54475e-13,9.48813e-11,2.10817e-08,-3.01222e-12,4.85211e-12,-7.84126e-10
1668,1.668,0.52,1.28525,-0.297582,-1.57982,-1.09855e-14,4.79863e-14,0.777163,-2.587e-14,4.20365e-14,-2.35698,-1.97075e-09,2.77214e-13,-4.49643e-13,9.41005e-11,2.08597e-08,-2.96291e-12,4.80128e-12,-7.78389e-10
1669,1.669,0.52,1.28525,-0.297582,-1.57982,-1.08684e-14,4.74741e-14,0.777163,-2.55942e-14,4.15893e-14,-2.35698,-1.95e-09,2.74275e-13,-4.4486e-13,9.3324e-11,2.06399e-08,-2.94609e-12,4.74922e-12,-7.71639e-10
1670,1.67,0.52,1.28525,-0.297582,-1.57982,-1.07526e-14,4.69673e-14,0.777163,-2.53214e-14,4.11468e-14,-2.35698,-1.92947e-09,2.71344e-13,-4.40129e-13,9.2555e-11,2.04227e-08,-2.92947e-12,4.70105e-12,-7.65154e-10
1671,1.671,0.52,1.28525,-0.297582,-1.57982,-1.0638e-14,4.6466e-14,0.777163,-2.50515e-14,4.0709e-14,-2.35698,-1.90915e-09,2.68443e-13,-4.35455e-13,9.17928e-11,2.02076e-08,-2.83935e-12,4.66576e-12,-7.60137e-10
1672,1.672,0.52,1.28525,-0.297582,-1.57982,-1.05246e-14,4.597e-14,0.777163,-2.47845e-14,4.02758e-14,-2.35698,-1.88905e-09,2.65591e-13,-4.30819e-13,9.10356e-11,1.99948e-08,-2.833e-12,4.61323e-12,-7.54417e-10
1673,1.673,0.52,1.28525,-0.297582,-1.57982,-1.04124e-14,4.54792e-14,0.777163,-2.45204e-14,3.98473e-14,-2.35698,-1.86916e-09,2.62761e-13,-4.26238e-13,9.02843e-11,1.97841e-08,-2.81194e-12,4.55802e-12,-7.48269e-10
1674,1.674,0.52,1.28525,-0.297582,-1.57982,-1.03014e-14,4.49937e-14,0.777163,-2.4259e-14,3.94234e-14,-2.35698,-1.84948e-09,2.59939e-13,-4.21709e-13,8.95397e-11,1.95758e-08,-2.78906e-12,4.5151e-12,-7.41976e-10
1675,1.675,0.52,1.28525,-0.297582,-1.57982,-1.01916e-14,4.45133e-14,0.777163,-2.40005e-14,3.90039e-14,-2.35698,-1.83001e-09,2.57142e-13,-4.17231e-13,8.88009e-11,1.93697e-08,-2.71858e-12,4.4793e-12,-7.36887e-10
1676,1.676,0.52,1.28525,-0.297582,-1.57982,-1.00829e-14,4.40381e-14,0.777163,-2.37447e-14,3.85889e-14,-2.35698,-1.81074e-09,2.5443e-13,-4.12794e-13,8.80657e-11,1.91657e-08,-2.72003e-12,4.41904e-12,-7.30481e-10
1677,1.677,0.52,1.28525,-0.297582,-1.57982,-9.97544e-15,4.35679e-14,0.777163,-2.34916e-14,3.81783e-14,-2.35698,-1.79168e-09,2.51729e-13,-4.08394e-13,8.73379e-11,1.8964e-08,-2.6696e-12,4.38279e-12,-7.24162e-10
1678,1.678,0.52,1.28525,-0.297582,-1.57982,-9.86909e-15,4.31027e-14,0.777163,-2.32412e-14,3.77721e-14,-2.35698,-1.77281e-09,2.49072e-13,-4.04043e-13,8.66165e-11,1.87644e-08,-2.66973e-12,4.33137e-12,-7.19235e-10
1679,1.679,0.52,1.28525,-0.297582,-1.57982,-9.76387e-15,4.26425e-14,0.777163,-2.29934e-14,3.73702e-14,-2.35698,-1.75415e-09,2.46398e-13,-3.99738e-13,8.59005e-11,1.85668e-08,-2.65503e-12,4.27182e-12,-7.13639e-10
1680,1.68,0.52,1.28525,-0.297582,-1.57982,-9.65979e-15,4.21872e-14,0.777163,-2.27483e-14,3.69726e-14,-2.35698,-1.73568e-09,2.43748e-13,-3.95488e-13,8.51898e-11,1.83715e-08,-2.58617e-12,4.23453e-12,-7.09036e-10
1681,1.681,0.52,1.28525,-0.297582,-1.57982,-9.55678e-15,4.17367e-14,0.777163,-2.25059e-14,3.65792e-14,-2.35698,-1.7174e-09,2.41195e-13,-3.91272e-13,8.44824e-11,1.8178e-08,-2.58449e-12,4.18654e-12,-7.02934e-10
1682,1.682,0.52,1.28525,-0.297582,-1.57982,-9.45489e-15,4.1291e-14,0.777163,-2.2266e-14,3.619e-14,-2.35698,-1.69932e-09,2.38637e-13,-3.87106e-13,8.3782e-11,1.79866e-08,-2.55742e-12,4.15041e-12,-6.96772e-10
1683,1.683,0.52,1.28525,-0.297582,-1.57982,-9.35408e-15,4.08501e-14,0.777163,-2.20286e-14,3.5805e-14,-2.35698,-1.68143e-09,2.36093e-13,-3.8298e-13,8.3088e-11,1.77972e-08,-2.56249e-12,4.08482e-12,-6.91937e-10
1684,1.684,0.52,1.28525,-0.297582,-1.57982,-9.25436e-15,4.04138e-14,0.777163,-2.17938e-14,3.54241e-14,-2.35698,-1.66373e-09,2.33568e-13,-3.78901e-13,8.23993e-11,1.76096e-08,-2.49011e-12,4.05936e-12,-6.86349e-10
1685,1.685,0.52,1.28525,-0.297582,-1.57982,-9.1557e-15,3.99822e-14,0.777163,-2.15615e-14,3.50472e-14,-2.35698,-1.64621e-09,2.31094e-13,-3.74871e-13,8.17159e-11,1.74244e-08,-2.47471e-12,4.01357e-12,-6.81728e-10
1686,1.686,0.52,1.28525,-0.297582,-1.57982,-9.05809e-15,3.95552e-14,0.777163,-2.13316e-14,3.46743e-14,-2.35698,-1.62888e-09,2.28631e-13,-3.70894e-13,8.10357e-11,1.72408e-08,-2.47159e-12,3.96088e-12,-6.75581e-10
1687,1.687,0.52,1.28525,-0.297582,-1.57982,-8.96151e-15,3.91327e-14,0.777163,-2.11042e-14,3.43054e-14,-2.35698,-1.61173e-09,2.26173e-13,-3.66949e-13,8.03627e-11,1.70592e-08,-2.41407e-12,3.92071e-12,-6.71038e-10
1688,1.688,0.52,1.28525,-0.297582,-1.57982,-8.8659e-15,3.87148e-14,0.777163,-2.08793e-14,3.39404e-14,-2.35698,-1.59476e-09,2.23783e-13,-3.63051e-13,7.96945e-11,1.68797e-08,-2.44678e-12,3.85701e-12,-6.65566e-10
1689,1.689,0.52,1.28525,-0.297582,-1.57982,-8.77136e-15,3.83012e-14,0.777163,-2.06567e-14,3.35793e-14,-2.35698,-1.57797e-09,2.21374e-13,-3.59195e-13,7.90324e-11,1.67021e-08,-2.36217e-12,3.8435e-12,-6.61287e-10
1690,1.69,0.52,1.28525,-0.297582,-1.57982,-8.6778e-15,3.78921e-14,0.777163,-2.04365e-14,3.3222e-14,-2.35698,-1.56135e-09,2.19031e-13,-3.55373e-13,7.83727e-11,1.65262e-08,-2.34909e-12,3.80706e-12,-6.55144e-10
1691,1.691,0.52,1.28525,-0.297582,-1.57982,-8.58524e-15,3.74873e-14,0.777163,-2.02186e-14,3.28685e-14,-2.35698,-1.54491e-09,2.16711e-13,-3.51585e-13,7.77201e-11,1.63521e-08,-2.31549e-12,3.76115e-12,-6.50598e-10
1692,1.692,0.52,1.28525,-0.297582,-1.57982,-8.49366e-15,3.70868e-14,0.777163,-2.0003e-14,3.25188e-14,-2.35698,-1.52865e-09,2.14392e-13,-3.47848e-13,7.70727e-11,1.618e-08,-2.3129e-12,3.70795e-12,-6.45174e-10
1693,1.693,0.52,1.28525,-0.297582,-1.57982,-8.40307e-15,3.66906e-14,0.777163,-1.97898e-14,3.21728e-14,-2.35698,-1.51255e-09,2.12105e-13,-3.44152e-13,7.64304e-11,1.60096e-08,-2.27942e-12,3.67592e-12,-6.40575e-10
1694,1.694,0.52,1.28525,-0.297582,-1.57982,-8.31341e-15,3.62987e-14,0.777163,-1.95788e-14,3.18305e-14,-2.35698,-1.49663e-09,2.09851e-13,-3.40493e-13,7.57914e-11,1.5841e-08,-2.25865e-12,3.643e-12,-6.3445e-10
1695,1.695,0.52,1.28525,-0.297582,-1.57982,-8.22471e-15,3.59108e-14,0.777163,-1.93701e-14,3.14918e-14,-2.35698,-1.48087e-09,2.07583e-13,-3.36881e-13,7.51595e-11,1.56741e-08,-2.23019e-12,3.6102e-12,-6.29858e-10
1696,1.696,0.52,1.28525,-0.297582,-1.57982,-8.13693e-15,3.55272e-14,0.777163,-1.91636e-14,3.11567e-14,-2.35698,-1.46528e-09,2.05379e-13,-3.3329e-13,7.45328e-11,1.55091e-08,-2.19331e-12,3.56071e-12,-6.26068e-10
1697,1.697,0.52,1.28525,-0.297582,-1.57982,-8.05011e-15,3.51476e-14,0.777163,-1.89593e-14,3.08252e-14,-2.35698,-1.44985e-09,2.03189e-13,-3.29744e-13,7.39081e-11,1.53459e-08,-2.16149e-12,3.52742e-12,-6.20265e-10
1698,1.698,0.52,1.28525,-0.297582,-1.57982,-7.96418e-15,3.4772e-14,0.777163,-1.87572e-14,3.04972e-14,-2.35698,-1.43459e-09,2.01066e-13,-3.26222e-13,7.32903e-11,1.51841e-08,-2.15426e-12,3.48922e-12,-6.15904e-10
1699,1.699,0.52,1.28525,-0.297582,-1.57982,-7.87919e-15,3.44004e-14,0.777163,-1.85572e-14,3.01727e-14,-2.35698,-1.41948e-09,1.98868e-13,-3.22777e-13,7.26775e-11,1.50244e-08,-2.14661e-12,3.44915e-12,-6.10612e-10
1700,1.7,0.52,1.28525,-0.297582,-1.57982,-7.79507e-15,3.40328e-14,0.777163,-1.83594e-14,2.98517e-14,-2.35698,-1.40454e-09,1.96766e-13,-3.19334e-13,7.20698e-11,1.4866e-08,-2.09913e-12,3.41721e-12,-6.06064e-10
1701,1.701,0.52,1.28525,-0.297582,-1.57982,-7.71184e-15,3.36691e-14,0.777163,-1.81637e-14,2.95341e-14,-2.35698,-1.38975e-09,1.9468e-13,-3.15937e-13,7.14653e-11,1.47095e-08,-2.08198e-12,3.37496e-12,-6.01526e-10
1702,1.702,0.52,1.28525,-0.297582,-1.57982,-7.62951e-15,3.33093e-14,0.777163,-1.79701e-14,2.92198e-14,-2.35698,-1.37512e-09,1.92623e-13,-3.12574e-13,7.08664e-11,1.45547e-08,-2.04253e-12,3.35065e-12,-5.96332e-10
1703,1.703,0.52,1.28525,-0.297582,-1.57982,-7.54806e-15,3.29533e-14,0.777163,-1.77785e-14,2.89089e-14,-2.35698,-1.36064e-09,1.90545e-13,-3.09255e-13,7.02734e-11,1.44016e-08,-1.99987e-12,3.32101e-12,-5.9217e-10
1704,1.704,0.52,1.28525,-0.297582,-1.57982,-7.46748e-15,3.26011e-14,0.777163,-1.7589e-14,2.86013e-14,-2.35698,-1.34631e-09,1.88539e-13,-3.05958e-13,6.96828e-11,1.42499e-08,-2.02447e-12,3.26306e-12,-5.8774e-10
1705,1.705,0.52,1.28525,-0.297582,-1.57982,-7.38776e-15,3.22526e-14,0.777163,-1.74014e-14,2.8297e-14,-2.35698,-1.33214e-09,1.86509e-13,-3.02711e-13,6.90977e-11,1.41e-08,-1.99101e-12,3.24064e-12,-5.82521e-10
1706,1.706,0.52,1.28525,-0.297582,-1.57982,-7.30886e-15,3.19079e-14,0.777163,-1.72159e-14,2.79959e-14,-2.35698,-1.31811e-09,1.84529e-13,-2.99489e-13,6.85185e-11,1.39516e-08,-2.02105e-12,3.18049e-12,-5.78338e-10
1707,1.707,0.52,1.28525,-0.297582,-1.57982,-7.2308e-15,3.15668e-14,0.777163,-1.70324e-14,2.7698e-14,-2.35698,-1.30424e-09,1.82549e-13,-2.96318e-13,6.79417e-11,1.38047e-08,-1.96909e-12,3.1603e-12,-5.73866e-10
1708,1.708,0.52,1.28525,-0.297582,-1.57982,-7.15355e-15,3.12294e-14,0.777163,-1.68508e-14,2.74032e-14,-2.35698,-1.2905e-09,1.80612e-13,-2.93162e-13,6.73705e-11,1.36594e-08,-1.92588e-12,3.14224e-12,-5.68629e-10
1709,1.709,0.52,1.28525,-0.297582,-1.57982,-7.07713e-15,3.08955e-14,0.777163,-1.66712e-14,2.71116e-14,-2.35698,-1.27692e-09,1.787e-13,-2.90039e-13,6.68036e-11,1.35156e-08,-1.94466e-12,3.08978e-12,-5.63811e-10
1710,1.71,0.52,1.28525,-0.297582,-1.57982,-7.00153e-15,3.05652e-14,0.777163,-1.64934e-14,2.68231e-14,-2.35698,-1.26347e-09,1.7679e-13,-2.8696e-13,6.62421e-11,1.33733e-08,-1.89999e-12,3.07385e-12,-5.59805e-10
1711,1.711,0.52,1.28525,-0.297582,-1.57982,-6.92671e-15,3.02384e-14,0.777163,-1.63176e-14,2.65377e-14,-2.35698,-1.25017e-09,1.74869e-13,-2.83918e-13,6.56853e-11,1.32325e-08,-1.86522e-12,3.03111e-12,-5.56316e-10
1712,1.712,0.52,1.28525,-0.297582,-1.57982,-6.8527e-15,2.99151e-14,0.777163,-1.61436e-14,2.62553e-14,-2.35698,-1.23701e-09,1.73005e-13,-2.809e-13,6.51302e-11,1.30931e-08,-1.86359e-12,3.00186e-12,-5.50666e-10
1713,1.713,0.52,1.28525,-0.297582,-1.57982,-6.77945e-15,2.95952e-14,0.777163,-1.59715e-14,2.59759e-14,-2.35698,-1.22398e-09,1.71203e-13,-2.77892e-13,6.4582e-11,1.29551e-08,-1.83739e-12,2.98197e-12,-5.46331e-10
1714,1.714,0.52,1.28525,-0.297582,-1.57982,-6.70699e-15,2.92788e-14,0.777163,-1.58013e-14,2.56995e-14,-2.35698,-1.2111e-09,1.69351e-13,-2.74945e-13,6.40388e-11,1.28188e-08,-1.79076e-12,2.94588e-12,-5.42653e-10
1715,1.715,0.52,1.28525,-0.297582,-1.57982,-6.63532e-15,2.89657e-14,0.777163,-1.56328e-14,2.5426e-14,-2.35698,-1.19834e-09,1.67575e-13,-2.72015e-13,6.34975e-11,1.26839e-08,-1.80213e-12,2.90287e-12,-5.38497e-10
1716,1.716,0.52,1.28525,-0.297582,-1.57982,-6.56441e-15,2.86559e-14,0.777163,-1.54661e-14,2.51554e-14,-2.35698,-1.18573e-09,1.65776e-13,-2.69128e-13,6.29616e-11,1.25503e-08,-1.78449e-12,2.88093e-12,-5.33452e-10
1717,1.717,0.52,1.28525,-0.297582,-1.57982,-6.49424e-15,2.83494e-14,0.777163,-1.53012e-14,2.48877e-14,-2.35698,-1.17324e-09,1.63975e-13,-2.66267e-13,6.24298e-11,1.24182e-08,-1.7475e-12,2.85313e-12,-5.28702e-10
1718,1.718,0.52,1.28525,-0.297582,-1.57982,-6.4248e-15,2.80462e-14,0.777163,-1.51381e-14,2.46229e-14,-2.35698,-1.16089e-09,1.62283e-13,-2.63418e-13,6.19033e-11,1.22874e-08,-1.719e-12,2.82763e-12,-5.24738e-10
1719,1.719,0.52,1.28525,-0.297582,-1.57982,-6.35614e-15,2.77463e-14,0.777163,-1.49767e-14,2.43609e-14,-2.35698,-1.14867e-09,1.60542e-13,-2.60613e-13,6.13815e-11,1.2158e-08,-1.7137e-12,2.78475e-12,-5.21253e-10
1720,1.72,0.52,1.28525,-0.297582,-1.57982,-6.28819e-15,2.74495e-14,0.777163,-1.4817e-14,2.41017e-14,-2.35698,-1.13657e-09,1.58836e-13,-2.57838e-13,6.08616e-11,1.203e-08,-1.70795e-12,2.75936e-12,-5.17205e-10
1721,1.721,0.52,1.28525,-0.297582,-1.57982,-6.22098e-15,2.71558e-14,0.777163,-1.4659e-14,2.38452e-14,-2.35698,-1.12461e-09,1.5712e-13,-2.55103e-13,6.03472e-11,1.19032e-08,-1.68808e-12,2.72494e-12,-5.12356e-10
1722,1.722,0.52,1.28525,-0.297582,-1.57982,-6.15447e-15,2.68653e-14,0.777163,-1.45027e-14,2.35915e-14,-2.35698,-1.11277e-09,1.55445e-13,-2.52392e-13,5.9836e-11,1.17779e-08,-1.66355e-12,2.71313e-12,-5.07414e-10
1723,1.723,0.52,1.28525,-0.297582,-1.57982,-6.08865e-15,2.65779e-14,0.777163,-1.43481e-14,2.33404e-14,-2.35698,-1.10105e-09,1.53782e-13,-2.49708e-13,5.93308e-11,1.16538e-08,-1.67599e-12,2.66498e-12,-5.0349e-10
1724,1.724,0.52,1.28525,-0.297582,-1.57982,-6.02351e-15,2.62936e-14,0.777163,-1.41952e-14,2.3092e-14,-2.35698,-1.08946e-09,1.52128e-13,-2.47052e-13,5.88286e-11,1.15311e-08,-1.63644e-12,2.6404e-12,-4.99436e-10
1725,1.725,0.52,1.28525,-0.297582,-1.57982,-5.95906e-15,2.60123e-14,0.777163,-1.40439e-14,2.28463e-14,-2.35698,-1.07799e-09,1.5051e-13,-2.44421e-13,5.83312e-11,1.14097e-08,-1.5963e-12,2.62234e-12,-4.95846e-10
1726,1.726,0.52,1.28525,-0.297582,-1.57982,-5.8953e-15,2.5734e-14,0.777163,-1.38942e-14,2.26032e-14,-2.35698,-1.06664e-09,1.48905e-13,-2.41811e-13,5.78382e-11,1.12897e-08,-1.61751e-12,2.56998e-12,-4.92654e-10
1727,1.727,0.52,1.28525,-0.297582,-1.57982,-5.83222e-15,2.54587e-14,0.777163,-1.3746e-14,2.23627e-14,-2.35698,-1.05541e-09,1.47309e-13,-2.39247e-13,5.73468e-11,1.11707e-08,-1.58024e-12,2.55736e-12,-4.88792e-10
1728,1.728,0.52,1.28525,-0.297582,-1.57982,-5.76982e-15,2.51863e-14,0.777163,-1.35995e-14,2.21247e-14,-2.35698,-1.0443e-09,1.45775e-13,-2.36688e-13,5.68608e-11,1.10531e-08,-1.55641e-12,2.52727e-12,-4.85652e-10
1729,1.729,0.52,1.28525,-0.297582,-1.57982,-5.70807e-15,2.49167e-14,0.777163,-1.34545e-14,2.18893e-14,-2.35698,-1.0333e-09,1.44226e-13,-2.34178e-13,5.63763e-11,1.09368e-08,-1.53772e-12,2.50836e-12,-4.8019e-10
1730,1.73,0.52,1.28525,-0.297582,-1.57982,-5.64699e-15,2.46501e-14,0.777163,-1.33111e-14,2.16563e-14,-2.35698,-1.02242e-09,1.42673e-13,-2.31689e-13,5.58985e-11,1.08216e-08,-1.53938e-12,2.48088e-12,-4.75926e-10
1731,1.731,0.52,1.28525,-0.297582,-1.57982,-5.58657e-15,2.43863e-14,0.777163,-1.31691e-14,2.14259e-14,-2.35698,-1.01166e-09,1.4117e-13,-2.2922e-13,5.5424e-11,1.07077e-08,-1.52986e-12,2.44651e-12,-4.71618e-10
1732,1.732,0.52,1.28525,-0.297582,-1.57982,-5.52677e-15,2.41253e-14,0.777163,-1.30287e-14,2.11979e-14,-2.35698,-1.00101e-09,1.3964e-13,-2.2679e-13,5.49545e-11,1.05949e-08,-1.48557e-12,2.42864e-12,-4.67859e-10
1733,1.733,0.52,1.28525,-0.297582,-1.57982,-5.4676e-15,2.38671e-14,0.777163,-1.28898e-14,2.09723e-14,-2.35698,-9.90469e-10,1.38143e-13,-2.24377e-13,5.4488e-11,1.04834e-08,-1.49338e-12,2.40523e-12,-4.63889e-10
1734,1.734,0.52,1.28525,-0.297582,-1.57982,-5.40906e-15,2.36116e-14,0.777163,-1.27524e-14,2.07491e-14,-2.35698,-9.80041e-10,1.36685e-13,-2.21987e-13,5.40261e-11,1.0373e-08,-1.46124e-12,2.3805e-12,-4.60347e-10
1735,1.735,0.52,1.28525,-0.297582,-1.57982,-5.35114e-15,2.33588e-14,0.777163,-1.26165e-14,2.05283e-14,-2.35698,-9.69722e-10,1.35203e-13,-2.19626e-13,5.35669e-11,1.02638e-08,-1.45178e-12,2.3531e-12,-4.56574e-10
1736,1.736,0.52,1.28525,-0.297582,-1.57982,-5.29384e-15,2.31088e-14,0.777163,-1.2482e-14,2.03099e-14,-2.35698,-9.59513e-10,1.33817e-13,-2.17269e-13,5.31123e-11,1.01558e-08,-1.45092e-12,2.32918e-12,-4.53146e-10
1737,1.737,0.52,1.28525,-0.297582,-1.57982,-5.23716e-15,2.28614e-14,0.777163,-1.23489e-14,2.00938e-14,-2.35698,-9.49411e-10,1.32367e-13,-2.14967e-13,5.26604e-11,1.00487e-08,-1.42632e-12,2.29756e-12,-4.49404e-10
1738,1.738,0.52,1.28525,-0.297582,-1.57982,-5.1811e-15,2.26166e-14,0.777163,-1.22172e-14,1.98799e-14,-2.35698,-9.39415e-10,1.30942e-13,-2.12684e-13,5.22129e-11,9.94308e-09,-1.3977e-12,2.28089e-12,-4.46021e-10
1739,1.739,0.52,1.28525,-0.297582,-1.57982,-5.1256e-15,2.23745e-14,0.777163,-1.2087e-14,1.96684e-14,-2.35698,-9.29524e-10,1.29557e-13,-2.10418e-13,5.1768e-11,9.83823e-09,-1.37808e-12,2.25736e-12,-4.42304e-10
1740,1.74,0.52,1.28525,-0.297582,-1.57982,-5.0707e-15,2.21349e-14,0.777163,-1.19581e-14,1.94591e-14,-2.35698,-9.19738e-10,1.2817e-13,-2.08187e-13,5.13277e-11,9.7346e-09,-1.38193e-12,2.22923e-12,-4.38917e-10
1741,1.741,0.52,1.28525,-0.297582,-1.57982,-5.01637e-15,2.18979e-14,0.777163,-1.18306e-14,1.9252e-14,-2.35698,-9.10055e-10,1.26813e-13,-2.05961e-13,5.08899e-11,9.6322e-09,-1.34169e-12,2.21595e-12,-4.35208e-10
1742,1.742,0.52,1.28525,-0.297582,-1.57982,-4.96264e-15,2.16634e-14,0.777163,-1.17045e-14,1.90472e-14,-2.35698,-9.00473e-10,1.25459e-13,-2.0377e-13,5.04566e-11,9.53082e-09,-1.38199e-12,2.16914e-12,-4.3183e-10
1743,1.743,0.52,1.28525,-0.297582,-1.57982,-4.90948e-15,2.14314e-14,0.777163,-1.15797e-14,1.88445e-14,-2.35698,-8.90993e-10,1.24127e-13,-2.01602e-13,5.00259e-11,9.43046e-09,-1.34752e-12,2.1524e-12,-4.28101e-10
1744,1.744,0.52,1.28525,-0.297582,-1.57982,-4.85686e-15,2.12018e-14,0.777163,-1.14562e-14,1.8644e-14,-2.35698,-8.81612e-10,1.22787e-13,-1.99466e-13,4.95998e-11,9.33119e-09,-1.31395e-12,2.13062e-12,-4.24714e-10
1745,1.745,0.52,1.28525,-0.297582,-1.57982,-4.8048e-15,2.09748e-14,0.777163,-1.13341e-14,1.84456e-14,-2.35698,-8.7233e-10,1.21467e-13,-1.97348e-13,4.91762e-11,9.23293e-09,-1.30578e-12,2.11085e-12,-4.20959e-10
1746,1.746,0.52,1.28525,-0.297582,-1.57982,-4.75329e-15,2.07501e-14,0.777163,-1.12133e-14,1.82493e-14,-2.35698,-8.63146e-10,1.20212e-13,-1.95234e-13,4.87572e-11,9.13575e-09,-1.28398e-12,2.08824e-12,-4.17545e-10
1747,1.747,0.52,1.28525,-0.297582,-1.57982,-4.70233e-15,2.05278e-14,0.777163,-1.10937e-14,1.80551e-14,-2.35698,-8.54058e-10,1.18931e-13,-1.93155e-13,4.83408e-11,9.03963e-09,-1.28105e-12,2.07079e-12,-4.13785e-10
1748,1.748,0.52,1.28525,-0.297582,-1.57982,-4.65194e-15,2.03079e-14,0.777163,-1.09754e-14,1.78629e-14,-2.35698,-8.45066e-10,1.17675e-13,-1.91086e-13,4.7929e-11,8.94441e-09,-1.26581e-12,2.03767e-12,-4.10341e-10
1749,1.749,0.52,1.28525,-0.297582,-1.57982,-4.60208e-15,2.00903e-14,0.777163,-1.08584e-14,1.76729e-14,-2.35698,-8.36169e-10,1.1639e-13,-1.89068e-13,4.75198e-11,8.8503e-09,-1.23303e-12,2.03955e-12,-4.06572e-10
1750,1.75,0.52,1.28525,-0.297582,-1.57982,-4.55274e-15,1.98751e-14,0.777163,-1.07426e-14,1.74848e-14,-2.35698,-8.27365e-10,1.1513e-13,-1.87046e-13,4.71155e-11,8.75719e-09,-1.20758e-12,2.01317e-12,-4.04917e-10
1751,1.751,0.52,1.28525,-0.297582,-1.57982,-4.50394e-15,1.96621e-14,0.777163,-1.06281e-14,1.72988e-14,-2.35698,-8.18654e-10,1.13901e-13,-1.85064e-13,4.67113e-11,8.66497e-09,-1.21816e-12,1.97833e-12,-4.01913e-10
1752,1.752,0.52,1.28525,-0.297582,-1.57982,-4.45564e-15,1.94514e-14,0.777163,-1.05148e-14,1.71147e-14,-2.35698,-8.10035e-10,1.12707e-13,-1.83086e-13,4.63119e-11,8.57375e-09,-1.18241e-12,1.95546e-12,-3.99341e-10
1753,1.753,0.52,1.28525,-0.297582,-1.57982,-4.40787e-15,1.9243e-14,0.777163,-1.04026e-14,1.69326e-14,-2.35698,-8.01506e-10,1.11516e-13,-1.81134e-13,4.59135e-11,8.4835e-09,-1.175e-12,1.9305e-12,-3.95816e-10
1754,1.754,0.52,1.28525,-0.297582,-1.57982,-4.3606e-15,1.90367e-14,0.777163,-1.02917e-14,1.67524e-14,-2.35698,-7.93068e-10,1.10335e-13,-1.7921e-13,4.55204e-11,8.39409e-09,-1.15936e-12,1.91988e-12,-3.92868e-10
1755,1.755,0.52,1.28525,-0.297582,-1.57982,-4.31384e-15,1.88327e-14,0.777163,-1.01819e-14,1.65742e-14,-2.35698,-7.84718e-10,1.09157e-13,-1.77319e-13,4.51287e-11,8.30575e-09,-1.1287e-12,1.90724e-12,-3.89083e-10
1756,1.756,0.52,1.28525,-0.297582,-1.57982,-4.26756e-15,1.86308e-14,0.777163,-1.00734e-14,1.63978e-14,-2.35698,-7.76456e-10,1.07964e-13,-1.75448e-13,4.47407e-11,8.21828e-09,-1.14913e-12,1.8756e-12,-3.85329e-10
1757,1.757,0.52,1.28525,-0.297582,-1.57982,-4.22176e-15,1.84311e-14,0.777163,-9.96596e-15,1.62233e-14,-2.35698,-7.68281e-10,1.06837e-13,-1.73577e-13,4.43573e-11,8.13177e-09,-1.14576e-12,1.86233e-12,-3.81899e-10
1758,1.758,0.52,1.28525,-0.297582,-1.57982,-4.17646e-15,1.82335e-14,0.777163,-9.85968e-15,1.60506e-14,-2.35698,-7.60192e-10,1.05716e-13,-1.7172e-13,4.39766e-11,8.04616e-09,-1.15161e-12,1.83679e-12,-3.78085e-10
1759,1.759,0.52,1.28525,-0.297582,-1.57982,-4.13164e-15,1.8038e-14,0.777163,-9.75454e-15,1.58798e-14,-2.35698,-7.52188e-10,1.04579e-13,-1.69889e-13,4.36009e-11,7.96148e-09,-1.12643e-12,1.80807e-12,-3.76361e-10
1760,1.76,0.52,1.28525,-0.297582,-1.57982,-4.08729e-15,1.78445e-14,0.777163,-9.65052e-15,1.57108e-14,-2.35698,-7.44269e-10,1.03474e-13,-1.6809e-13,4.32252e-11,7.87751e-09,-1.13034e-12,1.78425e-12,-3.73307e-10
1761,1.761,0.52,1.28525,-0.297582,-1.57982,-4.04341e-15,1.76532e-14,0.777163,-9.54761e-15,1.55436e-14,-2.35698,-7.36433e-10,1.02357e-13,-1.66307e-13,4.28544e-11,7.79451e-09,-1.10663e-12,1.76832e-12,-3.70667e-10
1762,1.762,0.52,1.28525,-0.297582,-1.57982,-4e-15,1.74638e-14,0.777163,-9.44578e-15,1.53782e-14,-2.35698,-7.28679e-10,1.01245e-13,-1.6455e-13,4.24848e-11,7.71238e-09,-1.08621e-12,1.75698e-12,-3.67105e-10
1763,1.763,0.52,1.28525,-0.297582,-1.57982,-3.95701e-15,1.72765e-14,0.777163,-9.34508e-15,1.52145e-14,-2.35698,-7.21008e-10,1.00175e-13,-1.62803e-13,4.21188e-11,7.63123e-09,-1.07548e-12,1.7385e-12,-3.63484e-10
1764,1.764,0.52,1.28525,-0.297582,-1.57982,-3.91449e-15,1.70912e-14,0.777163,-9.24544e-15,1.50526e-14,-2.35698,-7.13417e-10,9.912e-14,-1.61071e-13,4.17572e-11,7.55084e-09,-1.03708e-12,1.73386e-12,-3.60131e-10
1765,1.765,0.52,1.28525,-0.297582,-1.57982,-3.87242e-15,1.69079e-14,0.777163,-9.14686e-15,1.48924e-14,-2.35698,-7.05906e-10,9.80452e-14,-1.59359e-13,4.13982e-11,7.47137e-09,-1.0205e-12,1.71438e-12,-3.57987e-10
1766,1.766,0.52,1.28525,-0.297582,-1.57982,-3.8308e-15,1.67265e-14,0.777163,-9.04932e-15,1.47339e-14,-2.35698,-6.98474e-10,9.70247e-14,-1.57652e-13,4.10426e-11,7.39279e-09,-1.03714e-12,1.68728e-12,-3.55669e-10
1767,1.767,0.52,1.28525,-0.297582,-1.57982,-3.78963e-15,1.6547e-14,0.777163,-8.95282e-15,1.45771e-14,-2.35698,-6.9112e-10,9.59742e-14,-1.55979e-13,4.06878e-11,7.31491e-09,-1.00581e-12,1.67326e-12,-3.52314e-10
1768,1.768,0.52,1.28525,-0.297582,-1.57982,-3.74889e-15,1.63695e-14,0.777163,-8.85736e-15,1.44219e-14,-2.35698,-6.83844e-10,9.49651e-14,-1.54324e-13,4.03365e-11,7.23782e-09,-9.76701e-13,1.66681e-12,-3.48816e-10
1769,1.769,0.52,1.28525,-0.297582,-1.57982,-3.70857e-15,1.61938e-14,0.777163,-8.76292e-15,1.42684e-14,-2.35698,-6.76644e-10,9.39509e-14,-1.52674e-13,3.99896e-11,7.16161e-09,-1.00368e-12,1.6325e-12,-3.45542e-10
1770,1.77,0.52,1.28525,-0.297582,-1.57982,-3.6687e-15,1.602e-14,0.777163,-8.66946e-15,1.41166e-14,-2.35698,-6.6952e-10,9.29328e-14,-1.51061e-13,3.96452e-11,7.08632e-09,-1.0221e-12,1.60556e-12,-3.43464e-10
1771,1.771,0.52,1.28525,-0.297582,-1.57982,-3.62923e-15,1.5848e-14,0.777163,-8.57701e-15,1.39663e-14,-2.35698,-6.62471e-10,9.19445e-14,-1.49453e-13,3.93041e-11,7.01179e-09,-9.70386e-13,1.59933e-12,-3.41177e-10
1772,1.772,0.52,1.28525,-0.297582,-1.57982,-3.59018e-15,1.56779e-14,0.777163,-8.48557e-15,1.38177e-14,-2.35698,-6.55496e-10,9.09633e-14,-1.4786e-13,3.89638e-11,6.938e-09,-9.44552e-13,1.59736e-12,-3.37817e-10
1773,1.773,0.52,1.28525,-0.297582,-1.57982,-3.55156e-15,1.55096e-14,0.777163,-8.39508e-15,1.36706e-14,-2.35698,-6.48595e-10,8.99809e-14,-1.46297e-13,3.8627e-11,6.8649e-09,-9.25281e-13,1.58363e-12,-3.34312e-10
1774,1.774,0.52,1.28525,-0.297582,-1.57982,-3.51335e-15,1.53431e-14,0.777163,-8.30555e-15,1.35251e-14,-2.35698,-6.41766e-10,8.90594e-14,-1.4472e-13,3.82945e-11,6.79257e-09,-9.58814e-13,1.54787e-12,-3.32622e-10
1775,1.775,0.52,1.28525,-0.297582,-1.57982,-3.47555e-15,1.51784e-14,0.777163,-8.21697e-15,1.33811e-14,-2.35698,-6.35009e-10,8.81087e-14,-1.43176e-13,3.79631e-11,6.72105e-09,-9.66294e-13,1.52571e-12,-3.29957e-10
1776,1.776,0.52,1.28525,-0.297582,-1.57982,-3.43816e-15,1.50154e-14,0.777163,-8.12933e-15,1.32387e-14,-2.35698,-6.28324e-10,8.7173e-14,-1.41653e-13,3.7634e-11,6.65033e-09,-9.56069e-13,1.5063e-12,-3.26719e-10
1777,1.777,0.52,1.28525,-0.297582,-1.57982,-3.40115e-15,1.48542e-14,0.777163,-8.04265e-15,1.30978e-14,-2.35698,-6.21709e-10,8.62157e-14,-1.40159e-13,3.73091e-11,6.58021e-09,-9.13192e-13,1.50347e-12,-3.23576e-10
1778,1.778,0.52,1.28525,-0.297582,-1.57982,-3.36453e-15,1.46946e-14,0.777163,-7.95688e-15,1.29584e-14,-2.35698,-6.15163e-10,8.52902e-14,-1.38664e-13,3.69866e-11,6.51088e-09,-8.92761e-13,1.49676e-12,-3.21582e-10
1779,1.779,0.52,1.28525,-0.297582,-1.57982,-3.32829e-15,1.45368e-14,0.777163,-7.87204e-15,1.28205e-14,-2.35698,-6.08687e-10,8.43858e-14,-1.37183e-13,3.66674e-11,6.44239e-09,-9.11641e-13,1.46323e-12,-3.19332e-10
1780,1.78,0.52,1.28525,-0.297582,-1.57982,-3.29246e-15,1.43807e-14,0.777163,-7.78808e-15,1.2684e-14,-2.35698,-6.02278e-10,8.34819e-14,-1.35728e-13,3.63489e-11,6.3746e-09,-8.51866e-13,1.46989e-12,-3.15987e-10
1781,1.781,0.52,1.28525,-0.297582,-1.57982,-3.25701e-15,1.42262e-14,0.777163,-7.70502e-15,1.2549e-14,-2.35698,-5.95937e-10,8.26228e-14,-1.3427e-13,3.60339e-11,6.30741e-09,-8.77253e-13,1.44699e-12,-3.12486e-10
1782,1.782,0.52,1.28525,-0.297582,-1.57982,-3.22195e-15,1.40733e-14,0.777163,-7.62283e-15,1.24155e-14,-2.35698,-5.89663e-10,8.17535e-14,-1.32826e-13,3.57236e-11,6.24095e-09,-8.76745e-13,1.41303e-12,-3.10913e-10
1783,1.783,0.52,1.28525,-0.297582,-1.57982,-3.18725e-15,1.39221e-14,0.777163,-7.54153e-15,1.22834e-14,-2.35698,-5.83455e-10,8.08559e-14,-1.31432e-13,3.54134e-11,6.17518e-09,-8.9396e-13,1.39528e-12,-3.07948e-10
1784,1.784,0.52,1.28525,-0.297582,-1.57982,-3.15291e-15,1.37725e-14,0.777163,-7.4611e-15,1.21526e-14,-2.35698,-5.77312e-10,7.99904e-14,-1.30044e-13,3.51063e-11,6.11024e-09,-8.66882e-13,1.39203e-12,-3.0471e-10
1785,1.785,0.52,1.28525,-0.297582,-1.57982,-3.11892e-15,1.36245e-14,0.777163,-7.38155e-15,1.20233e-14,-2.35698,-5.71234e-10,7.91208e-14,-1.28654e-13,3.48037e-11,6.04605e-09,-8.40386e-13,1.36969e-12,-3.03357e-10
1786,1.786,0.52,1.28525,-0.297582,-1.57982,-3.08528e-15,1.34781e-14,0.777163,-7.30286e-15,1.18953e-14,-2.35698,-5.6522e-10,7.82656e-14,-1.27293e-13,3.4501e-11,5.98234e-09,-8.62885e-13,1.35314e-12,-3.00495e-10
1787,1.787,0.52,1.28525,-0.297582,-1.57982,-3.05199e-15,1.33332e-14,0.777163,-7.225e-15,1.17687e-14,-2.35698,-5.59269e-10,7.74037e-14,-1.25954e-13,3.42013e-11,5.91928e-09,-8.10161e-13,1.36048e-12,-2.97304e-10
1788,1.788,0.52,1.28525,-0.297582,-1.57982,-3.01903e-15,1.31899e-14,0.777163,-7.148e-15,1.16434e-14,-2.35698,-5.53381e-10,7.65998e-14,-1.24605e-13,3.39061e-11,5.85703e-09,-8.16634e-13,1.33203e-12,-2.96009e-10
1789,1.789,0.52,1.28525,-0.297582,-1.57982,-2.98645e-15,1.30481e-14,0.777163,-7.07179e-15,1.15195e-14,-2.35698,-5.47555e-10,7.58083e-14,-1.2327e-13,3.36107e-11,5.7953e-09,-7.97685e-13,1.32957e-12,-2.93163e-10
1790,1.79,0.52,1.28525,-0.297582,-1.57982,-2.9542e-15,1.29079e-14,0.777163,-6.99641e-15,1.13969e-14,-2.35698,-5.4179e-10,7.50028e-14,-1.2196e-13,3.33183e-11,5.73428e-09,-8.131e-13,1.30229e-12,-2.89998e-10
1791,1.791,0.52,1.28525,-0.297582,-1.57982,-2.92232e-15,1.27691e-14,0.777163,-6.9218e-15,1.12756e-14,-2.35698,-5.36086e-10,7.41969e-14,-1.20663e-13,3.30304e-11,5.67389e-09,-8.18674e-13,1.27812e-12,-2.88688e-10
1792,1.792,0.52,1.28525,-0.297582,-1.57982,-2.89075e-15,1.26317e-14,0.777163,-6.84801e-15,1.11555e-14,-2.35698,-5.30442e-10,7.34214e-14,-1.19377e-13,3.27424e-11,5.61409e-09,-7.83215e-13,1.27183e-12,-2.85869e-10
1793,1.793,0.52,1.28525,-0.297582,-1.57982,-2.85954e-15,1.24959e-14,0.777163,-6.775e-15,1.10368e-14,-2.35698,-5.24858e-10,7.26204e-14,-1.18117e-13,3.24573e-11,5.55507e-09,-7.67038e-13,1.27028e-12,-2.82694e-10
1794,1.794,0.52,1.28525,-0.297582,-1.57982,-2.82864e-15,1.23615e-14,0.777163,-6.70276e-15,1.09193e-14,-2.35698,-5.19332e-10,7.18484e-14,-1.16852e-13,3.21767e-11,5.49669e-09,-7.55995e-13,1.248e-12,-2.81361e-10
1795,1.795,0.52,1.28525,-0.297582,-1.57982,-2.79808e-15,1.22285e-14,0.777163,-6.6313e-15,1.08031e-14,-2.35698,-5.13864e-10,7.10904e-14,-1.15616e-13,3.1896e-11,5.43878e-09,-7.43803e-13,1.24566e-12,-2.78547e-10
1796,1.796,0.52,1.28525,-0.297582,-1.57982,-2.76785e-15,1.20969e-14,0.777163,-6.56059e-15,1.06881e-14,-2.35698,-5.08454e-10,7.03581e-14,-1.14378e-13,3.16183e-11,5.38151e-09,-7.34835e-13,1.23177e-12,-2.76978e-10
1797,1.797,0.52,1.28525,-0.297582,-1.57982,-2.73795e-15,1.19667e-14,0.777163,-6.49061e-15,1.05743e-14,-2.35698,-5.03101e-10,6.95979e-14,-1.1316e-13,3.13434e-11,5.32492e-09,-7.26804e-13,1.21458e-12,-2.75073e-10
1798,1.798,0.52,1.28525,-0.297582,-1.57982,-2.7084e-15,1.18379e-14,0.777163,-6.42136e-15,1.04617e-14,-2.35698,-4.97804e-10,6.88636e-14,-1.11956e-13,3.10692e-11,5.26888e-09,-6.97852e-13,1.21512e-12,-2.71888e-10
1799,1.799,0.52,1.28525,-0.297582,-1.57982,-2.67914e-15,1.17105e-14,0.777163,-6.35286e-15,1.03504e-14,-2.35698,-4.92563e-10,6.81258e-14,-1.10755e-13,3.07983e-11,5.21337e-09,-6.92163e-13,1.19808e-12,-2.70114e-10
1800,1.8,0.52,1.28525,-0.297582,-1.57982,-2.65022e-15,1.15844e-14,0.777163,-6.28507e-15,1.02402e-14,-2.35698,-4.87377e-10,6.7408e-14,-1.0958e-13,3.05287e-11,5.15838e-09,-7.16826e-13,1.17795e-12,-2.67356e-10
1801,1.801,0.52,1.28525,-0.297582,-1.57982,-2.62158e-15,1.14597e-14,0.777163,-6.21802e-15,1.01312e-14,-2.35698,-4.82246e-10,6.66866e-14,-1.08417e-13,3.0263e-11,5.10412e-09,-7.16409e-13,1.16658e-12,-2.64564e-10
1802,1.802,0.52,1.28525,-0.297582,-1.57982,-2.59326e-15,1.13363e-14,0.777163,-6.15168e-15,1.00234e-14,-2.35698,-4.77169e-10,6.60076e-14,-1.07254e-13,2.99994e-11,5.05042e-09,-7.25494e-13,1.13669e-12,-2.62754e-10
1803,1.803,0.52,1.28525,-0.297582,-1.57982,-2.56523e-15,1.12143e-14,0.777163,-6.08606e-15,9.91671e-15,-2.35698,-4.72145e-10,6.52796e-14,-1.06125e-13,2.97372e-11,4.99713e-09,-7.2327e-13,1.12786e-12,-2.59974e-10
1804,1.804,0.52,1.28525,-0.297582,-1.57982,-2.5375e-15,1.10935e-14,0.777163,-6.02113e-15,9.81115e-15,-2.35698,-4.67174e-10,6.45828e-14,-1.04988e-13,2.94789e-11,4.94451e-09,-6.74115e-13,1.12002e-12,-2.58787e-10
1805,1.805,0.52,1.28525,-0.297582,-1.57982,-2.51002e-15,1.0974e-14,0.777163,-5.95692e-15,9.70671e-15,-2.35698,-4.62256e-10,6.38684e-14,-1.03889e-13,2.92212e-11,4.89249e-09,-6.75987e-13,1.10564e-12,-2.56345e-10
1806,1.806,0.52,1.28525,-0.297582,-1.57982,-2.48286e-15,1.08558e-14,0.777163,-5.89338e-15,9.60338e-15,-2.35698,-4.57389e-10,6.31882e-14,-1.02779e-13,2.89656e-11,4.84105e-09,-6.72916e-13,1.10098e-12,-2.54889e-10
1807,1.807,0.52,1.28525,-0.297582,-1.57982,-2.45599e-15,1.07388e-14,0.777163,-5.83052e-15,9.50115e-15,-2.35698,-4.52574e-10,6.25213e-14,-1.01684e-13,2.87129e-11,4.79006e-09,-6.79707e-13,1.08388e-12,-2.52958e-10
1808,1.808,0.52,1.28525,-0.297582,-1.57982,-2.4294e-15,1.06231e-14,0.777163,-5.76832e-15,9.40001e-15,-2.35698,-4.47809e-10,6.18475e-14,-1.00604e-13,2.84607e-11,4.73963e-09,-6.43135e-13,1.07855e-12,-2.49796e-10
1809,1.809,0.52,1.28525,-0.297582,-1.57982,-2.4031e-15,1.05086e-14,0.777163,-5.70679e-15,9.29995e-15,-2.35698,-4.43094e-10,6.12011e-14,-9.95279e-14,2.82119e-11,4.68966e-09,-6.55521e-13,1.05474e-12,-2.48005e-10
1810,1.81,0.52,1.28525,-0.297582,-1.57982,-2.37709e-15,1.03953e-14,0.777163,-5.6459e-15,9.20095e-15,-2.35698,-4.38429e-10,6.05709e-14,-9.84645e-14,2.79645e-11,4.64027e-09,-6.69933e-13,1.04145e-12,-2.45237e-10
1811,1.811,0.52,1.28525,-0.297582,-1.57982,-2.35135e-15,1.02833e-14,0.777163,-5.58566e-15,9.10301e-15,-2.35698,-4.33813e-10,5.99335e-14,-9.7407e-14,2.77209e-11,4.5914e-09,-6.53232e-13,1.03154e-12,-2.44042e-10
1812,1.812,0.52,1.28525,-0.297582,-1.57982,-2.3259e-15,1.01724e-14,0.777163,-5.52605e-15,9.00612e-15,-2.35698,-4.29246e-10,5.92777e-14,-9.63847e-14,2.74779e-11,4.54309e-09,-6.37517e-13,1.02868e-12,-2.41614e-10
1813,1.813,0.52,1.28525,-0.297582,-1.57982,-2.30072e-15,1.00627e-14,0.777163,-5.46707e-15,8.91025e-15,-2.35698,-4.24727e-10,5.86588e-14,-9.53478e-14,2.72371e-11,4.49526e-09,-6.24204e-13,1.0208e-12,-2.4013e-10
1814,1.814,0.52,1.28525,-0.297582,-1.57982,-2.2758e-15,9.95414e-15,0.777163,-5.40873e-15,8.81541e-15,-2.35698,-4.20255e-10,5.80454e-14,-9.43397e-14,2.69974e-11,4.44782e-09,-6.21323e-13,1.0035e-12,-2.3754e-10
1815,1.815,0.52,1.28525,-0.297582,-1.57982,-2.25116e-15,9.84676e-15,0.777163,-5.35099e-15,8.72157e-15,-2.35698,-4.15831e-10,5.74313e-14,-9.33298e-14,2.67614e-11,4.40097e-09,-6.06755e-13,9.96375e-13,-2.36516e-10
1816,1.816,0.52,1.28525,-0.297582,-1.57982,-2.22679e-15,9.74052e-15,0.777163,-5.29386e-15,8.62874e-15,-2.35698,-4.11453e-10,5.68285e-14,-9.23372e-14,2.65259e-11,4.35469e-09,-6.01545e-13,9.87037e-13,-2.34172e-10
1817,1.817,0.52,1.28525,-0.297582,-1.57982,-2.20265e-15,9.63541e-15,0.777163,-5.23737e-15,8.53688e-15,-2.35698,-4.07122e-10,5.6229e-14,-9.13598e-14,2.62925e-11,4.30892e-09,-6.30921e-13,9.59747e-13,-2.3111e-10
1818,1.818,0.52,1.28525,-0.297582,-1.57982,-2.1788e-15,9.53141e-15,0.777163,-5.18144e-15,8.44601e-15,-2.35698,-4.02836e-10,5.55828e-14,-9.03959e-14,2.60635e-11,4.26345e-09,-5.87435e-13,9.65242e-13,-2.2977e-10
1819,1.819,0.52,1.28525,-0.297582,-1.57982,-2.15515e-15,9.42854e-15,0.777163,-5.12616e-15,8.35609e-15,-2.35698,-3.98594e-10,5.50143e-14,-8.94278e-14,2.58343e-11,4.21848e-09,-6.13041e-13,9.51042e-13,-2.26905e-10
1820,1.82,0.52,1.28525,-0.297582,-1.57982,-2.13178e-15,9.32675e-15,0.777163,-5.07144e-15,8.26714e-15,-2.35698,-3.94398e-10,5.43934e-14,-8.84815e-14,2.56083e-11,4.17405e-09,-5.77247e-13,9.50987e-13,-2.25335e-10
1821,1.821,0.52,1.28525,-0.297582,-1.57982,-2.10863e-15,9.22607e-15,0.777163,-5.01733e-15,8.17912e-15,-2.35698,-3.90246e-10,5.38285e-14,-8.75388e-14,2.53834e-11,4.13015e-09,-5.80986e-13,9.38304e-13,-2.22737e-10
1822,1.822,0.52,1.28525,-0.297582,-1.57982,-2.08574e-15,9.12645e-15,0.777163,-4.9638e-15,8.09205e-15,-2.35698,-3.86138e-10,5.32721e-14,-8.6593e-14,2.51626e-11,4.08685e-09,-5.77726e-13,9.28261e-13,-2.21736e-10
1823,1.823,0.52,1.28525,-0.297582,-1.57982,-2.0631e-15,9.02789e-15,0.777163,-4.91083e-15,8.00592e-15,-2.35698,-3.82073e-10,5.27047e-14,-8.56727e-14,2.49414e-11,4.04366e-09,-5.80665e-13,9.17133e-13,-2.19071e-10
1824,1.824,0.52,1.28525,-0.297582,-1.57982,-2.04072e-15,8.93037e-15,0.777163,-4.85839e-15,7.9207e-15,-2.35698,-3.7805e-10,5.21098e-14,-8.4766e-14,2.47231e-11,4.00105e-09,-5.79573e-13,8.97946e-13,-2.1763e-10
1825,1.825,0.52,1.28525,-0.297582,-1.57982,-2.01854e-15,8.83392e-15,0.777163,-4.80656e-15,7.83638e-15,-2.35698,-3.7407e-10,5.15705e-14,-8.38669e-14,2.4506e-11,3.95889e-09,-5.8928e-13,8.80491e-13,-2.15104e-10
1826,1.826,0.52,1.28525,-0.297582,-1.57982,-1.9966e-15,8.73848e-15,0.777163,-4.75528e-15,7.75296e-15,-2.35698,-3.70132e-10,5.0977e-14,-8.29776e-14,2.42927e-11,3.91733e-09,-5.54944e-13,8.83127e-13,-2.14179e-10
1827,1.827,0.52,1.28525,-0.297582,-1.57982,-1.97485e-15,8.64408e-15,0.777163,-4.70458e-15,7.67041e-15,-2.35698,-3.66235e-10,5.04326e-14,-8.21023e-14,2.40791e-11,3.87603e-09,-5.63922e-13,8.68191e-13,-2.11548e-10
1828,1.828,0.52,1.28525,-0.297582,-1.57982,-1.95335e-15,8.55068e-15,0.777163,-4.65442e-15,7.58875e-15,-2.35698,-3.6238e-10,4.98688e-14,-8.12354e-14,2.38683e-11,3.83516e-09,-5.30825e-13,8.79661e-13,-2.10136e-10
1829,1.829,0.52,1.28525,-0.297582,-1.57982,-1.93204e-15,8.45829e-15,0.777163,-4.60482e-15,7.50794e-15,-2.35698,-3.58565e-10,4.93388e-14,-8.03817e-14,2.36586e-11,3.7949e-09,-5.39369e-13,8.54608e-13,-2.09252e-10
1830,1.83,0.52,1.28525,-0.297582,-1.57982,-1.91096e-15,8.36687e-15,0.777163,-4.55573e-15,7.42799e-15,-2.35698,-3.5479e-10,4.88212e-14,-7.95304e-14,2.34496e-11,3.75502e-09,-5.25379e-13,8.46756e-13,-2.07142e-10
1831,1.831,0.52,1.28525,-0.297582,-1.57982,-1.8901e-15,8.27643e-15,0.777163,-4.50718e-15,7.34888e-15,-2.35698,-3.51055e-10,4.83138e-14,-7.86794e-14,2.32439e-11,3.71555e-09,-5.0147e-13,8.49235e-13,-2.06368e-10
1832,1.832,0.52,1.28525,-0.297582,-1.57982,-1.86947e-15,8.18695e-15,0.777163,-4.45914e-15,7.27062e-15,-2.35698,-3.47359e-10,4.77716e-14,-7.78465e-14,2.30385e-11,3.67631e-09,-4.84118e-13,8.43696e-13,-2.04122e-10
1833,1.833,0.52,1.28525,-0.297582,-1.57982,-1.84906e-15,8.09842e-15,0.777163,-4.41161e-15,7.19319e-15,-2.35698,-3.43702e-10,4.72922e-14,-7.70103e-14,2.28351e-11,3.63759e-09,-5.22625e-13,8.19703e-13,-2.02765e-10
1834,1.834,0.52,1.28525,-0.297582,-1.57982,-1.82888e-15,8.01082e-15,0.777163,-4.36456e-15,7.11659e-15,-2.35698,-3.40083e-10,4.67753e-14,-7.61981e-14,2.26327e-11,3.59918e-09,-4.80811e-13,8.2975e-13,-2.00291e-10
1835,1.835,0.52,1.28525,-0.297582,-1.57982,-1.80891e-15,7.92416e-15,0.777163,-4.31803e-15,7.04081e-15,-2.35698,-3.36503e-10,4.62937e-14,-7.53791e-14,2.2434e-11,3.56135e-09,-4.67942e-13,8.20406e-13,-1.99308e-10
1836,1.836,0.52,1.28525,-0.297582,-1.57982,-1.78917e-15,7.83841e-15,0.777163,-4.27197e-15,6.96584e-15,-2.35698,-3.32961e-10,4.57957e-14,-7.45723e-14,2.22357e-11,3.52387e-09,-4.82506e-13,8.09508e-13,-1.96916e-10
1837,1.837,0.52,1.28525,-0.297582,-1.57982,-1.76964e-15,7.75359e-15,0.777163,-4.22641e-15,6.89167e-15,-2.35698,-3.29455e-10,4.53374e-14,-7.37771e-14,2.20396e-11,3.48671e-09,-5.05644e-13,7.81051e-13,-1.9546e-10
1838,1.838,0.52,1.28525,-0.297582,-1.57982,-1.75032e-15,7.66965e-15,0.777163,-4.18132e-15,6.81828e-15,-2.35698,-3.25987e-10,4.48646e-14,-7.29851e-14,2.18446e-11,3.45003e-09,-4.99038e-13,7.7794e-13,-1.92925e-10
1839,1.839,0.52,1.28525,-0.297582,-1.57982,-1.73121e-15,7.58661e-15,0.777163,-4.13672e-15,6.74568e-15,-2.35698,-3.22555e-10,4.43599e-14,-7.22123e-14,2.16535e-11,3.41381e-09,-4.29271e-13,7.94479e-13,-1.91938e-10
1840,1.84,0.52,1.28525,-0.297582,-1.57982,-1.7123e-15,7.50447e-15,0.777163,-4.09259e-15,6.67386e-15,-2.35698,-3.19159e-10,4.38985e-14,-7.14384e-14,2.14621e-11,3.37789e-09,-4.50716e-13,7.67012e-13,-1.90934e-10
1841,1.841,0.52,1.28525,-0.297582,-1.57982,-1.6936e-15,7.42319e-15,0.777163,-4.04892e-15,6.6028e-15,-2.35698,-3.15799e-10,4.34461e-14,-7.06767e-14,2.1272e-11,3.34238e-09,-4.73268e-13,7.50293e-13,-1.88915e-10
1842,1.842,0.52,1.28525,-0.297582,-1.57982,-1.67512e-15,7.34276e-15,0.777163,-4.0057e-15,6.53251e-15,-2.35698,-3.12475e-10,4.29824e-14,-6.99241e-14,2.10838e-11,3.30708e-09,-4.59427e-13,7.53444e-13,-1.87638e-10
1843,1.843,0.52,1.28525,-0.297582,-1.57982,-1.65681e-15,7.2632e-15,0.777163,-3.96296e-15,6.46295e-15,-2.35698,-3.09185e-10,4.25351e-14,-6.91777e-14,2.08965e-11,3.27232e-09,-4.62374e-13,7.38799e-13,-1.8523e-10
1844,1.844,0.52,1.28525,-0.297582,-1.57982,-1.63871e-15,7.18449e-15,0.777163,-3.92067e-15,6.39413e-15,-2.35698,-3.0593e-10,4.20729e-14,-6.84411e-14,2.07131e-11,3.23786e-09,-4.51063e-13,7.35425e-13,-1.84336e-10
1845,1.845,0.52,1.28525,-0.297582,-1.57982,-1.62082e-15,7.1066e-15,0.777163,-3.87881e-15,6.32606e-15,-2.35698,-3.02709e-10,4.16237e-14,-6.77109e-14,2.05293e-11,3.20375e-09,-4.54029e-13,7.22346e-13,-1.81793e-10
1846,1.846,0.52,1.28525,-0.297582,-1.57982,-1.6031e-15,7.02956e-15,0.777163,-3.83741e-15,6.25871e-15,-2.35698,-2.99522e-10,4.11914e-14,-6.69815e-14,2.03483e-11,3.16998e-09,-4.52091e-13,7.12894e-13,-1.80354e-10
1847,1.847,0.52,1.28525,-0.297582,-1.57982,-1.58559e-15,6.95332e-15,0.777163,-3.79643e-15,6.19209e-15,-2.35698,-2.96369e-10,4.07499e-14,-6.62688e-14,2.01684e-11,3.13669e-09,-4.43698e-13,7.11105e-13,-1.79456e-10
1848,1.848,0.52,1.28525,-0.297582,-1.57982,-1.56827e-15,6.8779e-15,0.777163,-3.75589e-15,6.12618e-15,-2.35698,-2.93249e-10,4.02987e-14,-6.55664e-14,1.99892e-11,3.10357e-09,-4.16204e-13,7.1332e-13,-1.77287e-10
1849,1.849,0.52,1.28525,-0.297582,-1.57982,-1.55112e-15,6.8033e-15,0.777163,-3.71579e-15,6.06096e-15,-2.35698,-2.90162e-10,3.99127e-14,-6.48509e-14,1.98137e-11,3.07085e-09,-4.4315e-13,6.94603e-13,-1.7654e-10
1850,1.85,0.52,1.28525,-0.297582,-1.57982,-1.53418e-15,6.72948e-15,0.777163,-3.67611e-15,5.99646e-15,-2.35698,-2.87107e-10,3.94912e-14,-6.41588e-14,1.96376e-11,3.03855e-09,-4.24517e-13,6.90788e-13,-1.74067e-10
1851,1.851,0.52,1.28525,-0.297582,-1.57982,-1.51741e-15,6.65645e-15,0.777163,-3.63685e-15,5.93263e-15,-2.35698,-2.84084e-10,3.90416e-14,-6.34767e-14,1.94642e-11,3.00649e-09,-4.19485e-13,6.85603e-13,-1.72727e-10
1852,1.852,0.52,1.28525,-0.297582,-1.57982,-1.50083e-15,6.5842e-15,0.777163,-3.59801e-15,5.8695e-15,-2.35698,-2.81094e-10,3.86336e-14,-6.27997e-14,1.92919e-11,2.97481e-09,-4.00407e-13,6.70868e-13,-1.7184e-10
1853,1.853,0.52,1.28525,-0.297582,-1.57982,-1.48442e-15,6.51272e-15,0.777163,-3.55958e-15,5.80703e-15,-2.35698,-2.78135e-10,3.81975e-14,-6.2143e-14,1.91204e-11,2.94361e-09,-4.28239e-13,6.55901e-13,-1.6974e-10
1854,1.854,0.52,1.28525,-0.297582,-1.57982,-1.46817e-15,6.44201e-15,0.777163,-3.52158e-15,5.74522e-15,-2.35698,-2.75206e-10,3.7771e-14,-6.14797e-14,1.89524e-11,2.91264e-09,-4.2434e-13,6.50155e-13,-1.69009e-10
1855,1.855,0.52,1.28525,-0.297582,-1.57982,-1.45207e-15,6.37206e-15,0.777163,-3.48401e-15,5.68407e-15,-2.35698,-2.72309e-10,3.73912e-14,-6.083e-14,1.87838e-11,2.88199e-09,-4.1057e-13,6.48543e-13,-1.66523e-10
1856,1.856,0.52,1.28525,-0.297582,-1.57982,-1.43616e-15,6.30285e-15,0.777163,-3.44681e-15,5.62357e-15,-2.35698,-2.69442e-10,3.69768e-14,-6.01814e-14,1.8618e-11,2.85169e-09,-4.17152e-13,6.3106e-13,-1.65199e-10
1857,1.857,0.52,1.28525,-0.297582,-1.57982,-1.42038e-15,6.23438e-15,0.777163,-3.41004e-15,5.5637e-15,-2.35698,-2.66606e-10,3.66062e-14,-5.95329e-14,1.84533e-11,2.82167e-09,-3.95957e-13,6.31979e-13,-1.6433e-10
1858,1.858,0.52,1.28525,-0.297582,-1.57982,-1.40479e-15,6.16664e-15,0.777163,-3.37366e-15,5.50447e-15,-2.35698,-2.63799e-10,3.6183e-14,-5.89145e-14,1.82892e-11,2.792e-09,-3.74919e-13,6.3365e-13,-1.62201e-10
1859,1.859,0.52,1.28525,-0.297582,-1.57982,-1.38935e-15,6.09962e-15,0.777163,-3.33766e-15,5.44587e-15,-2.35698,-2.61022e-10,3.5805e-14,-5.82809e-14,1.81271e-11,2.76266e-09,-4.04548e-13,6.23834e-13,-1.60831e-10
1860,1.86,0.52,1.28525,-0.297582,-1.57982,-1.3741e-15,6.03332e-15,0.777163,-3.30204e-15,5.3879e-15,-2.35698,-2.58274e-10,3.53987e-14,-5.76752e-14,1.79675e-11,2.73367e-09,-3.90175e-13,5.99756e-13,-1.60489e-10
1861,1.861,0.52,1.28525,-0.297582,-1.57982,-1.35896e-15,5.96774e-15,0.777163,-3.26685e-15,5.33053e-15,-2.35698,-2.55554e-10,3.50296e-14,-5.70669e-14,1.78078e-11,2.70481e-09,-3.9684e-13,5.99787e-13,-1.58574e-10
1862,1.862,0.52,1.28525,-0.297582,-1.57982,-1.344e-15,5.90283e-15,0.777163,-3.23199e-15,5.27376e-15,-2.35698,-2.52864e-10,3.46552e-14,-5.64587e-14,1.76498e-11,2.67637e-09,-3.75901e-13,6.05306e-13,-1.574e-10
1863,1.863,0.52,1.28525,-0.297582,-1.57982,-1.32918e-15,5.83862e-15,0.777163,-3.19754e-15,5.2176e-15,-2.35698,-2.50201e-10,3.42912e-14,-5.58522e-14,1.74928e-11,2.64825e-09,-3.65211e-13,5.87984e-13,-1.56702e-10
1864,1.864,0.52,1.28525,-0.297582,-1.57982,-1.31453e-15,5.77509e-15,0.777163,-3.16342e-15,5.16204e-15,-2.35698,-2.47567e-10,3.39076e-14,-5.52772e-14,1.73363e-11,2.62036e-09,-3.70345e-13,5.92055e-13,-1.54592e-10
1865,1.865,0.52,1.28525,-0.297582,-1.57982,-1.30003e-15,5.71224e-15,0.777163,-3.12969e-15,5.10706e-15,-2.35698,-2.44961e-10,3.35528e-14,-5.46805e-14,1.71835e-11,2.59274e-09,-3.78725e-13,5.82356e-13,-1.53902e-10
1866,1.866,0.52,1.28525,-0.297582,-1.57982,-1.28568e-15,5.65007e-15,0.777163,-3.09632e-15,5.05267e-15,-2.35698,-2.42382e-10,3.32019e-14,-5.40955e-14,1.703e-11,2.5655e-09,-3.66532e-13,5.73876e-13,-1.53084e-10
1867,1.867,0.52,1.28525,-0.297582,-1.57982,-1.2715e-15,5.58854e-15,0.777163,-3.06328e-15,4.99887e-15,-2.35698,-2.3983e-10,3.28274e-14,-5.35343e-14,1.68777e-11,2.53848e-09,-3.29296e-13,5.78005e-13,-1.51154e-10
1868,1.868,0.52,1.28525,-0.297582,-1.57982,-1.25745e-15,5.52768e-15,0.777163,-3.03062e-15,4.94562e-15,-2.35698,-2.37305e-10,3.25042e-14,-5.29497e-14,1.67272e-11,2.51178e-09,-3.50732e-13,5.55568e-13,-1.49964e-10
1869,1.869,0.52,1.28525,-0.297582,-1.57982,-1.24356e-15,5.46745e-15,0.777163,-2.99828e-15,4.89295e-15,-2.35698,-2.34806e-10,3.21646e-14,-5.23929e-14,1.65776e-11,2.48521e-09,-3.3753e-13,5.6716e-13,-1.47588e-10
1870,1.87,0.52,1.28525,-0.297582,-1.57982,-1.22983e-15,5.40786e-15,0.777163,-2.96629e-15,4.84084e-15,-2.35698,-2.32334e-10,3.18115e-14,-5.18291e-14,1.64302e-11,2.45904e-09,-3.55872e-13,5.48384e-13,-1.46071e-10
1871,1.871,0.52,1.28525,-0.297582,-1.57982,-1.21623e-15,5.34892e-15,0.777163,-2.93465e-15,4.78928e-15,-2.35698,-2.29888e-10,3.14954e-14,-5.12724e-14,1.62854e-11,2.43323e-09,-3.43605e-13,5.47425e-13,-1.45597e-10
1872,1.872,0.52,1.28525,-0.297582,-1.57982,-1.20279e-15,5.29061e-15,0.777163,-2.90333e-15,4.73828e-15,-2.35698,-2.27467e-10,3.11437e-14,-5.07247e-14,1.61406e-11,2.40766e-09,-3.33127e-13,5.33839e-13,-1.45232e-10
1873,1.873,0.52,1.28525,-0.297582,-1.57982,-1.18948e-15,5.23291e-15,0.777163,-2.87237e-15,4.68782e-15,-2.35698,-2.25072e-10,3.07931e-14,-5.0195e-14,1.59961e-11,2.38225e-09,-3.20125e-13,5.39793e-13,-1.43372e-10
1874,1.874,0.52,1.28525,-0.297582,-1.57982,-1.1763e-15,5.17584e-15,0.777163,-2.84174e-15,4.63789e-15,-2.35698,-2.22703e-10,3.04851e-14,-4.96561e-14,1.58534e-11,2.35723e-09,-3.39361e-13,5.27744e-13,-1.42278e-10
1875,1.875,0.52,1.28525,-0.297582,-1.57982,-1.16327e-15,5.11937e-15,0.777163,-2.81142e-15,4.58849e-15,-2.35698,-2.20358e-10,3.01379e-14,-4.91358e-14,1.57114e-11,2.33231e-09,-2.76408e-13,5.37939e-13,-1.41525e-10
1876,1.876,0.52,1.28525,-0.297582,-1.57982,-1.15039e-15,5.06349e-15,0.777163,-2.78143e-15,4.53962e-15,-2.35698,-2.18038e-10,2.98475e-14,-4.86063e-14,1.55702e-11,2.30765e-09,-3.25847e-13,5.21334e-13,-1.39469e-10
1877,1.877,0.52,1.28525,-0.297582,-1.57982,-1.13766e-15,5.0082e-15,0.777163,-2.75173e-15,4.49128e-15,-2.35698,-2.15743e-10,2.95408e-14,-4.80845e-14,1.54324e-11,2.28345e-09,-2.93958e-13,5.23494e-13,-1.38799e-10
1878,1.878,0.52,1.28525,-0.297582,-1.57982,-1.12505e-15,4.9535e-15,0.777163,-2.72236e-15,4.44345e-15,-2.35698,-2.13471e-10,2.92192e-14,-4.75796e-14,1.5294e-11,2.25942e-09,-3.13362e-13,5.0669e-13,-1.37989e-10
1879,1.879,0.52,1.28525,-0.297582,-1.57982,-1.1126e-15,4.89938e-15,0.777163,-2.69328e-15,4.39613e-15,-2.35698,-2.11224e-10,2.88864e-14,-4.7079e-14,1.51568e-11,2.23565e-09,-3.10194e-13,5.00723e-13,-1.3607e-10
1880,1.88,0.52,1.28525,-0.297582,-1.57982,-1.10026e-15,4.84583e-15,0.777163,-2.66453e-15,4.3493e-15,-2.35698,-2.09e-10,2.86171e-14,-4.65696e-14,1.50214e-11,2.21218e-09,-3.38563e-13,4.83194e-13,-1.34832e-10
1881,1.881,0.52,1.28525,-0.297582,-1.57982,-1.08805e-15,4.79286e-15,0.777163,-2.63608e-15,4.30297e-15,-2.35698,-2.06799e-10,2.82985e-14,-4.60796e-14,1.4887e-11,2.18896e-09,-3.2633e-13,4.8883e-13,-1.34087e-10
1882,1.882,0.52,1.28525,-0.297582,-1.57982,-1.07597e-15,4.74045e-15,0.777163,-2.60794e-15,4.25713e-15,-2.35698,-2.04622e-10,2.79689e-14,-4.55949e-14,1.47532e-11,2.16586e-09,-2.99071e-13,4.91582e-13,-1.31932e-10
1883,1.883,0.52,1.28525,-0.297582,-1.57982,-1.06399e-15,4.68861e-15,0.777163,-2.58013e-15,4.21178e-15,-2.35698,-2.02468e-10,2.76857e-14,-4.51046e-14,1.46213e-11,2.14293e-09,-2.71661e-13,4.96944e-13,-1.30604e-10
1884,1.884,0.52,1.28525,-0.297582,-1.57982,-1.05216e-15,4.63732e-15,0.777163,-2.55259e-15,4.16692e-15,-2.35698,-2.00336e-10,2.73847e-14,-4.4615e-14,1.44919e-11,2.12037e-09,-3.21189e-13,4.65601e-13,-1.30232e-10
1885,1.885,0.52,1.28525,-0.297582,-1.57982,-1.04047e-15,4.58657e-15,0.777163,-2.52534e-15,4.12255e-15,-2.35698,-1.98227e-10,2.71118e-14,-4.41383e-14,1.43625e-11,2.09803e-09,-2.9738e-13,4.73669e-13,-1.28315e-10
1886,1.886,0.52,1.28525,-0.297582,-1.57982,-1.02889e-15,4.53638e-15,0.777163,-2.4984e-15,4.07864e-15,-2.35698,-1.9614e-10,2.67816e-14,-4.36736e-14,1.42348e-11,2.07591e-09,-2.66783e-13,4.75622e-13,-1.27112e-10
1887,1.887,0.52,1.28525,-0.297582,-1.57982,-1.01744e-15,4.48671e-15,0.777163,-2.47173e-15,4.03521e-15,-2.35698,-1.94075e-10,2.65301e-14,-4.3202e-14,1.41081e-11,2.05397e-09,-2.66878e-13,4.73181e-13,-1.26303e-10
1888,1.888,0.52,1.28525,-0.297582,-1.57982,-1.00613e-15,4.43757e-15,0.777163,-2.44534e-15,3.99224e-15,-2.35698,-1.92032e-10,2.62885e-14,-4.27258e-14,1.39821e-11,2.03241e-09,-2.71304e-13,4.6238e-13,-1.25861e-10
1889,1.889,0.52,1.28525,-0.297582,-1.57982,-9.94953e-16,4.38895e-15,0.777163,-2.41921e-15,3.94974e-15,-2.35698,-1.9001e-10,2.59746e-14,-4.22877e-14,1.38564e-11,2.01107e-09,-2.98641e-13,4.47159e-13,-1.2393e-10
1890,1.89,0.52,1.28525,-0.297582,-1.57982,-9.8388e-16,4.34085e-15,0.777163,-2.39337e-15,3.90768e-15,-2.35698,-1.8801e-10,2.571e-14,-4.18288e-14,1.37325e-11,1.98979e-09,-2.73435e-13,4.54326e-13,-1.22722e-10
1891,1.891,0.52,1.28525,-0.297582,-1.57982,-9.7293e-16,4.29326e-15,0.777163,-2.36781e-15,3.86608e-15,-2.35698,-1.8603e-10,2.54208e-14,-4.13827e-14,1.36109e-11,1.96896e-09,-2.74027e-13,4.40201e-13,-1.22468e-10
1892,1.892,0.52,1.28525,-0.297582,-1.57982,-9.6208e-16,4.24619e-15,0.777163,-2.34254e-15,3.82492e-15,-2.35698,-1.84072e-10,2.51463e-14,-4.09452e-14,1.34892e-11,1.94829e-09,-2.47545e-13,4.40065e-13,-1.2225e-10
1893,1.893,0.52,1.28525,-0.297582,-1.57982,-9.51353e-16,4.19962e-15,0.777163,-2.31752e-15,3.78419e-15,-2.35698,-1.82134e-10,2.48673e-14,-4.05151e-14,1.33676e-11,1.92766e-09,-2.50243e-13,4.37598e-13,-1.20477e-10
1894,1.894,0.52,1.28525,-0.297582,-1.57982,-9.40744e-16,4.15354e-15,0.777163,-2.29277e-15,3.7439e-15,-2.35698,-1.80216e-10,2.46214e-14,-4.00787e-14,1.32477e-11,1.90739e-09,-2.55665e-13,4.31995e-13,-1.19391e-10
1895,1.895,0.52,1.28525,-0.297582,-1.57982,-9.30236e-16,4.10795e-15,0.777163,-2.26829e-15,3.70403e-15,-2.35698,-1.78319e-10,2.43367e-14,-3.96593e-14,1.31287e-11,1.88738e-09,-2.54268e-13,4.28185e-13,-1.18714e-10
1896,1.896,0.52,1.28525,-0.297582,-1.57982,-9.19843e-16,4.06285e-15,0.777163,-2.24407e-15,3.66459e-15,-2.35698,-1.76441e-10,2.40914e-14,-3.92252e-14,1.30102e-11,1.8675e-09,-2.38251e-13,4.32459e-13,-1.16641e-10
1897,1.897,0.52,1.28525,-0.297582,-1.57982,-9.09557e-16,4.01823e-15,0.777163,-2.22011e-15,3.62556e-15,-2.35698,-1.74584e-10,2.38299e-14,-3.88084e-14,1.28937e-11,1.84785e-09,-2.4897e-13,4.15379e-13,-1.15343e-10
1898,1.898,0.52,1.28525,-0.297582,-1.57982,-8.99402e-16,3.97408e-15,0.777163,-2.1964e-15,3.58697e-15,-2.35698,-1.72746e-10,2.35555e-14,-3.84003e-14,1.27798e-11,1.82834e-09,-2.50807e-13,4.03571e-13,-1.15061e-10
1899,1.899,0.52,1.28525,-0.297582,-1.57982,-8.89328e-16,3.93041e-15,0.777163,-2.17295e-15,3.54877e-15,-2.35698,-1.70927e-10,2.33419e-14,-3.79913e-14,1.2665e-11,1.80914e-09,-2.58204e-13,3.97677e-13,-1.14553e-10
1900,1.9,0.52,1.28525,-0.297582,-1.57982,-8.79363e-16,3.8872e-15,0.777163,-2.14975e-15,3.51098e-15,-2.35698,-1.69127e-10,2.30667e-14,-3.7598e-14,1.25511e-11,1.78996e-09,-2.32581e-13,4.12368e-13,-1.12769e-10
1901,1.901,0.52,1.28525,-0.297582,-1.57982,-8.69491e-16,3.84445e-15,0.777163,-2.12681e-15,3.47358e-15,-2.35698,-1.67347e-10,2.28071e-14,-3.72007e-14,1.24389e-11,1.77103e-09,-2.13957e-13,4.10181e-13,-1.11673e-10
1902,1.902,0.52,1.28525,-0.297582,-1.57982,-8.59734e-16,3.80216e-15,0.777163,-2.10411e-15,3.43659e-15,-2.35698,-1.65585e-10,2.25468e-14,-3.68121e-14,1.23276e-11,1.75232e-09,-2.43856e-13,3.93861e-13,-1.10966e-10
1903,1.903,0.52,1.28525,-0.297582,-1.57982,-8.50041e-16,3.76033e-15,0.777163,-2.08169e-15,3.39997e-15,-2.35698,-1.63842e-10,2.22973e-14,-3.64138e-14,1.22169e-11,1.73398e-09,-2.53419e-13,3.75955e-13,-1.1056e-10
1904,1.904,0.52,1.28525,-0.297582,-1.57982,-8.4047e-16,3.71893e-15,0.777163,-2.05948e-15,3.36375e-15,-2.35698,-1.62117e-10,2.20915e-14,-3.60361e-14,1.21065e-11,1.7157e-09,-2.62461e-13,3.83337e-13,-1.08646e-10
1905,1.905,0.52,1.28525,-0.297582,-1.57982,-8.30992e-16,3.67798e-15,0.777163,-2.03752e-15,3.3279e-15,-2.35698,-1.60411e-10,2.18336e-14,-3.56607e-14,1.19978e-11,1.69773e-09,-2.19444e-13,3.9066e-13,-1.07488e-10
1906,1.906,0.52,1.28525,-0.297582,-1.57982,-8.21606e-16,3.63746e-15,0.777163,-2.0158e-15,3.29244e-15,-2.35698,-1.58722e-10,2.15945e-14,-3.52648e-14,1.18918e-11,1.67981e-09,-2.01125e-13,3.85775e-13,-1.07289e-10
1907,1.907,0.52,1.28525,-0.297582,-1.57982,-8.12331e-16,3.59739e-15,0.777163,-1.99431e-15,3.25736e-15,-2.35698,-1.57051e-10,2.14026e-14,-3.48907e-14,1.17847e-11,1.66214e-09,-2.35916e-13,3.75104e-13,-1.06811e-10
1908,1.908,0.52,1.28525,-0.297582,-1.57982,-8.03176e-16,3.55772e-15,0.777163,-1.97302e-15,3.22266e-15,-2.35698,-1.55397e-10,2.11685e-14,-3.45241e-14,1.16786e-11,1.64456e-09,-2.54659e-13,3.5531e-13,-1.05067e-10
1909,1.909,0.52,1.28525,-0.297582,-1.57982,-7.94095e-16,3.51848e-15,0.777163,-1.95197e-15,3.18832e-15,-2.35698,-1.53762e-10,2.09327e-14,-3.41555e-14,1.15741e-11,1.6272e-09,-2.35605e-13,3.62048e-13,-1.04023e-10
1910,1.91,0.52,1.28525,-0.297582,-1.57982,-7.85097e-16,3.47966e-15,0.777163,-1.93117e-15,3.15434e-15,-2.35698,-1.52143e-10,2.06883e-14,-3.38009e-14,1.14704e-11,1.61016e-09,-1.9267e-13,3.69468e-13,-1.03319e-10
1911,1.911,0.52,1.28525,-0.297582,-1.57982,-7.76196e-16,3.44126e-15,0.777163,-1.91058e-15,3.12072e-15,-2.35698,-1.50541e-10,2.04733e-14,-3.34406e-14,1.13673e-11,1.59318e-09,-2.24328e-13,3.60773e-13,-1.02846e-10
1912,1.912,0.52,1.28525,-0.297582,-1.57982,-7.67402e-16,3.40326e-15,0.777163,-1.89021e-15,3.08746e-15,-2.35698,-1.48957e-10,2.02653e-14,-3.30904e-14,1.12646e-11,1.57644e-09,-2.21991e-13,3.49107e-13,-1.00994e-10
1913,1.913,0.52,1.28525,-0.297582,-1.57982,-7.58683e-16,3.36567e-15,0.777163,-1.87006e-15,3.05455e-15,-2.35698,-1.47388e-10,2.00385e-14,-3.27419e-14,1.11637e-11,1.55991e-09,-2.29676e-13,3.51108e-13,-9.97948e-11
1914,1.914,0.52,1.28525,-0.297582,-1.57982,-7.50045e-16,3.32848e-15,0.777163,-1.85014e-15,3.02198e-15,-2.35698,-1.45837e-10,1.98038e-14,-3.24013e-14,1.10637e-11,1.54358e-09,-2.13181e-13,3.52721e-13,-9.90238e-11
1915,1.915,0.52,1.28525,-0.297582,-1.57982,-7.41501e-16,3.29168e-15,0.777163,-1.83043e-15,2.98976e-15,-2.35698,-1.44301e-10,1.9608e-14,-3.20481e-14,1.09656e-11,1.5274e-09,-1.99624e-13,3.49764e-13,-9.90314e-11
1916,1.916,0.52,1.28525,-0.297582,-1.57982,-7.33051e-16,3.25529e-15,0.777163,-1.81093e-15,2.95788e-15,-2.35698,-1.42782e-10,1.94204e-14,-3.17001e-14,1.08673e-11,1.51133e-09,-1.87239e-13,3.47028e-13,-9.89509e-11
1917,1.917,0.52,1.28525,-0.297582,-1.57982,-7.24714e-16,3.21927e-15,0.777163,-1.79161e-15,2.92636e-15,-2.35698,-1.41279e-10,1.92121e-14,-3.13615e-14,1.07689e-11,1.49528e-09,-1.77035e-13,3.49755e-13,-9.72821e-11
1918,1.918,0.52,1.28525,-0.297582,-1.57982,-7.16466e-16,3.18363e-15,0.777163,-1.7725e-15,2.89517e-15,-2.35698,-1.39791e-10,1.90059e-14,-3.1023e-14,1.06722e-11,1.47956e-09,-2.18894e-13,3.30074e-13,-9.62671e-11
1919,1.919,0.52,1.28525,-0.297582,-1.57982,-7.08317e-16,3.14837e-15,0.777163,-1.75358e-15,2.86432e-15,-2.35698,-1.38319e-10,1.88089e-14,-3.06878e-14,1.05763e-11,1.46389e-09,-1.53486e-13,3.51055e-13,-9.5617e-11
1920,1.92,0.52,1.28525,-0.297582,-1.57982,-7.00257e-16,3.11349e-15,0.777163,-1.73487e-15,2.8338e-15,-2.35698,-1.36863e-10,1.86209e-14,-3.0359e-14,1.04809e-11,1.44841e-09,-1.70454e-13,3.36627e-13,-9.51705e-11
1921,1.921,0.52,1.28525,-0.297582,-1.57982,-6.92302e-16,3.07897e-15,0.777163,-1.71633e-15,2.80361e-15,-2.35698,-1.35422e-10,1.84288e-14,-3.00259e-14,1.03859e-11,1.43309e-09,-1.92065e-13,3.25973e-13,-9.33031e-11
1922,1.922,0.52,1.28525,-0.297582,-1.57982,-6.84459e-16,3.04481e-15,0.777163,-1.69797e-15,2.77375e-15,-2.35698,-1.33997e-10,1.82336e-14,-2.97043e-14,1.02926e-11,1.41794e-09,-1.85791e-13,3.21425e-13,-9.21145e-11
1923,1.923,0.52,1.28525,-0.297582,-1.57982,-6.76678e-16,3.01102e-15,0.777163,-1.67982e-15,2.74421e-15,-2.35698,-1.32586e-10,1.80405e-14,-2.93829e-14,1.02003e-11,1.40313e-09,-2.0038e-13,3.16447e-13,-9.13427e-11
1924,1.924,0.52,1.28525,-0.297582,-1.57982,-6.69005e-16,2.97759e-15,0.777163,-1.66185e-15,2.715e-15,-2.35698,-1.31191e-10,1.78423e-14,-2.90669e-14,1.01099e-11,1.38841e-09,-1.90005e-13,3.0955e-13,-9.13265e-11
1925,1.925,0.52,1.28525,-0.297582,-1.57982,-6.61383e-16,2.94453e-15,0.777163,-1.6441e-15,2.68609e-15,-2.35698,-1.2981e-10,1.76618e-14,-2.87588e-14,1.00193e-11,1.37372e-09,-2.03104e-13,3.02757e-13,-9.12411e-11
1926,1.926,0.52,1.28525,-0.297582,-1.57982,-6.53865e-16,2.91181e-15,0.777163,-1.62652e-15,2.65749e-15,-2.35698,-1.28443e-10,1.74752e-14,-2.84469e-14,9.92867e-12,1.35922e-09,-1.99589e-13,3.00111e-13,-8.9605e-11
1927,1.927,0.52,1.28525,-0.297582,-1.57982,-6.46414e-16,2.87946e-15,0.777163,-1.60914e-15,2.6292e-15,-2.35698,-1.27091e-10,1.72967e-14,-2.81417e-14,9.83964e-12,1.34498e-09,-1.91691e-13,3.03531e-13,-8.85691e-11
1928,1.928,0.52,1.28525,-0.297582,-1.57982,-6.39032e-16,2.84744e-15,0.777163,-1.59195e-15,2.6012e-15,-2.35698,-1.25753e-10,1.70686e-14,-2.78519e-14,9.75142e-12,1.3309e-09,-1.54089e-13,3.08748e-13,-8.79124e-11
1929,1.929,0.52,1.28525,-0.297582,-1.57982,-6.31728e-16,2.81578e-15,0.777163,-1.57495e-15,2.5735e-15,-2.35698,-1.24429e-10,1.6929e-14,-2.75411e-14,9.66376e-12,1.31696e-09,-1.74618e-13,3.01854e-13,-8.74678e-11
1930,1.93,0.52,1.28525,-0.297582,-1.57982,-6.24513e-16,2.78445e-15,0.777163,-1.55812e-15,2.5461e-15,-2.35698,-1.23119e-10,1.67328e-14,-2.72518e-14,9.57644e-12,1.30313e-09,-1.93385e-13,2.83756e-13,-8.72012e-11
1931,1.931,0.52,1.28525,-0.297582,-1.57982,-6.17369e-16,2.75345e-15,0.777163,-1.54148e-15,2.51899e-15,-2.35698,-1.21823e-10,1.65572e-14,-2.69631e-14,9.48928e-12,1.28931e-09,-1.91243e-13,2.82948e-13,-8.54209e-11
1932,1.932,0.52,1.28525,-0.297582,-1.57982,-6.10297e-16,2.72278e-15,0.777163,-1.52501e-15,2.49217e-15,-2.35698,-1.20541e-10,1.63543e-14,-2.66872e-14,9.40384e-12,1.27584e-09,-1.83454e-13,2.82898e-13,-8.42964e-11
1933,1.933,0.52,1.28525,-0.297582,-1.57982,-6.03283e-16,2.69244e-15,0.777163,-1.50874e-15,2.46563e-15,-2.35698,-1.19272e-10,1.6201e-14,-2.63987e-14,9.31936e-12,1.26221e-09,-1.77091e-13,2.85358e-13,-8.35522e-11
1934,1.934,0.52,1.28525,-0.297582,-1.57982,-5.96356e-16,2.66243e-15,0.777163,-1.49263e-15,2.43937e-15,-2.35698,-1.18016e-10,1.60056e-14,-2.61238e-14,9.23677e-12,1.24903e-09,-1.91578e-13,2.75127e-13,-8.35687e-11
1935,1.935,0.52,1.28525,-0.297582,-1.57982,-5.89495e-16,2.63273e-15,0.777163,-1.4767e-15,2.41339e-15,-2.35698,-1.16774e-10,1.58333e-14,-2.58463e-14,9.15384e-12,1.2358e-09,-1.34007e-13,2.84378e-13,-8.35035e-11
1936,1.936,0.52,1.28525,-0.297582,-1.57982,-5.82697e-16,2.60336e-15,0.777163,-1.46095e-15,2.38768e-15,-2.35698,-1.15544e-10,1.56779e-14,-2.55652e-14,9.07096e-12,1.22278e-09,-1.75379e-13,2.72237e-13,-8.34971e-11
1937,1.937,0.52,1.28525,-0.297582,-1.57982,-5.76003e-16,2.57428e-15,0.777163,-1.44533e-15,2.36226e-15,-2.35698,-1.14328e-10,1.55117e-14,-2.53005e-14,8.98807e-12,1.20982e-09,-1.48705e-13,2.79677e-13,-8.1878e-11
1938,1.938,0.52,1.28525,-0.297582,-1.57982,-5.6936e-16,2.54552e-15,0.777163,-1.4299e-15,2.3371e-15,-2.35698,-1.13125e-10,1.53363e-14,-2.50279e-14,8.90672e-12,1.19706e-09,-1.44191e-13,2.78404e-13,-8.08798e-11
1939,1.939,0.52,1.28525,-0.297582,-1.57982,-5.62795e-16,2.51707e-15,0.777163,-1.41462e-15,2.31221e-15,-2.35698,-1.11934e-10,1.5195e-14,-2.47586e-14,8.82617e-12,1.18455e-09,-1.68242e-13,2.68639e-13,-8.02286e-11
1940,1.94,0.52,1.28525,-0.297582,-1.57982,-5.56322e-16,2.48891e-15,0.777163,-1.39949e-15,2.28759e-15,-2.35698,-1.10756e-10,1.50138e-14,-2.44965e-14,8.74618e-12,1.17215e-09,-1.61158e-13,2.67089e-13,-7.9816e-11
1941,1.941,0.52,1.28525,-0.297582,-1.57982,-5.49895e-16,2.46106e-15,0.777163,-1.38454e-15,2.26323e-15,-2.35698,-1.0959e-10,1.48855e-14,-2.42248e-14,8.6665e-12,1.15975e-09,-1.38912e-13,2.61945e-13,-7.95519e-11
1942,1.942,0.52,1.28525,-0.297582,-1.57982,-5.43545e-16,2.4335e-15,0.777163,-1.36974e-15,2.23914e-15,-2.35698,-1.08436e-10,1.47146e-14,-2.39705e-14,8.58705e-12,1.14753e-09,-1.34007e-13,2.71436e-13,-7.77659e-11
1943,1.943,0.52,1.28525,-0.297582,-1.57982,-5.37277e-16,2.40623e-15,0.777163,-1.35509e-15,2.2153e-15,-2.35698,-1.07294e-10,1.45786e-14,-2.37051e-14,8.50925e-12,1.13551e-09,-1.38999e-13,2.62859e-13,-7.66615e-11
1944,1.944,0.52,1.28525,-0.297582,-1.57982,-5.3108e-16,2.37925e-15,0.777163,-1.34059e-15,2.19172e-15,-2.35698,-1.06165e-10,1.44275e-14,-2.34537e-14,8.43237e-12,1.12348e-09,-1.3321e-13,2.68912e-13,-7.58836e-11
1945,1.945,0.52,1.28525,-0.297582,-1.57982,-5.24961e-16,2.35256e-15,0.777163,-1.32623e-15,2.1684e-15,-2.35698,-1.05047e-10,1.428e-14,-2.3195e-14,8.35744e-12,1.11164e-09,-1.36237e-13,2.50882e-13,-7.58741e-11
1946,1.946,0.52,1.28525,-0.297582,-1.57982,-5.18931e-16,2.32614e-15,0.777163,-1.312e-15,2.14534e-15,-2.35698,-1.03941e-10,1.41346e-14,-2.29427e-14,8.28223e-12,1.09992e-09,-1.32717e-13,2.47715e-13,-7.58071e-11
1947,1.947,0.52,1.28525,-0.297582,-1.57982,-5.12939e-16,2.30001e-15,0.777163,-1.29795e-15,2.12251e-15,-2.35698,-1.02847e-10,1.39974e-14,-2.27052e-14,8.20707e-12,1.08832e-09,-1.61429e-13,2.24046e-13,-7.58005e-11
1948,1.948,0.52,1.28525,-0.297582,-1.57982,-5.07011e-16,2.27416e-15,0.777163,-1.28405e-15,2.09992e-15,-2.35698,-1.01765e-10,1.38201e-14,-2.24806e-14,8.13188e-12,1.07677e-09,-1.83092e-13,2.21541e-13,-7.41353e-11
1949,1.949,0.52,1.28525,-0.297582,-1.57982,-5.01131e-16,2.24857e-15,0.777163,-1.2703e-15,2.07755e-15,-2.35698,-1.00694e-10,1.36685e-14,-2.22457e-14,8.05828e-12,1.0655e-09,-1.56616e-13,2.29858e-13,-7.31477e-11
1950,1.95,0.52,1.28525,-0.297582,-1.57982,-4.95283e-16,2.22327e-15,0.777163,-1.25673e-15,2.05542e-15,-2.35698,-9.96338e-11,1.34967e-14,-2.20177e-14,7.98549e-12,1.05427e-09,-1.2251e-13,2.45551e-13,-7.2479e-11
1951,1.951,0.52,1.28525,-0.297582,-1.57982,-4.89507e-16,2.19824e-15,0.777163,-1.24329e-15,2.03352e-15,-2.35698,-9.85852e-11,1.33679e-14,-2.17781e-14,7.91324e-12,1.04328e-09,-1.50908e-13,2.30267e-13,-7.20642e-11
1952,1.952,0.52,1.28525,-0.297582,-1.57982,-4.83799e-16,2.17347e-15,0.777163,-1.22999e-15,2.01186e-15,-2.35698,-9.75473e-11,1.32032e-14,-2.1555e-14,7.84131e-12,1.03224e-09,-1.48332e-13,2.23716e-13,-7.17626e-11
1953,1.953,0.52,1.28525,-0.297582,-1.57982,-4.78139e-16,2.14897e-15,0.777163,-1.21684e-15,1.99042e-15,-2.35698,-9.65205e-11,1.30813e-14,-2.13222e-14,7.76964e-12,1.0214e-09,-1.44394e-13,2.28972e-13,-7.16365e-11
1954,1.954,0.52,1.28525,-0.297582,-1.57982,-4.7254e-16,2.12473e-15,0.777163,-1.20383e-15,1.96921e-15,-2.35698,-9.55046e-11,1.29718e-14,-2.10856e-14,7.69807e-12,1.01069e-09,-1.29698e-13,2.30676e-13,-6.99237e-11
1955,1.955,0.52,1.28525,-0.297582,-1.57982,-4.67008e-16,2.10075e-15,0.777163,-1.19096e-15,1.94824e-15,-2.35698,-9.44991e-11,1.28198e-14,-2.08585e-14,7.62809e-12,1.00008e-09,-1.5703e-13,2.18935e-13,-6.88478e-11
1956,1.956,0.52,1.28525,-0.297582,-1.57982,-4.61548e-16,2.07701e-15,0.777163,-1.17821e-15,1.92749e-15,-2.35698,-9.35043e-11,1.26701e-14,-2.06384e-14,7.55902e-12,9.89624e-10,-1.33498e-13,2.20737e-13,-6.81055e-11
1957,1.957,0.52,1.28525,-0.297582,-1.57982,-4.56141e-16,2.05354e-15,0.777163,-1.1656e-15,1.90696e-15,-2.35698,-9.25199e-11,1.25461e-14,-2.041e-14,7.49216e-12,9.79255e-10,-1.35617e-13,2.11564e-13,-6.82373e-11
1958,1.958,0.52,1.28525,-0.297582,-1.57982,-4.50786e-16,2.03032e-15,0.777163,-1.15314e-15,1.88665e-15,-2.35698,-9.15459e-11,1.23973e-14,-2.0201e-14,7.42411e-12,9.68959e-10,-1.28274e-13,2.20163e-13,-6.79479e-11
1959,1.959,0.52,1.28525,-0.297582,-1.57982,-4.45487e-16,2.00735e-15,0.777163,-1.1408e-15,1.86656e-15,-2.35698,-9.0582e-11,1.2233e-14,-1.99921e-14,7.35676e-12,9.58706e-10,-1.2823e-13,2.06926e-13,-6.79467e-11
1960,1.96,0.52,1.28525,-0.297582,-1.57982,-4.40232e-16,1.98463e-15,0.777163,-1.12862e-15,1.84668e-15,-2.35698,-8.96283e-11,1.21396e-14,-1.97658e-14,7.2894e-12,9.48655e-10,-1.11861e-13,2.15848e-13,-6.6338e-11
1961,1.961,0.52,1.28525,-0.297582,-1.57982,-4.35038e-16,1.96215e-15,0.777163,-1.11656e-15,1.82701e-15,-2.35698,-8.86846e-11,1.20003e-14,-1.95614e-14,7.22358e-12,9.3861e-10,-1.15002e-13,2.12077e-13,-6.53245e-11
1962,1.962,0.52,1.28525,-0.297582,-1.57982,-4.29913e-16,1.93991e-15,0.777163,-1.10461e-15,1.80756e-15,-2.35698,-8.77511e-11,1.18744e-14,-1.9354e-14,7.15861e-12,9.28808e-10,-1.19257e-13,2.07009e-13,-6.46713e-11
1963,1.963,0.52,1.28525,-0.297582,-1.57982,-4.2485e-16,1.91789e-15,0.777163,-1.09279e-15,1.78832e-15,-2.35698,-8.68272e-11,1.1744e-14,-1.91509e-14,7.09417e-12,9.18973e-10,-1.18231e-13,2.08543e-13,-6.42515e-11
1964,1.964,0.52,1.28525,-0.297582,-1.57982,-4.19823e-16,1.89612e-15,0.777163,-1.0811e-15,1.76927e-15,-2.35698,-8.5913e-11,1.16255e-14,-1.89421e-14,7.03009e-12,9.09308e-10,-1.43788e-13,2.02203e-13,-6.3944e-11
1965,1.965,0.52,1.28525,-0.297582,-1.57982,-4.14871e-16,1.87458e-15,0.777163,-1.06952e-15,1.75044e-15,-2.35698,-8.50085e-11,1.14914e-14,-1.87395e-14,6.96621e-12,8.99774e-10,-9.17758e-14,2.1739e-13,-6.37883e-11
1966,1.966,0.52,1.28525,-0.297582,-1.57982,-4.09969e-16,1.85326e-15,0.777163,-1.05807e-15,1.73181e-15,-2.35698,-8.41134e-11,1.14184e-14,-1.85232e-14,6.90248e-12,8.90361e-10,-1.30067e-13,1.94127e-13,-6.36936e-11
1967,1.967,0.52,1.28525,-0.297582,-1.57982,-4.05131e-16,1.83217e-15,0.777163,-1.04673e-15,1.71338e-15,-2.35698,-8.32278e-11,1.12927e-14,-1.8324e-14,6.83879e-12,8.80987e-10,-1.12671e-13,1.99278e-13,-6.20432e-11
1968,1.968,0.52,1.28525,-0.297582,-1.57982,-4.00349e-16,1.8113e-15,0.777163,-1.0355e-15,1.69515e-15,-2.35698,-8.23514e-11,1.11401e-14,-1.81425e-14,6.7767e-12,8.71717e-10,-1.60787e-13,1.91499e-13,-6.09719e-11
1969,1.969,0.52,1.28525,-0.297582,-1.57982,-3.95612e-16,1.79066e-15,0.777163,-1.0244e-15,1.67711e-15,-2.35698,-8.14843e-11,1.10232e-14,-1.79481e-14,6.71548e-12,8.62524e-10,-1.19684e-13,1.93862e-13,-6.02681e-11
1970,1.97,0.52,1.28525,-0.297582,-1.57982,-3.90904e-16,1.77025e-15,0.777163,-1.01345e-15,1.65925e-15,-2.35698,-8.06263e-11,1.09007e-14,-1.77578e-14,6.65485e-12,8.53412e-10,-1.48403e-13,1.82427e-13,-5.97981e-11
1971,1.971,0.52,1.28525,-0.297582,-1.57982,-3.86248e-16,1.75005e-15,0.777163,-1.0026e-15,1.64159e-15,-2.35698,-7.97774e-11,1.07603e-14,-1.75726e-14,6.59594e-12,8.44352e-10,-1.25831e-13,1.76851e-13,-5.99748e-11
1972,1.972,0.52,1.28525,-0.297582,-1.57982,-3.81619e-16,1.73008e-15,0.777163,-9.91903e-16,1.62411e-15,-2.35698,-7.89376e-11,1.06538e-14,-1.73876e-14,6.53655e-12,8.35528e-10,-1.01475e-13,1.8517e-13,-6.00349e-11
1973,1.973,0.52,1.28525,-0.297582,-1.57982,-3.77042e-16,1.71032e-15,0.777163,-9.81309e-16,1.60681e-15,-2.35698,-7.81064e-11,1.05359e-14,-1.72078e-14,6.4771e-12,8.26664e-10,-1.00243e-13,1.87037e-13,-6.00745e-11
1974,1.974,0.52,1.28525,-0.297582,-1.57982,-3.72526e-16,1.69076e-15,0.777163,-9.70812e-16,1.5897e-15,-2.35698,-7.72841e-11,1.04195e-14,-1.70289e-14,6.4176e-12,8.18006e-10,-1.02967e-13,1.82046e-13,-6.01424e-11
1975,1.975,0.52,1.28525,-0.297582,-1.57982,-3.68042e-16,1.67142e-15,0.777163,-9.60443e-16,1.57277e-15,-2.35698,-7.64705e-11,1.03429e-14,-1.68295e-14,6.35805e-12,8.09272e-10,-1.16762e-13,1.7815e-13,-5.85793e-11
1976,1.976,0.52,1.28525,-0.297582,-1.57982,-3.63615e-16,1.65228e-15,0.777163,-9.50175e-16,1.55602e-15,-2.35698,-7.56654e-11,1.01945e-14,-1.66695e-14,6.29998e-12,8.00688e-10,-1.21548e-13,1.71314e-13,-5.75868e-11
1977,1.977,0.52,1.28525,-0.297582,-1.57982,-3.59245e-16,1.63333e-15,0.777163,-9.40004e-16,1.53945e-15,-2.35698,-7.4869e-11,1.01078e-14,-1.64889e-14,6.24276e-12,7.92295e-10,-1.02338e-13,1.81239e-13,-5.69473e-11
1978,1.978,0.52,1.28525,-0.297582,-1.57982,-3.54908e-16,1.61459e-15,0.777163,-9.29955e-16,1.52305e-15,-2.35698,-7.40809e-11,9.98801e-15,-1.6319e-14,6.18604e-12,7.84013e-10,-1.34805e-13,1.64572e-13,-5.65015e-11
1979,1.979,0.52,1.28525,-0.297582,-1.57982,-3.50616e-16,1.59605e-15,0.777163,-9.20013e-16,1.50682e-15,-2.35698,-7.3301e-11,9.89687e-15,-1.61404e-14,6.12969e-12,7.75791e-10,-8.87126e-14,1.8075e-13,-5.62422e-11
1980,1.98,0.52,1.28525,-0.297582,-1.57982,-3.46369e-16,1.57771e-15,0.777163,-9.10177e-16,1.49076e-15,-2.35698,-7.25293e-11,9.8158e-15,-1.59581e-14,6.07355e-12,7.67683e-10,-1.25902e-13,1.61056e-13,-5.6058e-11
1981,1.981,0.52,1.28525,-0.297582,-1.57982,-3.42199e-16,1.55955e-15,0.777163,-9.00415e-16,1.47489e-15,-2.35698,-7.17657e-11,9.71122e-15,-1.57873e-14,6.01753e-12,7.59618e-10,-1.05862e-13,1.63714e-13,-5.59689e-11
1982,1.982,0.52,1.28525,-0.297582,-1.57982,-3.38047e-16,1.54159e-15,0.777163,-8.9078e-16,1.45917e-15,-2.35698,-7.10101e-11,9.58826e-15,-1.56251e-14,5.96158e-12,7.51585e-10,-1.38376e-13,1.58144e-13,-5.42932e-11
1983,1.983,0.52,1.28525,-0.297582,-1.57982,-3.33967e-16,1.52381e-15,0.777163,-8.8122e-16,1.44364e-15,-2.35698,-7.02625e-11,9.48085e-15,-1.54696e-14,5.90725e-12,7.43595e-10,-9.92251e-14,1.64462e-13,-5.31886e-11
1984,1.984,0.52,1.28525,-0.297582,-1.57982,-3.29888e-16,1.50623e-15,0.777163,-8.71804e-16,1.42825e-15,-2.35698,-6.95227e-11,9.3752e-15,-1.53058e-14,5.8538e-12,7.3583e-10,-7.76465e-14,1.76865e-13,-5.24713e-11
1985,1.985,0.52,1.28525,-0.297582,-1.57982,-3.25862e-16,1.48884e-15,0.777163,-8.62476e-16,1.41302e-15,-2.35698,-6.87909e-11,9.28429e-15,-1.51417e-14,5.80098e-12,7.28107e-10,-1.13996e-13,1.59675e-13,-5.20272e-11
1986,1.986,0.52,1.28525,-0.297582,-1.57982,-3.21891e-16,1.47163e-15,0.777163,-8.53237e-16,1.39797e-15,-2.35698,-6.80666e-11,9.18504e-15,-1.4974e-14,5.74851e-12,7.2036e-10,-9.18761e-14,1.70047e-13,-5.1699e-11
1987,1.987,0.52,1.28525,-0.297582,-1.57982,-3.1795e-16,1.45461e-15,0.777163,-8.44113e-16,1.38307e-15,-2.35698,-6.735e-11,9.07274e-15,-1.48148e-14,5.69762e-12,7.12818e-10,-9.44372e-14,1.66125e-13,-5.19934e-11
1988,1.988,0.52,1.28525,-0.297582,-1.57982,-3.14078e-16,1.43777e-15,0.777163,-8.35063e-16,1.36835e-15,-2.35698,-6.66409e-11,9.01241e-15,-1.46368e-14,5.64618e-12,7.05218e-10,-1.11797e-13,1.44682e-13,-5.21015e-11
1989,1.989,0.52,1.28525,-0.297582,-1.57982,-3.1024e-16,1.42111e-15,0.777163,-8.26118e-16,1.35379e-15,-2.35698,-6.59394e-11,8.92936e-15,-1.44722e-14,5.59463e-12,6.97803e-10,-9.41481e-14,1.46715e-13,-5.21902e-11
1990,1.99,0.52,1.28525,-0.297582,-1.57982,-3.06448e-16,1.40462e-15,0.777163,-8.1726e-16,1.33937e-15,-2.35698,-6.52454e-11,8.80184e-15,-1.43391e-14,5.54303e-12,6.9054e-10,-9.48137e-14,1.46055e-13,-5.22848e-11
1991,1.991,0.52,1.28525,-0.297582,-1.57982,-3.02701e-16,1.38831e-15,0.777163,-8.08492e-16,1.32512e-15,-2.35698,-6.45585e-11,8.74598e-15,-1.41741e-14,5.49133e-12,6.83315e-10,-1.11443e-13,1.44778e-13,-5.0764e-11
1992,1.992,0.52,1.28525,-0.297582,-1.57982,-2.98993e-16,1.37217e-15,0.777163,-7.99816e-16,1.31101e-15,-2.35698,-6.38788e-11,8.62369e-15,-1.40327e-14,5.44108e-12,6.76006e-10,-6.64192e-14,1.5966e-13,-4.97671e-11
1993,1.993,0.52,1.28525,-0.297582,-1.57982,-2.95311e-16,1.35621e-15,0.777163,-7.91247e-16,1.29705e-15,-2.35698,-6.32064e-11,8.52084e-15,-1.38823e-14,5.39167e-12,6.68814e-10,-9.82127e-14,1.51539e-13,-4.9113e-11
1994,1.994,0.52,1.28525,-0.297582,-1.57982,-2.9169e-16,1.34042e-15,0.777163,-7.82755e-16,1.28325e-15,-2.35698,-6.25411e-11,8.43228e-15,-1.37367e-14,5.3428e-12,6.61728e-10,-1.0621e-13,1.49756e-13,-4.86518e-11
1995,1.995,0.52,1.28525,-0.297582,-1.57982,-2.88086e-16,1.3248e-15,0.777163,-7.74375e-16,1.26959e-15,-2.35698,-6.18828e-11,8.33138e-15,-1.35858e-14,5.2943e-12,6.54726e-10,-9.06906e-14,1.47392e-13,-4.83658e-11
1996,1.996,0.52,1.28525,-0.297582,-1.57982,-2.84523e-16,1.30936e-15,0.777163,-7.66085e-16,1.25608e-15,-2.35698,-6.12316e-11,8.25083e-15,-1.3433e-14,5.24602e-12,6.47781e-10,-8.10314e-14,1.36699e-13,-4.81767e-11
1997,1.997,0.52,1.28525,-0.297582,-1.57982,-2.80994e-16,1.29408e-15,0.777163,-7.57884e-16,1.24271e-15,-2.35698,-6.05872e-11,8.15379e-15,-1.33025e-14,5.1979e-12,6.41084e-10,-8.65592e-14,1.3588e-13,-4.81107e-11
1998,1.998,0.52,1.28525,-0.297582,-1.57982,-2.77509e-16,1.27895e-15,0.777163,-7.49758e-16,1.22948e-15,-2.35698,-5.99495e-11,8.07421e-15,-1.31651e-14,5.14983e-12,6.34389e-10,-9.44622e-14,1.33659e-13,-4.80596e-11
1999,1.999,0.52,1.28525,-0.297582,-1.57982,-2.74046e-16,1.26398e-15,0.777163,-7.41732e-16,1.21639e-15,-2.35698,-5.93183e-11,7.9933e-15,-1.30272e-14,5.10176e-12,6.27674e-10,-7.69355e-14,1.38131e-13,-4.80208e-11
2000,2,0.52,1.28525,-0.297582,-1.57982,-2.70618e-16,1.24917e-15,0.777163,-7.33788e-16,1.20342e-15,-2.35698,-5.86939e-11,7.923e-15,-1.2893e-14,5.05375e-12,6.2095e-10,-1.19401e-13,1.2572e-13,-4.63899e-11
