1,0,0,0,0,0,-0,0,0,0,0,0,0,0,0,0,0,0,0,0,0.52,1.2883301,-0.29322991,-1.5707963,-3.269651e-15,-3.2627121e-15,0.78539816,-7.2409008e-31,-1.5730874e-31,-2.3561945,0,-0,0,0,-14.320126,0.041346567,-0.045803315,-1.0787712,-0.0081698724,3.6204504e-26,7.8654371e-27,0.024509617,0,0
2,0.001,0,0,0,0,-0,0,0,0,0,0,0,0,0,0,0,0,0,0,0.52,1.288328,-0.29323307,-1.5708026,2.4491342e-09,-1.3629216e-08,0.78539221,7.9054396e-09,-1.1369158e-08,-2.3561949,-0.010848775,9.6679637e-06,-1.5119105e-05,-0.00060827795,-7.9733148,-0.002061206,0.0015852276,-0.3495597,54.533165,-0.048735091,0.076163984,3.0839368,0,0
3,0.002,0,0,0,0,-0,0,0,0,0,0,0,0,0,0,0,0,0,0,0.52000001,1.2883233,-0.29324057,-1.5708175,5.964774e-09,-2.8611175e-08,0.78537807,1.6012928e-08,-2.444921e-08,-2.3561956,-0.01686104,6.3642684e-06,-1.0488491e-05,-0.00085638547,-4.3857841,-0.0034320957,0.0054227774,-0.17337849,85.30184,-0.032621988,0.053664916,4.3617957,0,0
4,0.003,0,0,0,0,-0,0,0,0,0,0,0,0,0,0,0,0,0,0,0.52000001,1.288317,-0.29325047,-1.5708371,8.2232792e-09,-3.77172e-08,0.7853594,2.0854088e-08,-3.2485633e-08,-2.3561965,-0.020143138,3.5106249e-06,-5.866878e-06,-0.00098456118,-2.3631478,-0.0022513979,0.0037073518,-0.091202671,102.64548,-0.018595829,0.030958672,5.0490243,0,0
5,0.004,0,0,0,0,-0,0,0,0,0,0,0,0,0,0,0,0,0,0,0.52000001,1.28831,-0.29326166,-1.5708592,9.4512494e-09,-4.2571739e-08,0.7853383,2.3417516e-08,-3.678721e-08,-2.3561975,-0.021886167,1.7617973e-06,-2.9733375e-06,-0.001051217,-1.2237876,-0.0013108822,0.0021771747,-0.046148653,112.41575,-0.0099798621,0.016706048,5.4333714,0,0
6,0.005,0,0,0,0,-0,0,0,0,0,0,0,0,0,0,0,0,0,0,0.52000001,1.2883026,-0.29327352,-1.5708827,1.0055853e-08,-4.4911569e-08,0.78531594,2.4643512e-08,-3.8869863e-08,-2.3561986,-0.022767176,7.5440201e-07,-1.2982834e-06,-0.0010838604,-0.57979347,-0.00073862678,0.00122963,-0.020779362,117.93894,-0.0050041857,0.0084349101,5.6500367,0,0
7,0.006,0,0,0,0,-0,0,0,0,0,0,0,0,0,0,0,0,0,0,0.52000001,1.2882949,-0.2932857,-1.5709067,1.0304574e-08,-4.5823524e-08,0.78529297,2.5111511e-08,-3.96912e-08,-2.3561997,-0.023164309,1.8159501e-07,-3.4439013e-07,-0.0010974526,-0.21447331,-0.00040698723,0.00067815652,-0.0064049236,121.07289,-0.0021635506,0.0037065106,5.7725303,0,0
8,0.007,0,0,0,0,-0,0,0,0,0,0,0,0,0,0,0,0,0,0,0.52000001,1.2882872,-0.29329801,-1.5709311,1.034446e-08,-4.5899105e-08,0.78526975,2.5135819e-08,-3.9773435e-08,-2.3562008,-0.023278021,-1.329787e-07,1.7992059e-07,-0.0010998978,-0.012950727,-0.00022216017,0.00037046493,0.0015145253,122.80251,-0.00059189746,0.0010890688,5.83969,0,0
9,0.008,0,0,0,0,-0,0,0,0,0,0,0,0,0,0,0,0,0,0,0.52000001,1.2882795,-0.29331034,-1.5709554,1.026987e-08,-4.5516834e-08,0.7852465,2.491738e-08,-3.9450936e-08,-2.3562019,-0.023235626,-3.0389952e-07,4.650758e-07,-0.0010962135,0.097741273,-0.00011968148,0.0001998455,0.0058539699,123.75337,0.00027362862,-0.00035283219,5.8761716,0,0
10,0.009,0,0,0,0,-0,0,0,0,0,0,0,0,0,0,0,0,0,0,0.52000001,1.2882718,-0.29332263,-1.5709797,1.0133289e-08,-4.4887083e-08,0.78522332,2.4567837e-08,-3.8909574e-08,-2.356203,-0.02310772,-3.9518699e-07,6.1764843e-07,-0.0010891816,0.15806979,-6.2893452e-05,0.00010529975,0.008209859,124.27243,0.00074754311,-0.0011427634,5.8956469,0,0
11,0.01,0,0,0,0,-0,0,0,0,0,0,0,0,0,0,0,0,0,0,0.52000001,1.2882642,-0.29333484,-1.5710038,9.9638069e-09,-4.4126451e-08,0.7852003,2.4149065e-08,-3.8252367e-08,-2.3562041,-0.022933447,-4.4235686e-07,6.9676599e-07,-0.0010803443,0.19047767,-3.1446295e-05,5.2935374e-05,0.0094648398,124.55209,0.0010043311,-0.0015712116,5.9056983,0,0
12,0.011,0,0,0,0,-0,0,0,0,0,0,0,0,0,0,0,0,0,0,0.52000001,1.2882566,-0.29334695,-1.5710277,9.7775348e-09,-4.3299518e-08,0.78517747,2.3695333e-08,-3.7536374e-08,-2.3562052,-0.022734502,-4.6510587e-07,7.3522001e-07,-0.0010705563,0.20741147,-1.4051717e-05,2.3972669e-05,0.01011118,124.69907,0.0011407627,-0.0017992814,5.9105308,0,0
13,0.012,0,0,0,0,-0,0,0,0,0,0,0,0,0,0,0,0,0,0,0.52000001,1.2882491,-0.29335894,-1.5710514,9.5833868e-09,-4.2442014e-08,0.78515484,2.3225602e-08,-3.6793166e-08,-2.3562062,-0.022522909,-4.7435711e-07,7.511956e-07,-0.0010602911,0.21577396,-4.4507788e-06,7.9784945e-06,0.010419096,124.77254,0.0012105055,-0.0019163197,5.9124763,0,0
14,0.013,0,0,0,0,-0,0,0,0,0,0,0,0,0,0,0,0,0,0,0.52000001,1.2882416,-0.29337083,-1.5710748,9.3862858e-09,-4.1573674e-08,0.78513243,2.2750339e-08,-3.604018e-08,-2.3562073,-0.022305326,-4.7616796e-07,7.5477717e-07,-0.001049811,0.21939321,8.2908846e-07,-8.1534833e-07,0.010541228,124.80533,0.0012433228,-0.0019718768,5.912828,0,0
15,0.014,0,0,0,0,-0,0,0,0,0,0,0,0,0,0,0,0,0,0,0.52000001,1.2882342,-0.2933826,-1.5710981,9.1889425e-09,-4.0705357e-08,0.78511023,2.2275307e-08,-3.5287013e-08,-2.3562083,-0.022085433,-4.7389721e-07,7.5155659e-07,-0.0010392606,0.22039221,3.712412e-06,-5.6258041e-06,0.010559438,124.81563,0.0012557207,-0.0019934323,5.9123031,0,0
16,0.015,0,0,0,0,-0,0,0,0,0,0,0,0,0,0,0,0,0,0,0.52000001,1.2882269,-0.29339425,-1.5711211,8.9928404e-09,-3.9843007e-08,0.78508826,2.1803654e-08,-3.4538918e-08,-2.3562094,-0.021865263,-4.6940708e-07,7.4463417e-07,-0.00102872,0.21994819,5.2678393e-06,-8.2190323e-06,0.010521905,124.81355,0.0012568527,-0.001996225,5.9112993,0,0
17,0.016,0,0,0,0,-0,0,0,0,0,0,0,0,0,0,0,0,0,0,0.52000001,1.2882197,-0.29340578,-1.5711439,8.7987831e-09,-3.8989837e-08,0.7850665,2.1337086e-08,-3.3798736e-08,-2.3562104,-0.021645932,-4.637298e-07,7.3572843e-07,-0.0010182327,0.21871401,6.0867216e-06,-9.59245e-06,0.010452561,124.80467,0.0012517947,-0.0019887053,5.9100369,0,0
18,0.017,0,0,0,0,-0,0,0,0,0,0,0,0,0,0,0,0,0,0,0.52000001,1.2882126,-0.2934172,-1.5711664,8.6071973e-09,-3.8147552e-08,0.78504496,2.0876502e-08,-3.3067976e-08,-2.3562114,-0.021428049,-4.5743728e-07,7.2579156e-07,-0.0010078227,0.21705157,6.4983195e-06,-1.0281285e-05,0.010367457,124.79211,0.0012433613,-0.001975559,5.9086383,0,0
19,0.018,0,0,0,0,-0,0,0,0,0,0,0,0,0,0,0,0,0,0,0.52000001,1.2882055,-0.29342851,-1.5711888,8.4183011e-09,-3.7317018e-08,0.78502364,2.0422361e-08,-3.2347405e-08,-2.3562124,-0.021211943,-4.5084616e-07,7.1535078e-07,-0.00099750264,0.21516153,6.6839278e-06,-1.0600283e-05,0.010272704,124.77758,0.0012331128,-0.0019593836,5.907171,0,0
20,0.019,0,0,0,0,-0,0,0,0,0,0,0,0,0,0,0,0,0,0,0.52000001,1.2881985,-0.2934397,-1.5712108,8.2321968e-09,-3.6498637e-08,0.78500254,1.9974872e-08,-3.1637381e-08,-2.3562134,-0.020997784,-4.441315e-07,7.0469761e-07,-0.00098727905,0.21315502,6.7453902e-06,-1.0706068e-05,0.010174473,124.76203,0.0012219139,-0.001941619,5.9056726,0,0
21,0.02,0,0,0,0,-0,0,0,0,0,0,0,0,0,0,0,0,0,0,0.52000001,1.2881915,-0.29345077,-1.5712327,8.0489232e-09,-3.5692556e-08,0.78498165,1.9534111e-08,-3.0938036e-08,-2.3562144,-0.02078566,-4.3738987e-07,6.9399286e-07,-0.00097715512,0.21109364,6.7378774e-06,-1.0703414e-05,0.010073395,124.74599,0.0012102438,-0.0019230625,5.9041638,0,0
22,0.021,0,0,0,0,-0,0,0,0,0,0,0,0,0,0,0,0,0,0,0.52000001,1.2881847,-0.29346174,-1.5712544,7.8684838e-09,-3.4898782e-08,0.78496097,1.9100079e-08,-3.0249377e-08,-2.3562153,-0.020575607,-4.3067428e-07,6.8332491e-07,-0.00096713212,0.20901139,6.6932853e-06,-1.0632495e-05,0.0099726017,124.72976,0.0011983675,-0.0019041557,5.902656,0,0
23,0.022,0,0,0,0,-0,0,0,0,0,0,0,0,0,0,0,0,0,0,0.52000001,1.2881779,-0.29347259,-1.5712758,7.6908629e-09,-3.4117242e-08,0.78494049,1.8672735e-08,-2.9571343e-08,-2.3562163,-0.020367638,-4.2401365e-07,6.7274191e-07,-0.0009572103,0.20692708,6.627992e-06,-1.0533504e-05,0.0098710385,124.7135,0.0011864315,-0.0018851424,5.9011554,0,0
24,0.023,0,0,0,0,-0,0,0,0,0,0,0,0,0,0,0,0,0,0,0.52000001,1.2881711,-0.29348333,-1.571297,7.5160343e-09,-3.3347824e-08,0.78492023,1.8252017e-08,-2.8903838e-08,-2.3562173,-0.020161749,-4.1742346e-07,6.6226976e-07,-0.00094738933,0.20485101,6.5523795e-06,-1.04108e-05,0.0097709013,124.69728,0.0011745165,-0.0018661569,5.8996656,0,0
25,0.024,0,0,0,0,-0,0,0,0,0,0,0,0,0,0,0,0,0,0,0.52000001,1.2881645,-0.29349397,-1.571318,7.3439664e-09,-3.2590391e-08,0.78490017,1.7837849e-08,-2.8246742e-08,-2.3562182,-0.019957929,-4.1091182e-07,6.51922e-07,-0.00093766857,0.20278883,6.4708945e-06,-1.0284711e-05,0.0096706186,124.68118,0.0011626667,-0.0018472729,5.8981882,0,0
26,0.025,0,0,0,0,-0,0,0,0,0,0,0,0,0,0,0,0,0,0,0.52000001,1.2881579,-0.2935045,-1.5713388,7.1746246e-09,-3.1844798e-08,0.78488031,1.7430152e-08,-2.7599928e-08,-2.3562191,-0.019756163,-4.0448273e-07,6.4170536e-07,-0.00092804721,0.20074353,6.3873018e-06,-1.014858e-05,0.0095720986,124.6652,0.001150906,-0.0018285304,5.8967243,0,0
27,0.026,0,0,0,0,-0,0,0,0,0,0,0,0,0,0,0,0,0,0,0.52000001,1.2881513,-0.29351492,-1.5713594,7.0079729e-09,-3.1110891e-08,0.78486066,1.7028841e-08,-2.6963264e-08,-2.3562201,-0.019556433,-3.9813788e-07,6.3162275e-07,-0.00091852435,0.19871675,6.3023789e-06,-1.0016627e-05,0.0094736106,124.64936,0.0011392474,-0.0018099506,5.8952743,0,0
28,0.027,0,0,0,0,-0,0,0,0,0,0,0,0,0,0,0,0,0,0,0.52000001,1.2881449,-0.29352523,-1.5713798,6.843975e-09,-3.0388515e-08,0.7848412,1.6633834e-08,-2.6336615e-08,-2.356221,-0.01935872,-3.9187777e-07,6.2167504e-07,-0.00090909906,0.19670923,6.2178552e-06,-9.8788077e-06,0.0093769746,124.63368,0.0011276972,-0.0017915444,5.8938385,0,0
29,0.028,0,0,0,0,-0,0,0,0,0,0,0,0,0,0,0,0,0,0,0.52000001,1.2881385,-0.29353544,-1.5713999,6.6825943e-09,-2.9677517e-08,0.78482194,1.6245044e-08,-2.5719847e-08,-2.3562219,-0.019163005,-3.8570215e-07,6.118619e-07,-0.00089977037,0.19472134,6.1333798e-06,-9.7474625e-06,0.009280411,124.61814,0.0011162586,-0.0017733172,5.8924167,0,0
30,0.029,0,0,0,0,-0,0,0,0,0,0,0,0,0,0,0,0,0,0,0.52000001,1.2881321,-0.29354555,-1.5714199,6.5237945e-09,-2.8977742e-08,0.78480287,1.5862387e-08,-2.5112824e-08,-2.3562228,-0.018969267,-3.7961043e-07,6.0218242e-07,-0.00089053731,0.19275316,6.0500567e-06,-9.6115052e-06,0.0091857128,124.60276,0.0011049328,-0.0017552709,5.8910091,0,0
31,0.03,0,0,0,0,-0,0,0,0,0,0,0,0,0,0,0,0,0,0,0.52000001,1.2881259,-0.29355555,-1.5714397,6.3675395e-09,-2.8289037e-08,0.784784,1.5485781e-08,-2.4515416e-08,-2.3562237,-0.018777488,-3.7360181e-07,5.9263531e-07,-0.00088139891,0.1908047,5.967188e-06,-9.4826996e-06,0.0090910855,124.58754,0.00109372,-0.0017374058,5.8896155,0,0
32,0.031,0,0,0,0,-0,0,0,0,0,0,0,0,0,0,0,0,0,0,0.52000001,1.2881197,-0.29356546,-1.5714592,6.2137937e-09,-2.761125e-08,0.78476532,1.5115143e-08,-2.3927488e-08,-2.3562245,-0.018587648,-3.6767537e-07,5.8321915e-07,-0.00087235421,0.18887579,5.8856852e-06,-9.349639e-06,0.0089983139,124.57247,0.0010826197,-0.0017197213,5.8882359,0,0
33,0.032,0,0,0,0,-0,0,0,0,0,0,0,0,0,0,0,0,0,0,0.52000001,1.2881135,-0.29357526,-1.5714786,6.0625218e-09,-2.6944233e-08,0.78474682,1.475039e-08,-2.3348913e-08,-2.3562254,-0.018399727,-3.6183016e-07,5.7393237e-07,-0.00086340225,0.18696635,5.8047443e-06,-9.2239099e-06,0.0089055992,124.55754,0.0010716313,-0.0017022162,5.88687,0,0
34,0.033,0,0,0,0,-0,0,0,0,0,0,0,0,0,0,0,0,0,0,0.52000001,1.2881074,-0.29358497,-1.5714977,5.9136892e-09,-2.6287837e-08,0.78472852,1.4391442e-08,-2.277956e-08,-2.3562263,-0.018213706,-3.5606518e-07,5.6477341e-07,-0.00085454209,0.18507615,5.7252176e-06,-9.0940077e-06,0.0088147239,124.54277,0.0010607538,-0.0016848891,5.8855178,0,0
35,0.034,0,0,0,0,-0,0,0,0,0,0,0,0,0,0,0,0,0,0,0.52000001,1.2881014,-0.29359457,-1.5715167,5.7672614e-09,-2.5641916e-08,0.78471039,1.403822e-08,-2.2219303e-08,-2.3562271,-0.018029565,-3.5037943e-07,5.5574068e-07,-0.00084577278,0.18320507,5.6462686e-06,-8.9714646e-06,0.0087238878,124.52815,0.0010499862,-0.0016677382,5.8841791,0,0
36,0.035,0,0,0,0,-0,0,0,0,0,0,0,0,0,0,0,0,0,0,0.52000001,1.2880955,-0.29360408,-1.5715355,5.6232047e-09,-2.5006326e-08,0.78469246,1.3690644e-08,-2.1668016e-08,-2.3562279,-0.017847286,-3.4477193e-07,5.4683257e-07,-0.0008370934,0.18135287,5.5687319e-06,-8.8447461e-06,0.0086348728,124.51368,0.0010393275,-0.0016507621,5.8828539,0,0
37,0.036,0,0,0,0,-0,0,0,0,0,0,0,0,0,0,0,0,0,0,0.52000001,1.2880896,-0.29361349,-1.5715541,5.4814854e-09,-2.4380925e-08,0.7846747,1.3348637e-08,-2.1125576e-08,-2.3562288,-0.01766685,-3.3924169e-07,5.3804751e-07,-0.00082850303,0.17951941,5.491761e-06,-8.7253682e-06,0.0085458784,124.49935,0.0010287766,-0.0016339588,5.8815419,0,0
38,0.037,0,0,0,0,-0,0,0,0,0,0,0,0,0,0,0,0,0,0,0.52000001,1.2880837,-0.29362281,-1.5715725,5.3420707e-09,-2.3765573e-08,0.78465712,1.3012123e-08,-2.059186e-08,-2.3562296,-0.017488238,-3.3378771e-07,5.2938394e-07,-0.00082000075,0.17770446,5.416185e-06,-8.6017873e-06,0.0084586866,124.48517,0.0010183324,-0.0016173267,5.8802431,0,0
39,0.038,0,0,0,0,-0,0,0,0,0,0,0,0,0,0,0,0,0,0,0.52000001,1.2880779,-0.29363203,-1.5715907,5.204928e-09,-2.316013e-08,0.78463972,1.2681024e-08,-2.0066748e-08,-2.3562304,-0.017311432,-3.2840904e-07,5.2084028e-07,-0.00081158565,0.17590788,5.3411551e-06,-8.4855151e-06,0.008371497,124.47113,0.001007994,-0.001600864,5.8789573,0,0
40,0.039,0,0,0,0,-0,0,0,0,0,0,0,0,0,0,0,0,0,0,0.52000001,1.2880722,-0.29364116,-1.5716087,5.0700251e-09,-2.2564459e-08,0.7846225,1.2355267e-08,-1.955012e-08,-2.3562312,-0.017136413,-3.2310472e-07,5.1241502e-07,-0.00080325686,0.17412944,5.2674984e-06,-8.3650053e-06,0.0082860917,124.45723,0.00099776022,-0.0015845691,5.8776844,0,0
41,0.04,0,0,0,0,-0,0,0,0,0,0,0,0,0,0,0,0,0,0,0.52000001,1.2880666,-0.2936502,-1.5716266,4.9373304e-09,-2.1978425e-08,0.78460545,1.2034778e-08,-1.904186e-08,-2.356232,-0.016963164,-3.1787379e-07,5.0410664e-07,-0.00079501348,0.172369,5.1943656e-06,-8.2517684e-06,0.0082006702,124.44348,0.00098763002,-0.0015684402,5.8764242,0,0
42,0.041,0,0,0,0,-0,0,0,0,0,0,0,0,0,0,0,0,0,0,0.52000001,1.2880609,-0.29365914,-1.5716442,4.8068126e-09,-2.1401896e-08,0.78458857,1.1719484e-08,-1.854185e-08,-2.3562328,-0.016791666,-3.1271531e-07,4.9591362e-07,-0.00078685464,0.17062634,5.1225837e-06,-8.1342579e-06,0.008117015,124.42986,0.00097760237,-0.0015524756,5.8751767,0,0
43,0.042,0,0,0,0,-0,0,0,0,0,0,0,0,0,0,0,0,0,0,0.52000001,1.2880554,-0.293668,-1.5716617,4.6784409e-09,-2.0834738e-08,0.78457186,1.1409312e-08,-1.8049975e-08,-2.3562336,-0.016621903,-3.0762837e-07,4.878345e-07,-0.00077877947,0.16890132,5.0513034e-06,-8.0239841e-06,0.0080333258,124.41638,0.00096767625,-0.0015366737,5.8739417,0,0
44,0.043,0,0,0,0,-0,0,0,0,0,0,0,0,0,0,0,0,0,0,0.52000001,1.2880499,-0.29367676,-1.5716791,4.5521847e-09,-2.0276822e-08,0.78455532,1.1104192e-08,-1.7566124e-08,-2.3562344,-0.016453855,-3.0261204e-07,4.7986781e-07,-0.00077078711,0.16719372,4.9813515e-06,-7.9094006e-06,0.0079513852,124.40304,0.00095785062,-0.0015210328,5.8727191,0,0
45,0.044,0,0,0,0,-0,0,0,0,0,0,0,0,0,0,0,0,0,0,0.52000001,1.2880445,-0.29368544,-1.5716962,4.4280141e-09,-1.9728019e-08,0.78453895,1.0804053e-08,-1.7090184e-08,-2.3562351,-0.016287507,-2.9766542e-07,4.720121e-07,-0.00076287672,0.1655034,4.9118792e-06,-7.8020183e-06,0.0078693929,124.38983,0.00094812448,-0.0015055513,5.8715088,0,0
46,0.045,0,0,0,0,-0,0,0,0,0,0,0,0,0,0,0,0,0,0,0.52,1.2880391,-0.29369403,-1.5717132,4.3058993e-09,-1.9188203e-08,0.78452275,1.0508826e-08,-1.6622045e-08,-2.3562359,-0.01612284,-2.9278763e-07,4.6426595e-07,-0.00075504746,0.16383015,4.8437131e-06,-7.6902907e-06,0.0077891319,124.37675,0.00093849683,-0.0014902275,5.8703106,0,0
47,0.046,0,0,0,0,-0,0,0,0,0,0,0,0,0,0,0,0,0,0,0.52,1.2880338,-0.29370253,-1.5717299,4.1858113e-09,-1.8657249e-08,0.78450671,1.0218444e-08,-1.6161598e-08,-2.3562367,-0.015959838,-2.8797777e-07,4.5662794e-07,-0.00074729849,0.16217383,4.7760051e-06,-7.5857294e-06,0.007708802,124.36381,0.00092896667,-0.0014750598,5.8691244,0,0
48,0.047,0,0,0,0,-0,0,0,0,0,0,0,0,0,0,0,0,0,0,0.52,1.2880285,-0.29371095,-1.5717466,4.0677211e-09,-1.8135032e-08,0.78449083,9.9328373e-09,-1.5708736e-08,-2.3562374,-0.015798484,-2.8323498e-07,4.4909668e-07,-0.000739629,0.16053425,4.7095818e-06,-7.4767881e-06,0.0076301865,124.351,0.00091953302,-0.0014600466,5.8679501,0,0
49,0.048,0,0,0,0,-0,0,0,0,0,0,0,0,0,0,0,0,0,0,0.52,1.2880233,-0.29371928,-1.571763,3.9516002e-09,-1.7621431e-08,0.78447511,9.6519406e-09,-1.5263352e-08,-2.3562381,-0.015638761,-2.7855839e-07,4.4167079e-07,-0.00073203816,0.15891125,4.6435954e-06,-7.3749791e-06,0.0075514853,124.33831,0.00091019491,-0.0014451864,5.8667876,0,0
50,0.049,0,0,0,0,-0,0,0,0,0,0,0,0,0,0,0,0,0,0,0.52,1.2880181,-0.29372752,-1.5717793,3.8374206e-09,-1.7116325e-08,0.78445955,9.3756878e-09,-1.4825342e-08,-2.3562389,-0.015480653,-2.7394715e-07,4.3434893e-07,-0.00072452518,0.15730465,4.5788727e-06,-7.2687562e-06,0.0074744817,124.32576,0.00090095138,-0.0014304775,5.8656368,0,0
51,0.05,0,0,0,0,-0,0,0,0,0,0,0,0,0,0,0,0,0,0,0.52,1.288013,-0.29373569,-1.5717954,3.7251545e-09,-1.6619596e-08,0.78444415,9.104014e-09,-1.4394603e-08,-2.3562396,-0.015324144,-2.6940043e-07,4.2712973e-07,-0.00071708925,0.15571431,4.5145662e-06,-7.1696322e-06,0.0073973759,124.31333,0.00089180147,-0.0014159185,5.8644975,0,0
52,0.051,0,0,0,0,-0,0,0,0,0,0,0,0,0,0,0,0,0,0,0.52,1.2880079,-0.29374377,-1.5718114,3.6147747e-09,-1.6131126e-08,0.7844289,8.8368551e-09,-1.3971032e-08,-2.3562403,-0.015169216,-2.649174e-07,4.2001189e-07,-0.00070972959,0.15414003,4.4515027e-06,-7.0660611e-06,0.0073219514,124.30103,0.00088274424,-0.0014015078,5.8633696,0,0
53,0.052,0,0,0,0,-0,0,0,0,0,0,0,0,0,0,0,0,0,0,0.52,1.2880029,-0.29375177,-1.5718272,3.5062541e-09,-1.56508e-08,0.78441381,8.5741478e-09,-1.3554529e-08,-2.356241,-0.015015856,-2.6049723e-07,4.1299408e-07,-0.00070244541,0.15258168,4.3888353e-06,-6.9695564e-06,0.0072464086,124.28885,0.00087377876,-0.0013872439,5.8622531,0,0
54,0.053,0,0,0,0,-0,0,0,0,0,0,0,0,0,0,0,0,0,0,0.52,1.2879979,-0.29375968,-1.5718428,3.3995661e-09,-1.5178502e-08,0.78439887,8.3158296e-09,-1.3144995e-08,-2.3562417,-0.014864045,-2.5613912e-07,4.0607501e-07,-0.00069523594,0.15103907,4.327391e-06,-6.8685724e-06,0.0071725311,124.2768,0.00086490411,-0.0013731253,5.8611478,0,0
55,0.054,0,0,0,0,-0,0,0,0,0,0,0,0,0,0,0,0,0,0,0.52,1.287993,-0.29376752,-1.5718583,3.2946845e-09,-1.4714121e-08,0.78438408,8.0618389e-09,-1.2742331e-08,-2.3562424,-0.01471377,-2.5184226e-07,3.9925342e-07,-0.00068810041,0.14951207,4.2663229e-06,-6.774623e-06,0.0070985194,124.26487,0.00085611936,-0.0013591505,5.8600536,0,0
56,0.055,0,0,0,0,-0,0,0,0,0,0,0,0,0,0,0,0,0,0,0.52,1.2879881,-0.29377528,-1.5718736,3.1915833e-09,-1.4257545e-08,0.78436944,7.8121149e-09,-1.234644e-08,-2.3562431,-0.014565013,-2.4760587e-07,3.9252802e-07,-0.00068103807,0.1480005,4.2064582e-06,-6.6761628e-06,0.0070261574,124.25305,0.00084742361,-0.0013453181,5.8589703,0,0
57,0.056,0,0,0,0,-0,0,0,0,0,0,0,0,0,0,0,0,0,0,0.52,1.2879833,-0.29378296,-1.5718888,3.0902371e-09,-1.3808663e-08,0.78435495,7.5665973e-09,-1.1957227e-08,-2.3562438,-0.014417761,-2.4342917e-07,3.8589759e-07,-0.00067404817,0.14650422,4.1469506e-06,-6.5847061e-06,0.0069536457,124.24136,0.00083881596,-0.0013316266,5.857898,0,0
58,0.057,0,0,0,0,-0,0,0,0,0,0,0,0,0,0,0,0,0,0,0.52,1.2879786,-0.29379056,-1.5719038,2.9906205e-09,-1.3367368e-08,0.7843406,7.3252271e-09,-1.1574598e-08,-2.3562444,-0.014271997,-2.3931138e-07,3.7936088e-07,-0.00066712996,0.14502305,4.0886273e-06,-6.4887077e-06,0.0068827683,124.22979,0.00083029553,-0.0013180745,5.8568364,0,0
59,0.058,0,0,0,0,-0,0,0,0,0,0,0,0,0,0,0,0,0,0,0.52,1.2879738,-0.29379809,-1.5719187,2.8927087e-09,-1.2933552e-08,0.7843264,7.0879455e-09,-1.1198459e-08,-2.3562451,-0.014127707,-2.3525174e-07,3.7291669e-07,-0.00066028272,0.14355688,4.0306422e-06,-6.3996827e-06,0.006811726,124.21833,0.00082186143,-0.0013046605,5.8557855,0,0
60,0.059,0,0,0,0,-0,0,0,0,0,0,0,0,0,0,0,0,0,0,0.52,1.2879692,-0.29380553,-1.5719334,2.7964772e-09,-1.2507109e-08,0.78431235,6.8546949e-09,-1.0828719e-08,-2.3562457,-0.013984876,-2.3124951e-07,3.665638e-07,-0.0006535057,0.14210551,3.9738226e-06,-6.3060859e-06,0.006742303,124.20699,0.0008135128,-0.0012913831,5.8547451,0,0
61,0.06,0,0,0,0,-0,0,0,0,0,0,0,0,0,0,0,0,0,0,0.52,1.2879645,-0.29381291,-1.571948,2.7019018e-09,-1.2087935e-08,0.78429843,6.6254182e-09,-1.0465286e-08,-2.3562464,-0.013843489,-2.2730394e-07,3.6030104e-07,-0.0006467982,0.14066883,3.917323e-06,-6.2194328e-06,0.0066727002,124.19576,0.00080524877,-0.0012782409,5.8537152,0,0
62,0.061,0,0,0,0,-0,0,0,0,0,0,0,0,0,0,0,0,0,0,0.52,1.28796,-0.29382021,-1.5719624,2.6089584e-09,-1.1675927e-08,0.78428466,6.4000591e-09,-1.0108072e-08,-2.356247,-0.013703531,-2.2341429e-07,3.5412724e-07,-0.0006401595,0.13924666,3.8619706e-06,-6.1281787e-06,0.006604702,124.18465,0.0007970685,-0.0012652326,5.8526957,0,0
63,0.062,0,0,0,0,-0,0,0,0,0,0,0,0,0,0,0,0,0,0,0.52,1.2879554,-0.29382743,-1.5719766,2.5176237e-09,-1.1270984e-08,0.78427103,6.178562e-09,-9.756988e-09,-2.3562477,-0.013564988,-2.1957984e-07,3.4804123e-07,-0.00063358889,0.13783888,3.8069201e-06,-6.0438394e-06,0.0065365093,124.17365,0.00078897112,-0.0012523567,5.8516863,0,0
64,0.063,0,0,0,0,-0,0,0,0,0,0,0,0,0,0,0,0,0,0,0.52,1.287951,-0.29383458,-1.5719908,2.4278743e-09,-1.0873004e-08,0.78425753,5.9608721e-09,-9.4119465e-09,-2.3562483,-0.013427846,-2.1579988e-07,3.4204187e-07,-0.00062708569,0.13644532,3.7529991e-06,-5.9548705e-06,0.0064699069,124.16276,0.00078095582,-0.001239612,5.8506872,0,0
65,0.064,0,0,0,0,-0,0,0,0,0,0,0,0,0,0,0,0,0,0,0.52,1.2879465,-0.29384166,-1.5720048,2.3396872e-09,-1.0481889e-08,0.78424417,5.7469353e-09,-9.0728615e-09,-2.3562489,-0.013292091,-2.120737e-07,3.3612804e-07,-0.00062064918,0.13506587,3.6993625e-06,-5.872788e-06,0.0064030957,124.15198,0.00077302175,-0.0012269971,5.849698,0,0
66,0.065,0,0,0,0,-0,0,0,0,0,0,0,0,0,0,0,0,0,0,0.52,1.2879421,-0.29384867,-1.5720186,2.2530399e-09,-1.0097541e-08,0.78423094,5.5366982e-09,-8.7396482e-09,-2.3562495,-0.013157708,-2.084006e-07,3.3029863e-07,-0.00061427871,0.13370034,3.646838e-06,-5.7860481e-06,0.0063378606,124.14131,0.00076516811,-0.0012145107,5.8487188,0,0
67,0.066,0,0,0,0,-0,0,0,0,0,0,0,0,0,0,0,0,0,0,0.52,1.2879378,-0.29385561,-1.5720323,2.16791e-09,-9.7198639e-09,0.78421785,5.3301079e-09,-8.4122226e-09,-2.3562502,-0.013024683,-2.0477989e-07,3.2455252e-07,-0.00060797357,0.13234864,3.5945808e-06,-5.7061671e-06,0.0062724028,124.13075,0.00075739408,-0.0012021515,5.8477495,0,0
68,0.067,0,0,0,0,-0,0,0,0,0,0,0,0,0,0,0,0,0,0,0.52,1.2879335,-0.29386247,-1.5720459,2.0842754e-09,-9.3487619e-09,0.78420489,5.1271125e-09,-8.090502e-09,-2.3562508,-0.012893004,-2.0121089e-07,3.1888863e-07,-0.00060173312,0.13101059,3.5434187e-06,-5.6216014e-06,0.0062085072,124.12029,0.00074969885,-0.0011899181,5.8467899,0,0
69,0.068,0,0,0,0,-0,0,0,0,0,0,0,0,0,0,0,0,0,0,0.52,1.2879292,-0.29386927,-1.5720593,2.0021145e-09,-8.9841411e-09,0.78419207,4.9276606e-09,-7.7744048e-09,-2.3562514,-0.012762655,-1.9769293e-07,3.133059e-07,-0.00059555668,0.12968608,3.492507e-06,-5.5438676e-06,0.0061443751,124.10994,0.00074208163,-0.0011778093,5.8458399,0,0
70,0.069,0,0,0,0,-0,0,0,0,0,0,0,0,0,0,0,0,0,0,0.52,1.287925,-0.293876,-1.5720726,1.9214058e-09,-8.6259087e-09,0.78417937,4.7317015e-09,-7.4638502e-09,-2.356252,-0.012633625,-1.9422534e-07,3.0780325e-07,-0.0005894436,0.12837494,3.4426739e-06,-5.4614226e-06,0.0060817917,124.09969,0.00073454163,-0.0011658238,5.8448995,0,0
71,0.07,0,0,0,0,-0,0,0,0,0,0,0,0,0,0,0,0,0,0,0.52,1.2879208,-0.29388266,-1.5720857,1.8421281e-09,-8.2739732e-09,0.7841668,4.5391851e-09,-7.1587587e-09,-2.3562525,-0.012505899,-1.9080747e-07,3.0237965e-07,-0.00058339322,0.12707708,3.393075e-06,-5.3857833e-06,0.0060189583,124.08955,0.00072707808,-0.0011539603,5.8439685,0,0
72,0.071,0,0,0,0,-0,0,0,0,0,0,0,0,0,0,0,0,0,0,0.52,1.2879167,-0.29388925,-1.5720988,1.7642606e-09,-7.9282442e-09,0.78415436,4.350062e-09,-6.8590519e-09,-2.3562531,-0.012379464,-1.8743866e-07,2.9703406e-07,-0.00057740491,0.12579232,3.3445385e-06,-5.3054067e-06,0.0059576604,124.07951,0.0007196902,-0.0011422177,5.843047,0,0
73,0.072,0,0,0,0,-0,0,0,0,0,0,0,0,0,0,0,0,0,0,0.52,1.2879126,-0.29389578,-1.5721117,1.6877827e-09,-7.5886325e-09,0.78414204,4.1642835e-09,-6.5646521e-09,-2.3562537,-0.012254308,-1.8411828e-07,2.9176545e-07,-0.00057147803,0.12452057,3.2962201e-06,-5.2318102e-06,0.0058960994,124.06957,0.00071237723,-0.0011305946,5.8421346,0,0
74,0.073,0,0,0,0,-0,0,0,0,0,0,0,0,0,0,0,0,0,0,0.52,1.2879085,-0.29390224,-1.5721244,1.612674e-09,-7.2550499e-09,0.78412985,3.9818016e-09,-6.275483e-09,-2.3562543,-0.012130416,-1.808457e-07,2.8657282e-07,-0.00056561195,0.12326165,3.2489483e-06,-5.153451e-06,0.0058360607,124.05974,0.00070513841,-0.0011190899,5.8412315,0,0
75,0.074,0,0,0,0,-0,0,0,0,0,0,0,0,0,0,0,0,0,0,0.52,1.2879045,-0.29390864,-1.572137,1.5389146e-09,-6.9274097e-09,0.78411778,3.8025686e-09,-5.991469e-09,-2.3562548,-0.012007778,-1.7762028e-07,2.8145517e-07,-0.00055980605,0.12201549,3.2018791e-06,-5.0818469e-06,0.0057757461,124.05,0.00069797299,-0.0011077024,5.8403374,0,0
76,0.075,0,0,0,0,-0,0,0,0,0,0,0,0,0,0,0,0,0,0,0.52,1.2879005,-0.29391497,-1.5721496,1.4664846e-09,-6.6056261e-09,0.78410583,3.6265377e-09,-5.7125356e-09,-2.3562554,-0.011886379,-1.7444142e-07,2.7641152e-07,-0.0005540597,0.1207819,3.1558411e-06,-5.0054554e-06,0.0057169411,124.04036,0.00069088023,-0.0010964308,5.8394523,0,0
77,0.076,0,0,0,0,-0,0,0,0,0,0,0,0,0,0,0,0,0,0,0.52,1.2878966,-0.29392123,-1.5721619,1.3953645e-09,-6.2896144e-09,0.784094,3.4536627e-09,-5.4386094e-09,-2.3562559,-0.011766208,-1.7130851e-07,2.7144089e-07,-0.00054837231,0.11956081,3.1099904e-06,-4.9357945e-06,0.0056578475,124.03082,0.0006838594,-0.001085274,5.8385762,0,0
78,0.077,0,0,0,0,-0,0,0,0,0,0,0,0,0,0,0,0,0,0,0.52,1.2878927,-0.29392743,-1.5721742,1.3255352e-09,-5.979291e-09,0.7840823,3.283898e-09,-5.1696178e-09,-2.3562565,-0.011647251,-1.6822093e-07,2.6654233e-07,-0.00054274326,0.11835204,3.0651558e-06,-4.8613221e-06,0.005600251,124.02137,0.00067690977,-0.0010742308,5.8377088,0,0
79,0.078,0,0,0,0,-0,0,0,0,0,0,0,0,0,0,0,0,0,0,0.52,1.2878889,-0.29393357,-1.5721863,1.2569776e-09,-5.6745737e-09,0.78407071,3.1171985e-09,-4.9054892e-09,-2.356257,-0.011529498,-1.6517811e-07,2.6171489e-07,-0.00053717196,0.11715551,3.0204937e-06,-4.7935565e-06,0.0055423535,124.01202,0.00067003062,-0.0010633,5.8368502,0,0
80,0.079,0,0,0,0,-0,0,0,0,0,0,0,0,0,0,0,0,0,0,0.52,1.2878851,-0.29393965,-1.5721983,1.189673e-09,-5.375381e-09,0.78405924,2.9535197e-09,-4.646153e-09,-2.3562576,-0.011412934,-1.6217945e-07,2.5695764e-07,-0.00053165781,0.11597105,2.9768331e-06,-4.7209557e-06,0.0054859409,124.00277,0.00066322124,-0.0010524805,5.8360002,0,0
81,0.08,0,0,0,0,-0,0,0,0,0,0,0,0,0,0,0,0,0,0,0.52,1.2878813,-0.29394567,-1.5722102,1.1236029e-09,-5.0816327e-09,0.78404788,2.7928178e-09,-4.3915393e-09,-2.3562581,-0.01129755,-1.5922436e-07,2.5226964e-07,-0.00052620023,0.11479859,2.9333304e-06,-4.6550384e-06,0.0054292152,123.9936,0.00065648093,-0.0010417712,5.8351587,0,0
82,0.081,0,0,0,0,-0,0,0,0,0,0,0,0,0,0,0,0,0,0,0.52,1.2878776,-0.29395162,-1.572222,1.0587492e-09,-4.7932495e-09,0.78403664,2.6350495e-09,-4.1415795e-09,-2.3562586,-0.011183331,-1.5631229e-07,2.4764999e-07,-0.00052079864,0.11363797,2.8908148e-06,-4.584263e-06,0.0053739623,123.98453,0.00064980898,-0.001031171,5.8343258,0,0
83,0.082,0,0,0,0,-0,0,0,0,0,0,0,0,0,0,0,0,0,0,0.52,1.2878739,-0.29395752,-1.5722336,9.9509377e-10,-4.5101533e-09,0.78402552,2.480172e-09,-3.8962056e-09,-2.3562591,-0.011070268,-1.5344266e-07,2.4309778e-07,-0.00051545247,0.1124891,2.8484429e-06,-4.5201483e-06,0.0053183845,123.97556,0.00064320471,-0.0010206786,5.8335012,0,0
84,0.083,0,0,0,0,-0,0,0,0,0,0,0,0,0,0,0,0,0,0,0.52,1.2878702,-0.29396335,-1.5722451,9.3261896e-10,-4.2322668e-09,0.7840145,2.3281432e-09,-3.6553506e-09,-2.3562596,-0.010958347,-1.5061492e-07,2.3861213e-07,-0.00051016114,0.11135182,2.8070442e-06,-4.4511531e-06,0.0052642677,123.96667,0.00063666743,-0.0010102931,5.8326849,0,0
85,0.084,0,0,0,0,-0,0,0,0,0,0,0,0,0,0,0,0,0,0,0.52,1.2878666,-0.29396913,-1.5722565,8.7130727e-10,-3.959514e-09,0.7840036,2.1789215e-09,-3.4189485e-09,-2.3562601,-0.010847558,-1.4782851e-07,2.3419216e-07,-0.0005049241,0.11022607,2.7657753e-06,-4.3887963e-06,0.0052098144,123.95787,0.00063019647,-0.0010000134,5.8318768,0,0
86,0.085,0,0,0,0,-0,0,0,0,0,0,0,0,0,0,0,0,0,0,0.52,1.287863,-0.29397485,-1.5722678,8.1114143e-10,-3.6918198e-09,0.78399281,2.0324658e-09,-3.1869339e-09,-2.3562606,-0.010737889,-1.4508289e-07,2.2983699e-07,-0.00049974079,0.10911167,2.7254659e-06,-4.3215371e-06,0.0051568107,123.94916,0.00062379115,-0.00098983827,5.8310769,0,0
87,0.086,0,0,0,0,-0,0,0,0,0,0,0,0,0,0,0,0,0,0,0.52,1.2878594,-0.29398051,-1.572279,7.5210443e-10,-3.4291099e-09,0.78398212,1.8887356e-09,-2.9592425e-09,-2.3562611,-0.010629329,-1.4237752e-07,2.2554578e-07,-0.00049461066,0.10800856,2.6852728e-06,-4.2608947e-06,0.005103459,123.94054,0.00061745082,-0.00097976676,5.830285,0,0
88,0.087,0,0,0,0,-0,0,0,0,0,0,0,0,0,0,0,0,0,0,0.52,1.2878559,-0.29398611,-1.5722901,6.9417947e-10,-3.1713113e-09,0.78397155,1.7476909e-09,-2.7358108e-09,-2.3562616,-0.010521867,-1.3971187e-07,2.2131767e-07,-0.00048953315,0.10691658,2.646026e-06,-4.1953286e-06,0.0050515455,123.93201,0.0006111748,-0.00096979779,5.8295011,0,0
89,0.088,0,0,0,0,-0,0,0,0,0,0,0,0,0,0,0,0,0,0,0.52,1.2878524,-0.29399166,-1.572301,6.3734999e-10,-2.9183517e-09,0.78396108,1.6092923e-09,-2.5165761e-09,-2.3562621,-0.010415491,-1.3708542e-07,2.1715182e-07,-0.00048450774,0.10583566,2.606882e-06,-4.1363579e-06,0.004999273,123.92356,0.00060496247,-0.00095993031,5.8287251,0,0
90,0.089,0,0,0,0,-0,0,0,0,0,0,0,0,0,0,0,0,0,0,0.52,1.287849,-0.29399715,-1.5723119,5.8159966e-10,-2.6701599e-09,0.78395071,1.4735007e-09,-2.3014765e-09,-2.3562626,-0.01031019,-1.3449764e-07,2.1304742e-07,-0.00047953389,0.10476566,2.5686714e-06,-4.0724428e-06,0.0049484276,123.9152,0.00059881316,-0.00095016329,5.8279568,0,0
91,0.09,0,0,0,0,-0,0,0,0,0,0,0,0,0,0,0,0,0,0,0.52,1.2878456,-0.29400258,-1.5723226,5.2691234e-10,-2.4266655e-09,0.78394046,1.3402779e-09,-2.0904509e-09,-2.3562631,-0.010205954,-1.3194803e-07,2.0900365e-07,-0.00047461107,0.10370648,2.5305508e-06,-4.0151024e-06,0.0048972123,123.90693,0.00059272625,-0.0009404957,5.8271964,0,0
92,0.091,0,0,0,0,-0,0,0,0,0,0,0,0,0,0,0,0,0,0,0.52,1.2878422,-0.29400796,-1.5723333,4.7327215e-10,-2.1877993e-09,0.7839303,1.2095859e-09,-1.8834392e-09,-2.3562636,-0.010102772,-1.2943608e-07,2.050197e-07,-0.00046973876,0.102658,2.4933508e-06,-3.9527972e-06,0.0048474132,123.89873,0.00058670109,-0.00093092653,5.8264435,0,0
93,0.092,0,0,0,0,-0,0,0,0,0,0,0,0,0,0,0,0,0,0,0.52,1.2878389,-0.29401329,-1.5723438,4.206634e-10,-1.9534928e-09,0.78392025,1.0813872e-09,-1.680382e-09,-2.356264,-0.010000633,-1.2696129e-07,2.0109478e-07,-0.00046491644,0.10162014,2.4562282e-06,-3.8970467e-06,0.0047972335,123.89062,0.00058073708,-0.00092145479,5.8256983,0,0
94,0.093,0,0,0,0,-0,0,0,0,0,0,0,0,0,0,0,0,0,0,0.52,1.2878356,-0.29401856,-1.5723542,3.6907062e-10,-1.7236784e-09,0.7839103,9.5564495e-10,-1.4812206e-09,-2.3562645,-0.0098995262,-1.2452317e-07,1.972281e-07,-0.00046014359,0.10059275,2.4200139e-06,-3.8363113e-06,0.0047484594,123.8826,0.00057483359,-0.00091207946,5.8249606,0,0
95,0.094,0,0,0,0,-0,0,0,0,0,0,0,0,0,0,0,0,0,0,0.52,1.2878323,-0.29402378,-1.5723645,3.1847856e-10,-1.4982895e-09,0.78390045,8.3232275e-10,-1.2858971e-09,-2.3562649,-0.0097994419,-1.2212123e-07,1.9341889e-07,-0.00045541972,0.099575764,2.3838646e-06,-3.782111e-06,0.0046992942,123.87465,0.00056899,-0.00090279958,5.8242303,0,0
96,0.095,0,0,0,0,-0,0,0,0,0,0,0,0,0,0,0,0,0,0,0.52,1.2878291,-0.29402894,-1.5723747,2.6887215e-10,-1.2772604e-09,0.7838907,7.1138464e-10,-1.0943544e-09,-2.3562654,-0.0097003695,-1.1975499e-07,1.8966638e-07,-0.00045074431,0.098569043,2.3486114e-06,-3.7229065e-06,0.0046515243,123.86678,0.00056320572,-0.00089361417,5.8235073,0,0
97,0.096,0,0,0,0,-0,0,0,0,0,0,0,0,0,0,0,0,0,0,0.52,1.2878258,-0.29403406,-1.5723848,2.2023656e-10,-1.0605261e-09,0.78388105,5.9279516e-10,-9.0653634e-10,-2.3562658,-0.0096022987,-1.1742398e-07,1.8596982e-07,-0.00044611687,0.097572519,2.3134113e-06,-3.6702178e-06,0.0046033529,123.85899,0.00055748013,-0.00088452226,5.8227917,0,0
98,0.097,0,0,0,0,-0,0,0,0,0,0,0,0,0,0,0,0,0,0,0.52,1.2878227,-0.29403912,-1.5723948,1.7255714e-10,-8.4802261e-10,0.7838715,4.765193e-10,-7.2238721e-10,-2.3562663,-0.0095052195,-1.1512772e-07,1.8232845e-07,-0.00044153691,0.09658605,2.2790955e-06,-3.612506e-06,0.0045565666,123.85129,0.00055181266,-0.00087552291,5.8220832,0,0
99,0.098,0,0,0,0,-0,0,0,0,0,0,0,0,0,0,0,0,0,0,0.52,1.2878195,-0.29404413,-1.5724047,1.2581944e-10,-6.3968681e-10,0.78386204,3.6252256e-10,-5.418522e-10,-2.3562667,-0.0094091216,-1.1286577e-07,1.7874156e-07,-0.00043700394,0.095609574,2.2448211e-06,-3.5612911e-06,0.0045093688,123.84366,0.0005462027,-0.00086661517,5.8213819,0,0
100,0.099,0,0,0,0,-0,0,0,0,0,0,0,0,0,0,0,0,0,0,0.52,1.2878164,-0.29404909,-1.5724145,8.0009221e-11,-4.3545636e-10,0.78385268,2.5077085e-10,-3.6487723e-10,-2.3562672,-0.0093139954,-1.1063765e-07,1.7520839e-07,-0.00043251748,0.094642951,2.2114194e-06,-3.5050348e-06,0.0044635462,123.8361,0.00054064969,-0.0008577981,5.8206876,0,0
101,0.1,0,0,0,0,-0,0,0,0,0,0,0,0,0,0,0,0,0,0,0.52,1.2878133,-0.294054,-1.5724242,3.5112422e-11,-2.3526977e-10,0.78384341,1.4123057e-10,-1.9140891e-10,-2.3562676,-0.0092198309,-1.0844291e-07,1.7172825e-07,-0.00042807706,0.09368612,2.1780476e-06,-3.4552571e-06,0.0044173021,123.82862,0.00053515304,-0.00084907079,5.8200004,0,0
102,0.101,0,0,0,0,-0,0,0,0,0,0,0,0,0,0,0,0,0,0,0.52,1.2878103,-0.29405886,-1.5724338,-8.8848157e-12,-3.9066349e-11,0.78383424,3.3868556e-11,-2.1394581e-11,-2.356268,-0.0091266183,-1.0628112e-07,1.6830041e-07,-0.0004236822,0.092738943,2.1455373e-06,-3.4004198e-06,0.0043724235,123.82122,0.00052971217,-0.00084043231,5.8193201,0,0
103,0.102,0,0,0,0,-0,0,0,0,0,0,0,0,0,0,0,0,0,0,0.52,1.2878073,-0.29406367,-1.5724433,-5.1996166e-11,1.5321375e-10,0.78382516,-7.1347918e-11,1.4521771e-10,-2.3562684,-0.0090343482,-1.0415183e-07,1.6492418e-07,-0.00041933243,0.091801361,2.1130458e-06,-3.3520435e-06,0.0043271137,123.8139,0.00052432654,-0.00083188177,5.8186466,0,0
104,0.103,0,0,0,0,-0,0,0,0,0,0,0,0,0,0,0,0,0,0,0.52,1.2878043,-0.29406843,-1.5724527,-9.4235113e-11,3.4162959e-10,0.78381617,-1.7445113e-10,3.0847923e-10,-2.3562689,-0.0089430109,-1.020546e-07,1.6159886e-07,-0.00041502729,0.090873239,2.0814046e-06,-3.2985897e-06,0.0042831598,123.80664,0.00051899557,-0.00082341826,5.8179799,0,0
105,0.104,0,0,0,0,-0,0,0,0,0,0,0,0,0,0,0,0,0,0,0.52,1.2878013,-0.29407314,-1.572462,-1.3561496e-10,5.2623943e-10,0.78380727,-2.7547294e-10,4.6844055e-10,-2.3562693,-0.008852597,-9.9989015e-08,1.5832378e-07,-0.00041076633,0.089954519,2.0497716e-06,-3.2515797e-06,0.0042387652,123.79947,0.00051371872,-0.00081504091,5.8173199,0,0
106,0.105,0,0,0,0,-0,0,0,0,0,0,0,0,0,0,0,0,0,0,0.52,1.2877984,-0.29407781,-1.5724712,-1.7614882e-10,7.0710078e-10,0.78379846,-3.7444477e-10,6.2515156e-10,-2.3562697,-0.0087630972,-9.7954641e-08,1.5509825e-07,-0.00040654909,0.089045069,2.0189779e-06,-3.1994749e-06,0.0041957173,123.79236,0.00050849544,-0.00080674882,5.8166666,0,0
107,0.106,0,0,0,0,-0,0,0,0,0,0,0,0,0,0,0,0,0,0,0.52,1.2877955,-0.29408243,-1.5724803,-2.1584964e-10,8.8427034e-10,0.78378974,-4.7139762e-10,7.7866149e-10,-2.3562701,-0.0086745022,-9.5951061e-08,1.5192161e-07,-0.00040237512,0.088144832,1.9881818e-06,-3.1537969e-06,0.0041522193,123.78532,0.00050332518,-0.00079854114,5.8160199,0,0
108,0.107,0,0,0,0,-0,0,0,0,0,0,0,0,0,0,0,0,0,0,0.52,1.2877926,-0.294087,-1.5724894,-2.5473018e-10,1.0578041e-09,0.78378111,-5.6636208e-10,9.290189e-10,-2.3562705,-0.008586803,-9.3977863e-08,1.4879321e-07,-0.00039824398,0.087253677,1.9582146e-06,-3.1030075e-06,0.0041100588,123.77836,0.00049820742,-0.000790417,5.8153796,0,0
109,0.108,0,0,0,0,-0,0,0,0,0,0,0,0,0,0,0,0,0,0,0.52,1.2877898,-0.29409152,-1.5724983,-2.9280303e-10,1.2277572e-09,0.78377257,-6.5936833e-10,1.0762717e-09,-2.3562709,-0.0084999904,-9.2034638e-08,1.4571239e-07,-0.00039415523,0.086371552,1.9282345e-06,-3.0586281e-06,0.0040674392,123.77147,0.00049314161,-0.00078237555,5.8147459,0,0
110,0.109,0,0,0,0,-0,0,0,0,0,0,0,0,0,0,0,0,0,0,0.52,1.287787,-0.294096,-1.5725072,-3.300806e-10,1.3941841e-09,0.78376411,-7.5044615e-10,1.2204672e-09,-2.3562713,-0.0084140554,-9.0120984e-08,1.4267852e-07,-0.00039010844,0.085498325,1.8990732e-06,-3.0091209e-06,0.0040261479,123.76464,0.00048812723,-0.00077441595,5.8141185,0,0
111,0.11,0,0,0,0,-0,0,0,0,0,0,0,0,0,0,0,0,0,0,0.52,1.2877842,-0.29410044,-1.5725159,-3.6657513e-10,1.5571387e-09,0.78375574,-8.3962489e-10,1.3616519e-09,-2.3562717,-0.0083289893,-8.8236503e-08,1.3969095e-07,-0.00038610317,0.084633946,1.8698888e-06,-2.9660077e-06,0.0039843888,123.75789,0.00048316376,-0.00076653736,5.8134974,0,0
112,0.111,0,0,0,0,-0,0,0,0,0,0,0,0,0,0,0,0,0,0,0.52,1.2877815,-0.29410483,-1.5725246,-4.022987e-10,1.7166738e-09,0.78374745,-9.2693354e-10,1.4998719e-09,-2.356272,-0.0082447832,-8.6380802e-08,1.3674907e-07,-0.000382139,0.083778286,1.8415132e-06,-2.9177506e-06,0.0039439492,123.7512,0.00047825069,-0.00075873897,5.8128827,0,0
113,0.112,0,0,0,0,-0,0,0,0,0,0,0,0,0,0,0,0,0,0,0.52,1.2877787,-0.29410917,-1.5725332,-4.3726322e-10,1.8728417e-09,0.78373925,-1.0124007e-09,1.6351726e-09,-2.3562724,-0.0081614284,-8.4553493e-08,1.3385226e-07,-0.00037821551,0.082931297,1.8131046e-06,-2.8758717e-06,0.0039030329,123.74458,0.0004733875,-0.00075101995,5.8122741,0,0
114,0.113,0,0,0,0,-0,0,0,0,0,0,0,0,0,0,0,0,0,0,0.52,1.287776,-0.29411347,-1.5725417,-4.7148044e-10,2.0256941e-09,0.78373113,-1.0960545e-09,1.7675987e-09,-2.3562728,-0.0080789163,-8.2754193e-08,1.3099991e-07,-0.00037433228,0.082092851,1.785495e-06,-2.8288334e-06,0.0038634275,123.73803,0.00046857369,-0.00074337949,5.8116716,0,0
115,0.114,0,0,0,0,-0,0,0,0,0,0,0,0,0,0,0,0,0,0,0.52,1.2877734,-0.29411773,-1.5725501,-5.0496195e-10,2.1752819e-09,0.78372309,-1.1779229e-09,1.8971943e-09,-2.3562732,-0.0079972384,-8.0982524e-08,1.2819142e-07,-0.0003704889,0.081262902,1.7578429e-06,-2.7881578e-06,0.003823337,123.73155,0.00046380877,-0.00073581679,5.8110752,0,0
116,0.115,0,0,0,0,-0,0,0,0,0,0,0,0,0,0,0,0,0,0,0.52,1.2877707,-0.29412195,-1.5725584,-5.3771915e-10,2.3216552e-09,0.78371514,-1.2580332e-09,2.0240031e-09,-2.3562735,-0.0079163863,-7.9238113e-08,1.2542618e-07,-0.00036668495,0.080441323,1.7309801e-06,-2.7423075e-06,0.0037845489,123.72513,0.00045909223,-0.00072833107,5.8104849,0,0
117,0.116,0,0,0,0,-0,0,0,0,0,0,0,0,0,0,0,0,0,0,0.52,1.2877681,-0.29412612,-1.5725666,-5.6976333e-10,2.4648635e-09,0.78370726,-1.3364126e-09,2.148068e-09,-2.3562739,-0.0078363516,-7.752059e-08,1.2270363e-07,-0.00036292004,0.079628071,1.7040655e-06,-2.702805e-06,0.0037452672,123.71877,0.00045442358,-0.00072092153,5.8099004,0,0
118,0.117,0,0,0,0,-0,0,0,0,0,0,0,0,0,0,0,0,0,0,0.52,1.2877655,-0.29413025,-1.5725748,-6.011056e-10,2.6049558e-09,0.78369946,-1.4130877e-09,2.2694314e-09,-2.3562743,-0.0077571261,-7.5829592e-08,1.2002317e-07,-0.00035919377,0.07882302,1.6779308e-06,-2.6581129e-06,0.0037072797,123.71248,0.00044980234,-0.00071358741,5.8093219,0,0
119,0.118,0,0,0,0,-0,0,0,0,0,0,0,0,0,0,0,0,0,0,0.52,1.2877629,-0.29413434,-1.5725829,-6.317569e-10,2.7419802e-09,0.78369175,-1.4880848e-09,2.3881351e-09,-2.3562746,-0.0076787015,-7.4164759e-08,1.1738423e-07,-0.00035550574,0.078026129,1.6517352e-06,-2.619754e-06,0.0036687903,123.70625,0.00044522804,-0.00070632793,5.8087492,0,0
120,0.119,0,0,0,0,-0,0,0,0,0,0,0,0,0,0,0,0,0,0,0.52,1.2877604,-0.29413838,-1.5725909,-6.6172806e-10,2.8759842e-09,0.78368411,-1.5614301e-09,2.5042204e-09,-2.356275,-0.0076010698,-7.2525736e-08,1.1478626e-07,-0.00035185555,0.077237274,1.6263103e-06,-2.5761907e-06,0.0036315872,123.70009,0.00044070018,-0.00069914233,5.8081823,0,0
121,0.12,0,0,0,0,-0,0,0,0,0,0,0,0,0,0,0,0,0,0,0.52,1.2877579,-0.29414239,-1.5725988,-6.9102973e-10,3.0070148e-09,0.78367654,-1.633149e-09,2.6177279e-09,-2.3562753,-0.007524223,-7.0912173e-08,1.1222869e-07,-0.00034824282,0.076456415,1.6008158e-06,-2.5389466e-06,0.003593874,123.69399,0.00043621832,-0.00069202986,5.8076211,0,0
122,0.121,0,0,0,0,-0,0,0,0,0,0,0,0,0,0,0,0,0,0,0.52,1.2877554,-0.29414635,-1.5726066,-7.1967241e-10,3.1351181e-09,0.78366906,-1.703267e-09,2.7286977e-09,-2.3562757,-0.007448153,-6.9323724e-08,1.0971098e-07,-0.00034466716,0.07568343,1.5760829e-06,-2.4964839e-06,0.0035574392,123.68795,0.00043178197,-0.00068498977,5.8070656,0,0
123,0.122,0,0,0,0,-0,0,0,0,0,0,0,0,0,0,0,0,0,0,0.52,1.2877529,-0.29415028,-1.5726144,-7.4766647e-10,3.2603398e-09,0.78366165,-1.7718089e-09,2.8371695e-09,-2.356276,-0.0073728522,-6.7760047e-08,1.0723257e-07,-0.0003411282,0.07491828,1.5512716e-06,-2.4603263e-06,0.0035204864,123.68197,0.00042739068,-0.00067802134,5.8065157,0,0
124,0.123,0,0,0,0,-0,0,0,0,0,0,0,0,0,0,0,0,0,0,0.52,1.2877505,-0.29415417,-1.572622,-7.7502214e-10,3.382725e-09,0.78365431,-1.8387993e-09,2.9431822e-09,-2.3562764,-0.0072983126,-6.6220804e-08,1.0479294e-07,-0.00033762555,0.074160845,1.5272134e-06,-2.4189364e-06,0.0034848042,123.67605,0.00042304399,-0.00067112382,5.8059713,0,0
125,0.124,0,0,0,0,-0,0,0,0,0,0,0,0,0,0,0,0,0,0,0.52,1.2877481,-0.29415801,-1.5726296,-8.0174949e-10,3.5023179e-09,0.78364705,-1.9042625e-09,3.0467745e-09,-2.3562767,-0.0072245267,-6.4705663e-08,1.0239155e-07,-0.00033415885,0.073411088,1.5030682e-06,-2.3838379e-06,0.0034485963,123.67019,0.00041874144,-0.00066429649,5.8054324,0,0
126,0.125,0,0,0,0,-0,0,0,0,0,0,0,0,0,0,0,0,0,0,0.52,1.2877457,-0.29416182,-1.5726372,-8.2785847e-10,3.6191624e-09,0.78363986,-1.9682225e-09,3.1479842e-09,-2.356277,-0.0071514867,-6.3214295e-08,1.0002789e-07,-0.00033072773,0.072668892,1.4796677e-06,-2.3434936e-06,0.0034136513,123.66439,0.0004144826,-0.00065753865,5.8048989,0,0
127,0.126,0,0,0,0,-0,0,0,0,0,0,0,0,0,0,0,0,0,0,0.52,1.2877433,-0.29416559,-1.5726446,-8.5335886e-10,3.7333017e-09,0.78363275,-2.0307028e-09,3.2468488e-09,-2.3562774,-0.0070791851,-6.1746376e-08,9.7701428e-08,-0.00032733182,0.071934219,1.4561718e-06,-2.3094274e-06,0.0033781733,123.65865,0.00041026702,-0.00065084958,5.8043709,0,0
128,0.127,0,0,0,0,-0,0,0,0,0,0,0,0,0,0,0,0,0,0,0.52,1.287741,-0.29416932,-1.572652,-8.7826035e-10,3.8447783e-09,0.7836257,-2.0917268e-09,3.3434054e-09,-2.3562777,-0.0070076145,-6.0301584e-08,9.5411663e-08,-0.00032397075,0.071206953,1.4334124e-06,-2.2701024e-06,0.0033439505,123.65297,0.00040609426,-0.00064422859,5.8038481,0,0
129,0.128,0,0,0,0,-0,0,0,0,0,0,0,0,0,0,0,0,0,0,0.52,1.2877387,-0.29417301,-1.5726593,-9.0257245e-10,3.9536343e-09,0.78361873,-2.1513174e-09,3.4376903e-09,-2.356278,-0.0069367675,-5.8879603e-08,9.3158091e-08,-0.00032064418,0.07048706,1.4105494e-06,-2.2370424e-06,0.0033091873,123.64734,0.00040196388,-0.00063767497,5.8033306,0,0
130,0.129,0,0,0,0,-0,0,0,0,0,0,0,0,0,0,0,0,0,0,0.52,1.2877364,-0.29417667,-1.5726665,-9.2630457e-10,4.0599111e-09,0.78361183,-2.2094973e-09,3.5297394e-09,-2.3562783,-0.0068666368,-5.748012e-08,9.0940214e-08,-0.00031735176,0.069774426,1.3884149e-06,-2.1987108e-06,0.003275672,123.64177,0.00039787547,-0.00063118804,5.8028184,0,0
131,0.13,0,0,0,0,-0,0,0,0,0,0,0,0,0,0,0,0,0,0,0.52,1.2877341,-0.29418029,-1.5726736,-9.4946598e-10,4.1636496e-09,0.783605,-2.2662887e-09,3.6195883e-09,-2.3562786,-0.0067972151,-5.6102829e-08,8.8757543e-08,-0.00031409311,0.069069015,1.3661689e-06,-2.1666315e-06,0.003241609,123.63626,0.00039382858,-0.00062476713,5.8023113,0,0
132,0.131,0,0,0,0,-0,0,0,0,0,0,0,0,0,0,0,0,0,0,0.52,1.2877319,-0.29418387,-1.5726807,-9.7206581e-10,4.26489e-09,0.78359823,-2.3217139e-09,3.7072719e-09,-2.3562789,-0.0067284952,-5.4747422e-08,8.6609593e-08,-0.00031086792,0.068370718,1.3446436e-06,-2.1292681e-06,0.0032087869,123.6308,0.00038982281,-0.00061841156,5.8018094,0,0
133,0.132,0,0,0,0,-0,0,0,0,0,0,0,0,0,0,0,0,0,0,0.52,1.2877297,-0.29418741,-1.5726877,-9.9411307e-10,4.3636722e-09,0.78359154,-2.3757944e-09,3.7928246e-09,-2.3562793,-0.0066604701,-5.3413601e-08,8.4495887e-08,-0.00030767582,0.067679499,1.3229989e-06,-2.0981445e-06,0.0031754099,123.6254,0.00038585772,-0.00061212066,5.8013125,0,0
134,0.133,0,0,0,0,-0,0,0,0,0,0,0,0,0,0,0,0,0,0,0.52,1.2877275,-0.29419092,-1.5726947,-1.0156166e-09,4.4600353e-09,0.78358491,-2.4285517e-09,3.8762805e-09,-2.3562796,-0.0065931327,-5.2101068e-08,8.2415952e-08,-0.00030451648,0.066995249,1.3020674e-06,-2.0617248e-06,0.0031432667,123.62006,0.00038193293,-0.00060589379,5.8008206,0,0
135,0.134,0,0,0,0,-0,0,0,0,0,0,0,0,0,0,0,0,0,0,0.52,1.2877253,-0.2941944,-1.5727015,-1.0365853e-09,4.554018e-09,0.78357835,-2.480007e-09,3.9576732e-09,-2.3562799,-0.0065264761,-5.080953e-08,8.0369323e-08,-0.00030138957,0.066317936,1.2810088e-06,-2.0315328e-06,0.0031105617,123.61476,0.000378048,-0.00059973028,5.8003336,0,0
136,0.135,0,0,0,0,-0,0,0,0,0,0,0,0,0,0,0,0,0,0,0.52,1.2877231,-0.29419784,-1.5727083,-1.0570277e-09,4.6456584e-09,0.78357186,-2.5301811e-09,4.0370356e-09,-2.3562802,-0.0064604934,-4.9538698e-08,7.8355541e-08,-0.00029829474,0.065647451,1.2606559e-06,-1.9960327e-06,0.0030790836,123.60952,0.00037420254,-0.00059362948,5.7998516,0,0
137,0.136,0,0,0,0,-0,0,0,0,0,0,0,0,0,0,0,0,0,0,0.52,1.287721,-0.29420124,-1.572715,-1.0769523e-09,4.7349942e-09,0.78356543,-2.5790946e-09,4.1144004e-09,-2.3562805,-0.0063951778,-4.8288285e-08,7.637415e-08,-0.00029523168,0.064983765,1.2401686e-06,-1.9667486e-06,0.003047037,123.60434,0.00037039616,-0.00058759077,5.7993745,0,0
138,0.137,0,0,0,0,-0,0,0,0,0,0,0,0,0,0,0,0,0,0,0.52,1.2877189,-0.29420461,-1.5727217,-1.0963675e-09,4.8220624e-09,0.78355907,-2.6267678e-09,4.1897999e-09,-2.3562808,-0.0063305226,-4.7058011e-08,7.4424703e-08,-0.00029220006,0.064326769,1.2203797e-06,-1.9321448e-06,0.0030162104,123.5992,0.00036662844,-0.00058161351,5.7989022,0,0
139,0.138,0,0,0,0,-0,0,0,0,0,0,0,0,0,0,0,0,0,0,0.52,1.2877168,-0.29420795,-1.5727283,-1.1152816e-09,4.9068996e-09,0.78355277,-2.6732206e-09,4.2632656e-09,-2.356281,-0.0062665209,-4.5847597e-08,7.2506758e-08,-0.00028919955,0.063676434,1.2004492e-06,-1.9037454e-06,0.0029848086,123.59412,0.00036289901,-0.00057569707,5.7984346,0,0
140,0.139,0,0,0,0,-0,0,0,0,0,0,0,0,0,0,0,0,0,0,0.52,1.2877147,-0.29421125,-1.5727348,-1.1337029e-09,4.9895419e-09,0.78354653,-2.7184728e-09,4.3348289e-09,-2.3562813,-0.0062031664,-4.4656767e-08,7.0619878e-08,-0.00028622984,0.063032655,1.1812101e-06,-1.870015e-06,0.0029546203,123.58909,0.00035920747,-0.00056984084,5.7979718,0,0
141,0.14,0,0,0,0,-0,0,0,0,0,0,0,0,0,0,0,0,0,0,0.52,1.2877127,-0.29421452,-1.5727413,-1.1516392e-09,5.0700249e-09,0.78354036,-2.7625438e-09,4.4045207e-09,-2.3562816,-0.0061404524,-4.3485251e-08,6.8763632e-08,-0.0002832906,0.062395404,1.1618222e-06,-1.8424778e-06,0.0029238503,123.58411,0.00035555344,-0.00056404419,5.7975136,0,0
142,0.141,0,0,0,0,-0,0,0,0,0,0,0,0,0,0,0,0,0,0,0.52,1.2877106,-0.29421775,-1.5727476,-1.1690986e-09,5.1483835e-09,0.78353425,-2.8054528e-09,4.4723713e-09,-2.3562819,-0.0060783724,-4.233278e-08,6.6937593e-08,-0.00028038153,0.061764577,1.1431188e-06,-1.8095985e-06,0.0028942872,123.57918,0.00035193654,-0.00055830653,5.7970601,0,0
143,0.142,0,0,0,0,-0,0,0,0,0,0,0,0,0,0,0,0,0,0,0.52,1.2877086,-0.29422096,-1.572754,-1.1860888e-09,5.2246525e-09,0.78352821,-2.8472187e-09,4.5384108e-09,-2.3562822,-0.00601692,-4.1199091e-08,6.5141343e-08,-0.00027750232,0.061140146,1.1242598e-06,-1.7829016e-06,0.002864136,123.5743,0.00034835639,-0.00055262725,5.7966111,0,0
144,0.143,0,0,0,0,-0,0,0,0,0,0,0,0,0,0,0,0,0,0,0.52,1.2877066,-0.29422413,-1.5727602,-1.2026177e-09,5.2988659e-09,0.78352222,-2.8878602e-09,4.6026687e-09,-2.3562825,-0.0059560889,-4.0083922e-08,6.3374467e-08,-0.00027465266,0.060522009,1.1060784e-06,-1.7508516e-06,0.0028351855,123.56947,0.00034481262,-0.00054700577,5.7961667,0,0
145,0.144,0,0,0,0,-0,0,0,0,0,0,0,0,0,0,0,0,0,0,0.52,1.2877047,-0.29422727,-1.5727664,-1.2186928e-09,5.3710573e-09,0.78351629,-2.9273957e-09,4.6651742e-09,-2.3562827,-0.0058958729,-3.8987015e-08,6.1636554e-08,-0.00027183225,0.059910141,1.0877349e-06,-1.7249736e-06,0.0028056405,123.56469,0.00034130486,-0.00054144148,5.7957267,0,0
146,0.145,0,0,0,0,-0,0,0,0,0,0,0,0,0,0,0,0,0,0,0.52,1.2877027,-0.29423037,-1.5727726,-1.2343215e-09,5.44126e-09,0.78351043,-2.9658433e-09,4.725956e-09,-2.356283,-0.0058362656,-3.7908117e-08,5.9927201e-08,-0.00026904078,0.059304439,1.0700622e-06,-1.6937318e-06,0.00277729,123.55996,0.00033783275,-0.00053593381,5.7952912,0,0
147,0.146,0,0,0,0,-0,0,0,0,0,0,0,0,0,0,0,0,0,0,0.52,1.2877008,-0.29423345,-1.5727786,-1.2495113e-09,5.5095065e-09,0.78350462,-3.0032208e-09,4.7850427e-09,-2.3562833,-0.0057772609,-3.6846975e-08,5.824601e-08,-0.00026627797,0.05870488,1.052221e-06,-1.6686515e-06,0.0027483388,123.55527,0.00033439592,-0.00053048218,5.7948601,0,0
148,0.147,0,0,0,0,-0,0,0,0,0,0,0,0,0,0,0,0,0,0,0.52,1.2876989,-0.29423649,-1.5727847,-1.2642696e-09,5.5758293e-09,0.78349887,-3.039546e-09,4.842462e-09,-2.3562835,-0.0057188528,-3.5803343e-08,5.6592585e-08,-0.00026354351,0.058111364,1.035044e-06,-1.6381972e-06,0.0027205761,123.55064,0.00033099401,-0.00052508602,5.7944334,0,0
149,0.148,0,0,0,0,-0,0,0,0,0,0,0,0,0,0,0,0,0,0,0.52,1.287697,-0.29423951,-1.5727906,-1.2786033e-09,5.64026e-09,0.78349318,-3.0748361e-09,4.8982415e-09,-2.3562838,-0.0056610352,-3.4776975e-08,5.496654e-08,-0.00026083712,0.057523867,1.0176923e-06,-1.6138944e-06,0.0026922067,123.54604,0.00032762668,-0.00051974477,5.7940109,0,0
150,0.149,0,0,0,0,-0,0,0,0,0,0,0,0,0,0,0,0,0,0,0.52,1.2876951,-0.29424249,-1.5727965,-1.2925197e-09,5.70283e-09,0.78348755,-3.1091084e-09,4.9524085e-09,-2.3562841,-0.0056038021,-3.3767629e-08,5.3367489e-08,-0.0002581585,0.056942291,1.0009983e-06,-1.5842074e-06,0.0026650198,123.5415,0.00032429357,-0.00051445787,5.7935928,0,0
151,0.15,0,0,0,0,-0,0,0,0,0,0,0,0,0,0,0,0,0,0,0.52,1.2876933,-0.29424544,-1.5728023,-1.3060258e-09,5.7635702e-09,0.78348197,-3.1423798e-09,5.0049898e-09,-2.3562843,-0.0055471477,-3.2775068e-08,5.1795054e-08,-0.00025550738,0.056366613,9.841236e-07,-1.560662e-06,0.0026372202,123.537,0.00032099433,-0.00050922476,5.7931788,0,0
152,0.151,0,0,0,0,-0,0,0,0,0,0,0,0,0,0,0,0,0,0,0.52,1.2876914,-0.29424837,-1.5728081,-1.3191283e-09,5.8225111e-09,0.78347646,-3.1746668e-09,5.0560118e-09,-2.3562846,-0.005491066,-3.1799056e-08,5.0248862e-08,-0.00025288348,0.055796737,9.6790037e-07,-1.5317226e-06,0.0026105974,123.53255,0.00031772862,-0.0005040449,5.792769,0,0
153,0.152,0,0,0,0,-0,0,0,0,0,0,0,0,0,0,0,0,0,0,0.52,1.2876896,-0.29425126,-1.5728138,-1.3318341e-09,5.8796828e-09,0.78347099,-3.205986e-09,5.1055005e-09,-2.3562848,-0.0054355513,-3.0839361e-08,4.8728543e-08,-0.0002502865,0.055232641,9.5149043e-07,-1.5089154e-06,0.002583356,123.52814,0.00031449611,-0.00049891774,5.7923634,0,0
154,0.153,0,0,0,0,-0,0,0,0,0,0,0,0,0,0,0,0,0,0,0.52,1.2876878,-0.29425412,-1.5728195,-1.3441499e-09,5.9351149e-09,0.78346558,-3.2363536e-09,5.1534816e-09,-2.3562851,-0.0053805979,-2.9895753e-08,4.7233733e-08,-0.00024771618,0.054674229,9.3572579e-07,-1.4807043e-06,0.0025572858,123.52378,0.00031129644,-0.00049384274,5.7919619,0,0
155,0.154,0,0,0,0,-0,0,0,0,0,0,0,0,0,0,0,0,0,0,0.52,1.287686,-0.29425696,-1.5728251,-1.3560823e-09,5.9888365e-09,0.78346023,-3.2657855e-09,5.1999805e-09,-2.3562853,-0.0053262,-2.8968006e-08,4.5764073e-08,-0.00024517224,0.054121482,9.1976878e-07,-1.4586162e-06,0.0025305912,123.51946,0.0003081293,-0.00048881939,5.7915644,0,0
156,0.155,0,0,0,0,-0,0,0,0,0,0,0,0,0,0,0,0,0,0,0.52,1.2876843,-0.29425976,-1.5728306,-1.3676377e-09,6.0408766e-09,0.78345493,-3.2942974e-09,5.2450221e-09,-2.3562856,-0.0052723521,-2.8055896e-08,4.4319207e-08,-0.00024265441,0.053574304,9.0445095e-07,-1.4311148e-06,0.0025050623,123.51518,0.00030499435,-0.00048384714,5.7911709,0,0
157,0.156,0,0,0,0,-0,0,0,0,0,0,0,0,0,0,0,0,0,0,0.52,1.2876825,-0.29426254,-1.5728361,-1.3788226e-09,6.0912634e-09,0.78344969,-3.321905e-09,5.2886311e-09,-2.3562858,-0.0052190486,-2.7159203e-08,4.2898786e-08,-0.00024016243,0.053032677,8.889352e-07,-1.4097273e-06,0.0024789035,123.51095,0.00030189126,-0.00047892549,5.7907814,0,0
158,0.157,0,0,0,0,-0,0,0,0,0,0,0,0,0,0,0,0,0,0,0.52,1.2876808,-0.29426529,-1.5728415,-1.3896433e-09,6.140025e-09,0.78344449,-3.3486234e-09,5.3308318e-09,-2.356286,-0.005166284,-2.6277709e-08,4.1502464e-08,-0.00023769603,0.052496506,8.7405284e-07,-1.3829173e-06,0.0024539048,123.50676,0.00029881971,-0.00047405391,5.7903959,0,0
159,0.158,0,0,0,0,-0,0,0,0,0,0,0,0,0,0,0,0,0,0,0.52,1.2876791,-0.29426802,-1.5728469,-1.400106e-09,6.187189e-09,0.78343935,-3.3744679e-09,5.3716479e-09,-2.3562863,-0.0051140529,-2.5411199e-08,4.0129899e-08,-0.00023525494,0.051965776,8.5896686e-07,-1.3622122e-06,0.0024282708,123.50261,0.00029577939,-0.00046923189,5.7900142,0,0
160,0.159,0,0,0,0,-0,0,0,0,0,0,0,0,0,0,0,0,0,0,0.52,1.2876774,-0.29427071,-1.5728522,-1.4102168e-09,6.2327825e-09,0.78343426,-3.3994532e-09,5.4111033e-09,-2.3562865,-0.0050623498,-2.4559461e-08,3.8780755e-08,-0.00023283891,0.051440392,8.4450884e-07,-1.3360759e-06,0.0024037914,123.49851,0.00029276997,-0.00046445894,5.7896364,0,0
161,0.16,0,0,0,0,-0,0,0,0,0,0,0,0,0,0,0,0,0,0,0.52,1.2876757,-0.29427338,-1.5728575,-1.4199819e-09,6.2768325e-09,0.78342923,-3.4235941e-09,5.449221e-09,-2.3562867,-0.0050111694,-2.3722286e-08,3.7454699e-08,-0.00023044767,0.050920339,8.2984158e-07,-1.3160356e-06,0.0023786716,123.49444,0.00028979113,-0.00045973455,5.7892624,0,0
162,0.161,0,0,0,0,-0,0,0,0,0,0,0,0,0,0,0,0,0,0,0.52,1.2876741,-0.29427602,-1.5728627,-1.4294071e-09,6.3193653e-09,0.78342424,-3.446905e-09,5.486024e-09,-2.356287,-0.0049605065,-2.2899466e-08,3.6151403e-08,-0.00022808099,0.050405524,8.1579694e-07,-1.2905556e-06,0.002354701,123.49042,0.00028684258,-0.00045505822,5.7888922,0,0
163,0.162,0,0,0,0,-0,0,0,0,0,0,0,0,0,0,0,0,0,0,0.52,1.2876724,-0.29427863,-1.5728679,-1.4384983e-09,6.360407e-09,0.78341931,-3.4694001e-09,5.521535e-09,-2.3562872,-0.0049103558,-2.2090799e-08,3.4870544e-08,-0.0002257386,0.049895933,8.0153763e-07,-1.271163e-06,0.0023300848,123.48644,0.000283924,-0.00045042947,5.7885257,0,0
164,0.163,0,0,0,0,-0,0,0,0,0,0,0,0,0,0,0,0,0,0,0.52,1.2876708,-0.29428122,-1.572873,-1.4472613e-09,6.3999833e-09,0.78341442,-3.4910935e-09,5.5557762e-09,-2.3562874,-0.0048607121,-2.1296082e-08,3.3611802e-08,-0.00022342025,0.049391475,7.8789571e-07,-1.2463222e-06,0.0023066127,123.4825,0.00028103509,-0.00044584782,5.7881629,0,0
165,0.164,0,0,0,0,-0,0,0,0,0,0,0,0,0,0,0,0,0,0,0.52,1.2876692,-0.29428378,-1.5728781,-1.4557019e-09,6.4381195e-09,0.78340959,-3.5119991e-09,5.5887695e-09,-2.3562876,-0.0048115703,-2.0515118e-08,3.237486e-08,-0.0002211257,0.048892137,7.7403386e-07,-1.2275606e-06,0.0022824898,123.47859,0.00027817555,-0.00044131278,5.7878038,0,0
166,0.165,0,0,0,0,-0,0,0,0,0,0,0,0,0,0,0,0,0,0,0.52,1.2876676,-0.29428632,-1.5728831,-1.4638256e-09,6.4748406e-09,0.7834048,-3.5321306e-09,5.6205367e-09,-2.3562879,-0.0047629253,-1.9747709e-08,3.1159409e-08,-0.0002188547,0.048397827,7.6078418e-07,-1.2033425e-06,0.002259506,123.47473,0.00027534507,-0.00043682388,5.7874484,0,0
167,0.166,0,0,0,0,-0,0,0,0,0,0,0,0,0,0,0,0,0,0,0.52,1.287666,-0.29428883,-1.572888,-1.471638e-09,6.5101712e-09,0.78340006,-3.5515012e-09,5.6510989e-09,-2.3562881,-0.0047147721,-1.8993662e-08,2.996514e-08,-0.00021660701,0.047908535,7.4730954e-07,-1.1851955e-06,0.0022358663,123.47091,0.00027254337,-0.00043238064,5.7870965,0,0
168,0.167,0,0,0,0,-0,0,0,0,0,0,0,0,0,0,0,0,0,0,0.52,1.2876645,-0.29429131,-1.5728929,-1.4791445e-09,6.5441356e-09,0.78339537,-3.5701245e-09,5.6804774e-09,-2.3562883,-0.0046671057,-1.8252786e-08,2.879175e-08,-0.0002143824,0.047424169,7.3444203e-07,-1.161584e-06,0.0022133608,123.46712,0.00026977015,-0.00042798262,5.7867481,0,0
169,0.168,0,0,0,0,-0,0,0,0,0,0,0,0,0,0,0,0,0,0,0.52,1.2876629,-0.29429377,-1.5728978,-1.4863506e-09,6.5767576e-09,0.78339072,-3.5880133e-09,5.7086927e-09,-2.3562885,-0.0046199213,-1.7524893e-08,2.763894e-08,-0.00021218062,0.04694472,7.213445e-07,-1.1440355e-06,0.0021901946,123.46338,0.00026702513,-0.00042362934,5.7864033,0,0
170,0.169,0,0,0,0,-0,0,0,0,0,0,0,0,0,0,0,0,0,0,0.52,1.2876614,-0.2942962,-1.5729026,-1.4932616e-09,6.6080609e-09,0.78338613,-3.6051806e-09,5.7357654e-09,-2.3562887,-0.0045732139,-1.6809796e-08,2.6506415e-08,-0.00021000144,0.046470099,7.0884933e-07,-1.121015e-06,0.0021681576,123.45967,0.00026430801,-0.00041932034,5.786062,0,0
171,0.17,0,0,0,0,-0,0,0,0,0,0,0,0,0,0,0,0,0,0,0.52,1.2876599,-0.29429861,-1.5729074,-1.4998826e-09,6.6380687e-09,0.78338158,-3.6216392e-09,5.7617156e-09,-2.3562889,-0.0045269787,-1.6107312e-08,2.5393883e-08,-0.00020784464,0.046000296,6.9611908e-07,-1.1040495e-06,0.0021454551,123.456,0.00026161852,-0.00041505519,5.7857241,0,0
172,0.171,0,0,0,0,-0,0,0,0,0,0,0,0,0,0,0,0,0,0,0.52,1.2876584,-0.294301,-1.5729121,-1.5062188e-09,6.6668038e-09,0.78337707,-3.6374015e-09,5.786563e-09,-2.3562891,-0.0044812109,-1.5417259e-08,2.4301056e-08,-0.00020570997,0.045535223,6.839866e-07,-1.0816045e-06,0.0021238772,123.45236,0.00025895637,-0.00041083343,5.7853896,0,0
173,0.172,0,0,0,0,-0,0,0,0,0,0,0,0,0,0,0,0,0,0,0.52,1.2876569,-0.29430336,-1.5729167,-1.5122754e-09,6.6942888e-09,0.78337262,-3.6524798e-09,5.8103274e-09,-2.3562893,-0.0044359059,-1.4739458e-08,2.322765e-08,-0.00020359722,0.045074871,6.7161414e-07,-1.0652069e-06,0.002101629,123.44877,0.00025632128,-0.00040665462,5.7850586,0,0
174,0.173,0,0,0,0,-0,0,0,0,0,0,0,0,0,0,0,0,0,0,0.52,1.2876555,-0.2943057,-1.5729213,-1.5180573e-09,6.720546e-09,0.7833682,-3.6668864e-09,5.8330279e-09,-2.3562895,-0.0043910589,-1.4073734e-08,2.2173385e-08,-0.00020150615,0.044619154,6.5983489e-07,-1.0433224e-06,0.0020805007,123.44521,0.00025371299,-0.00040251832,5.7847308,0,0
175,0.174,0,0,0,0,-0,0,0,0,0,0,0,0,0,0,0,0,0,0,0.52,1.287654,-0.29430801,-1.5729259,-1.5235694e-09,6.7455973e-09,0.78336383,-3.6806333e-09,5.8546836e-09,-2.3562897,-0.0043466653,-1.3419911e-08,2.1137985e-08,-0.00019943656,0.044168064,6.4781097e-07,-1.027478e-06,0.0020586976,123.44168,0.00025113122,-0.0003984241,5.7844064,0,0
176,0.175,0,0,0,0,-0,0,0,0,0,0,0,0,0,0,0,0,0,0,0.52,1.2876526,-0.2943103,-1.5729304,-1.5288166e-09,6.7694643e-09,0.78335951,-3.6937321e-09,5.8753132e-09,-2.3562899,-0.0043027205,-1.2777818e-08,2.0121176e-08,-0.0001973882,0.043721515,6.3637571e-07,-1.0061394e-06,0.0020380097,123.43819,0.00024857569,-0.00039437154,5.7840852,0,0
177,0.176,0,0,0,0,-0,0,0,0,0,0,0,0,0,0,0,0,0,0,0.52,1.2876512,-0.29431257,-1.5729349,-1.5338037e-09,6.7921683e-09,0.78335523,-3.7061947e-09,5.8949351e-09,-2.3562901,-0.00425922,-1.2147284e-08,1.912269e-08,-0.00019536088,0.0432795,6.2469131e-07,-9.908337e-07,0.0020166425,123.43474,0.00024604615,-0.0003903602,5.7837673,0,0
178,0.177,0,0,0,0,-0,0,0,0,0,0,0,0,0,0,0,0,0,0,0.52,1.2876497,-0.29431481,-1.5729393,-1.5385354e-09,6.8137303e-09,0.78335099,-3.7180324e-09,5.9135676e-09,-2.3562903,-0.0042161593,-1.1528143e-08,1.814226e-08,-0.00019335436,0.042841934,6.1359102e-07,-9.7002665e-07,0.0019963861,123.43132,0.00024354233,-0.00038638968,5.7834527,0,0
179,0.178,0,0,0,0,-0,0,0,0,0,0,0,0,0,0,0,0,0,0,0.52,1.2876484,-0.29431703,-1.5729437,-1.5430164e-09,6.8341709e-09,0.78334679,-3.7292566e-09,5.9312285e-09,-2.3562905,-0.0041735339,-1.0920229e-08,1.7179624e-08,-0.00019136844,0.042408811,6.0223733e-07,-9.5524568e-07,0.001975446,123.42793,0.00024106397,-0.00038245954,5.7831411,0,0
180,0.179,0,0,0,0,-0,0,0,0,0,0,0,0,0,0,0,0,0,0,0.52,1.287647,-0.29431923,-1.5729481,-1.5472512e-09,6.8535106e-09,0.78334264,-3.7398784e-09,5.9479356e-09,-2.3562907,-0.0041313395,-1.0323378e-08,1.6234523e-08,-0.00018940292,0.041980048,5.9146332e-07,-9.3495636e-07,0.0019556123,123.42458,0.00023861081,-0.00037856939,5.7828328,0,0
181,0.18,0,0,0,0,-0,0,0,0,0,0,0,0,0,0,0,0,0,0,0.52,1.2876456,-0.29432141,-1.5729524,-1.5512444e-09,6.8717693e-09,0.78333853,-3.7499088e-09,5.9637062e-09,-2.3562909,-0.0040895716,-9.7374309e-09,1.5306701e-08,-0.00018745756,0.041555639,5.8043162e-07,-9.2068628e-07,0.0019350905,123.42127,0.00023618259,-0.00037471882,5.7825275,0,0
182,0.181,0,0,0,0,-0,0,0,0,0,0,0,0,0,0,0,0,0,0,0.52,1.2876443,-0.29432356,-1.5729566,-1.5550004e-09,6.888967e-09,0.78333446,-3.7593586e-09,5.9785575e-09,-2.3562911,-0.004048226,-9.1622274e-09,1.4395908e-08,-0.00018553218,0.041135502,5.6997541e-07,-9.0090118e-07,0.0019156708,123.41798,0.00023377907,-0.00037090741,5.7822254,0,0
183,0.182,0,0,0,0,-0,0,0,0,0,0,0,0,0,0,0,0,0,0,0.52,1.2876429,-0.2943257,-1.5729608,-1.5585236e-09,6.905123e-09,0.78333044,-3.7682385e-09,5.9925064e-09,-2.3562913,-0.0040072985,-8.5976111e-09,1.3501893e-08,-0.00018362657,0.040719631,5.592573e-07,-8.8712864e-07,0.0018955588,123.41473,0.00023139998,-0.00036713478,5.7819263,0,0
184,0.183,0,0,0,0,-0,0,0,0,0,0,0,0,0,0,0,0,0,0,0.52,1.2876416,-0.29432781,-1.572965,-1.5618183e-09,6.9202567e-09,0.78332645,-3.7765591e-09,6.0055695e-09,-2.3562915,-0.0039667847,-8.0434272e-09,1.2624411e-08,-0.00018174052,0.040307946,5.4911051e-07,-8.6783447e-07,0.0018765448,123.41152,0.00022904509,-0.00036340053,5.7816302,0,0
185,0.184,0,0,0,0,-0,0,0,0,0,0,0,0,0,0,0,0,0,0,0.52,1.2876403,-0.2943299,-1.5729691,-1.5648887e-09,6.9343869e-09,0.7833225,-3.7843305e-09,6.0177634e-09,-2.3562916,-0.0039266805,-7.499523e-09,1.1763221e-08,-0.00017987383,0.039900442,5.3869783e-07,-8.5454646e-07,0.0018568343,123.40833,0.00022671414,-0.00035970427,5.7813371,0,0
186,0.185,0,0,0,0,-0,0,0,0,0,0,0,0,0,0,0,0,0,0,0.52,1.287639,-0.29433197,-1.5729732,-1.5677391e-09,6.9475323e-09,0.78331859,-3.7915632e-09,6.029104e-09,-2.3562918,-0.0038869818,-6.9657479e-09,1.0918082e-08,-0.0001780263,0.039497038,5.2885238e-07,-8.3573036e-07,0.0018382175,123.40518,0.0002244069,-0.00035604561,5.781047,0,0
187,0.186,0,0,0,0,-0,0,0,0,0,0,0,0,0,0,0,0,0,0,0.52,1.2876377,-0.29433401,-1.5729773,-1.5703736e-09,6.9597114e-09,0.78331473,-3.798267e-09,6.0396074e-09,-2.356292,-0.0038476844,-6.4419532e-09,1.008876e-08,-0.00017619774,0.039097733,5.1873707e-07,-8.2291409e-07,0.0018189003,123.40206,0.00022212312,-0.00035242417,5.7807598,0,0
188,0.187,0,0,0,0,-0,0,0,0,0,0,0,0,0,0,0,0,0,0,0.52,1.2876364,-0.29433604,-1.5729813,-1.5727962e-09,6.9709421e-09,0.7833109,-3.804452e-09,6.0492893e-09,-2.3562922,-0.0038087843,-5.9279921e-09,9.2750211e-09,-0.00017438796,0.038702445,5.0918508e-07,-8.0456352e-07,0.0018006728,123.39897,0.00021986256,-0.00034883957,5.7804755,0,0
189,0.188,0,0,0,0,-0,0,0,0,0,0,0,0,0,0,0,0,0,0,0.52,1.2876352,-0.29433805,-1.5729852,-1.575011e-09,6.9812423e-09,0.78330711,-3.8101278e-09,6.0581652e-09,-2.3562923,-0.0037702775,-5.4237199e-09,8.4766361e-09,-0.00017259675,0.038311172,4.9935929e-07,-7.9220656e-07,0.0017817407,123.39591,0.00021762499,-0.00034529144,5.7801941,0,0
190,0.189,0,0,0,0,-0,0,0,0,0,0,0,0,0,0,0,0,0,0,0.52,1.2876339,-0.29434004,-1.5729892,-1.5770219e-09,6.9906297e-09,0.78330336,-3.8153042e-09,6.0662502e-09,-2.3562925,-0.00373216,-4.9289937e-09,7.6933781e-09,-0.00017082393,0.037923837,4.9009311e-07,-7.7430932e-07,0.0017638945,123.39289,0.00021541018,-0.0003417794,5.7799155,0,0
191,0.19,0,0,0,0,-0,0,0,0,0,0,0,0,0,0,0,0,0,0,0.52,1.2876327,-0.294342,-1.572993,-1.5788328e-09,6.9991216e-09,0.78329964,-3.8199905e-09,6.0735594e-09,-2.3562927,-0.0036944278,-4.4436726e-09,6.9250237e-09,-0.00016906931,0.037540436,4.8054921e-07,-7.6239953e-07,0.0017453399,123.38989,0.00021321789,-0.00033830309,5.7796397,0,0
192,0.191,0,0,0,0,-0,0,0,0,0,0,0,0,0,0,0,0,0,0,0.52,1.2876315,-0.29434395,-1.5729969,-1.5804475e-09,7.006735e-09,0.78329597,-3.8241962e-09,6.0801076e-09,-2.3562929,-0.0036570772,-3.9676173e-09,6.1713522e-09,-0.00016733271,0.037160892,4.7156125e-07,-7.4494358e-07,0.0017278671,123.38693,0.0002110479,-0.00033486214,5.7793668,0,0
193,0.192,0,0,0,0,-0,0,0,0,0,0,0,0,0,0,0,0,0,0,0.52,1.2876303,-0.29434587,-1.5730007,-1.5818698e-09,7.0134867e-09,0.78329233,-3.8279303e-09,6.0859093e-09,-2.356293,-0.0036201041,-3.5006908e-09,5.4321457e-09,-0.00016561394,0.036785205,4.622919e-07,-7.3346928e-07,0.0017096822,123.38399,0.00020889997,-0.00033145619,5.7790966,0,0
194,0.193,0,0,0,0,-0,0,0,0,0,0,0,0,0,0,0,0,0,0,0.52,1.2876291,-0.29434778,-1.5730045,-1.5831034e-09,7.0193933e-09,0.78328873,-3.8312021e-09,6.090979e-09,-2.3562932,-0.0035835049,-3.0427574e-09,4.7071896e-09,-0.00016391281,0.036413297,4.5357479e-07,-7.1644294e-07,0.0016925753,123.38108,0.00020677389,-0.0003280849,5.7788291,0,0
195,0.194,0,0,0,0,-0,0,0,0,0,0,0,0,0,0,0,0,0,0,0.52,1.2876279,-0.29434967,-1.5730082,-1.5841521e-09,7.0244711e-09,0.78328516,-3.8340203e-09,6.0953307e-09,-2.3562933,-0.0035472756,-2.5936837e-09,3.9962719e-09,-0.00016222914,0.036045168,4.445727e-07,-7.0539253e-07,0.0016747525,123.37821,0.00020466943,-0.00032474789,5.7785643,0,0
196,0.195,0,0,0,0,-0,0,0,0,0,0,0,0,0,0,0,0,0,0,0.52,1.2876267,-0.29435154,-1.5730119,-1.5850193e-09,7.0287363e-09,0.78328163,-3.8363938e-09,6.0989784e-09,-2.3562935,-0.0035114127,-2.1533376e-09,3.2991834e-09,-0.00016056277,0.035680741,4.3611937e-07,-6.8878454e-07,0.001658004,123.37536,0.00020258638,-0.00032144484,5.7783022,0,0
197,0.196,0,0,0,0,-0,0,0,0,0,0,0,0,0,0,0,0,0,0,0.52,1.2876256,-0.29435339,-1.5730155,-1.5857086e-09,7.0322046e-09,0.78327814,-3.8383313e-09,6.1019359e-09,-2.3562937,-0.0034759123,-1.7215892e-09,2.6157177e-09,-0.0001589135,0.035320018,4.2737742e-07,-6.7814676e-07,0.001640536,123.37254,0.00020052451,-0.00031817538,5.7780428,0,0
198,0.197,0,0,0,0,-0,0,0,0,0,0,0,0,0,0,0,0,0,0,0.52,1.2876244,-0.29435522,-1.5730191,-1.5862236e-09,7.0348916e-09,0.78327468,-3.8398412e-09,6.1042166e-09,-2.3562938,-0.0034407708,-1.2983101e-09,1.9456713e-09,-0.00015728116,0.034962923,4.1918093e-07,-6.6194603e-07,0.0016241386,123.36975,0.00019848361,-0.00031493919,5.777786,0,0
199,0.198,0,0,0,0,-0,0,0,0,0,0,0,0,0,0,0,0,0,0,0.52,1.2876233,-0.29435703,-1.5730227,-1.5865677e-09,7.0368127e-09,0.78327126,-3.840932e-09,6.1058338e-09,-2.356294,-0.0034059846,-8.8337351e-10,1.2888433e-09,-0.00015566558,0.034609457,4.106922e-07,-6.5170992e-07,0.0016070181,123.36699,0.00019646347,-0.00031173591,5.7775317,0,0
200,0.199,0,0,0,0,-0,0,0,0,0,0,0,0,0,0,0,0,0,0,0.52,1.2876222,-0.29435883,-1.5730263,-1.5867442e-09,7.0379831e-09,0.78326787,-3.8416121e-09,6.1068008e-09,-2.3562941,-0.0033715501,-4.7665453e-10,6.4503554e-10,-0.00015406659,0.034259546,4.0274576e-07,-6.3590567e-07,0.0015909646,123.36425,0.00019446388,-0.00030856522,5.7772801,0,0
201,0.2,0,0,0,0,-0,0,0,0,0,0,0,0,0,0,0,0,0,0,0.52,1.287621,-0.2943606,-1.5730298,-1.5867566e-09,7.0384176e-09,0.78326452,-3.8418894e-09,6.1071303e-09,-2.3562943,-0.0033374638,-7.8029876e-11,1.4052418e-11,-0.00015248401,0.033913191,3.9450355e-07,-6.2606057e-07,0.0015741845,123.36155,0.00019248462,-0.00030542678,5.777031,0,0
202,0.201,0,0,0,0,-0,0,0,0,0,0,0,0,0,0,0,0,0,0,0.52,1.2876199,-0.29436236,-1.5730332,-1.5866081e-09,7.038131e-09,0.78326119,-3.8417721e-09,6.1068352e-09,-2.3562944,-0.003303722,3.1262214e-10,-6.0429897e-10,-0.00015091769,0.033570319,3.8680047e-07,-6.1064219e-07,0.001558468,123.35887,0.00019052549,-0.00030232026,5.7767844,0,0
203,0.202,0,0,0,0,-0,0,0,0,0,0,0,0,0,0,0,0,0,0,0.52,1.2876188,-0.2943641,-1.5730367,-1.586302e-09,7.0371377e-09,0.78325791,-3.8412681e-09,6.1059279e-09,-2.3562946,-0.0032703214,6.9542152e-10,-1.2102089e-09,-0.00014936744,0.033230933,3.787983e-07,-6.0117777e-07,0.0015420214,123.35622,0.0001885863,-0.00029924535,5.7765403,0,0
204,0.203,0,0,0,0,-0,0,0,0,0,0,0,0,0,0,0,0,0,0,0.52,1.2876178,-0.29436583,-1.5730401,-1.5858414e-09,7.0354519e-09,0.78325465,-3.8403851e-09,6.1044209e-09,-2.3562947,-0.0032372584,1.0704867e-09,-1.8038653e-09,-0.00014783312,0.032894958,3.7133208e-07,-5.8613498e-07,0.0015266349,123.35359,0.00018666682,-0.00029620172,5.7762987,0,0
205,0.204,0,0,0,0,-0,0,0,0,0,0,0,0,0,0,0,0,0,0,0.52,1.2876167,-0.29436753,-1.5730435,-1.5852296e-09,7.0330878e-09,0.78325143,-3.8391309e-09,6.1023262e-09,-2.3562949,-0.0032045298,1.4379345e-09,-2.3854533e-09,-0.00014631454,0.0325624,3.6356355e-07,-5.7704106e-07,0.0015105149,123.35099,0.00018476687,-0.00029318905,5.7760595,0,0
206,0.205,0,0,0,0,-0,0,0,0,0,0,0,0,0,0,0,0,0,0,0.52,1.2876156,-0.29436922,-1.5730468,-1.5844695e-09,7.030059e-09,0.78324824,-3.837513e-09,6.0996559e-09,-2.356295,-0.003172132,1.7978803e-09,-2.9551558e-09,-0.00014481156,0.032233184,3.563279e-07,-5.6236386e-07,0.0014954517,123.34842,0.00018288625,-0.00029020702,5.7758227,0,0
207,0.206,0,0,0,0,-0,0,0,0,0,0,0,0,0,0,0,0,0,0,0.52,1.2876146,-0.29437089,-1.5730501,-1.5835643e-09,7.0263793e-09,0.78324509,-3.8355388e-09,6.0964218e-09,-2.3562952,-0.0031400617,2.1504376e-09,-3.513153e-09,-0.00014332401,0.031907316,3.4878678e-07,-5.5363055e-07,0.0014796518,123.34587,0.00018102475,-0.00028725532,5.7755884,0,0
208,0.207,0,0,0,0,-0,0,0,0,0,0,0,0,0,0,0,0,0,0,0.52,1.2876136,-0.29437255,-1.5730534,-1.5825169e-09,7.022062e-09,0.78324196,-3.8332158e-09,6.0926354e-09,-2.3562953,-0.0031083157,2.4957188e-09,-4.0596229e-09,-0.00014185173,0.031584723,3.4177557e-07,-5.3930918e-07,0.0014649053,123.34335,0.00017918219,-0.00028433366,5.7753564,0,0
209,0.208,0,0,0,0,-0,0,0,0,0,0,0,0,0,0,0,0,0,0,0.52,1.2876125,-0.29437418,-1.5730566,-1.5813304e-09,7.0171203e-09,0.78323887,-3.830551e-09,6.0883082e-09,-2.3562955,-0.0030768906,2.8338344e-09,-4.5947409e-09,-0.00014039456,0.031265411,3.3445575e-07,-5.3092681e-07,0.0014494188,123.34086,0.00017735838,-0.00028144171,5.7751267,0,0
210,0.209,0,0,0,0,-0,0,0,0,0,0,0,0,0,0,0,0,0,0,0.52,1.2876115,-0.2943758,-1.5730598,-1.5800076e-09,7.0115672e-09,0.78323581,-3.8275516e-09,6.0834515e-09,-2.3562956,-0.0030457833,3.1648938e-09,-5.1186802e-09,-0.00013895236,0.030949308,3.2766302e-07,-5.169518e-07,0.0014349825,123.33839,0.00017555311,-0.00027857917,5.7748994,0,0
211,0.21,0,0,0,0,-0,0,0,0,0,0,0,0,0,0,0,0,0,0,0.52,1.2876105,-0.29437741,-1.573063,-1.5785514e-09,7.0054155e-09,0.78323278,-3.8242247e-09,6.0780764e-09,-2.3562957,-0.0030149904,3.4890046e-09,-5.6316115e-09,-0.00013752497,0.03063642,3.2055856e-07,-5.0891094e-07,0.0014198032,123.33594,0.00017376621,-0.00027574576,5.7746743,0,0
212,0.211,0,0,0,0,-0,0,0,0,0,0,0,0,0,0,0,0,0,0,0.52,1.2876095,-0.294379,-1.5730661,-1.5769646e-09,6.9986779e-09,0.78322978,-3.820577e-09,6.0721937e-09,-2.3562959,-0.0029845089,3.8062731e-09,-6.1337035e-09,-0.00013611223,0.030326676,3.1397842e-07,-4.9527293e-07,0.0014056708,123.33352,0.00017199749,-0.00027294117,5.7744516,0,0
213,0.212,0,0,0,0,-0,0,0,0,0,0,0,0,0,0,0,0,0,0,0.52,1.2876085,-0.29438057,-1.5730692,-1.57525e-09,6.9913668e-09,0.78322681,-3.8166155e-09,6.0658143e-09,-2.356296,-0.0029543355,4.1168041e-09,-6.6251222e-09,-0.000134714,0.030020083,3.0708362e-07,-4.8756451e-07,0.0013907923,123.33113,0.00017024675,-0.0002701651,5.7742311,0,0
214,0.213,0,0,0,0,-0,0,0,0,0,0,0,0,0,0,0,0,0,0,0.52,1.2876075,-0.29438213,-1.5730723,-1.5734103e-09,6.9834943e-09,0.78322387,-3.8123468e-09,6.0589487e-09,-2.3562961,-0.0029244672,4.4207011e-09,-7.1060317e-09,-0.00013333013,0.02971657,3.0071035e-07,-4.7425446e-07,0.0013769576,123.32876,0.00016851383,-0.00026741728,5.7740128,0,0
215,0.214,0,0,0,0,-0,0,0,0,0,0,0,0,0,0,0,0,0,0,0.52,1.2876066,-0.29438367,-1.5730753,-1.5714483e-09,6.9750725e-09,0.78322096,-3.8077774e-09,6.0516074e-09,-2.3562963,-0.0028949008,4.7180661e-09,-7.5765937e-09,-0.00013196046,0.029416145,2.9401957e-07,-4.668695e-07,0.0013623738,123.32641,0.00016679854,-0.0002646974,5.7737968,0,0
216,0.215,0,0,0,0,-0,0,0,0,0,0,0,0,0,0,0,0,0,0,0.52,1.2876056,-0.29438519,-1.5730783,-1.5693666e-09,6.9661132e-09,0.78321808,-3.8029138e-09,6.0438006e-09,-2.3562964,-0.0028656334,5.0089997e-09,-8.0369677e-09,-0.00013060486,0.029118738,2.8784762e-07,-4.5387858e-07,0.0013488307,123.32408,0.00016510069,-0.00026200519,5.7735829,0,0
217,0.216,0,0,0,0,-0,0,0,0,0,0,0,0,0,0,0,0,0,0,0.52,1.2876047,-0.2943867,-1.5730813,-1.5671677e-09,6.9566282e-09,0.78321523,-3.7977625e-09,6.0355385e-09,-2.3562965,-0.0028366618,5.2936012e-09,-8.4873112e-09,-0.00012926318,0.028824357,2.813554e-07,-4.4680843e-07,0.0013345355,123.32178,0.00016342012,-0.00025934037,5.7733712,0,0
218,0.217,0,0,0,0,-0,0,0,0,0,0,0,0,0,0,0,0,0,0,0.52,1.2876037,-0.2943882,-1.5730843,-1.5648543e-09,6.9466288e-09,0.78321241,-3.7923297e-09,6.0268309e-09,-2.3562967,-0.0028079832,5.5719685e-09,-8.9277794e-09,-0.00012793527,0.028532933,2.7537928e-07,-4.3412796e-07,0.0013212782,123.31951,0.00016175664,-0.00025670265,5.7731616,0,0
219,0.218,0,0,0,0,-0,0,0,0,0,0,0,0,0,0,0,0,0,0,0.52,1.2876028,-0.29438968,-1.5730872,-1.562429e-09,6.9361265e-09,0.78320961,-3.7866217e-09,6.0176878e-09,-2.3562968,-0.0027795945,5.8441983e-09,-9.3585255e-09,-0.000126621,0.028244474,2.6908034e-07,-4.2736417e-07,0.0013072657,123.31725,0.00016011009,-0.00025409176,5.7729541,0,0
220,0.219,0,0,0,0,-0,0,0,0,0,0,0,0,0,0,0,0,0,0,0.52,1.2876019,-0.29439114,-1.5730901,-1.5598941e-09,6.9251323e-09,0.78320685,-3.7806444e-09,6.0081187e-09,-2.3562969,-0.0027514928,6.1103858e-09,-9.7797004e-09,-0.00012532022,0.027958913,2.6329473e-07,-4.1498576e-07,0.0012942883,123.31502,0.00015848029,-0.00025150743,5.7727488,0,0
221,0.22,0,0,0,0,-0,0,0,0,0,0,0,0,0,0,0,0,0,0,0.52,1.287601,-0.29439259,-1.5730929,-1.5572521e-09,6.9136572e-09,0.78320411,-3.7744039e-09,5.9981331e-09,-2.356297,-0.0027236752,6.3706251e-09,-1.0191453e-08,-0.0001240328,0.027676258,2.5718387e-07,-4.0852005e-07,0.0012805528,123.31281,0.00015686707,-0.00024894939,5.7725455,0,0
222,0.221,0,0,0,0,-0,0,0,0,0,0,0,0,0,0,0,0,0,0,0.52,1.2876001,-0.29439402,-1.5730958,-1.5545055e-09,6.901712e-09,0.7832014,-3.7679061e-09,5.9877404e-09,-2.3562972,-0.0026961388,6.6250089e-09,-1.0593931e-08,-0.0001227586,0.027396441,2.5158365e-07,-3.9643556e-07,0.0012678495,123.31063,0.00015527026,-0.00024641736,5.7723443,0,0
223,0.222,0,0,0,0,-0,0,0,0,0,0,0,0,0,0,0,0,0,0,0.52,1.2875992,-0.29439544,-1.5730986,-1.5516567e-09,6.8893073e-09,0.78319872,-3.7611567e-09,5.9769498e-09,-2.3562973,-0.0026688809,6.8736286e-09,-1.0987279e-08,-0.00012149748,0.027119472,2.4565571e-07,-3.9025978e-07,0.0012543854,123.30846,0.00015368969,-0.0002439111,5.7721451,0,0
224,0.223,0,0,0,0,-0,0,0,0,0,0,0,0,0,0,0,0,0,0,0.52,1.2875983,-0.29439685,-1.5731014,-1.5487079e-09,6.8764536e-09,0.78319606,-3.7541616e-09,5.9657703e-09,-2.3562974,-0.0026418985,7.1165744e-09,-1.1371639e-08,-0.00012024931,0.026845285,2.4023593e-07,-3.784613e-07,0.0012419507,123.30632,0.00015212521,-0.00024143032,5.7719479,0,0
225,0.224,0,0,0,0,-0,0,0,0,0,0,0,0,0,0,0,0,0,0,0.52,1.2875974,-0.29439824,-1.5731041,-1.5456615e-09,6.8631612e-09,0.78319343,-3.7469264e-09,5.9542109e-09,-2.3562975,-0.0026151889,7.3539353e-09,-1.1747154e-08,-0.00011901396,0.026573888,2.3448594e-07,-3.725676e-07,0.0012287523,123.3042,0.00015057664,-0.00023897478,5.7717528,0,0
226,0.225,0,0,0,0,-0,0,0,0,0,0,0,0,0,0,0,0,0,0,0.52,1.2875966,-0.29439962,-1.5731068,-1.5425198e-09,6.8494401e-09,0.78319083,-3.7394565e-09,5.9422804e-09,-2.3562977,-0.0025887494,7.5857991e-09,-1.2113961e-08,-0.0001177913,0.026305217,2.2924169e-07,-3.6104735e-07,0.0012165806,123.3021,0.00014904383,-0.00023654421,5.7715596,0,0
227,0.226,0,0,0,0,-0,0,0,0,0,0,0,0,0,0,0,0,0,0,0.52,1.2875957,-0.29440098,-1.5731095,-1.5392849e-09,6.8353004e-09,0.78318826,-3.7317575e-09,5.9299873e-09,-2.3562978,-0.0025625771,7.8122524e-09,-1.2472199e-08,-0.00011658118,0.02603928,2.2366484e-07,-3.5542807e-07,0.0012036427,123.30002,0.00014752661,-0.00023413837,5.7713683,0,0
228,0.227,0,0,0,0,-0,0,0,0,0,0,0,0,0,0,0,0,0,0,0.52,1.2875949,-0.29440233,-1.5731122,-1.5359591e-09,6.8207518e-09,0.78318571,-3.7238347e-09,5.9173402e-09,-2.3562979,-0.0025366695,8.0333805e-09,-1.2822002e-08,-0.0001153835,0.025776014,2.1859133e-07,-3.4417844e-07,0.0011917287,123.29796,0.00014602483,-0.000231757,5.771179,0,0
229,0.228,0,0,0,0,-0,0,0,0,0,0,0,0,0,0,0,0,0,0,0.52,1.287594,-0.29440367,-1.5731148,-1.5325445e-09,6.8058041e-09,0.78318318,-3.7156933e-09,5.9043474e-09,-2.356298,-0.0025110237,8.2492676e-09,-1.3163505e-08,-0.00011419811,0.025515428,2.1318294e-07,-3.3882615e-07,0.0011790458,123.29593,0.00014453833,-0.00022939985,5.7709916,0,0
230,0.229,0,0,0,0,-0,0,0,0,0,0,0,0,0,0,0,0,0,0,0.52,1.2875932,-0.29440499,-1.5731174,-1.5290433e-09,6.7904667e-09,0.78318069,-3.7073387e-09,5.8910173e-09,-2.3562981,-0.0024856373,8.4599968e-09,-1.3496837e-08,-0.0001130249,0.025257457,2.0827548e-07,-3.2783974e-07,0.0011673843,123.29391,0.00014306695,-0.00022706668,5.7708061,0,0
231,0.23,0,0,0,0,-0,0,0,0,0,0,0,0,0,0,0,0,0,0,0.52,1.2875924,-0.2944063,-1.57312,-1.5254575e-09,6.7747489e-09,0.78317821,-3.6987759e-09,5.8773578e-09,-2.3562982,-0.0024605075,8.6656501e-09,-1.3822131e-08,-0.00011186373,0.025002113,2.03031e-07,-3.2274718e-07,0.0011549512,123.29192,0.00014161054,-0.00022475723,5.7706225,0,0
232,0.231,0,0,0,0,-0,0,0,0,0,0,0,0,0,0,0,0,0,0,0.52,1.2875916,-0.2944076,-1.5731226,-1.5217892e-09,6.7586601e-09,0.78317576,-3.6900099e-09,5.863377e-09,-2.3562983,-0.0024356318,8.8663081e-09,-1.4139513e-08,-0.00011071448,0.024749332,1.9828504e-07,-3.1201679e-07,0.0011435371,123.28994,0.00014016896,-0.00022247128,5.7704407,0,0
233,0.232,0,0,0,0,-0,0,0,0,0,0,0,0,0,0,0,0,0,0,0.52,1.2875908,-0.29440888,-1.5731251,-1.5180404e-09,6.7422092e-09,0.78317334,-3.6810457e-09,5.8490827e-09,-2.3562984,-0.0024110076,9.0620506e-09,-1.444911e-08,-0.00010957704,0.024499126,1.9319998e-07,-3.0717684e-07,0.0011313487,123.28799,0.00013874203,-0.00022020858,5.7702608,0,0
234,0.233,0,0,0,0,-0,0,0,0,0,0,0,0,0,0,0,0,0,0,0.52,1.28759,-0.29441015,-1.5731276,-1.5142132e-09,6.7254052e-09,0.78317094,-3.6718882e-09,5.8344826e-09,-2.3562986,-0.0023866323,9.2529562e-09,-1.4751046e-08,-0.00010845128,0.02425143,1.8861115e-07,-2.9669551e-07,0.0011201768,123.28605,0.00013732963,-0.0002179689,5.7700827,0,0
235,0.234,0,0,0,0,-0,0,0,0,0,0,0,0,0,0,0,0,0,0,0.52,1.2875892,-0.29441141,-1.5731301,-1.5103095e-09,6.7082568e-09,0.78316857,-3.6625422e-09,5.8195843e-09,-2.3562987,-0.0023625034,9.4391023e-09,-1.5045444e-08,-0.00010733708,0.024006258,1.836811e-07,-2.9210119e-07,0.0011082282,123.28414,0.0001359316,-0.000215752,5.7699064,0,0
236,0.235,0,0,0,0,-0,0,0,0,0,0,0,0,0,0,0,0,0,0,0.52,1.2875884,-0.29441265,-1.5731326,-1.5063311e-09,6.6907726e-09,0.78316622,-3.6530124e-09,5.8043954e-09,-2.3562988,-0.0023386185,9.6205654e-09,-1.5332426e-08,-0.00010623432,0.023763545,1.7924515e-07,-2.8186215e-07,0.0010972936,123.28224,0.00013454779,-0.00021355764,5.7697319,0,0
237,0.236,0,0,0,0,-0,0,0,0,0,0,0,0,0,0,0,0,0,0,0.52,1.2875876,-0.29441389,-1.573135,-1.5022801e-09,6.6729612e-09,0.78316389,-3.6433034e-09,5.7889231e-09,-2.3562989,-0.0023149751,9.7974209e-09,-1.561211e-08,-0.00010514288,0.023523305,1.7446578e-07,-2.7750665e-07,0.0010855799,123.28036,0.00013317806,-0.0002113856,5.7695591,0,0
238,0.237,0,0,0,0,-0,0,0,0,0,0,0,0,0,0,0,0,0,0,0.52,1.2875869,-0.29441511,-1.5731374,-1.4981583e-09,6.6548309e-09,0.78316159,-3.6334198e-09,5.7731748e-09,-2.356299,-0.0022915707,9.9697431e-09,-1.5884615e-08,-0.00010406265,0.023285475,1.7017861e-07,-2.6750332e-07,0.0010748777,123.2785,0.00013182227,-0.00020923566,5.7693881,0,0
239,0.238,0,0,0,0,-0,0,0,0,0,0,0,0,0,0,0,0,0,0,0.52,1.2875861,-0.29441631,-1.5731398,-1.4939674e-09,6.63639e-09,0.78315931,-3.6233661e-09,5.7571574e-09,-2.3562991,-0.002268403,1.0137605e-08,-1.6150057e-08,-0.00010299351,0.023050068,1.6554574e-07,-2.6338006e-07,0.0010633941,123.27666,0.00013048028,-0.00020710759,5.7692188,0,0
240,0.239,0,0,0,0,-0,0,0,0,0,0,0,0,0,0,0,0,0,0,0.52,1.2875854,-0.29441751,-1.5731421,-1.4897094e-09,6.6176464e-09,0.78315705,-3.6131468e-09,5.7408781e-09,-2.3562992,-0.0022454694,1.030108e-08,-1.640855e-08,-0.00010193536,0.022817022,1.6140319e-07,-2.5360584e-07,0.0010529196,123.27484,0.00012915194,-0.00020500116,5.7690513,0,0
241,0.24,0,0,0,0,-0,0,0,0,0,0,0,0,0,0,0,0,0,0,0.52,1.2875846,-0.29441869,-1.5731445,-1.485386e-09,6.5986082e-09,0.78315482,-3.6027661e-09,5.7243437e-09,-2.3562993,-0.0022227677,1.0460238e-08,-1.6660207e-08,-0.00010088807,0.022586351,1.5691291e-07,-2.4970856e-07,0.0010416614,123.27304,0.00012783712,-0.00020291615,5.7688854,0,0
242,0.241,0,0,0,0,-0,0,0,0,0,0,0,0,0,0,0,0,0,0,0.52,1.2875839,-0.29441986,-1.5731468,-1.4809989e-09,6.5792832e-09,0.7831526,-3.5922284e-09,5.7075611e-09,-2.3562994,-0.0022002956,1.061515e-08,-1.690514e-08,-9.9851531e-05,0.022357994,1.5291093e-07,-2.401571e-07,0.00103141,123.27126,0.00012653567,-0.00020085235,5.7687212,0,0
243,0.242,0,0,0,0,-0,0,0,0,0,0,0,0,0,0,0,0,0,0,0.52,1.2875832,-0.29442102,-1.5731491,-1.4765499e-09,6.5596791e-09,0.78315042,-3.5815379e-09,5.6905368e-09,-2.3562995,-0.0021780506,1.0765885e-08,-1.7143458e-08,-9.8825639e-05,0.022131964,1.4855928e-07,-2.364795e-07,0.0010203725,123.26949,0.00012524747,-0.00019880955,5.7685587,0,0
244,0.243,0,0,0,0,-0,0,0,0,0,0,0,0,0,0,0,0,0,0,0.52,1.2875824,-0.29442217,-1.5731513,-1.4720407e-09,6.5398035e-09,0.78314825,-3.5706987e-09,5.6732774e-09,-2.3562996,-0.0021560305,1.0912511e-08,-1.737527e-08,-9.7810283e-05,0.0219082,1.44694e-07,-2.2714466e-07,0.0010103396,123.26774,0.00012397238,-0.00019678752,5.7683978,0,0
245,0.244,0,0,0,0,-0,0,0,0,0,0,0,0,0,0,0,0,0,0,0.52,1.2875817,-0.29442331,-1.5731536,-1.4674729e-09,6.5196637e-09,0.7831461,-3.5597149e-09,5.6557894e-09,-2.3562997,-0.002134233,1.1055097e-08,-1.7600683e-08,-9.6805354e-05,0.021686718,1.404772e-07,-2.236807e-07,0.0009995184,123.26601,0.00012271026,-0.00019478606,5.7682385,0,0
246,0.245,0,0,0,0,-0,0,0,0,0,0,0,0,0,0,0,0,0,0,0.52,1.287581,-0.29442443,-1.5731558,-1.4628481e-09,6.4992672e-09,0.78314398,-3.5485905e-09,5.6380792e-09,-2.3562998,-0.0021126559,1.1193708e-08,-1.7819802e-08,-9.5810745e-05,0.021467455,1.3674482e-07,-2.1455647e-07,0.00098969957,123.2643,0.00012146098,-0.00019280495,5.7680809,0,0
247,0.246,0,0,0,0,-0,0,0,0,0,0,0,0,0,0,0,0,0,0,0.52,1.2875803,-0.29442554,-1.573158,-1.458168e-09,6.4786212e-09,0.78314188,-3.5373294e-09,5.6201529e-09,-2.3562999,-0.002091297,1.132841e-08,-1.803273e-08,-9.482635e-05,0.021250429,1.3265907e-07,-2.1130017e-07,0.00097909023,123.2626,0.00012022442,-0.000190844,5.7679248,0,0
248,0.247,0,0,0,0,-0,0,0,0,0,0,0,0,0,0,0,0,0,0,0.52,1.2875796,-0.29442664,-1.5731602,-1.4534341e-09,6.4577326e-09,0.7831398,-3.5259356e-09,5.6020168e-09,-2.3563,-0.002070154,1.1459268e-08,-1.823957e-08,-9.3852065e-05,0.021035577,1.2905597e-07,-2.0238076e-07,0.00096948107,123.26092,0.00011900044,-0.00018890299,5.7677704,0,0
249,0.248,0,0,0,0,-0,0,0,0,0,0,0,0,0,0,0,0,0,0,0.52,1.287579,-0.29442773,-1.5731623,-1.4486481e-09,6.4366086e-09,0.78313774,-3.5144128e-09,5.5836768e-09,-2.3563001,-0.0020492248,1.1586344e-08,-1.8440424e-08,-9.2887785e-05,0.020822917,1.2509759e-07,-1.9932631e-07,0.00095907928,123.25926,0.00011778892,-0.00018698172,5.7676175,0,0
250,0.249,0,0,0,0,-0,0,0,0,0,0,0,0,0,0,0,0,0,0,0.52,1.2875783,-0.29442881,-1.5731645,-1.4438114e-09,6.4152559e-09,0.7831357,-3.5027648e-09,5.5651389e-09,-2.3563002,-0.0020285071,1.1709703e-08,-1.863539e-08,-9.1933407e-05,0.020612388,1.2162018e-07,-1.9060602e-07,0.00094967551,123.25762,0.00011658972,-0.00018507999,5.7674661,0,0
251,0.25,0,0,0,0,-0,0,0,0,0,0,0,0,0,0,0,0,0,0,0.52,1.2875776,-0.29442988,-1.5731666,-1.4389255e-09,6.3936813e-09,0.78313368,-3.4909952e-09,5.5464089e-09,-2.3563002,-0.0020079989,1.1829406e-08,-1.8824567e-08,-9.0988831e-05,0.020404006,1.1778566e-07,-1.8774785e-07,0.00093947702,123.25599,0.00011540273,-0.00018319761,5.7673163,0,0
252,0.251,0,0,0,0,-0,0,0,0,0,0,0,0,0,0,0,0,0,0,0.52,1.287577,-0.29443094,-1.5731687,-1.433992e-09,6.3718914e-09,0.78313168,-3.4791078e-09,5.5274926e-09,-2.3563003,-0.001987698,1.1945514e-08,-1.9008051e-08,-9.0053955e-05,0.020197712,1.144304e-07,-1.7922107e-07,0.00093027445,123.25438,0.00011422782,-0.00018133437,5.767168,0,0
253,0.252,0,0,0,0,-0,0,0,0,0,0,0,0,0,0,0,0,0,0,0.52,1.2875763,-0.29443199,-1.5731707,-1.4290122e-09,6.3498927e-09,0.7831297,-3.467106e-09,5.5083956e-09,-2.3563004,-0.0019676024,1.2058087e-08,-1.9185939e-08,-8.9128681e-05,0.019993523,1.1071633e-07,-1.7655373e-07,0.0009202751,123.25278,0.00011306486,-0.00017949008,5.7670212,0,0
254,0.253,0,0,0,0,-0,0,0,0,0,0,0,0,0,0,0,0,0,0,0.52,1.2875756,-0.29443302,-1.5731728,-1.4239877e-09,6.3276917e-09,0.78312775,-3.4549933e-09,5.4891235e-09,-2.3563005,-0.00194771,1.2167186e-08,-1.9358323e-08,-8.8212908e-05,0.019791378,1.0747975e-07,-1.6821502e-07,0.00091126966,123.2512,0.00011191374,-0.00017766456,5.7668759,0,0
255,0.254,0,0,0,0,-0,0,0,0,0,0,0,0,0,0,0,0,0,0,0.52,1.287575,-0.29443405,-1.5731748,-1.4189197e-09,6.3052946e-09,0.78312581,-3.4427733e-09,5.4696816e-09,-2.3563006,-0.0019280186,1.2272867e-08,-1.9525297e-08,-8.7306541e-05,0.019591297,1.038828e-07,-1.657332e-07,0.00090146536,123.24964,0.00011077433,-0.0001758576,5.766732,0,0
256,0.255,0,0,0,0,-0,0,0,0,0,0,0,0,0,0,0,0,0,0,0.52,1.2875744,-0.29443507,-1.5731768,-1.4138098e-09,6.2827077e-09,0.78312389,-3.4304493e-09,5.4500755e-09,-2.3563007,-0.0019085264,1.2375189e-08,-1.9686953e-08,-8.6409481e-05,0.019393219,1.0076156e-07,-1.5757726e-07,0.00089265302,123.24809,0.00010964652,-0.00017406901,5.7665896,0,0
257,0.256,0,0,0,0,-0,0,0,0,0,0,0,0,0,0,0,0,0,0,0.52,1.2875737,-0.29443607,-1.5731788,-1.4086592e-09,6.2599369e-09,0.78312199,-3.4180246e-09,5.4303104e-09,-2.3563008,-0.0018892312,1.2474209e-08,-1.9843379e-08,-8.5521635e-05,0.019197164,9.7278425e-08,-1.5527573e-07,0.00088303982,123.24656,0.00010853018,-0.00017229862,5.7664487,0,0
258,0.257,0,0,0,0,-0,0,0,0,0,0,0,0,0,0,0,0,0,0,0.52,1.2875731,-0.29443707,-1.5731807,-1.4034693e-09,6.2369884e-09,0.78312011,-3.4055025e-09,5.4103913e-09,-2.3563009,-0.0018701311,1.2569983e-08,-1.9994666e-08,-8.4642907e-05,0.019003071,9.4269373e-08,-1.4729755e-07,0.0008744166,123.24504,0.00010742521,-0.00017054624,5.7663091,0,0
259,0.258,0,0,0,0,-0,0,0,0,0,0,0,0,0,0,0,0,0,0,0.52,1.2875725,-0.29443805,-1.5731827,-1.3982414e-09,6.2138679e-09,0.78311825,-3.3928862e-09,5.3903235e-09,-2.3563009,-0.0018512241,1.2662566e-08,-2.01409e-08,-8.3773203e-05,0.018810959,9.0896748e-08,-1.4517111e-07,0.00086499062,123.24354,0.00010633148,-0.00016881168,5.766171,0,0
260,0.259,0,0,0,0,-0,0,0,0,0,0,0,0,0,0,0,0,0,0,0.52,1.2875719,-0.29443903,-1.5731846,-1.3929767e-09,6.1905813e-09,0.78311641,-3.3801789e-09,5.370112e-09,-2.356301,-0.0018325082,1.2752013e-08,-2.0282168e-08,-8.2912432e-05,0.018620771,8.7996796e-08,-1.3736572e-07,0.00085655265,123.24205,0.00010524888,-0.00016709476,5.7660343,0,0
261,0.26,0,0,0,0,-0,0,0,0,0,0,0,0,0,0,0,0,0,0,0.52,1.2875713,-0.29443999,-1.5731865,-1.3876767e-09,6.1671343e-09,0.78311459,-3.3673837e-09,5.3497617e-09,-2.3563011,-0.0018139815,1.2838377e-08,-2.0418556e-08,-8.20605e-05,0.018432524,8.4731595e-08,-1.3540952e-07,0.00084731005,123.24058,0.0001041773,-0.0001653953,5.765899,0,0
262,0.261,0,0,0,0,-0,0,0,0,0,0,0,0,0,0,0,0,0,0,0.52,1.2875707,-0.29444095,-1.5731884,-1.3823424e-09,6.1435324e-09,0.78311278,-3.3545037e-09,5.3292773e-09,-2.3563012,-0.0017956422,1.2921711e-08,-2.0550147e-08,-8.1217318e-05,0.018246162,8.1937576e-08,-1.2777193e-07,0.00083905359,123.23913,0.00010311663,-0.00016371313,5.765765,0,0
263,0.262,0,0,0,0,-0,0,0,0,0,0,0,0,0,0,0,0,0,0,0.52,1.2875701,-0.29444189,-1.5731903,-1.3769752e-09,6.1197811e-09,0.783111,-3.3415418e-09,5.3086637e-09,-2.3563013,-0.0017774883,1.3002069e-08,-2.0677023e-08,-8.0382796e-05,0.018061703,7.8776805e-08,-1.2598117e-07,0.00082999063,123.23769,0.00010206675,-0.00016204807,5.7656324,0,0
264,0.263,0,0,0,0,-0,0,0,0,0,0,0,0,0,0,0,0,0,0,0.52,1.2875695,-0.29444283,-1.5731921,-1.3715762e-09,6.0958858e-09,0.78310923,-3.328501e-09,5.2879256e-09,-2.3563014,-0.0017595179,1.30795e-08,-2.0799267e-08,-7.9556845e-05,0.017879089,7.6085781e-08,-1.1850672e-07,0.00082191193,123.23626,0.00010102755,-0.00016039994,5.7655011,0,0
265,0.264,0,0,0,0,-0,0,0,0,0,0,0,0,0,0,0,0,0,0,0.52,1.2875689,-0.29444376,-1.573194,-1.3661466e-09,6.0718519e-09,0.78310748,-3.3153842e-09,5.2670675e-09,-2.3563014,-0.0017417292,1.3154056e-08,-2.0916959e-08,-7.8739377e-05,0.017698341,7.3026404e-08,-1.1687663e-07,0.00081302497,123.23485,9.999893e-05,-0.00015876858,5.7653712,0,0
266,0.265,0,0,0,0,-0,0,0,0,0,0,0,0,0,0,0,0,0,0,0.52,1.2875683,-0.29444468,-1.5731958,-1.3606876e-09,6.0476844e-09,0.78310574,-3.3021943e-09,5.2460939e-09,-2.3563015,-0.0017241203,1.3225787e-08,-2.1030178e-08,-7.7930304e-05,0.017519401,7.0435507e-08,-1.0956073e-07,0.00080512039,123.23345,9.898078e-05,-0.00015715381,5.7652426,0,0
267,0.266,0,0,0,0,-0,0,0,0,0,0,0,0,0,0,0,0,0,0,0.52,1.2875678,-0.29444558,-1.5731976,-1.3552003e-09,6.0233887e-09,0.78310403,-3.288934e-09,5.2250093e-09,-2.3563016,-0.0017066894,1.3294742e-08,-2.1139001e-08,-7.7129541e-05,0.01734229,6.747462e-08,-1.0808674e-07,0.00079640584,123.23206,9.7972991e-05,-0.00015555546,5.7651152,0,0
268,0.267,0,0,0,0,-0,0,0,0,0,0,0,0,0,0,0,0,0,0,0.52,1.2875672,-0.29444648,-1.5731993,-1.3496859e-09,5.9989696e-09,0.78310233,-3.2756062e-09,5.203818e-09,-2.3563017,-0.0016894348,1.336097e-08,-2.1243507e-08,-7.6337002e-05,0.017166949,6.4981011e-08,-1.0092488e-07,0.00078867184,123.23069,9.6975459e-05,-0.00015397337,5.7649892,0,0
269,0.268,0,0,0,0,-0,0,0,0,0,0,0,0,0,0,0,0,0,0,0.52,1.2875667,-0.29444737,-1.5732011,-1.3441454e-09,5.9744321e-09,0.78310065,-3.2622134e-09,5.1825244e-09,-2.3563017,-0.0016723546,1.3424518e-08,-2.1343771e-08,-7.5552603e-05,0.016993401,6.2115846e-08,-9.9602587e-08,0.00078012616,123.22934,9.598808e-05,-0.00015240737,5.7648645,0,0
270,0.269,0,0,0,0,-0,0,0,0,0,0,0,0,0,0,0,0,0,0,0.52,1.2875661,-0.29444825,-1.5732028,-1.3385799e-09,5.9497811e-09,0.78309898,-3.2487584e-09,5.1611326e-09,-2.3563018,-0.0016554472,1.3485435e-08,-2.1439867e-08,-7.477626e-05,0.016821588,5.971669e-08,-9.2590298e-08,0.00077255928,123.228,9.501075e-05,-0.00015085729,5.764741,0,0
271,0.27,0,0,0,0,-0,0,0,0,0,0,0,0,0,0,0,0,0,0,0.52,1.2875656,-0.29444913,-1.5732046,-1.3329906e-09,5.9250213e-09,0.78309734,-3.2352439e-09,5.1396467e-09,-2.3563019,-0.0016387106,1.3543765e-08,-2.153187e-08,-7.4007891e-05,0.016651532,5.6944593e-08,-9.1415447e-08,0.00076417899,123.22667,9.4043366e-05,-0.00014932298,5.7646187,0,0
272,0.271,0,0,0,0,-0,0,0,0,0,0,0,0,0,0,0,0,0,0,0.52,1.287565,-0.29444999,-1.5732063,-1.3273783e-09,5.9001575e-09,0.78309571,-3.2216722e-09,5.1180709e-09,-2.356302,-0.0016221432,1.3599556e-08,-2.1619852e-08,-7.3247414e-05,0.016483175,5.4637114e-08,-8.4548395e-08,0.00075677584,123.22535,9.3085829e-05,-0.00014780428,5.7644977,0,0
273,0.272,0,0,0,0,-0,0,0,0,0,0,0,0,0,0,0,0,0,0,0.52,1.2875645,-0.29445084,-1.5732079,-1.3217442e-09,5.8751942e-09,0.78309409,-3.208046e-09,5.096409e-09,-2.356302,-0.0016057434,1.3652852e-08,-2.1703885e-08,-7.2494747e-05,0.01631654,5.1955472e-08,-8.3516794e-08,0.00074855757,123.22405,9.2138037e-05,-0.00014630103,5.7643779,0,0
274,0.273,0,0,0,0,-0,0,0,0,0,0,0,0,0,0,0,0,0,0,0.52,1.287564,-0.29445169,-1.5732096,-1.3160893e-09,5.8501359e-09,0.7830925,-3.1943677e-09,5.074665e-09,-2.3563021,-0.0015895093,1.3703699e-08,-2.1784039e-08,-7.1749811e-05,0.01615157,4.9737041e-08,-7.679083e-08,0.0007413148,123.22276,9.1199892e-05,-0.00014481306,5.7642594,0,0
275,0.274,0,0,0,0,-0,0,0,0,0,0,0,0,0,0,0,0,0,0,0.52,1.2875634,-0.29445253,-1.5732113,-1.3104145e-09,5.8249871e-09,0.78309091,-3.1806398e-09,5.0528428e-09,-2.3563022,-0.0015734394,1.3752139e-08,-2.1860383e-08,-7.1012526e-05,0.015988287,4.7143271e-08,-7.5898375e-08,0.00073325522,123.22148,9.0271296e-05,-0.00014334022,5.764142,0,0
276,0.275,0,0,0,0,-0,0,0,0,0,0,0,0,0,0,0,0,0,0,0.52,1.2875629,-0.29445336,-1.5732129,-1.3047209e-09,5.7997521e-09,0.78308935,-3.1668646e-09,5.0309461e-09,-2.3563023,-0.0015575319,1.3798216e-08,-2.1932987e-08,-7.0282813e-05,0.015826636,4.5011291e-08,-6.9309404e-08,0.00072616958,123.22022,8.935215e-05,-0.00014188237,5.7640258,0,0
277,0.276,0,0,0,0,-0,0,0,0,0,0,0,0,0,0,0,0,0,0,0.52,1.2875624,-0.29445418,-1.5732145,-1.2990093e-09,5.7744353e-09,0.7830878,-3.1530445e-09,5.0089787e-09,-2.3563023,-0.0015417853,1.3841973e-08,-2.2001918e-08,-6.9560596e-05,0.015666638,4.2502898e-08,-6.8552115e-08,0.00071826546,123.21897,8.844236e-05,-0.00014043934,5.7639108,0,0
278,0.277,0,0,0,0,-0,0,0,0,0,0,0,0,0,0,0,0,0,0,0.52,1.2875619,-0.29445499,-1.5732161,-1.2932808e-09,5.7490408e-09,0.78308627,-3.1391818e-09,4.9869441e-09,-2.3563024,-0.0015261979,1.3883452e-08,-2.2067242e-08,-6.8845796e-05,0.015508239,4.0454899e-08,-6.2096224e-08,0.00071133371,123.21773,8.754183e-05,-0.00013901099,5.763797,0,0
279,0.278,0,0,0,0,-0,0,0,0,0,0,0,0,0,0,0,0,0,0,0.52,1.2875614,-0.29445579,-1.5732177,-1.2875362e-09,5.7235727e-09,0.78308475,-3.1252787e-09,4.964846e-09,-2.3563025,-0.001510768,1.3922694e-08,-2.2129025e-08,-6.8138338e-05,0.01535146,3.8029336e-08,-6.1470105e-08,0.00070358191,123.21651,8.6650466e-05,-0.00013759717,5.7636843,0,0
280,0.279,0,0,0,0,-0,0,0,0,0,0,0,0,0,0,0,0,0,0,0.52,1.2875609,-0.29445659,-1.5732193,-1.2817764e-09,5.6980351e-09,0.78308324,-3.1113375e-09,4.9426878e-09,-2.3563025,-0.0014954942,1.395974e-08,-2.2187332e-08,-6.7438147e-05,0.015196247,3.6063016e-08,-5.514357e-08,0.00069680088,123.2153,8.5768174e-05,-0.00013619773,5.7635728,0,0
281,0.28,0,0,0,0,-0,0,0,0,0,0,0,0,0,0,0,0,0,0,0.52,1.2875604,-0.29445738,-1.5732208,-1.2760024e-09,5.672432e-09,0.78308176,-3.0973603e-09,4.920473e-09,-2.3563026,-0.0014803747,1.3994631e-08,-2.2242226e-08,-6.6745147e-05,0.015042623,3.3717806e-08,-5.4644768e-08,0.0006891983,123.2141,8.4894863e-05,-0.00013481252,5.7634623,0,0
282,0.281,0,0,0,0,-0,0,0,0,0,0,0,0,0,0,0,0,0,0,0.52,1.2875599,-0.29445816,-1.5732224,-1.2702149e-09,5.6467673e-09,0.78308028,-3.0833493e-09,4.898205e-09,-2.3563027,-0.0014654081,1.4027405e-08,-2.229377e-08,-6.6059266e-05,0.014890532,3.183082e-08,-4.8443833e-08,0.00068256491,123.21291,8.403044e-05,-0.0001334414,5.763353,0,0
283,0.282,0,0,0,0,-0,0,0,0,0,0,0,0,0,0,0,0,0,0,0.52,1.2875594,-0.29445893,-1.5732239,-1.2644149e-09,5.6210448e-09,0.78307882,-3.0693066e-09,4.8758871e-09,-2.3563027,-0.0014505929,1.4058102e-08,-2.2342027e-08,-6.5380429e-05,0.014739998,2.9563645e-08,-4.8068682e-08,0.0006751085,123.21173,8.3174816e-05,-0.00013208422,5.7632449,0,0
284,0.283,0,0,0,0,-0,0,0,0,0,0,0,0,0,0,0,0,0,0,0.52,1.2875589,-0.29445969,-1.5732254,-1.2586032e-09,5.5952682e-09,0.78307738,-3.0552341e-09,4.8535226e-09,-2.3563028,-0.0014359274,1.4086761e-08,-2.2387056e-08,-6.4708565e-05,0.014590967,2.7753642e-08,-4.1989642e-08,0.00066861977,123.21057,8.2327902e-05,-0.00013074085,5.7631378,0,0
285,0.284,0,0,0,0,-0,0,0,0,0,0,0,0,0,0,0,0,0,0,0.52,1.2875585,-0.29446045,-1.5732269,-1.2527806e-09,5.5694414e-09,0.78307595,-3.041134e-09,4.8311146e-09,-2.3563029,-0.0014214102,1.4113419e-08,-2.2428918e-08,-6.4043602e-05,0.014443462,2.5562328e-08,-4.1734641e-08,0.00066130651,123.20941,8.1489607e-05,-0.00012941114,5.7630317,0,0
286,0.285,0,0,0,0,-0,0,0,0,0,0,0,0,0,0,0,0,0,0,0.52,1.287558,-0.2944612,-1.5732284,-1.2469479e-09,5.5435678e-09,0.78307454,-3.0270083e-09,4.8086663e-09,-2.3563029,-0.0014070397,1.4138114e-08,-2.2467672e-08,-6.3385469e-05,0.014297429,2.3826976e-08,-3.5773867e-08,0.0006549595,123.20827,8.0659846e-05,-0.00012809495,5.7629268,0,0
287,0.286,0,0,0,0,-0,0,0,0,0,0,0,0,0,0,0,0,0,0,0.52,1.2875575,-0.29446194,-1.5732298,-1.241106e-09,5.517651e-09,0.78307314,-3.0128588e-09,4.7861808e-09,-2.356303,-0.0013928146,1.4160882e-08,-2.2503377e-08,-6.2734096e-05,0.014152892,2.1709338e-08,-3.5635515e-08,0.00064778647,123.20714,7.983853e-05,-0.00012679215,5.7628229,0,0
288,0.287,0,0,0,0,-0,0,0,0,0,0,0,0,0,0,0,0,0,0,0.52,1.2875571,-0.29446267,-1.5732313,-1.2352555e-09,5.4916946e-09,0.78307175,-2.9986875e-09,4.763661e-09,-2.356303,-0.0013787332,1.418176e-08,-2.253609e-08,-6.2089413e-05,0.014009797,2.0046504e-08,-2.978962e-08,0.00064157826,123.20603,7.9025574e-05,-0.0001255026,5.7627201,0,0
289,0.288,0,0,0,0,-0,0,0,0,0,0,0,0,0,0,0,0,0,0,0.52,1.2875566,-0.2944634,-1.5732327,-1.2293972e-09,5.4657019e-09,0.78307038,-2.9844962e-09,4.74111e-09,-2.3563031,-0.0013647942,1.4200783e-08,-2.2565867e-08,-6.1451353e-05,0.013868167,1.8000333e-08,-2.9764447e-08,0.00063454261,123.20492,7.8220894e-05,-0.00012422617,5.7626183,0,0
290,0.289,0,0,0,0,-0,0,0,0,0,0,0,0,0,0,0,0,0,0,0.52,1.2875562,-0.29446412,-1.5732341,-1.223532e-09,5.4396763e-09,0.78306902,-2.9702868e-09,4.7185307e-09,-2.3563032,-0.0013509962,1.4217987e-08,-2.2592764e-08,-6.0819847e-05,0.01372795,1.6407888e-08,-2.4030044e-08,0.00062847039,123.20382,7.7424404e-05,-0.00012296272,5.7625176,0,0
291,0.29,0,0,0,0,-0,0,0,0,0,0,0,0,0,0,0,0,0,0,0.52,1.2875557,-0.29446483,-1.5732355,-1.2176605e-09,5.4136211e-09,0.78306768,-2.9560611e-09,4.6959259e-09,-2.3563032,-0.0013373376,1.4233407e-08,-2.2616836e-08,-6.0194827e-05,0.01358917,1.4431115e-08,-2.4114761e-08,0.00062156931,123.20274,7.6636021e-05,-0.00012171212,5.7624178,0,0
292,0.291,0,0,0,0,-0,0,0,0,0,0,0,0,0,0,0,0,0,0,0.52,1.2875553,-0.29446553,-1.5732369,-1.2117834e-09,5.3875395e-09,0.78306635,-2.9418209e-09,4.6732984e-09,-2.3563033,-0.0013238172,1.4247076e-08,-2.2638138e-08,-5.9576227e-05,0.013451774,1.2907012e-08,-1.8488606e-08,0.00061563027,123.20167,7.5855664e-05,-0.00012047423,5.7623191,0,0
293,0.292,0,0,0,0,-0,0,0,0,0,0,0,0,0,0,0,0,0,0,0.52,1.2875548,-0.29446623,-1.5732383,-1.2059015e-09,5.3614348e-09,0.78306503,-2.9275678e-09,4.650651e-09,-2.3563033,-0.0013104334,1.4259028e-08,-2.2656722e-08,-5.8963981e-05,0.013315786,1.0997529e-08,-1.8679903e-08,0.00060886104,123.2006,7.508325e-05,-0.00011924894,5.7622214,0,0
294,0.293,0,0,0,0,-0,0,0,0,0,0,0,0,0,0,0,0,0,0,0.52,1.2875544,-0.29446692,-1.5732397,-1.2000154e-09,5.3353099e-09,0.78306373,-2.9133036e-09,4.6279863e-09,-2.3563034,-0.0012971849,1.4269297e-08,-2.2672642e-08,-5.8358025e-05,0.013181154,9.5398132e-09,-1.3158853e-08,0.00060305245,123.19955,7.4318699e-05,-0.00011803611,5.7621247,0,0
295,0.294,0,0,0,0,-0,0,0,0,0,0,0,0,0,0,0,0,0,0,0.52,1.287554,-0.2944676,-1.573241,-1.1941258e-09,5.309168e-09,0.78306244,-2.89903e-09,4.605307e-09,-2.3563035,-0.0012840704,1.4277914e-08,-2.2685948e-08,-5.7758292e-05,0.013047902,7.695613e-09,-1.3453581e-08,0.00059641237,123.19851,7.356193e-05,-0.00011683561,5.7620289,0,0
296,0.295,0,0,0,0,-0,0,0,0,0,0,0,0,0,0,0,0,0,0,0.52,1.2875536,-0.29446828,-1.5732424,-1.1882335e-09,5.283012e-09,0.78306116,-2.8847486e-09,4.5826157e-09,-2.3563035,-0.0012710884,1.4284913e-08,-2.2696692e-08,-5.716472e-05,0.012915978,6.3023044e-09,-8.0344959e-09,0.0005907316,123.19748,7.2812864e-05,-0.00011564733,5.7619341,0,0
297,0.296,0,0,0,0,-0,0,0,0,0,0,0,0,0,0,0,0,0,0,0.52,1.2875531,-0.29446895,-1.5732437,-1.1823389e-09,5.2568449e-09,0.78305989,-2.870461e-09,4.5599149e-09,-2.3563036,-0.0012582377,1.4290325e-08,-2.2704924e-08,-5.6577245e-05,0.012785408,4.5215036e-09,-8.4296475e-09,0.00058421801,123.19646,7.2071424e-05,-0.00011447113,5.7618403,0,0
298,0.297,0,0,0,0,-0,0,0,0,0,0,0,0,0,0,0,0,0,0,0.52,1.2875527,-0.29446961,-1.573245,-1.1764429e-09,5.2306696e-09,0.78305864,-2.8561688e-09,4.5372071e-09,-2.3563036,-0.001245517,1.4294181e-08,-2.2710693e-08,-5.5995805e-05,0.012656137,3.1906646e-09,-3.1094824e-09,0.00057866243,123.19545,7.1337531e-05,-0.00011330689,5.7617474,0,0
299,0.298,0,0,0,0,-0,0,0,0,0,0,0,0,0,0,0,0,0,0,0.52,1.2875523,-0.29447027,-1.5732463,-1.1705459e-09,5.2044888e-09,0.7830574,-2.8418734e-09,4.5144947e-09,-2.3563037,-0.0012329248,1.4296512e-08,-2.2714049e-08,-5.5420337e-05,0.012528194,1.4713594e-09,-3.6020389e-09,0.00057227277,123.19445,7.0611108e-05,-0.00011215449,5.7616555,0,0
300,0.299,0,0,0,0,-0,0,0,0,0,0,0,0,0,0,0,0,0,0,0.52,1.2875519,-0.29447092,-1.5732476,-1.1646487e-09,5.1783053e-09,0.78305618,-2.8275765e-09,4.4917802e-09,-2.3563037,-0.0012204599,1.4297349e-08,-2.2715039e-08,-5.4850781e-05,0.012401524,2.0112183e-10,1.6221645e-09,0.00056683985,123.19346,6.9892081e-05,-0.00011101381,5.7615645,0,0
301,0.3,0,0,0,0,-0,0,0,0,0,0,0,0,0,0,0,0,0,0,0.52,1.2875515,-0.29447156,-1.5732488,-1.1587518e-09,5.1521218e-09,0.78305496,-2.8132794e-09,4.4690658e-09,-2.3563038,-0.0012081211,1.429672e-08,-2.2713711e-08,-5.4287075e-05,0.012276154,-1.4584461e-09,1.0350244e-09,0.00056057155,123.19248,6.9180372e-05,-0.00010988474,5.7614744,0,0
302,0.301,0,0,0,0,-0,0,0,0,0,0,0,0,0,0,0,0,0,0,0.52,1.2875511,-0.2944722,-1.5732501,-1.1528558e-09,5.125941e-09,0.78305376,-2.7989838e-09,4.4463539e-09,-2.3563039,-0.001195907,1.4294656e-08,-2.271011e-08,-5.372916e-05,0.012152033,-2.6699629e-09,6.1661936e-09,0.00055525879,123.19151,6.8475909e-05,-0.00010876715,5.7613852,0,0
303,0.302,0,0,0,0,-0,0,0,0,0,0,0,0,0,0,0,0,0,0,0.52,1.2875507,-0.29447283,-1.5732513,-1.1469613e-09,5.0997654e-09,0.78305257,-2.7846908e-09,4.4236467e-09,-2.3563039,-0.0011838164,1.4291185e-08,-2.2704283e-08,-5.3176976e-05,0.012029185,-4.2715413e-09,5.4872779e-09,0.00054910937,123.19055,6.7778617e-05,-0.00010766092,5.761297,0,0
304,0.303,0,0,0,0,-0,0,0,0,0,0,0,0,0,0,0,0,0,0,0.52,1.2875503,-0.29447345,-1.5732526,-1.1410688e-09,5.0735977e-09,0.78305139,-2.7704021e-09,4.4009464e-09,-2.356304,-0.001171848,1.4286336e-08,-2.2696275e-08,-5.2630464e-05,0.01190756,-5.4261038e-09,1.0528195e-08,0.00054391432,123.1896,6.7088423e-05,-0.00010656594,5.7612096,0,0
305,0.304,0,0,0,0,-0,0,0,0,0,0,0,0,0,0,0,0,0,0,0.52,1.2875499,-0.29447407,-1.5732538,-1.135179e-09,5.0474403e-09,0.78305023,-2.7561188e-09,4.3782552e-09,-2.356304,-0.0011600007,1.4280137e-08,-2.2686131e-08,-5.2089567e-05,0.011787185,-6.9714821e-09,9.7603217e-09,0.00053788139,123.18866,6.6405255e-05,-0.00010548211,5.7611231,0,0
306,0.305,0,0,0,0,-0,0,0,0,0,0,0,0,0,0,0,0,0,0,0.52,1.2875496,-0.29447468,-1.573255,-1.1292923e-09,5.0212956e-09,0.78304907,-2.7418425e-09,4.3555752e-09,-2.3563041,-0.0011482731,1.4272616e-08,-2.2673894e-08,-5.1554225e-05,0.011668007,-8.0707004e-09,1.4713592e-08,0.0005328016,123.18773,6.5729041e-05,-0.00010440929,5.7610375,0,0
307,0.306,0,0,0,0,-0,0,0,0,0,0,0,0,0,0,0,0,0,0,0.52,1.2875492,-0.29447529,-1.5732562,-1.1234093e-09,4.995166e-09,0.78304793,-2.7275742e-09,4.3329085e-09,-2.3563041,-0.001136664,1.42638e-08,-2.2659608e-08,-5.1024383e-05,0.011550053,-9.5616446e-09,1.3859499e-08,0.00052688278,123.18681,6.5059712e-05,-0.00010334738,5.7609527,0,0
308,0.307,0,0,0,0,-0,0,0,0,0,0,0,0,0,0,0,0,0,0,0.52,1.2875488,-0.29447588,-1.5732574,-1.1175305e-09,4.9690539e-09,0.7830468,-2.7133155e-09,4.310257e-09,-2.3563042,-0.0011251724,1.4253716e-08,-2.2643314e-08,-5.0499983e-05,0.011433272,-1.0607199e-08,1.8727809e-08,0.00052191593,123.18589,6.4397196e-05,-0.00010229628,5.7608689,0,0
309,0.308,0,0,0,0,-0,0,0,0,0,0,0,0,0,0,0,0,0,0,0.52,1.2875484,-0.29447648,-1.5732585,-1.1116564e-09,4.9429616e-09,0.78304568,-2.6990674e-09,4.2876228e-09,-2.3563042,-0.0011137969,1.4242389e-08,-2.2625055e-08,-4.9980971e-05,0.011317691,-1.2045295e-08,1.7790024e-08,0.00051610888,123.18499,6.3741425e-05,-0.00010125587,5.7607858,0,0
310,0.309,0,0,0,0,-0,0,0,0,0,0,0,0,0,0,0,0,0,0,0.52,1.2875481,-0.29447706,-1.5732597,-1.1057875e-09,4.9168913e-09,0.78304457,-2.6848313e-09,4.2650079e-09,-2.3563043,-0.0011025364,1.4229847e-08,-2.2604872e-08,-4.946729e-05,0.01120326,-1.3038837e-08,2.2575965e-08,0.00051125265,123.1841,6.3092329e-05,-0.00010022603,5.7607036,0,0
311,0.31,0,0,0,0,-0,0,0,0,0,0,0,0,0,0,0,0,0,0,0.52,1.2875477,-0.29447764,-1.5732608,-1.0999244e-09,4.8908453e-09,0.78304347,-2.6706083e-09,4.242414e-09,-2.3563043,-0.0010913898,1.4216115e-08,-2.2582806e-08,-4.8958886e-05,0.011090005,-1.4425698e-08,2.1557056e-08,0.00050555508,123.18321,6.2449841e-05,-9.9206672e-05,5.7606223,0,0
312,0.311,0,0,0,0,-0,0,0,0,0,0,0,0,0,0,0,0,0,0,0.52,1.2875473,-0.29447822,-1.573262,-1.0940674e-09,4.8648256e-09,0.78304239,-2.6563997e-09,4.2198432e-09,-2.3563044,-0.0010803558,1.4201218e-08,-2.2558896e-08,-4.8455705e-05,0.010977875,-1.5368786e-08,2.6263103e-08,0.00050080721,123.18234,6.1813894e-05,-9.819768e-05,5.7605417,0,0
313,0.312,0,0,0,0,-0,0,0,0,0,0,0,0,0,0,0,0,0,0,0.52,1.287547,-0.29447879,-1.5732631,-1.0882171e-09,4.8388343e-09,0.78304131,-2.6422065e-09,4.1972971e-09,-2.3563044,-0.0010694335,1.418518e-08,-2.2533181e-08,-4.7957693e-05,0.010866898,-1.6706002e-08,2.5165567e-08,0.00049521691,123.18147,6.1184421e-05,-9.719895e-05,5.760462,0,0
314,0.313,0,0,0,0,-0,0,0,0,0,0,0,0,0,0,0,0,0,0,0.52,1.2875466,-0.29447935,-1.5732642,-1.0823738e-09,4.8128736e-09,0.78304025,-2.6280299e-09,4.1747777e-09,-2.3563045,-0.0010586215,1.4168027e-08,-2.2505701e-08,-4.7464797e-05,0.010757024,-1.7600159e-08,2.979415e-08,0.00049057519,123.18061,6.0561357e-05,-9.6210377e-05,5.7603831,0,0
315,0.314,0,0,0,0,-0,0,0,0,0,0,0,0,0,0,0,0,0,0,0.52,1.2875463,-0.29447991,-1.5732653,-1.0765382e-09,4.7869455e-09,0.7830392,-2.613871e-09,4.1522866e-09,-2.3563045,-0.0010479188,1.4149783e-08,-2.2476494e-08,-4.6976965e-05,0.01064828,-1.8889216e-08,2.8620347e-08,0.00048508995,123.17976,5.9944635e-05,-9.5231859e-05,5.760305,0,0
316,0.315,0,0,0,0,-0,0,0,0,0,0,0,0,0,0,0,0,0,0,0.52,1.2875459,-0.29448046,-1.5732664,-1.0707105e-09,4.7610518e-09,0.78303815,-2.5997308e-09,4.1298255e-09,-2.3563046,-0.0010373244,1.413047e-08,-2.2445597e-08,-4.6494144e-05,0.010540617,-1.9735965e-08,3.3173861e-08,0.00048055221,123.17892,5.9334191e-05,-9.4263292e-05,5.7602276,0,0
317,0.316,0,0,0,0,-0,0,0,0,0,0,0,0,0,0,0,0,0,0,0.52,1.2875456,-0.29448101,-1.5732675,-1.0648912e-09,4.7351947e-09,0.78303712,-2.5856105e-09,4.1073962e-09,-2.3563046,-0.0010268371,1.4110113e-08,-2.2413047e-08,-4.6016282e-05,0.010434061,-2.0978371e-08,3.1926178e-08,0.00047516991,123.17809,5.8729963e-05,-9.3304576e-05,5.7601511,0,0
318,0.317,0,0,0,0,-0,0,0,0,0,0,0,0,0,0,0,0,0,0,0.52,1.2875453,-0.29448155,-1.5732685,-1.0590808e-09,4.7093758e-09,0.7830361,-2.5715111e-09,4.0850003e-09,-2.3563046,-0.0010164557,1.4088734e-08,-2.237888e-08,-4.5543331e-05,0.010328563,-2.1779087e-08,3.6406839e-08,0.000470734,123.17726,5.8131885e-05,-9.235561e-05,5.7600753,0,0
319,0.318,0,0,0,0,-0,0,0,0,0,0,0,0,0,0,0,0,0,0,0.52,1.2875449,-0.29448208,-1.5732696,-1.0532797e-09,4.6835972e-09,0.78303509,-2.5574336e-09,4.0626392e-09,-2.3563047,-0.0010061794,1.4066356e-08,-2.2343133e-08,-4.5075237e-05,0.010224151,-2.2976361e-08,3.5087624e-08,0.00046545255,123.17645,5.7539896e-05,-9.1416296e-05,5.7600003,0,0
320,0.319,0,0,0,0,-0,0,0,0,0,0,0,0,0,0,0,0,0,0,0.52,1.2875446,-0.29448261,-1.5732706,-1.0474882e-09,4.6578605e-09,0.78303409,-2.5433789e-09,4.0403148e-09,-2.3563047,-0.00099600693,1.4043002e-08,-2.2305841e-08,-4.4611953e-05,0.010120775,-2.3732428e-08,3.9497665e-08,0.00046111639,123.17564,5.6953934e-05,-9.0486535e-05,5.7599261,0,0
321,0.32,0,0,0,0,-0,0,0,0,0,0,0,0,0,0,0,0,0,0,0.52,1.2875443,-0.29448314,-1.5732717,-1.0417067e-09,4.6321676e-09,0.7830331,-2.5293481e-09,4.0180283e-09,-2.3563048,-0.00098593731,1.4018693e-08,-2.2267037e-08,-4.4153428e-05,0.010018463,-2.4885921e-08,3.8109063e-08,0.00045593371,123.17484,5.6373938e-05,-8.956623e-05,5.7598526,0,0
322,0.321,0,0,0,0,-0,0,0,0,0,0,0,0,0,0,0,0,0,0,0.52,1.2875439,-0.29448366,-1.5732727,-1.0359357e-09,4.6065202e-09,0.78303212,-2.515342e-09,3.9957814e-09,-2.3563048,-0.00097596949,1.3993451e-08,-2.2226757e-08,-4.3699613e-05,0.0099171672,-2.5598813e-08,4.2450774e-08,0.00045169529,123.17405,5.5799846e-05,-8.8655284e-05,5.7597798,0,0
323,0.322,0,0,0,0,-0,0,0,0,0,0,0,0,0,0,0,0,0,0,0.52,1.2875436,-0.29448417,-1.5732737,-1.0301755e-09,4.58092e-09,0.78303114,-2.5013616e-09,3.9735755e-09,-2.3563049,-0.00096610245,1.3967296e-08,-2.2185034e-08,-4.3250461e-05,0.0098169143,-2.6709828e-08,4.0994897e-08,0.00044660935,123.17326,5.5231599e-05,-8.7753604e-05,5.7597078,0,0
324,0.323,0,0,0,0,-0,0,0,0,0,0,0,0,0,0,0,0,0,0,0.52,1.2875433,-0.29448468,-1.5732747,-1.0244265e-09,4.5553685e-09,0.78303018,-2.4874078e-09,3.9514121e-09,-2.3563049,-0.00095633517,1.3940251e-08,-2.2141902e-08,-4.2805923e-05,0.0097176557,-2.7380863e-08,4.5270351e-08,0.00044246667,123.17249,5.4669137e-05,-8.6861094e-05,5.7596365,0,0
325,0.324,0,0,0,0,-0,0,0,0,0,0,0,0,0,0,0,0,0,0,0.52,1.287543,-0.29448519,-1.5732757,-1.0186889e-09,4.5298675e-09,0.78302923,-2.4734815e-09,3.9292924e-09,-2.356305,-0.00094666663,1.3912335e-08,-2.2097392e-08,-4.2365952e-05,0.0096194198,-2.8450765e-08,4.3749346e-08,0.00043747551,123.17172,5.4112402e-05,-8.597766e-05,5.759566,0,0
326,0.325,0,0,0,0,-0,0,0,0,0,0,0,0,0,0,0,0,0,0,0.52,1.2875427,-0.29448568,-1.5732767,-1.0129633e-09,4.5044185e-09,0.78302829,-2.4595836e-09,3.9072179e-09,-2.356305,-0.00093709584,1.3883569e-08,-2.2051537e-08,-4.1930501e-05,0.0095221579,-2.9081268e-08,4.7960645e-08,0.00043342663,123.17096,5.3561334e-05,-8.5103212e-05,5.7594961,0,0
327,0.326,0,0,0,0,-0,0,0,0,0,0,0,0,0,0,0,0,0,0,0.52,1.2875424,-0.29448618,-1.5732777,-1.0072499e-09,4.479023e-09,0.78302736,-2.4457148e-09,3.88519e-09,-2.356305,-0.00092762181,1.3853973e-08,-2.2004368e-08,-4.1499523e-05,0.0094258985,-3.011125e-08,4.637644e-08,0.00042852827,123.17021,5.3015877e-05,-8.4237657e-05,5.759427,0,0
328,0.327,0,0,0,0,-0,0,0,0,0,0,0,0,0,0,0,0,0,0,0.52,1.2875421,-0.29448667,-1.5732786,-1.001549e-09,4.4536826e-09,0.78302644,-2.431876e-09,3.8632099e-09,-2.3563051,-0.00091824357,1.3823566e-08,-2.1955917e-08,-4.1072974e-05,0.0093305931,-3.0702561e-08,5.0525652e-08,0.00042457129,123.16946,5.2475973e-05,-8.3380905e-05,5.7593586,0,0
329,0.328,0,0,0,0,-0,0,0,0,0,0,0,0,0,0,0,0,0,0,0.52,1.2875418,-0.29448715,-1.5732796,-9.9586103e-10,4.4283986e-09,0.78302552,-2.4180681e-09,3.8412788e-09,-2.3563051,-0.00090896013,1.3792368e-08,-2.1906214e-08,-4.0650806e-05,0.0092362705,-3.1693898e-08,4.8880284e-08,0.00041976386,123.16873,5.1941566e-05,-8.2532867e-05,5.7592908,0,0
330,0.329,0,0,0,0,-0,0,0,0,0,0,0,0,0,0,0,0,0,0,0.52,1.2875415,-0.29448763,-1.5732805,-9.9018623e-10,4.4031726e-09,0.78302462,-2.4042917e-09,3.819398e-09,-2.3563052,-0.00089977056,1.3760397e-08,-2.185529e-08,-4.0232976e-05,0.0091428822,-3.2247198e-08,5.2969301e-08,0.00041589687,123.168,5.1412599e-05,-8.1693453e-05,5.7592238,0,0
331,0.33,0,0,0,0,-0,0,0,0,0,0,0,0,0,0,0,0,0,0,0.52,1.2875412,-0.2944881,-1.5732815,-9.8452493e-10,4.3780059e-09,0.78302372,-2.3905477e-09,3.7975688e-09,-2.3563052,-0.00089067389,1.3727673e-08,-2.1803173e-08,-3.9819438e-05,0.0090504573,-3.3201117e-08,5.1264695e-08,0.00041117852,123.16728,5.0889018e-05,-8.0862577e-05,5.7591574,0,0
332,0.331,0,0,0,0,-0,0,0,0,0,0,0,0,0,0,0,0,0,0,0.52,1.2875409,-0.29448857,-1.5732824,-9.7887744e-10,4.3528999e-09,0.78302284,-2.3768367e-09,3.7757923e-09,-2.3563052,-0.00088166919,1.3694214e-08,-2.1749893e-08,-3.9410149e-05,0.0089589475,-3.3717642e-08,5.5295468e-08,0.00040739971,123.16656,5.0370768e-05,-8.004015e-05,5.7590917,0,0
333,0.332,0,0,0,0,-0,0,0,0,0,0,0,0,0,0,0,0,0,0,0.52,1.2875406,-0.29448904,-1.5732833,-9.7324405e-10,4.3278558e-09,0.78302196,-2.3631596e-09,3.7540696e-09,-2.3563053,-0.00087275552,1.3660037e-08,-2.1695478e-08,-3.9005065e-05,0.0088683822,-3.4635292e-08,5.3533465e-08,0.0004027686,123.16585,4.9857794e-05,-7.9226089e-05,5.7590266,0,0
334,0.333,0,0,0,0,-0,0,0,0,0,0,0,0,0,0,0,0,0,0,0.52,1.2875403,-0.2944895,-1.5732842,-9.6762504e-10,4.3028751e-09,0.78302109,-2.349517e-09,3.7324019e-09,-2.3563053,-0.00086393197,1.3625161e-08,-2.1639957e-08,-3.8604142e-05,0.0087787133,-3.5116199e-08,5.7507817e-08,0.00039907615,123.16515,4.9350043e-05,-7.8420306e-05,5.7589623,0,0
335,0.334,0,0,0,0,-0,0,0,0,0,0,0,0,0,0,0,0,0,0,0.52,1.28754,-0.29448995,-1.5732851,-9.620207e-10,4.2779589e-09,0.78302023,-2.3359096e-09,3.7107902e-09,-2.3563054,-0.00085519763,1.3589604e-08,-2.1583358e-08,-3.8207339e-05,0.0086899702,-3.5998759e-08,5.5690275e-08,0.00039453051,123.16446,4.8847461e-05,-7.7622718e-05,5.7588985,0,0
336,0.335,0,0,0,0,-0,0,0,0,0,0,0,0,0,0,0,0,0,0,0.52,1.2875397,-0.2944904,-1.573286,-9.564313e-10,4.2531085e-09,0.78301938,-2.3223381e-09,3.6892357e-09,-2.3563054,-0.00084655159,1.3553382e-08,-2.1525708e-08,-3.7814612e-05,0.008602105,-3.6445217e-08,5.9610054e-08,0.00039092269,123.16377,4.8349996e-05,-7.6833242e-05,5.7588354,0,0
337,0.336,0,0,0,0,-0,0,0,0,0,0,0,0,0,0,0,0,0,0,0.52,1.2875394,-0.29449085,-1.5732869,-9.508571e-10,4.2283251e-09,0.78301854,-2.3088032e-09,3.6677393e-09,-2.3563054,-0.00083799297,1.3516512e-08,-2.1467034e-08,-3.7425921e-05,0.0085151473,-3.7293757e-08,5.7738693e-08,0.00038646076,123.16309,4.7857597e-05,-7.6051796e-05,5.758773,0,0
338,0.337,0,0,0,0,-0,0,0,0,0,0,0,0,0,0,0,0,0,0,0.52,1.2875392,-0.29449129,-1.5732878,-9.4529837e-10,4.2036099e-09,0.7830177,-2.2953054e-09,3.6463021e-09,-2.3563055,-0.00082952087,1.3479012e-08,-2.1407362e-08,-3.7041222e-05,0.0084290496,-3.7706832e-08,6.1605587e-08,0.0003829358,123.16242,4.737021e-05,-7.5278296e-05,5.7587112,0,0
339,0.338,0,0,0,0,-0,0,0,0,0,0,0,0,0,0,0,0,0,0,0.52,1.2875389,-0.29449173,-1.5732886,-9.3975535e-10,4.1789639e-09,0.78301688,-2.2818455e-09,3.6249251e-09,-2.3563055,-0.00082113442,1.3440897e-08,-2.1346718e-08,-3.6660476e-05,0.0083438416,-3.8522524e-08,5.9682225e-08,0.00037855589,123.16175,4.6887786e-05,-7.4512664e-05,5.75865,0,0
340,0.339,0,0,0,0,-0,0,0,0,0,0,0,0,0,0,0,0,0,0,0.52,1.2875386,-0.29449216,-1.5732895,-9.3422829e-10,4.1543884e-09,0.78301606,-2.2684239e-09,3.6036091e-09,-2.3563055,-0.00081283276,1.3402185e-08,-2.1285128e-08,-3.6283642e-05,0.0082594757,-3.8903278e-08,6.3497943e-08,0.00037511211,123.1611,4.6410273e-05,-7.3754818e-05,5.7585894,0,0
341,0.34,0,0,0,0,-0,0,0,0,0,0,0,0,0,0,0,0,0,0,0.52,1.2875384,-0.29449259,-1.5732903,-9.2871743e-10,4.1298843e-09,0.78301525,-2.2550414e-09,3.5823553e-09,-2.3563056,-0.00080461504,1.3362889e-08,-2.1222617e-08,-3.591068e-05,0.0081759821,-3.9687159e-08,6.1524221e-08,0.00037081255,123.16044,4.5937622e-05,-7.300468e-05,5.7585295,0,0
342,0.341,0,0,0,0,-0,0,0,0,0,0,0,0,0,0,0,0,0,0,0.52,1.2875381,-0.29449301,-1.5732912,-9.2322301e-10,4.1054527e-09,0.78301445,-2.2416984e-09,3.5611644e-09,-2.3563056,-0.00079648039,1.3323027e-08,-2.1159209e-08,-3.554155e-05,0.0080933133,-4.0036625e-08,6.5290403e-08,0.00036744829,123.1598,4.5469784e-05,-7.2262171e-05,5.7584701,0,0
343,0.342,0,0,0,0,-0,0,0,0,0,0,0,0,0,0,0,0,0,0,0.52,1.2875378,-0.29449343,-1.573292,-9.1774525e-10,4.0810947e-09,0.78301366,-2.2283956e-09,3.5400373e-09,-2.3563057,-0.00078842798,1.3282614e-08,-2.109493e-08,-3.5176212e-05,0.0080114996,-4.0789743e-08,6.3267971e-08,0.00036322744,123.15916,4.5006709e-05,-7.1527213e-05,5.7584114,0,0
344,0.343,0,0,0,0,-0,0,0,0,0,0,0,0,0,0,0,0,0,0,0.52,1.2875376,-0.29449385,-1.5732928,-9.1228436e-10,4.0568113e-09,0.78301288,-2.2151335e-09,3.5189749e-09,-2.3563057,-0.00078045698,1.3241665e-08,-2.1029803e-08,-3.4814628e-05,0.0079304937,-4.1108951e-08,6.6986246e-08,0.00035994108,123.15852,4.4548348e-05,-7.0799731e-05,5.7583532,0,0
345,0.344,0,0,0,0,-0,0,0,0,0,0,0,0,0,0,0,0,0,0,0.52,1.2875373,-0.29449426,-1.5732936,-9.0684057e-10,4.0326033e-09,0.7830121,-2.2019125e-09,3.4979781e-09,-2.3563057,-0.00077256657,1.3200194e-08,-2.0963852e-08,-3.4456758e-05,0.0078503261,-4.1832266e-08,6.4916644e-08,0.0003557973,123.1579,4.4094655e-05,-7.0079647e-05,5.7582957,0,0
346,0.345,0,0,0,0,-0,0,0,0,0,0,0,0,0,0,0,0,0,0,0.52,1.2875371,-0.29449466,-1.5732944,-9.0141408e-10,4.0084718e-09,0.78301133,-2.1887333e-09,3.4770476e-09,-2.3563058,-0.00076475594,1.3158217e-08,-2.0897099e-08,-3.4102566e-05,0.0077709497,-4.212224e-08,6.8588608e-08,0.00035258726,123.15728,4.3645581e-05,-6.9366886e-05,5.7582387,0,0
347,0.346,0,0,0,0,-0,0,0,0,0,0,0,0,0,0,0,0,0,0,0.52,1.2875368,-0.29449507,-1.5732952,-8.9600509e-10,3.9844177e-09,0.78301057,-2.1755963e-09,3.4561843e-09,-2.3563058,-0.00075702426,1.3115748e-08,-2.0829568e-08,-3.3752013e-05,0.0076923951,-4.281672e-08,6.6473386e-08,0.00034851899,123.15666,4.3201079e-05,-6.8661374e-05,5.7581823,0,0
348,0.347,0,0,0,0,-0,0,0,0,0,0,0,0,0,0,0,0,0,0,0.52,1.2875366,-0.29449547,-1.573296,-8.906138e-10,3.9604418e-09,0.78300982,-2.1625021e-09,3.4353889e-09,-2.3563058,-0.00074937076,1.30728e-08,-2.0761281e-08,-3.3405062e-05,0.0076146153,-4.3078432e-08,7.0100567e-08,0.00034538372,123.15606,4.2761103e-05,-6.7963038e-05,5.7581265,0,0
349,0.348,0,0,0,0,-0,0,0,0,0,0,0,0,0,0,0,0,0,0,0.52,1.2875363,-0.29449586,-1.5732968,-8.852404e-10,3.936545e-09,0.78300907,-2.149451e-09,3.4146621e-09,-2.3563059,-0.00074179463,1.3029388e-08,-2.069226e-08,-3.3061675e-05,0.0075376412,-4.3744979e-08,6.7941173e-08,0.00034138941,123.15545,4.2325607e-05,-6.7271804e-05,5.7580712,0,0
350,0.349,0,0,0,0,-0,0,0,0,0,0,0,0,0,0,0,0,0,0,0.52,1.2875361,-0.29449625,-1.5732976,-8.7988508e-10,3.9127281e-09,0.78300833,-2.1364435e-09,3.3940047e-09,-2.3563059,-0.0007342951,1.2985526e-08,-2.0622527e-08,-3.2721817e-05,0.0074614261,-4.397939e-08,7.152507e-08,0.00033832737,123.15486,4.1894545e-05,-6.65876e-05,5.7580165,0,0
351,0.35,0,0,0,0,-0,0,0,0,0,0,0,0,0,0,0,0,0,0,0.52,1.2875358,-0.29449664,-1.5732983,-8.7454801e-10,3.888992e-09,0.7830076,-2.1234801e-09,3.3734174e-09,-2.3563059,-0.00072687138,1.2941227e-08,-2.0552103e-08,-3.238545e-05,0.0073860007,-4.4618955e-08,6.9323011e-08,0.00033440551,123.15427,4.1467872e-05,-6.5910354e-05,5.7579623,0,0
352,0.351,0,0,0,0,-0,0,0,0,0,0,0,0,0,0,0,0,0,0,0.52,1.2875356,-0.29449702,-1.5732991,-8.6922937e-10,3.8653375e-09,0.78300688,-2.1105613e-09,3.3529008e-09,-2.356306,-0.00071952272,1.2896504e-08,-2.0481009e-08,-3.205254e-05,0.0073113187,-4.4826926e-08,7.2865011e-08,0.00033141521,123.15369,4.1045544e-05,-6.5239996e-05,5.7579087,0,0
353,0.352,0,0,0,0,-0,0,0,0,0,0,0,0,0,0,0,0,0,0,0.52,1.2875353,-0.2944974,-1.5732998,-8.6392933e-10,3.8417652e-09,0.78300616,-2.0976873e-09,3.3324557e-09,-2.356306,-0.00071224836,1.285137e-08,-2.0409266e-08,-3.172305e-05,0.0072374109,-4.544044e-08,7.0621732e-08,0.00032756434,123.15311,4.0627515e-05,-6.4576456e-05,5.7578557,0,0
354,0.353,0,0,0,0,-0,0,0,0,0,0,0,0,0,0,0,0,0,0,0.52,1.2875351,-0.29449777,-1.5733006,-8.5864805e-10,3.818276e-09,0.78300545,-2.0848587e-09,3.3120826e-09,-2.356306,-0.00070504754,1.2805839e-08,-2.0336893e-08,-3.1396946e-05,0.0071642311,-4.5622829e-08,7.4123218e-08,0.00032464431,123.15254,4.0213743e-05,-6.3919665e-05,5.7578032,0,0
355,0.354,0,0,0,0,-0,0,0,0,0,0,0,0,0,0,0,0,0,0,0.52,1.2875349,-0.29449815,-1.5733013,-8.5338568e-10,3.7948705e-09,0.78300475,-2.0720759e-09,3.2917822e-09,-2.356306,-0.00069791952,1.2759922e-08,-2.0263912e-08,-3.1074192e-05,0.0070918104,-4.6211136e-08,7.1840054e-08,0.00032086295,123.15197,3.9804184e-05,-6.3269553e-05,5.7577512,0,0
356,0.355,0,0,0,0,-0,0,0,0,0,0,0,0,0,0,0,0,0,0,0.52,1.2875346,-0.29449851,-1.573302,-8.4814239e-10,3.7715495e-09,0.78300406,-2.0593391e-09,3.2715551e-09,-2.3563061,-0.00069086356,1.2713632e-08,-2.019034e-08,-3.0754755e-05,0.0070201026,-4.6368884e-08,7.5302478e-08,0.00031801177,123.15141,3.9398795e-05,-6.2626053e-05,5.7576997,0,0
357,0.356,0,0,0,0,-0,0,0,0,0,0,0,0,0,0,0,0,0,0,0.52,1.2875344,-0.29449888,-1.5733027,-8.4291832e-10,3.7483136e-09,0.78300337,-2.0466488e-09,3.2514018e-09,-2.3563061,-0.00068387894,1.2666981e-08,-2.0116199e-08,-3.04386e-05,0.006949139,-4.6932744e-08,7.2980692e-08,0.00031429849,123.15086,3.8997534e-05,-6.1989097e-05,5.7576488,0,0
358,0.357,0,0,0,0,-0,0,0,0,0,0,0,0,0,0,0,0,0,0,0.52,1.2875342,-0.29449924,-1.5733034,-8.3771361e-10,3.7251635e-09,0.78300269,-2.0340053e-09,3.231323e-09,-2.3563061,-0.00067696493,1.2619981e-08,-2.0041506e-08,-3.0125693e-05,0.0068788736,-4.7066718e-08,7.6405384e-08,0.00031151477,123.15031,3.8600359e-05,-6.135862e-05,5.7575983,0,0
359,0.358,0,0,0,0,-0,0,0,0,0,0,0,0,0,0,0,0,0,0,0.52,1.287534,-0.29449959,-1.5733042,-8.325284e-10,3.7020997e-09,0.78300202,-2.021409e-09,3.2113191e-09,-2.3563062,-0.00067012083,1.2572644e-08,-1.996628e-08,-2.9816002e-05,0.0068093379,-4.760699e-08,7.4046338e-08,0.0003078682,123.14976,3.8207227e-05,-6.0734555e-05,5.7575484,0,0
360,0.359,0,0,0,0,-0,0,0,0,0,0,0,0,0,0,0,0,0,0,0.52,1.2875337,-0.29449995,-1.5733048,-8.2736282e-10,3.679123e-09,0.78300135,-2.0088602e-09,3.1913907e-09,-2.3563062,-0.00066334592,1.2524982e-08,-1.9890539e-08,-2.9509492e-05,0.0067404859,-4.7717917e-08,7.7434489e-08,0.00030515052,123.14923,3.7818099e-05,-6.0116836e-05,5.757499,0,0
361,0.36,0,0,0,0,-0,0,0,0,0,0,0,0,0,0,0,0,0,0,0.52,1.2875335,-0.2945003,-1.5733055,-8.2221702e-10,3.6562338e-09,0.78300069,-1.9963592e-09,3.1715382e-09,-2.3563062,-0.0006566395,1.2477005e-08,-1.9814302e-08,-2.9206132e-05,0.0066723492,-4.8235484e-08,7.5039524e-08,0.00030156931,123.14869,3.7432933e-05,-5.95054e-05,5.7574501,0,0
362,0.361,0,0,0,0,-0,0,0,0,0,0,0,0,0,0,0,0,0,0,0.52,1.2875333,-0.29450064,-1.5733062,-8.1709109e-10,3.6334328e-09,0.78300004,-1.9839063e-09,3.1517623e-09,-2.3563063,-0.00065000088,1.2428725e-08,-1.9737586e-08,-2.8905889e-05,0.0066048822,-4.8324088e-08,7.8392332e-08,0.00029891632,123.14817,3.7051688e-05,-5.8900183e-05,5.7574017,0,0
363,0.362,0,0,0,0,-0,0,0,0,0,0,0,0,0,0,0,0,0,0,0.52,1.2875331,-0.29450098,-1.5733069,-8.1198518e-10,3.6107204e-09,0.78299939,-1.9715019e-09,3.1320633e-09,-2.3563063,-0.00064342938,1.2380153e-08,-1.9660409e-08,-2.8608732e-05,0.0065381165,-4.8819772e-08,7.5962706e-08,0.00029539916,123.14765,3.6674326e-05,-5.830112e-05,5.7573538,0,0
364,0.363,0,0,0,0,-0,0,0,0,0,0,0,0,0,0,0,0,0,0,0.52,1.2875329,-0.29450132,-1.5733076,-8.0689939e-10,3.5880973e-09,0.78299875,-1.9591461e-09,3.1124417e-09,-2.3563063,-0.00063692432,1.23313e-08,-1.9582787e-08,-2.8314627e-05,0.0064720065,-4.8886808e-08,7.9281394e-08,0.00029280953,123.14713,3.6300806e-05,-5.7708151e-05,5.7573063,0,0
365,0.364,0,0,0,0,-0,0,0,0,0,0,0,0,0,0,0,0,0,0,0.52,1.2875327,-0.29450166,-1.5733082,-8.0183384e-10,3.5655639e-09,0.78299812,-1.9468394e-09,3.0928979e-09,-2.3563063,-0.00063048503,1.2282176e-08,-1.9504737e-08,-2.8023545e-05,0.0064065842,-4.9361324e-08,7.6818245e-08,0.00028935508,123.14662,3.593109e-05,-5.7121212e-05,5.7572594,0,0
366,0.365,0,0,0,0,-0,0,0,0,0,0,0,0,0,0,0,0,0,0,0.52,1.2875325,-0.29450199,-1.5733089,-7.9678862e-10,3.5431207e-09,0.78299749,-1.9345819e-09,3.0734324e-09,-2.3563064,-0.00062411083,1.2232792e-08,-1.9426276e-08,-2.7735454e-05,0.0063418041,-4.9407578e-08,8.0104028e-08,0.00028682753,123.14611,3.5565138e-05,-5.6540242e-05,5.7572129,0,0
367,0.366,0,0,0,0,-0,0,0,0,0,0,0,0,0,0,0,0,0,0,0.52,1.2875323,-0.29450232,-1.5733095,-7.9176386e-10,3.5207681e-09,0.78299687,-1.9223739e-09,3.0540456e-09,-2.3563064,-0.00061780108,1.2183157e-08,-1.934742e-08,-2.7450323e-05,0.0062776981,-4.9861617e-08,7.7608484e-08,0.0002834345,123.14561,3.5202912e-05,-5.5965181e-05,5.7571669,0,0
368,0.367,0,0,0,0,-0,0,0,0,0,0,0,0,0,0,0,0,0,0,0.52,1.2875321,-0.29450265,-1.5733102,-7.8675963e-10,3.4985067e-09,0.78299625,-1.9102157e-09,3.0347378e-09,-2.3563064,-0.00061155512,1.2133282e-08,-1.9268184e-08,-2.7168122e-05,0.006214221,-4.9887894e-08,8.086259e-08,0.00028096781,123.14511,3.4844375e-05,-5.5395968e-05,5.7571213,0,0
369,0.368,0,0,0,0,-0,0,0,0,0,0,0,0,0,0,0,0,0,0,0.52,1.2875319,-0.29450297,-1.5733108,-7.8177604e-10,3.4763368e-09,0.78299564,-1.8981075e-09,3.0155094e-09,-2.3563065,-0.00060537231,1.2083177e-08,-1.9188585e-08,-2.688882e-05,0.0061514049,-5.0322077e-08,7.8335695e-08,0.00027763492,123.14462,3.4489488e-05,-5.4832545e-05,5.7570763,0,0
370,0.369,0,0,0,0,-0,0,0,0,0,0,0,0,0,0,0,0,0,0,0.52,1.2875317,-0.29450329,-1.5733114,-7.7681318e-10,3.4542589e-09,0.78299504,-1.8860495e-09,2.9963608e-09,-2.3563065,-0.000599252,1.2032852e-08,-1.9108637e-08,-2.6612389e-05,0.0060892046,-5.0329104e-08,8.1559236e-08,0.00027522782,123.14414,3.4138216e-05,-5.4274852e-05,5.7570316,0,0
371,0.37,0,0,0,0,-0,0,0,0,0,0,0,0,0,0,0,0,0,0,0.52,1.2875315,-0.2945036,-1.5733121,-7.7187114e-10,3.4322733e-09,0.78299445,-1.8740419e-09,2.9772923e-09,-2.3563065,-0.00059319358,1.1982315e-08,-1.9028357e-08,-2.6338798e-05,0.0060276524,-5.0744179e-08,7.9002165e-08,0.00027195387,123.14366,3.379052e-05,-5.372283e-05,5.7569875,0,0
372,0.371,0,0,0,0,-0,0,0,0,0,0,0,0,0,0,0,0,0,0,0.52,1.2875313,-0.29450391,-1.5733127,-7.6694999e-10,3.4103805e-09,0.78299386,-1.8620849e-09,2.9583042e-09,-2.3563065,-0.0005871964,1.1931577e-08,-1.8947758e-08,-2.6068019e-05,0.0059667032,-5.0732556e-08,8.2196132e-08,0.00026960512,123.14318,3.3446364e-05,-5.3176423e-05,5.7569437,0,0
373,0.372,0,0,0,0,-0,0,0,0,0,0,0,0,0,0,0,0,0,0,0.52,1.2875311,-0.29450422,-1.5733133,-7.6204982e-10,3.3885807e-09,0.78299327,-1.8501788e-09,2.9393969e-09,-2.3563066,-0.00058125985,1.1880646e-08,-1.8866855e-08,-2.5800021e-05,0.0059063895,-5.1129256e-08,7.961e-08,0.00026638893,123.14271,3.3105713e-05,-5.2635573e-05,5.7569004,0,0
374,0.373,0,0,0,0,-0,0,0,0,0,0,0,0,0,0,0,0,0,0,0.52,1.2875309,-0.29450453,-1.5733139,-7.571707e-10,3.3668743e-09,0.78299269,-1.8383237e-09,2.9205707e-09,-2.3563066,-0.00057538332,1.1829531e-08,-1.8785662e-08,-2.5534778e-05,0.0058466663,-5.1099591e-08,8.2775399e-08,0.00026409733,123.14224,3.2768531e-05,-5.2100224e-05,5.7568576,0,0
375,0.374,0,0,0,0,-0,0,0,0,0,0,0,0,0,0,0,0,0,0,0.52,1.2875307,-0.29450483,-1.5733145,-7.523127e-10,3.3452618e-09,0.78299212,-1.8265199e-09,2.9018257e-09,-2.3563066,-0.00056956621,1.1778242e-08,-1.8704194e-08,-2.5272261e-05,0.0057875662,-5.1478595e-08,8.0161251e-08,0.00026093771,123.14178,3.2434782e-05,-5.1570319e-05,5.7568152,0,0
376,0.375,0,0,0,0,-0,0,0,0,0,0,0,0,0,0,0,0,0,0,0.52,1.2875305,-0.29450513,-1.5733151,-7.4747589e-10,3.3237432e-09,0.78299155,-1.8147673e-09,2.8831624e-09,-2.3563066,-0.0005638079,1.1726787e-08,-1.8622463e-08,-2.5012441e-05,0.0057290443,-5.1431563e-08,8.329915e-08,0.00025870212,123.14132,3.2104432e-05,-5.1045804e-05,5.7567732,0,0
377,0.376,0,0,0,0,-0,0,0,0,0,0,0,0,0,0,0,0,0,0,0.52,1.2875303,-0.29450543,-1.5733157,-7.4266034e-10,3.3023191e-09,0.78299099,-1.8030664e-09,2.8645809e-09,-2.3563067,-0.00055810781,1.1675175e-08,-1.8540485e-08,-2.4755291e-05,0.0056711333,-5.1793466e-08,8.0657948e-08,0.0002555979,123.14087,3.1777445e-05,-5.0526623e-05,5.7567317,0,0
378,0.377,0,0,0,0,-0,0,0,0,0,0,0,0,0,0,0,0,0,0,0.52,1.2875301,-0.29450572,-1.5733162,-7.3786611e-10,3.2809896e-09,0.78299044,-1.7914171e-09,2.8460816e-09,-2.3563067,-0.00055246535,1.1623413e-08,-1.8458271e-08,-2.4500783e-05,0.0056137886,-5.1729681e-08,8.3769313e-08,0.00025341715,123.14042,3.1453788e-05,-5.0012722e-05,5.7566905,0,0
379,0.378,0,0,0,0,-0,0,0,0,0,0,0,0,0,0,0,0,0,0,0.52,1.28753,-0.29450602,-1.5733168,-7.3309325e-10,3.2597549e-09,0.78298989,-1.7798196e-09,2.8276645e-09,-2.3563067,-0.00054687994,1.1571511e-08,-1.8375835e-08,-2.4248891e-05,0.0055570429,-5.2075136e-08,8.1102076e-08,0.00025036722,123.13998,3.1133427e-05,-4.9504048e-05,5.7566498,0,0
380,0.379,0,0,0,0,-0,0,0,0,0,0,0,0,0,0,0,0,0,0,0.52,1.2875298,-0.2945063,-1.5733174,-7.2834183e-10,3.2386155e-09,0.78298934,-1.7682741e-09,2.80933e-09,-2.3563067,-0.00054135099,1.1519476e-08,-1.8293191e-08,-2.3999587e-05,0.0055008516,-5.1995182e-08,8.4187851e-08,0.0002482402,123.13954,3.0816328e-05,-4.9000547e-05,5.7566095,0,0
381,0.38,0,0,0,0,-0,0,0,0,0,0,0,0,0,0,0,0,0,0,0.52,1.2875296,-0.29450659,-1.573318,-7.2361188e-10,3.2175714e-09,0.78298881,-1.7567807e-09,2.7910782e-09,-2.3563068,-0.00053587794,1.1467316e-08,-1.8210349e-08,-2.3752846e-05,0.0054452476,-5.2324774e-08,8.14955e-08,0.00024524343,123.13911,3.0502458e-05,-4.8502167e-05,5.7565696,0,0
382,0.381,0,0,0,0,-0,0,0,0,0,0,0,0,0,0,0,0,0,0,0.52,1.2875294,-0.29450687,-1.5733185,-7.1890346e-10,3.196623e-09,0.78298827,-1.7453395e-09,2.7729094e-09,-2.3563068,-0.00053046022,1.1415038e-08,-1.8127323e-08,-2.3508639e-05,0.0053901866,-5.222929e-08,8.4556675e-08,0.00024316906,123.13868,3.0191785e-05,-4.8008855e-05,5.7565301,0,0
383,0.382,0,0,0,0,-0,0,0,0,0,0,0,0,0,0,0,0,0,0,0.52,1.2875292,-0.29450715,-1.5733191,-7.1421662e-10,3.1757703e-09,0.78298774,-1.7339507e-09,2.7548237e-09,-2.3563068,-0.00052509728,1.1362652e-08,-1.8044124e-08,-2.3266943e-05,0.0053357015,-5.2543559e-08,8.1840097e-08,0.00024022437,123.13825,2.9884275e-05,-4.7520561e-05,5.756491,0,0
384,0.383,0,0,0,0,-0,0,0,0,0,0,0,0,0,0,0,0,0,0,0.52,1.2875291,-0.29450743,-1.5733196,-7.0955139e-10,3.1550137e-09,0.78298722,-1.7226143e-09,2.7368212e-09,-2.3563068,-0.00051978855,1.1310164e-08,-1.7960766e-08,-2.302773e-05,0.0052817479,-5.2433104e-08,8.4877549e-08,0.00023820155,123.13783,2.9579896e-05,-4.7037233e-05,5.7564523,0,0
385,0.384,0,0,0,0,-0,0,0,0,0,0,0,0,0,0,0,0,0,0,0.52,1.2875289,-0.2945077,-1.5733201,-7.0490782e-10,3.1343532e-09,0.78298671,-1.7113304e-09,2.7189022e-09,-2.3563068,-0.0005145335,1.1257581e-08,-1.7877258e-08,-2.2790975e-05,0.0052283591,-5.2732632e-08,8.2137655e-08,0.00023530787,123.13741,2.9278617e-05,-4.655882e-05,5.756414,0,0
386,0.385,0,0,0,0,-0,0,0,0,0,0,0,0,0,0,0,0,0,0,0.52,1.2875287,-0.29450797,-1.5733207,-7.0028593e-10,3.1137892e-09,0.78298619,-1.7000992e-09,2.7010668e-09,-2.3563069,-0.00050933158,1.1204911e-08,-1.7793613e-08,-2.2556653e-05,0.0051754908,-5.2607781e-08,8.5152293e-08,0.00023333557,123.137,2.8980405e-05,-4.6085274e-05,5.7563761,0,0
387,0.386,0,0,0,0,-0,0,0,0,0,0,0,0,0,0,0,0,0,0,0.52,1.2875286,-0.29450824,-1.5733212,-6.9568577e-10,3.0933216e-09,0.78298569,-1.6889206e-09,2.683315e-09,-2.3563069,-0.00050418224,1.115216e-08,-1.7709842e-08,-2.232474e-05,0.0051231763,-5.2893097e-08,8.2389931e-08,0.00023049187,123.13659,2.8685231e-05,-4.5616543e-05,5.7563385,0,0
388,0.387,0,0,0,0,-0,0,0,0,0,0,0,0,0,0,0,0,0,0,0.52,1.2875284,-0.29450851,-1.5733217,-6.9110736e-10,3.0729506e-09,0.78298518,-1.6777949e-09,2.6656471e-09,-2.3563069,-0.00049908497,1.1099336e-08,-1.7625956e-08,-2.2095209e-05,0.0050713714,-5.2754391e-08,8.5382604e-08,0.00022856905,123.13619,2.8393062e-05,-4.5152579e-05,5.7563014,0,0
389,0.388,0,0,0,0,-0,0,0,0,0,0,0,0,0,0,0,0,0,0,0.52,1.2875282,-0.29450877,-1.5733223,-6.8655073e-10,3.0526765e-09,0.78298469,-1.666722e-09,2.6480632e-09,-2.3563069,-0.00049403923,1.1046446e-08,-1.7541965e-08,-2.1868038e-05,0.0050201095,-5.3025993e-08,8.259858e-08,0.00022577427,123.13578,2.8103868e-05,-4.4693334e-05,5.7562646,0,0
390,0.389,0,0,0,0,-0,0,0,0,0,0,0,0,0,0,0,0,0,0,0.52,1.2875281,-0.29450903,-1.5733228,-6.8201591e-10,3.0324992e-09,0.7829842,-1.655702e-09,2.6305633e-09,-2.356307,-0.0004890445,1.0993496e-08,-1.7457881e-08,-2.16432e-05,0.0049693466,-5.2874014e-08,8.5570176e-08,0.00022389995,123.13539,2.781762e-05,-4.423876e-05,5.7562282,0,0
391,0.39,0,0,0,0,-0,0,0,0,0,0,0,0,0,0,0,0,0,0,0.52,1.2875279,-0.29450929,-1.5733233,-6.7750291e-10,3.0124189e-09,0.78298371,-1.644735e-09,2.6131475e-09,-2.356307,-0.00048410027,1.0940493e-08,-1.7373713e-08,-2.1420674e-05,0.0049191162,-5.3132382e-08,8.2765284e-08,0.0002211531,123.135,2.7534286e-05,-4.3788809e-05,5.7561922,0,0
392,0.391,0,0,0,0,-0,0,0,0,0,0,0,0,0,0,0,0,0,0,0.52,1.2875277,-0.29450954,-1.5733238,-6.7301176e-10,2.9924357e-09,0.78298323,-1.6338211e-09,2.5958159e-09,-2.356307,-0.00047920602,1.0887443e-08,-1.7289472e-08,-2.1200434e-05,0.0048693743,-5.2967615e-08,8.5716563e-08,0.00021932626,123.13461,2.7253838e-05,-4.3343434e-05,5.7561565,0,0
393,0.392,0,0,0,0,-0,0,0,0,0,0,0,0,0,0,0,0,0,0,0.52,1.2875276,-0.29450979,-1.5733243,-6.6854247e-10,2.9725497e-09,0.78298275,-1.6229602e-09,2.5785686e-09,-2.356307,-0.00047436126,1.0834353e-08,-1.7205168e-08,-2.0982458e-05,0.0048201546,-5.3213355e-08,8.2891716e-08,0.00021662642,123.13422,2.6976245e-05,-4.2902588e-05,5.7561212,0,0
394,0.393,0,0,0,0,-0,0,0,0,0,0,0,0,0,0,0,0,0,0,0.52,1.2875274,-0.29451004,-1.5733248,-6.6409506e-10,2.9527609e-09,0.78298228,-1.6121524e-09,2.5614056e-09,-2.356307,-0.00046956547,1.0781228e-08,-1.712081e-08,-2.0766722e-05,0.0047714133,-5.303614e-08,8.5823311e-08,0.00021484603,123.13384,2.670148e-05,-4.2466226e-05,5.7560862,0,0
395,0.394,0,0,0,0,-0,0,0,0,0,0,0,0,0,0,0,0,0,0,0.52,1.2875273,-0.29451029,-1.5733253,-6.5966954e-10,2.9330693e-09,0.78298181,-1.6013977e-09,2.544327e-09,-2.3563071,-0.00046481818,1.0728075e-08,-1.7036409e-08,-2.0553202e-05,0.0047231839,-5.3269844e-08,8.2979353e-08,0.00021219224,123.13346,2.6429512e-05,-4.2034303e-05,5.7560516,0,0
396,0.395,0,0,0,0,-0,0,0,0,0,0,0,0,0,0,0,0,0,0,0.52,1.2875271,-0.29451054,-1.5733257,-6.5526591e-10,2.9134751e-09,0.78298135,-1.5906962e-09,2.5273328e-09,-2.3563071,-0.00046011887,1.06749e-08,-1.6951973e-08,-2.0341878e-05,0.004675423,-5.3080655e-08,8.5892055e-08,0.0002104574,123.13309,2.6160314e-05,-4.1606772e-05,5.7560174,0,0
397,0.396,0,0,0,0,-0,0,0,0,0,0,0,0,0,0,0,0,0,0,0.52,1.287527,-0.29451078,-1.5733262,-6.5088419e-10,2.8939783e-09,0.78298089,-1.5800479e-09,2.510423e-09,-2.3563071,-0.00045546708,1.0621708e-08,-1.6867512e-08,-2.0132725e-05,0.0046281641,-5.3302722e-08,8.3029638e-08,0.00020784868,123.13272,2.5893857e-05,-4.1183589e-05,5.7559835,0,0
398,0.397,0,0,0,0,-0,0,0,0,0,0,0,0,0,0,0,0,0,0,0.52,1.2875268,-0.29451102,-1.5733267,-6.4652437e-10,2.8745789e-09,0.78298044,-1.5694528e-09,2.4935977e-09,-2.3563071,-0.00045086232,1.0568506e-08,-1.6783035e-08,-1.9925721e-05,0.0045813638,-5.3102098e-08,8.5924255e-08,0.00020615846,123.13236,2.5630114e-05,-4.076471e-05,5.7559499,0,0
399,0.398,0,0,0,0,-0,0,0,0,0,0,0,0,0,0,0,0,0,0,0.52,1.2875267,-0.29451126,-1.5733272,-6.4218647e-10,2.8552768e-09,0.78297999,-1.5589109e-09,2.4768569e-09,-2.3563071,-0.00044630411,1.0515298e-08,-1.6698551e-08,-1.9720845e-05,0.0045350559,-5.331294e-08,8.3044074e-08,0.00020359389,123.13199,2.5369056e-05,-4.0350091e-05,5.7559167,0,0
400,0.399,0,0,0,0,-0,0,0,0,0,0,0,0,0,0,0,0,0,0,0.52,1.2875265,-0.29451149,-1.5733276,-6.3787047e-10,2.8360722e-09,0.78297955,-1.5484222e-09,2.4602006e-09,-2.3563072,-0.00044179198,1.0462091e-08,-1.6614069e-08,-1.9518074e-05,0.0044891969,-5.3101365e-08,8.5921336e-08,0.00020194739,123.13164,2.5110657e-05,-3.9939689e-05,5.7558838,0,0
401,0.4,0,0,0,0,-0,0,0,0,0,0,0,0,0,0,0,0,0,0,0.52,1.2875264,-0.29451172,-1.5733281,-6.3357639e-10,2.816965e-09,0.78297911,-1.5379867e-09,2.4436288e-09,-2.3563072,-0.00043732547,1.0408889e-08,-1.6529596e-08,-1.9317387e-05,0.0044438207,-5.3301419e-08,8.3024098e-08,0.00019942609,123.13128,2.485489e-05,-3.9533461e-05,5.7558513,0,0
402,0.401,0,0,0,0,-0,0,0,0,0,0,0,0,0,0,0,0,0,0,0.52,1.2875262,-0.29451195,-1.5733285,-6.2930421e-10,2.7979552e-09,0.78297867,-1.5276044e-09,2.4271414e-09,-2.3563072,-0.00043290412,1.0355699e-08,-1.6445142e-08,-1.9118763e-05,0.0043988841,-5.3079264e-08,8.5884619e-08,0.00019782237,123.13093,2.4601727e-05,-3.9131364e-05,5.7558191,0,0
403,0.402,0,0,0,0,-0,0,0,0,0,0,0,0,0,0,0,0,0,0,0.52,1.2875261,-0.29451218,-1.573329,-6.2505392e-10,2.7790427e-09,0.78297824,-1.5172753e-09,2.4107385e-09,-2.3563072,-0.00042852747,1.0302525e-08,-1.6360714e-08,-1.892218e-05,0.0043544211,-5.3269064e-08,8.2971113e-08,0.00019534347,123.13058,2.4351142e-05,-3.8733357e-05,5.7557872,0,0
404,0.403,0,0,0,0,-0,0,0,0,0,0,0,0,0,0,0,0,0,0,0.52,1.287526,-0.29451241,-1.5733294,-6.2082552e-10,2.7602275e-09,0.78297781,-1.5069994e-09,2.39442e-09,-2.3563072,-0.00042419506,1.0249372e-08,-1.627632e-08,-1.8727618e-05,0.0043103883,-5.3036704e-08,8.5815535e-08,0.00019378168,123.13024,2.4103109e-05,-3.8339398e-05,5.7557556,0,0
405,0.404,0,0,0,0,-0,0,0,0,0,0,0,0,0,0,0,0,0,0,0.52,1.2875258,-0.29451263,-1.5733299,-6.16619e-10,2.7415097e-09,0.78297739,-1.4967766e-09,2.3781858e-09,-2.3563073,-0.00041990646,1.0196245e-08,-1.6191969e-08,-1.8535055e-05,0.0042668199,-5.3216653e-08,8.2886381e-08,0.0001913443,123.1299,2.3857602e-05,-3.7949446e-05,5.7557244,0,0
406,0.405,0,0,0,0,-0,0,0,0,0,0,0,0,0,0,0,0,0,0,0.52,1.2875257,-0.29451285,-1.5733303,-6.1243434e-10,2.722889e-09,0.78297697,-1.4866069e-09,2.362036e-09,-2.3563073,-0.00041566121,1.014315e-08,-1.6107669e-08,-1.8344471e-05,0.0042236728,-5.2974527e-08,8.5715392e-08,0.00018982357,123.12956,2.3614595e-05,-3.7563459e-05,5.7556934,0,0
407,0.406,0,0,0,0,-0,0,0,0,0,0,0,0,0,0,0,0,0,0,0.52,1.2875255,-0.29451307,-1.5733307,-6.0827153e-10,2.7043656e-09,0.78297656,-1.4764903e-09,2.3459705e-09,-2.3563073,-0.00041145888,1.009009e-08,-1.6023425e-08,-1.8155846e-05,0.0041809811,-5.3144997e-08,8.2771199e-08,0.00018742686,123.12923,2.3374063e-05,-3.7181398e-05,5.7556628,0,0
408,0.407,0,0,0,0,-0,0,0,0,0,0,0,0,0,0,0,0,0,0,0.52,1.2875254,-0.29451329,-1.5733312,-6.0413056e-10,2.6859392e-09,0.78297615,-1.4664267e-09,2.3299891e-09,-2.3563073,-0.00040729904,1.0037071e-08,-1.5939247e-08,-1.7969159e-05,0.0041387018,-5.2893526e-08,8.5585443e-08,0.00018594637,123.1289,2.313598e-05,-3.6803223e-05,5.7556325,0,0
409,0.408,0,0,0,0,-0,0,0,0,0,0,0,0,0,0,0,0,0,0,0.52,1.2875253,-0.2945135,-1.5733316,-6.000114e-10,2.6676099e-09,0.78297575,-1.4564161e-09,2.314092e-09,-2.3563073,-0.00040318126,9.9840966e-09,-1.5855141e-08,-1.7784391e-05,0.0040968692,-5.3054901e-08,8.2626834e-08,0.0001835895,123.12857,2.2900322e-05,-3.6428894e-05,5.7556025,0,0
410,0.409,0,0,0,0,-0,0,0,0,0,0,0,0,0,0,0,0,0,0,0.52,1.2875251,-0.29451371,-1.573332,-5.9591403e-10,2.6493774e-09,0.78297535,-1.4464585e-09,2.2982788e-09,-2.3563074,-0.0003991051,9.9311719e-09,-1.5771114e-08,-1.7601522e-05,0.0040554403,-5.2794499e-08,8.5426955e-08,0.00018214843,123.12825,2.2667064e-05,-3.6058372e-05,5.7555728,0,0
411,0.41,0,0,0,0,-0,0,0,0,0,0,0,0,0,0,0,0,0,0,0.52,1.287525,-0.29451393,-1.5733324,-5.9183844e-10,2.6312419e-09,0.78297495,-1.4365537e-09,2.2825497e-09,-2.3563074,-0.00039507016,9.878301e-09,-1.5687173e-08,-1.7420533e-05,0.0040144495,-5.2947117e-08,8.2454488e-08,0.00017983056,123.12793,2.2436181e-05,-3.5691618e-05,5.7555434,0,0
412,0.411,0,0,0,0,-0,0,0,0,0,0,0,0,0,0,0,0,0,0,0.52,1.2875249,-0.29451413,-1.5733328,-5.8778459e-10,2.613203e-09,0.78297456,-1.4267018e-09,2.2669044e-09,-2.3563074,-0.000391076,9.8254884e-09,-1.5603325e-08,-1.7241403e-05,0.0039738538,-5.2678185e-08,8.5241092e-08,0.00017842812,123.12761,2.220765e-05,-3.5328595e-05,5.7555143,0,0
413,0.412,0,0,0,0,-0,0,0,0,0,0,0,0,0,0,0,0,0,0,0.52,1.2875247,-0.29451434,-1.5733332,-5.8375247e-10,2.5952608e-09,0.78297417,-1.4169027e-09,2.251343e-09,-2.3563074,-0.00038712223,9.7727381e-09,-1.5519577e-08,-1.7064115e-05,0.0039336878,-5.2822421e-08,8.2255371e-08,0.00017614847,123.1273,2.1981445e-05,-3.4969264e-05,5.7554855,0,0
414,0.413,0,0,0,0,-0,0,0,0,0,0,0,0,0,0,0,0,0,0,0.52,1.2875246,-0.29451454,-1.5733336,-5.7974204e-10,2.5774151e-09,0.78297378,-1.4071563e-09,2.2358652e-09,-2.3563074,-0.00038320844,9.7200542e-09,-1.5435935e-08,-1.6888649e-05,0.0038939086,-5.2545304e-08,8.5029012e-08,0.00017478385,123.12699,2.1757545e-05,-3.4613587e-05,5.755457,0,0
415,0.414,0,0,0,0,-0,0,0,0,0,0,0,0,0,0,0,0,0,0,0.52,1.2875245,-0.29451475,-1.573334,-5.7575327e-10,2.5596657e-09,0.7829734,-1.3974626e-09,2.2204711e-09,-2.3563074,-0.00037933421,9.6674408e-09,-1.5352405e-08,-1.6714986e-05,0.0038545509,-5.268152e-08,8.2030603e-08,0.00017254164,123.12668,2.1535925e-05,-3.4261527e-05,5.7554288,0,0
416,0.415,0,0,0,0,-0,0,0,0,0,0,0,0,0,0,0,0,0,0,0.52,1.2875244,-0.29451494,-1.5733344,-5.7178615e-10,2.5420126e-09,0.78297302,-1.3878214e-09,2.2051604e-09,-2.3563075,-0.00037549914,9.6149018e-09,-1.5268994e-08,-1.6543108e-05,0.0038155718,-5.2396554e-08,8.4791823e-08,0.00017121407,123.12637,2.1316561e-05,-3.3913048e-05,5.7554008,0,0
417,0.416,0,0,0,0,-0,0,0,0,0,0,0,0,0,0,0,0,0,0,0.52,1.2875242,-0.29451514,-1.5733348,-5.6784062e-10,2.5244557e-09,0.78297265,-1.3782327e-09,2.189933e-09,-2.3563075,-0.00037170286,9.5624409e-09,-1.5185707e-08,-1.6372997e-05,0.003777006,-5.2525132e-08,8.1781312e-08,0.00016900853,123.12607,2.1099432e-05,-3.3568114e-05,5.7553732,0,0
418,0.417,0,0,0,0,-0,0,0,0,0,0,0,0,0,0,0,0,0,0,0.52,1.2875241,-0.29451534,-1.5733352,-5.6391667e-10,2.5069946e-09,0.78297228,-1.3686965e-09,2.1747889e-09,-2.3563075,-0.00036794495,9.510062e-09,-1.5102551e-08,-1.6204634e-05,0.0037388109,-5.2232666e-08,8.4530669e-08,0.00016771726,123.12577,2.0884514e-05,-3.3226687e-05,5.7553458,0,0
419,0.418,0,0,0,0,-0,0,0,0,0,0,0,0,0,0,0,0,0,0,0.52,1.287524,-0.29451553,-1.5733356,-5.6001425e-10,2.4896294e-09,0.78297191,-1.3592126e-09,2.1597278e-09,-2.3563075,-0.00036422503,9.4577688e-09,-1.5019532e-08,-1.6038002e-05,0.0037010212,-5.2353885e-08,8.150852e-08,0.00016554764,123.12548,2.0671784e-05,-3.2888733e-05,5.7553187,0,0
420,0.419,0,0,0,0,-0,0,0,0,0,0,0,0,0,0,0,0,0,0,0.52,1.2875239,-0.29451572,-1.573336,-5.5613332e-10,2.4723599e-09,0.78297155,-1.3497809e-09,2.1447497e-09,-2.3563075,-0.00036054272,9.4055647e-09,-1.4936654e-08,-1.5873082e-05,0.0036635943,-5.2054282e-08,8.4246563e-08,0.00016429193,123.12519,2.0461221e-05,-3.2554216e-05,5.7552919,0,0
421,0.42,0,0,0,0,-0,0,0,0,0,0,0,0,0,0,0,0,0,0,0.52,1.2875238,-0.29451591,-1.5733363,-5.5227386e-10,2.4551858e-09,0.78297119,-1.3404014e-09,2.1298545e-09,-2.3563075,-0.00035689764,9.3534533e-09,-1.4853924e-08,-1.5709857e-05,0.003626565,-5.2168486e-08,8.1213323e-08,0.0001621575,123.1249,2.0252803e-05,-3.2223101e-05,5.7552654,0,0
422,0.421,0,0,0,0,-0,0,0,0,0,0,0,0,0,0,0,0,0,0,0.52,1.2875236,-0.2945161,-1.5733367,-5.4843582e-10,2.438107e-09,0.78297084,-1.3310739e-09,2.1150418e-09,-2.3563075,-0.00035328942,9.301438e-09,-1.4771347e-08,-1.554831e-05,0.0035898908,-5.1862037e-08,8.3940528e-08,0.00016093662,123.12461,2.0046507e-05,-3.1895354e-05,5.7552391,0,0
423,0.422,0,0,0,0,-0,0,0,0,0,0,0,0,0,0,0,0,0,0,0.52,1.2875235,-0.29451629,-1.5733371,-5.4461916e-10,2.4211233e-09,0.78297049,-1.3217985e-09,2.1003117e-09,-2.3563076,-0.00034971767,9.2495222e-09,-1.4688929e-08,-1.5388423e-05,0.0035536067,-5.1969542e-08,8.089669e-08,0.00015883665,123.12433,1.9842312e-05,-3.157094e-05,5.7552131,0,0
424,0.423,0,0,0,0,-0,0,0,0,0,0,0,0,0,0,0,0,0,0,0.52,1.2875234,-0.29451647,-1.5733374,-5.4082383e-10,2.4042346e-09,0.78297014,-1.3125748e-09,2.0856639e-09,-2.3563076,-0.00034618203,9.1977092e-09,-1.4606674e-08,-1.523018e-05,0.0035176701,-5.1656586e-08,8.3613582e-08,0.0001576499,123.12405,1.9640196e-05,-3.1249826e-05,5.7551873,0,0
425,0.424,0,0,0,0,-0,0,0,0,0,0,0,0,0,0,0,0,0,0,0.52,1.2875233,-0.29451665,-1.5733378,-5.370498e-10,2.3874406e-09,0.78296979,-1.303403e-09,2.0710982e-09,-2.3563076,-0.00034268214,9.146002e-09,-1.4524587e-08,-1.5073563e-05,0.0034821162,-5.1757694e-08,8.0559633e-08,0.0001555837,123.12377,1.9440139e-05,-3.0931977e-05,5.7551618,0,0
426,0.425,0,0,0,0,-0,0,0,0,0,0,0,0,0,0,0,0,0,0,0.52,1.2875232,-0.29451684,-1.5733382,-5.3329702e-10,2.3707412e-09,0.78296945,-1.2942828e-09,2.0566146e-09,-2.3563076,-0.00033921763,9.094404e-09,-1.4442674e-08,-1.4918556e-05,0.0034469024,-5.1438482e-08,8.3266627e-08,0.00015443035,123.12349,1.924212e-05,-3.0617362e-05,5.7551366,0,0
427,0.426,0,0,0,0,-0,0,0,0,0,0,0,0,0,0,0,0,0,0,0.52,1.2875231,-0.29451701,-1.5733385,-5.2956544e-10,2.3541362e-09,0.78296911,-1.2852141e-09,2.0422128e-09,-2.3563076,-0.00033578814,9.0429179e-09,-1.4360939e-08,-1.4765142e-05,0.0034120639,-5.1533545e-08,8.020309e-08,0.00015239723,123.12322,1.9046117e-05,-3.0305946e-05,5.7551116,0,0
428,0.427,0,0,0,0,-0,0,0,0,0,0,0,0,0,0,0,0,0,0,0.52,1.287523,-0.29451719,-1.5733389,-5.2585501e-10,2.3376253e-09,0.78296878,-1.2761969e-09,2.0278926e-09,-2.3563076,-0.00033239333,8.991547e-09,-1.4279387e-08,-1.4613306e-05,0.0033775583,-5.1208368e-08,8.2900664e-08,0.00015127662,123.12295,1.885211e-05,-2.9997697e-05,5.7550869,0,0
429,0.428,0,0,0,0,-0,0,0,0,0,0,0,0,0,0,0,0,0,0,0.52,1.2875229,-0.29451737,-1.5733392,-5.221657e-10,2.3212083e-09,0.78296845,-1.267231e-09,2.0136539e-09,-2.3563077,-0.00032903284,8.940294e-09,-1.4198023e-08,-1.4463029e-05,0.0033434209,-5.1297627e-08,7.9827936e-08,0.0001492759,123.12268,1.8660079e-05,-2.9692583e-05,5.7550624,0,0
430,0.429,0,0,0,0,-0,0,0,0,0,0,0,0,0,0,0,0,0,0,0.52,1.2875228,-0.29451754,-1.5733395,-5.1849744e-10,2.304885e-09,0.78296812,-1.2583162e-09,1.9994965e-09,-2.3563077,-0.00032570633,8.8891618e-09,-1.4116851e-08,-1.4314298e-05,0.0033096093,-5.0966804e-08,8.2516568e-08,0.00014818737,123.12242,1.8470003e-05,-2.9390572e-05,5.7550382,0,0
431,0.43,0,0,0,0,-0,0,0,0,0,0,0,0,0,0,0,0,0,0,0.52,1.2875226,-0.29451771,-1.5733399,-5.1485019e-10,2.2886552e-09,0.7829678,-1.2494526e-09,1.9854201e-09,-2.3563077,-0.00032241344,8.8381531e-09,-1.4035875e-08,-1.4167095e-05,0.0032761588,-5.1050526e-08,7.9435088e-08,0.00014621838,123.12216,1.8281864e-05,-2.9091633e-05,5.7550142,0,0
432,0.431,0,0,0,0,-0,0,0,0,0,0,0,0,0,0,0,0,0,0,0.52,1.2875225,-0.29451788,-1.5733402,-5.1122389e-10,2.2725187e-09,0.78296748,-1.2406399e-09,1.9714247e-09,-2.3563077,-0.00031915385,8.7872707e-09,-1.39551e-08,-1.4021405e-05,0.0032430273,-5.0714351e-08,8.211523e-08,0.00014516127,123.1219,1.809564e-05,-2.8795735e-05,5.7549905,0,0
433,0.432,0,0,0,0,-0,0,0,0,0,0,0,0,0,0,0,0,0,0,0.52,1.2875224,-0.29451805,-1.5733406,-5.0761849e-10,2.2564752e-09,0.78296716,-1.231878e-09,1.9575098e-09,-2.3563077,-0.00031592721,8.7365171e-09,-1.3874529e-08,-1.3877213e-05,0.0032102499,-5.0792757e-08,7.9025372e-08,0.00014322335,123.12164,1.7911314e-05,-2.8502846e-05,5.754967,0,0
434,0.433,0,0,0,0,-0,0,0,0,0,0,0,0,0,0,0,0,0,0,0.52,1.2875223,-0.29451822,-1.5733409,-5.0403395e-10,2.2405245e-09,0.78296685,-1.2231668e-09,1.9436755e-09,-2.3563077,-0.00031273319,8.685895e-09,-1.3794168e-08,-1.3734502e-05,0.0031777847,-5.0451518e-08,8.1697459e-08,0.00014219702,123.12139,1.7728864e-05,-2.8212935e-05,5.7549437,0,0
435,0.434,0,0,0,0,-0,0,0,0,0,0,0,0,0,0,0,0,0,0,0.52,1.2875222,-0.29451838,-1.5733412,-5.0047019e-10,2.2246663e-09,0.78296653,-1.2145061e-09,1.9299214e-09,-2.3563077,-0.00030957147,8.6354068e-09,-1.3714019e-08,-1.3593259e-05,0.003145667,-5.0524913e-08,7.8599699e-08,0.00014028956,123.12114,1.7548272e-05,-2.7925974e-05,5.7549207,0,0
436,0.435,0,0,0,0,-0,0,0,0,0,0,0,0,0,0,0,0,0,0,0.52,1.2875221,-0.29451854,-1.5733415,-4.9692718e-10,2.2089004e-09,0.78296623,-1.2058959e-09,1.9162473e-09,-2.3563078,-0.00030644171,8.5850549e-09,-1.3634087e-08,-1.3453468e-05,0.0031138547,-5.0178807e-08,8.1264074e-08,0.00013929337,123.12089,1.736952e-05,-2.764193e-05,5.7548979,0,0
437,0.436,0,0,0,0,-0,0,0,0,0,0,0,0,0,0,0,0,0,0,0.52,1.287522,-0.2945187,-1.5733418,-4.9340484e-10,2.1932266e-09,0.78296592,-1.1973359e-09,1.9026531e-09,-2.3563078,-0.00030334359,8.5348418e-09,-1.3554376e-08,-1.3315113e-05,0.0030823833,-5.0247459e-08,7.8158811e-08,0.00013741574,123.12064,1.7192588e-05,-2.7360776e-05,5.7548753,0,0
438,0.437,0,0,0,0,-0,0,0,0,0,0,0,0,0,0,0,0,0,0,0.52,1.2875219,-0.29451886,-1.5733422,-4.8990312e-10,2.1776446e-09,0.78296562,-1.1888261e-09,1.8891385e-09,-2.3563078,-0.00030027679,8.4847697e-09,-1.3474889e-08,-1.3178181e-05,0.0030512108,-4.9896743e-08,8.0815885e-08,0.00013644908,123.1204,1.7017459e-05,-2.7082481e-05,5.754853,0,0
439,0.438,0,0,0,0,-0,0,0,0,0,0,0,0,0,0,0,0,0,0,0.52,1.2875218,-0.29451902,-1.5733425,-4.8642197e-10,2.162154e-09,0.78296532,-1.1803663e-09,1.8757032e-09,-2.3563078,-0.000297241,8.4348409e-09,-1.3395629e-08,-1.3042656e-05,0.0030203727,-4.9960887e-08,7.7703495e-08,0.00013460067,123.12016,1.6844113e-05,-2.6807017e-05,5.7548309,0,0
440,0.439,0,0,0,0,-0,0,0,0,0,0,0,0,0,0,0,0,0,0,0.52,1.2875217,-0.29451918,-1.5733428,-4.8296132e-10,2.1467548e-09,0.78296503,-1.1719564e-09,1.8623471e-09,-2.3563078,-0.0002942359,8.3850575e-09,-1.33166e-08,-1.2908524e-05,0.0029898272,-4.960581e-08,8.0353658e-08,0.00013366294,123.11992,1.6672532e-05,-2.6534354e-05,5.754809,0,0
441,0.44,0,0,0,0,-0,0,0,0,0,0,0,0,0,0,0,0,0,0,0.52,1.2875216,-0.29451933,-1.5733431,-4.7952112e-10,2.1314465e-09,0.78296473,-1.1635961e-09,1.8490699e-09,-2.3563078,-0.00029126118,8.3354218e-09,-1.3237806e-08,-1.2775771e-05,0.0029596097,-4.9665697e-08,7.7234536e-08,0.00013184316,123.11969,1.6502699e-05,-2.6264464e-05,5.7547874,0,0
442,0.441,0,0,0,0,-0,0,0,0,0,0,0,0,0,0,0,0,0,0,0.52,1.2875215,-0.29451949,-1.5733434,-4.761013e-10,2.116229e-09,0.78296444,-1.1552855e-09,1.8358714e-09,-2.3563078,-0.00028831654,8.2859357e-09,-1.315925e-08,-1.2644383e-05,0.0029296784,-4.9306441e-08,7.9878101e-08,0.00013093374,123.11945,1.6334595e-05,-2.5997319e-05,5.7547659,0,0
443,0.442,0,0,0,0,-0,0,0,0,0,0,0,0,0,0,0,0,0,0,0.52,1.2875214,-0.29451964,-1.5733437,-4.7270179e-10,2.1011019e-09,0.78296416,-1.1470242e-09,1.8227513e-09,-2.3563078,-0.00028540166,8.2366013e-09,-1.3080935e-08,-1.2514345e-05,0.0029000691,-4.9362328e-08,7.6752626e-08,0.000129142,123.11922,1.6168203e-05,-2.5732891e-05,5.7547447,0,0
444,0.443,0,0,0,0,-0,0,0,0,0,0,0,0,0,0,0,0,0,0,0.52,1.2875213,-0.29451979,-1.573344,-4.6932254e-10,2.086065e-09,0.78296387,-1.1388122e-09,1.8097094e-09,-2.3563079,-0.00028251626,8.1874206e-09,-1.3002863e-08,-1.2385644e-05,0.0028707398,-4.8999166e-08,7.9390016e-08,0.00012826036,123.11899,1.6003507e-05,-2.5471153e-05,5.7547237,0,0
445,0.444,0,0,0,0,-0,0,0,0,0,0,0,0,0,0,0,0,0,0,0.52,1.2875213,-0.29451994,-1.5733443,-4.6596349e-10,2.071118e-09,0.78296359,-1.1306493e-09,1.7967454e-09,-2.3563079,-0.00027966003,8.1383954e-09,-1.2925039e-08,-1.2258265e-05,0.0028417263,-4.9051191e-08,7.6258451e-08,0.00012649607,123.11876,1.5840487e-05,-2.5212077e-05,5.7547029,0,0
446,0.445,0,0,0,0,-0,0,0,0,0,0,0,0,0,0,0,0,0,0,0.52,1.2875212,-0.29452009,-1.5733446,-4.6262456e-10,2.0562605e-09,0.78296331,-1.1225353e-09,1.7838592e-09,-2.3563079,-0.00027683267,8.0895276e-09,-1.2847465e-08,-1.2132196e-05,0.0028129868,-4.8684391e-08,7.8890044e-08,0.00012564163,123.11854,1.5679128e-05,-2.4955635e-05,5.7546823,0,0
447,0.446,0,0,0,0,-0,0,0,0,0,0,0,0,0,0,0,0,0,0,0.52,1.2875211,-0.29452023,-1.5733449,-4.5930569e-10,2.0414924e-09,0.78296304,-1.1144701e-09,1.7710504e-09,-2.3563079,-0.0002740339,8.040819e-09,-1.2770143e-08,-1.2007424e-05,0.0027845572,-4.8732754e-08,7.5752733e-08,0.00012390422,123.11832,1.5519412e-05,-2.4701802e-05,5.754662,0,0
448,0.447,0,0,0,0,-0,0,0,0,0,0,0,0,0,0,0,0,0,0,0.52,1.287521,-0.29452038,-1.5733451,-4.5600682e-10,2.0268133e-09,0.78296276,-1.1064536e-09,1.7583188e-09,-2.3563079,-0.00027126342,7.9922714e-09,-1.2693078e-08,-1.1883933e-05,0.0027563957,-4.836253e-08,7.8378858e-08,0.00012307643,123.1181,1.5361323e-05,-2.4450551e-05,5.7546418,0,0
449,0.448,0,0,0,0,-0,0,0,0,0,0,0,0,0,0,0,0,0,0,0.52,1.2875209,-0.29452052,-1.5733454,-4.5272788e-10,2.0122229e-09,0.78296249,-1.0984855e-09,1.7456641e-09,-2.3563079,-0.00026852095,7.9438864e-09,-1.261627e-08,-1.1761712e-05,0.0027285382,-4.8407415e-08,7.5236103e-08,0.00012136535,123.11788,1.5204844e-05,-2.4201854e-05,5.7546218,0,0
450,0.449,0,0,0,0,-0,0,0,0,0,0,0,0,0,0,0,0,0,0,0.52,1.2875208,-0.29452066,-1.5733457,-4.494688e-10,1.9977209e-09,0.78296223,-1.0905657e-09,1.7330861e-09,-2.3563079,-0.00026580621,7.8956657e-09,-1.2539723e-08,-1.1640748e-05,0.0027009431,-4.8034025e-08,7.7857137e-08,0.0001205637,123.11766,1.5049959e-05,-2.3955688e-05,5.7546021,0,0
451,0.45,0,0,0,0,-0,0,0,0,0,0,0,0,0,0,0,0,0,0,0.52,1.2875207,-0.2945208,-1.573346,-4.4622951e-10,1.9833071e-09,0.78296196,-1.0826941e-09,1.7205845e-09,-2.3563079,-0.00026311892,7.8476109e-09,-1.246344e-08,-1.1521027e-05,0.0026736462,-4.8075575e-08,7.4709209e-08,0.00011887839,123.11745,1.4896651e-05,-2.3712024e-05,5.7545825,0,0
452,0.451,0,0,0,0,-0,0,0,0,0,0,0,0,0,0,0,0,0,0,0.52,1.2875206,-0.29452094,-1.5733462,-4.4300995e-10,1.968981e-09,0.7829617,-1.0748704e-09,1.7081591e-09,-2.356308,-0.00026045879,7.7997235e-09,-1.2387423e-08,-1.1402536e-05,0.0026466061,-4.7699234e-08,7.7325466e-08,0.00011810232,123.11724,1.4744905e-05,-2.3470839e-05,5.7545631,0,0
453,0.452,0,0,0,0,-0,0,0,0,0,0,0,0,0,0,0,0,0,0,0.52,1.2875205,-0.29452108,-1.5733465,-4.3981004e-10,1.9547425e-09,0.78296144,-1.0670946e-09,1.6958095e-09,-2.356308,-0.00025782556,7.752005e-09,-1.2311674e-08,-1.1285264e-05,0.0026198586,-4.7737684e-08,7.4172724e-08,0.00011644228,123.11703,1.4594704e-05,-2.3232107e-05,5.754544,0,0
454,0.453,0,0,0,0,-0,0,0,0,0,0,0,0,0,0,0,0,0,0,0.52,1.2875205,-0.29452121,-1.5733468,-4.3662972e-10,1.9405911e-09,0.78296119,-1.0593663e-09,1.6835356e-09,-2.356308,-0.00025521895,7.7044569e-09,-1.2236195e-08,-1.1169197e-05,0.0025933622,-4.7358488e-08,7.6784405e-08,0.00011569125,123.11682,1.4446033e-05,-2.2995804e-05,5.754525,0,0
455,0.454,0,0,0,0,-0,0,0,0,0,0,0,0,0,0,0,0,0,0,0.52,1.2875204,-0.29452135,-1.5733471,-4.3346891e-10,1.9265267e-09,0.78296093,-1.0516856e-09,1.671337e-09,-2.356308,-0.00025263869,7.6570806e-09,-1.2160989e-08,-1.1054324e-05,0.002567153,-4.7394117e-08,7.3627228e-08,0.00011405599,123.11662,1.4298876e-05,-2.2761903e-05,5.7545062,0,0
456,0.455,0,0,0,0,-0,0,0,0,0,0,0,0,0,0,0,0,0,0,0.52,1.2875203,-0.29452148,-1.5733473,-4.3032755e-10,1.9125488e-09,0.78296068,-1.0440521e-09,1.6592135e-09,-2.356308,-0.00025008452,7.6098775e-09,-1.2086059e-08,-1.0940631e-05,0.0025411894,-4.7012228e-08,7.6234629e-08,0.00011332949,123.11642,1.4153218e-05,-2.2530381e-05,5.7544876,0,0
457,0.456,0,0,0,0,-0,0,0,0,0,0,0,0,0,0,0,0,0,0,0.52,1.2875202,-0.29452161,-1.5733476,-4.2720555e-10,1.8986571e-09,0.78296043,-1.0364657e-09,1.6471648e-09,-2.356308,-0.00024755617,7.5628488e-09,-1.2011405e-08,-1.0828107e-05,0.0025155077,-4.7045161e-08,7.3073225e-08,0.00011171846,123.11622,1.4009043e-05,-2.2301215e-05,5.7544692,0,0
458,0.457,0,0,0,0,-0,0,0,0,0,0,0,0,0,0,0,0,0,0,0.52,1.2875201,-0.29452174,-1.5733478,-4.2410286e-10,1.8848514e-09,0.78296018,-1.0289263e-09,1.6351905e-09,-2.356308,-0.00024505339,7.5159958e-09,-1.193703e-08,-1.071674e-05,0.0024900663,-4.6660816e-08,7.5676684e-08,0.000111016,123.11602,1.3866337e-05,-2.2074378e-05,5.754451,0,0
459,0.458,0,0,0,0,-0,0,0,0,0,0,0,0,0,0,0,0,0,0,0.52,1.28752,-0.29452187,-1.5733481,-4.210194e-10,1.8711313e-09,0.78295994,-1.0214337e-09,1.6232906e-09,-2.356308,-0.0002425759,7.4693197e-09,-1.1862936e-08,-1.0606517e-05,0.0024649014,-4.6691257e-08,7.2511381e-08,0.00010942875,123.11582,1.3725084e-05,-2.1849849e-05,5.754433,0,0
460,0.459,0,0,0,0,-0,0,0,0,0,0,0,0,0,0,0,0,0,0,0.52,1.28752,-0.294522,-1.5733483,-4.1795508e-10,1.8574964e-09,0.7829597,-1.0139876e-09,1.6114645e-09,-2.356308,-0.00024012347,7.4228219e-09,-1.1789124e-08,-1.0497428e-05,0.0024399717,-4.6304499e-08,7.5111024e-08,0.00010874979,123.11563,1.358527e-05,-2.1627604e-05,5.7544151,0,0
461,0.46,0,0,0,0,-0,0,0,0,0,0,0,0,0,0,0,0,0,0,0.52,1.2875199,-0.29452212,-1.5733486,-4.1490985e-10,1.8439465e-09,0.78295946,-1.0065879e-09,1.5997122e-09,-2.356308,-0.00023769582,7.3765032e-09,-1.1715598e-08,-1.038946e-05,0.0024153132,-4.6332739e-08,7.1942197e-08,0.00010718585,123.11543,1.344688e-05,-2.1407619e-05,5.7543975,0,0
462,0.461,0,0,0,0,-0,0,0,0,0,0,0,0,0,0,0,0,0,0,0.52,1.2875198,-0.29452225,-1.5733488,-4.1188363e-10,1.8304813e-09,0.78295922,-9.9923449e-10,1.5880332e-09,-2.3563081,-0.00023529272,7.330365e-09,-1.1642358e-08,-1.0282602e-05,0.0023908848,-4.5943719e-08,7.4538311e-08,0.00010652993,123.11524,1.3309899e-05,-2.1189871e-05,5.75438,0,0
463,0.462,0,0,0,0,-0,0,0,0,0,0,0,0,0,0,0,0,0,0,0.52,1.2875197,-0.29452237,-1.5733491,-4.0887634e-10,1.8171003e-09,0.78295899,-9.919271e-10,1.5764273e-09,-2.3563081,-0.00023291392,7.2844082e-09,-1.1569405e-08,-1.0176843e-05,0.0023667226,-4.5969854e-08,7.1366127e-08,0.0001049888,123.11505,1.3174314e-05,-2.0974338e-05,5.7543627,0,0
464,0.463,0,0,0,0,-0,0,0,0,0,0,0,0,0,0,0,0,0,0,0.52,1.2875197,-0.2945225,-1.5733493,-4.058879e-10,1.8038033e-09,0.78295876,-9.8466558e-10,1.5648942e-09,-2.3563081,-0.00023055917,7.2386339e-09,-1.1496743e-08,-1.0072171e-05,0.0023427855,-4.5578777e-08,7.3959002e-08,0.00010435545,123.11487,1.3040109e-05,-2.0760997e-05,5.7543455,0,0
465,0.464,0,0,0,0,-0,0,0,0,0,0,0,0,0,0,0,0,0,0,0.52,1.2875196,-0.29452262,-1.5733496,-4.0291824e-10,1.7905899e-09,0.78295853,-9.7744974e-10,1.5534337e-09,-2.3563081,-0.00022822822,7.193043e-09,-1.1424371e-08,-9.9685749e-06,0.0023191096,-4.5602983e-08,7.0783744e-08,0.00010283668,123.11468,1.2907272e-05,-2.0549827e-05,5.7543286,0,0
466,0.465,0,0,0,0,-0,0,0,0,0,0,0,0,0,0,0,0,0,0,0.52,1.2875195,-0.29452274,-1.5733498,-3.9996729e-10,1.7774598e-09,0.7829583,-9.702794e-10,1.5420453e-09,-2.3563081,-0.00022592084,7.1476366e-09,-1.1352293e-08,-9.8660438e-06,0.0022956538,-4.5209953e-08,7.3373568e-08,0.00010222542,123.1145,1.2775787e-05,-2.0340803e-05,5.7543118,0,0
467,0.466,0,0,0,0,-0,0,0,0,0,0,0,0,0,0,0,0,0,0,0.52,1.2875194,-0.29452286,-1.57335,-3.9703497e-10,1.7644126e-09,0.78295808,-9.6315437e-10,1.5307289e-09,-2.3563081,-0.00022363678,7.1024154e-09,-1.1280508e-08,-9.7645668e-06,0.0022724544,-4.5232414e-08,7.0195504e-08,0.00010072856,123.11432,1.2645642e-05,-2.0133906e-05,5.7542952,0,0
468,0.467,0,0,0,0,-0,0,0,0,0,0,0,0,0,0,0,0,0,0,0.52,1.2875194,-0.29452298,-1.5733503,-3.941212e-10,1.751448e-09,0.78295785,-9.5607448e-10,1.5194842e-09,-2.3563081,-0.00022137582,7.0573804e-09,-1.1209019e-08,-9.664133e-06,0.0022494703,-4.4837596e-08,7.2782545e-08,0.00010013896,123.11414,1.2516822e-05,-1.9929113e-05,5.7542787,0,0
469,0.468,0,0,0,0,-0,0,0,0,0,0,0,0,0,0,0,0,0,0,0.52,1.2875193,-0.29452309,-1.5733505,-3.9122591e-10,1.7385658e-09,0.78295763,-9.4903952e-10,1.5083108e-09,-2.3563081,-0.00021913772,7.0125324e-09,-1.1137827e-08,-9.5647318e-06,0.0022267378,-4.4858409e-08,6.9601845e-08,9.8663535e-05,123.11396,1.2389314e-05,-1.9726403e-05,5.7542624,0,0
470,0.469,0,0,0,0,-0,0,0,0,0,0,0,0,0,0,0,0,0,0,0.52,1.2875192,-0.29452321,-1.5733507,-3.8834902e-10,1.7257654e-09,0.78295742,-9.4204932e-10,1.4972084e-09,-2.3563081,-0.00021692224,6.9678722e-09,-1.1066933e-08,-9.4663525e-06,0.0022042159,-4.4462003e-08,7.2186382e-08,9.8095156e-05,123.11378,1.2263105e-05,-1.9525754e-05,5.7542463,0,0
471,0.47,0,0,0,0,-0,0,0,0,0,0,0,0,0,0,0,0,0,0,0.52,1.2875191,-0.29452332,-1.5733509,-3.8549044e-10,1.7130466e-09,0.7829572,-9.3510368e-10,1.4861767e-09,-2.3563081,-0.00021472916,6.9234005e-09,-1.0996338e-08,-9.3689845e-06,0.0021819409,-4.4481261e-08,6.9003235e-08,9.6640724e-05,123.11361,1.2138181e-05,-1.9327146e-05,5.7542304,0,0
472,0.471,0,0,0,0,-0,0,0,0,0,0,0,0,0,0,0,0,0,0,0.52,1.2875191,-0.29452343,-1.5733512,-3.8265011e-10,1.7004091e-09,0.78295699,-9.2820242e-10,1.4752155e-09,-2.3563082,-0.00021255826,6.8791182e-09,-1.0926044e-08,-9.2726176e-06,0.0021598719,-4.4083427e-08,7.1585494e-08,9.6093138e-05,123.11344,1.201453e-05,-1.9130559e-05,5.7542146,0,0
473,0.472,0,0,0,0,-0,0,0,0,0,0,0,0,0,0,0,0,0,0,0.52,1.287519,-0.29452355,-1.5733514,-3.7982795e-10,1.6878524e-09,0.78295678,-9.2134535e-10,1.4643245e-09,-2.3563082,-0.0002104093,6.8350258e-09,-1.0856051e-08,-9.1772414e-06,0.0021380453,-4.4101281e-08,6.8400145e-08,9.4659275e-05,123.11327,1.1892138e-05,-1.893597e-05,5.7541989,0,0
474,0.473,0,0,0,0,-0,0,0,0,0,0,0,0,0,0,0,0,0,0,0.52,1.2875189,-0.29452366,-1.5733516,-3.7702387e-10,1.6753763e-09,0.78295657,-9.1453228e-10,1.4535033e-09,-2.3563082,-0.00020828206,6.7911241e-09,-1.0786361e-08,-9.0828457e-06,0.00211642,-4.3702141e-08,7.0980325e-08,9.4132061e-05,123.1131,1.1770993e-05,-1.8743361e-05,5.7541835,0,0
475,0.474,0,0,0,0,-0,0,0,0,0,0,0,0,0,0,0,0,0,0,0.52,1.2875189,-0.29452377,-1.5733518,-3.7423781e-10,1.6629804e-09,0.78295636,-9.0776301e-10,1.4427516e-09,-2.3563082,-0.00020617634,6.7474137e-09,-1.0716974e-08,-8.9894205e-06,0.0020950327,-4.3718687e-08,6.7792933e-08,9.2718329e-05,123.11293,1.1651082e-05,-1.8552711e-05,5.7541681,0,0
476,0.475,0,0,0,0,-0,0,0,0,0,0,0,0,0,0,0,0,0,0,0.52,1.2875188,-0.29452388,-1.573352,-3.7146967e-10,1.6506643e-09,0.78295615,-9.0103735e-10,1.4320692e-09,-2.3563082,-0.0002040919,6.7038952e-09,-1.0647892e-08,-8.8969558e-06,0.0020738423,-4.3318416e-08,7.0371286e-08,9.2211079e-05,123.11277,1.1532392e-05,-1.8364e-05,5.754153,0,0
477,0.476,0,0,0,0,-0,0,0,0,0,0,0,0,0,0,0,0,0,0,0.52,1.2875187,-0.29452398,-1.5733523,-3.6871938e-10,1.6384277e-09,0.78295595,-8.9435512e-10,1.4214557e-09,-2.3563082,-0.00020202854,6.660569e-09,-1.0579115e-08,-8.8054417e-06,0.0020528854,-4.3333789e-08,6.7182078e-08,9.0817086e-05,123.1126,1.1414911e-05,-1.8177208e-05,5.754138,0,0
478,0.477,0,0,0,0,-0,0,0,0,0,0,0,0,0,0,0,0,0,0,0.52,1.2875187,-0.29452409,-1.5733525,-3.6598686e-10,1.6262702e-09,0.78295575,-8.8771612e-10,1.4109108e-09,-2.3563082,-0.00019998603,6.6174359e-09,-1.0510645e-08,-8.7148685e-06,0.0020321211,-4.2932457e-08,6.9758736e-08,9.0329367e-05,123.11244,1.1298626e-05,-1.7992316e-05,5.7541231,0,0
479,0.478,0,0,0,0,-0,0,0,0,0,0,0,0,0,0,0,0,0,0,0.52,1.2875186,-0.29452419,-1.5733527,-3.6327204e-10,1.6141915e-09,0.78295555,-8.8112015e-10,1.4004342e-09,-2.3563082,-0.00019796418,6.5744963e-09,-1.0442482e-08,-8.6252265e-06,0.0020115861,-4.2946817e-08,6.6567934e-08,8.8954704e-05,123.11228,1.1183526e-05,-1.7809305e-05,5.7541084,0,0
480,0.479,0,0,0,0,-0,0,0,0,0,0,0,0,0,0,0,0,0,0,0.52,1.2875185,-0.2945243,-1.5733529,-3.6057483e-10,1.6021912e-09,0.78295535,-8.7456703e-10,1.3900257e-09,-2.3563082,-0.00019596277,6.5317506e-09,-1.0374626e-08,-8.536506e-06,0.0019912393,-4.2544556e-08,6.9143112e-08,8.8486135e-05,123.11212,1.1069598e-05,-1.7628155e-05,5.7540938,0,0
481,0.48,0,0,0,0,-0,0,0,0,0,0,0,0,0,0,0,0,0,0,0.52,1.2875185,-0.2945244,-1.5733531,-3.5789515e-10,1.590269e-09,0.78295516,-8.6805655e-10,1.3796848e-09,-2.3563082,-0.00019398159,6.4891993e-09,-1.0307079e-08,-8.4486978e-06,0.0019711176,-4.2558013e-08,6.5950896e-08,8.7130419e-05,123.11196,1.0956831e-05,-1.7448847e-05,5.7540794,0,0
482,0.481,0,0,0,0,-0,0,0,0,0,0,0,0,0,0,0,0,0,0,0.52,1.2875184,-0.2945245,-1.5733533,-3.5523292e-10,1.5784245e-09,0.78295497,-8.6158853e-10,1.3694114e-09,-2.3563082,-0.00019202044,6.4468429e-09,-1.0239841e-08,-8.3617923e-06,0.00195118,-4.2154889e-08,6.8524717e-08,8.6680576e-05,123.11181,1.0845212e-05,-1.7271363e-05,5.7540652,0,0
483,0.482,0,0,0,0,-0,0,0,0,0,0,0,0,0,0,0,0,0,0,0.52,1.2875183,-0.29452461,-1.5733535,-3.5258806e-10,1.5666574e-09,0.78295477,-8.5516277e-10,1.359205e-09,-2.3563083,-0.00019007912,6.4046816e-09,-1.0172913e-08,-8.2757803e-06,0.0019314632,-4.2167615e-08,6.533132e-08,8.5343428e-05,123.11165,1.073473e-05,-1.7095684e-05,5.754051,0,0
484,0.483,0,0,0,0,-0,0,0,0,0,0,0,0,0,0,0,0,0,0,0.52,1.2875183,-0.29452471,-1.5733537,-3.499605e-10,1.5549673e-09,0.78295459,-8.4877907e-10,1.3490654e-09,-2.3563083,-0.00018815742,6.3627159e-09,-1.0106296e-08,-8.1906526e-06,0.0019119265,-4.176375e-08,6.7903994e-08,8.4911957e-05,123.1115,1.0625374e-05,-1.6921792e-05,5.7540371,0,0
485,0.484,0,0,0,0,-0,0,0,0,0,0,0,0,0,0,0,0,0,0,0.52,1.2875182,-0.2945248,-1.5733539,-3.4735015e-10,1.5433538e-09,0.7829544,-8.4243724e-10,1.3389923e-09,-2.3563083,-0.00018625516,6.3209462e-09,-1.0039989e-08,-8.1064001e-06,0.0018926066,-4.1775769e-08,6.4709488e-08,8.3592959e-05,123.11135,1.0517131e-05,-1.6749669e-05,5.7540232,0,0
486,0.485,0,0,0,0,-0,0,0,0,0,0,0,0,0,0,0,0,0,0,0.52,1.2875182,-0.2945249,-1.5733541,-3.4475692e-10,1.5318166e-09,0.78295421,-8.3613708e-10,1.3289853e-09,-2.3563083,-0.00018437212,6.2793726e-09,-9.9739934e-09,-8.0230139e-06,0.0018734627,-4.1371358e-08,6.7281263e-08,8.3179501e-05,123.1112,1.0409991e-05,-1.6579296e-05,5.7540095,0,0
487,0.486,0,0,0,0,-0,0,0,0,0,0,0,0,0,0,0,0,0,0,0.52,1.2875181,-0.294525,-1.5733543,-3.4218075e-10,1.5203553e-09,0.78295403,-8.298784e-10,1.3190441e-09,-2.3563083,-0.00018250812,6.2379956e-09,-9.9083098e-09,-7.940485e-06,0.0018545317,-4.138276e-08,6.4085827e-08,8.1878298e-05,123.11105,1.0303942e-05,-1.6410656e-05,5.753996,0,0
488,0.487,0,0,0,0,-0,0,0,0,0,0,0,0,0,0,0,0,0,0,0.52,1.287518,-0.2945251,-1.5733544,-3.3962154e-10,1.5089696e-09,0.78295385,-8.2366099e-10,1.3091685e-09,-2.3563083,-0.00018066297,6.1968152e-09,-9.8429385e-09,-7.8588046e-06,0.0018357728,-4.0977851e-08,6.6656791e-08,8.1482456e-05,123.11091,1.0198973e-05,-1.6243732e-05,5.7539825,0,0
489,0.488,0,0,0,0,-0,0,0,0,0,0,0,0,0,0,0,0,0,0,0.52,1.287518,-0.29452519,-1.5733546,-3.3707923e-10,1.4976591e-09,0.78295367,-8.1748467e-10,1.2993581e-09,-2.3563083,-0.00017883647,6.1558319e-09,-9.7778798e-09,-7.777964e-06,0.0018172228,-4.0988804e-08,6.3460649e-08,8.0198706e-05,123.11076,1.0095074e-05,-1.6078505e-05,5.7539693,0,0
490,0.489,0,0,0,0,-0,0,0,0,0,0,0,0,0,0,0,0,0,0,0.52,1.2875179,-0.29452529,-1.5733548,-3.3455372e-10,1.4864234e-09,0.78295349,-8.1134923e-10,1.2896126e-09,-2.3563083,-0.00017702844,6.1150458e-09,-9.713134e-09,-7.6979546e-06,0.0017988411,-4.0583436e-08,6.6030911e-08,7.9820101e-05,123.11062,9.9922324e-06,-1.5914959e-05,5.7539561,0,0
491,0.49,0,0,0,0,-0,0,0,0,0,0,0,0,0,0,0,0,0,0,0.52,1.2875179,-0.29452538,-1.573355,-3.3204493e-10,1.4752622e-09,0.78295331,-8.0525448e-10,1.2799317e-09,-2.3563083,-0.00017523869,6.074457e-09,-9.6487014e-09,-7.6187678e-06,0.0017806645,-4.0594099e-08,6.283427e-08,7.8553461e-05,123.11047,9.8904387e-06,-1.5753076e-05,5.7539431,0,0
492,0.491,0,0,0,0,-0,0,0,0,0,0,0,0,0,0,0,0,0,0,0.52,1.2875178,-0.29452547,-1.5733552,-3.2955279e-10,1.4641751e-09,0.78295314,-7.9920022e-10,1.270315e-09,-2.3563083,-0.00017346703,6.0340658e-09,-9.5845823e-09,-7.5403952e-06,0.0017626523,-4.0188352e-08,6.5403983e-08,7.8191757e-05,123.11033,9.7896818e-06,-1.5592839e-05,5.7539302,0,0
493,0.492,0,0,0,0,-0,0,0,0,0,0,0,0,0,0,0,0,0,0,0.52,1.2875177,-0.29452556,-1.5733554,-3.2707722e-10,1.4531618e-09,0.78295297,-7.9318625e-10,1.2607623e-09,-2.3563083,-0.00017171328,5.9938723e-09,-9.5207769e-09,-7.4628284e-06,0.0017448416,-4.0198752e-08,6.2206905e-08,7.6941838e-05,123.11019,9.6899511e-06,-1.5434232e-05,5.7539175,0,0
494,0.493,0,0,0,0,-0,0,0,0,0,0,0,0,0,0,0,0,0,0,0.52,1.2875177,-0.29452565,-1.5733555,-3.2461812e-10,1.4422219e-09,0.7829528,-7.8721237e-10,1.2512733e-09,-2.3563083,-0.00016997727,5.9538765e-09,-9.4572853e-09,-7.3860592e-06,0.0017271916,-3.9792797e-08,6.477629e-08,7.6596702e-05,123.11006,9.5912362e-06,-1.5277239e-05,5.7539048,0,0
495,0.494,0,0,0,0,-0,0,0,0,0,0,0,0,0,0,0,0,0,0,0.52,1.2875176,-0.29452574,-1.5733557,-3.2217543e-10,1.431355e-09,0.78295263,-7.812784e-10,1.2418476e-09,-2.3563083,-0.0001682588,5.9140786e-09,-9.3941077e-09,-7.3100792e-06,0.0017097394,-3.980302e-08,6.1578936e-08,7.5363185e-05,123.10992,9.4935269e-06,-1.5121842e-05,5.7538923,0,0
496,0.495,0,0,0,0,-0,0,0,0,0,0,0,0,0,0,0,0,0,0,0.52,1.2875176,-0.29452583,-1.5733559,-3.1974905e-10,1.4205608e-09,0.78295246,-7.7538412e-10,1.2324849e-09,-2.3563084,-0.00016655771,5.8744786e-09,-9.3312442e-09,-7.2348805e-06,0.0016924443,-3.9396907e-08,6.4148084e-08,7.5034268e-05,123.10979,9.3968128e-06,-1.4968026e-05,5.75388,0,0
497,0.496,0,0,0,0,-0,0,0,0,0,0,0,0,0,0,0,0,0,0,0.52,1.2875175,-0.29452592,-1.5733561,-3.1733892e-10,1.4098389e-09,0.78295229,-7.6952934e-10,1.223185e-09,-2.3563084,-0.00016487382,5.8350766e-09,-9.2686948e-09,-7.160455e-06,0.0016753434,-3.9407045e-08,6.0950589e-08,7.3816807e-05,123.10965,9.3010838e-06,-1.4815774e-05,5.7538677,0,0
498,0.497,0,0,0,0,-0,0,0,0,0,0,0,0,0,0,0,0,0,0,0.52,1.2875175,-0.29452601,-1.5733562,-3.1494494e-10,1.399189e-09,0.78295213,-7.6371386e-10,1.2139474e-09,-2.3563084,-0.00016320695,5.7958727e-09,-9.2064597e-09,-7.0867947e-06,0.001658396,-3.9000875e-08,6.3519654e-08,7.3503781e-05,123.10952,9.2063299e-06,-1.4665071e-05,5.7538556,0,0
499,0.498,0,0,0,0,-0,0,0,0,0,0,0,0,0,0,0,0,0,0,0.52,1.2875174,-0.29452609,-1.5733564,-3.1256703e-10,1.3886106e-09,0.78295197,-7.5793749e-10,1.2047719e-09,-2.3563084,-0.00016155693,5.7568667e-09,-9.1445388e-09,-7.0138918e-06,0.0016416393,-3.9011001e-08,6.0322143e-08,7.2302046e-05,123.10939,9.1125411e-06,-1.45159e-05,5.7538436,0,0
500,0.499,0,0,0,0,-0,0,0,0,0,0,0,0,0,0,0,0,0,0,0.52,1.2875174,-0.29452618,-1.5733566,-3.1020512e-10,1.3781035e-09,0.78295181,-7.5220003e-10,1.1956581e-09,-2.3563084,-0.00015992359,5.7180588e-09,-9.0829321e-09,-6.9417384e-06,0.0016250327,-3.860487e-08,6.2891269e-08,7.2004593e-05,123.10926,9.0197076e-06,-1.4368247e-05,5.7538317,0,0
501,0.5,0,0,0,0,-0,0,0,0,0,0,0,0,0,0,0,0,0,0,0.52,1.2875173,-0.29452626,-1.5733567,-3.0785912e-10,1.3676672e-09,0.78295165,-7.4650128e-10,1.1866059e-09,-2.3563084,-0.00015830677,5.6794488e-09,-9.0216395e-09,-6.870327e-06,0.0016086133,-3.8615069e-08,5.9693877e-08,7.0818276e-05,123.10913,8.9278197e-06,-1.4222096e-05,5.75382,0,0
502,0.501,0,0,0,0,-0,0,0,0,0,0,0,0,0,0,0,0,0,0,0.52,1.2875173,-0.29452634,-1.5733569,-3.0552895e-10,1.3573014e-09,0.78295149,-7.4084104e-10,1.1776147e-09,-2.3563084,-0.00015670629,5.6410368e-09,-8.960661e-09,-6.7996498e-06,0.0015923406,-3.8208992e-08,6.2263115e-08,7.0536044e-05,123.109,8.8368678e-06,-1.4077431e-05,5.7538083,0,0
503,0.502,0,0,0,0,-0,0,0,0,0,0,0,0,0,0,0,0,0,0,0.52,1.2875172,-0.29452643,-1.5733571,-3.0321454e-10,1.3470058e-09,0.78295133,-7.3521911e-10,1.1686844e-09,-2.3563084,-0.000155122,5.6028226e-09,-8.8999964e-09,-6.7296994e-06,0.0015762517,-3.8219408e-08,5.9066026e-08,6.9364838e-05,123.10888,8.7468423e-06,-1.3934237e-05,5.7537968,0,0
504,0.503,0,0,0,0,-0,0,0,0,0,0,0,0,0,0,0,0,0,0,0.52,1.2875172,-0.29452651,-1.5733572,-3.0091579e-10,1.3367799e-09,0.78295118,-7.2963529e-10,1.1598146e-09,-2.3563084,-0.00015355372,5.5648062e-09,-8.8396457e-09,-6.6604682e-06,0.0015603062,-3.7813481e-08,6.163554e-08,6.9097547e-05,123.10875,8.6577338e-06,-1.37925e-05,5.7537854,0,0
505,0.504,0,0,0,0,-0,0,0,0,0,0,0,0,0,0,0,0,0,0,0.52,1.2875171,-0.29452659,-1.5733574,-2.9863262e-10,1.3266234e-09,0.78295103,-7.2408939e-10,1.1510049e-09,-2.3563084,-0.00015200129,5.5269874e-09,-8.7796085e-09,-6.5919489e-06,0.0015445412,-3.7824104e-08,5.8438771e-08,6.7941119e-05,123.10863,8.5695329e-06,-1.3652204e-05,5.7537741,0,0
506,0.505,0,0,0,0,-0,0,0,0,0,0,0,0,0,0,0,0,0,0,0.52,1.2875171,-0.29452667,-1.5733575,-2.9636497e-10,1.316536e-09,0.78295088,-7.1858122e-10,1.1422552e-09,-2.3563084,-0.00015046457,5.4893661e-09,-8.7198848e-09,-6.5241341e-06,0.0015289163,-3.7418449e-08,6.1008716e-08,6.768846e-05,123.10851,8.4822305e-06,-1.3513336e-05,5.753763,0,0
507,0.506,0,0,0,0,-0,0,0,0,0,0,0,0,0,0,0,0,0,0,0.52,1.287517,-0.29452675,-1.5733577,-2.9411274e-10,1.3065173e-09,0.78295073,-7.1311056e-10,1.133565e-09,-2.3563084,-0.00014894337,5.4519422e-09,-8.6604742e-09,-6.4570166e-06,0.0015134686,-3.7429348e-08,5.7812393e-08,6.6546509e-05,123.10839,8.3958172e-06,-1.3375879e-05,5.7537519,0,0
508,0.507,0,0,0,0,-0,0,0,0,0,0,0,0,0,0,0,0,0,0,0.52,1.287517,-0.29452683,-1.5733579,-2.9187585e-10,1.2965669e-09,0.78295058,-7.0767723e-10,1.1249341e-09,-2.3563084,-0.00014743756,5.4147155e-09,-8.6013766e-09,-6.3905893e-06,0.0014981578,-3.7024038e-08,6.0382875e-08,6.6308191e-05,123.10827,8.3102843e-06,-1.3239821e-05,5.753741,0,0
509,0.508,0,0,0,0,-0,0,0,0,0,0,0,0,0,0,0,0,0,0,0.52,1.2875169,-0.29452691,-1.573358,-2.8965422e-10,1.2866845e-09,0.78295043,-7.0228103e-10,1.1163621e-09,-2.3563084,-0.00014594697,5.3776858e-09,-8.5425916e-09,-6.3248449e-06,0.0014830211,-3.7035287e-08,5.718712e-08,6.5180434e-05,123.10815,8.2256225e-06,-1.3105147e-05,5.7537301,0,0
510,0.509,0,0,0,0,-0,0,0,0,0,0,0,0,0,0,0,0,0,0,0.52,1.2875169,-0.29452698,-1.5733582,-2.8744778e-10,1.2768697e-09,0.78295029,-6.9692176e-10,1.1078487e-09,-2.3563084,-0.00014447145,5.340853e-09,-8.4841189e-09,-6.2597767e-06,0.0014680182,-3.6630328e-08,5.9758172e-08,6.4956134e-05,123.10803,8.1418231e-06,-1.2971843e-05,5.7537194,0,0
511,0.51,0,0,0,0,-0,0,0,0,0,0,0,0,0,0,0,0,0,0,0.52,1.2875168,-0.29452706,-1.5733583,-2.8525644e-10,1.2671221e-09,0.78295014,-6.9159923e-10,1.0993937e-09,-2.3563085,-0.00014301085,5.3042168e-09,-8.4259583e-09,-6.1953774e-06,0.0014531862,-3.6642048e-08,5.6563138e-08,6.3842283e-05,123.10792,8.0588773e-06,-1.2839894e-05,5.7537088,0,0
512,0.511,0,0,0,0,-0,0,0,0,0,0,0,0,0,0,0,0,0,0,0.52,1.2875168,-0.29452713,-1.5733585,-2.8308011e-10,1.2574414e-09,0.78295,-6.8631323e-10,1.0909967e-09,-2.3563085,-0.00014156501,5.267777e-09,-8.3681093e-09,-6.1316404e-06,0.0014384848,-3.6237536e-08,5.913492e-08,6.3631749e-05,123.1078,7.9767764e-06,-1.2709287e-05,5.7536983,0,0
513,0.512,0,0,0,0,-0,0,0,0,0,0,0,0,0,0,0,0,0,0,0.52,1.2875167,-0.29452721,-1.5733586,-2.8091873e-10,1.2478273e-09,0.78294986,-6.8106358e-10,1.0826573e-09,-2.3563085,-0.0001401338,5.2315334e-09,-8.3105715e-09,-6.0685588e-06,0.0014239514,-3.6249697e-08,5.5940598e-08,6.2531486e-05,123.10769,7.8955117e-06,-1.2580009e-05,5.7536879,0,0
514,0.513,0,0,0,0,-0,0,0,0,0,0,0,0,0,0,0,0,0,0,0.52,1.2875167,-0.29452728,-1.5733588,-2.7877221e-10,1.2382793e-09,0.78294972,-6.7585007e-10,1.0743754e-09,-2.3563085,-0.00013871705,5.1954857e-09,-8.2533446e-09,-6.0061258e-06,0.0014095457,-3.5845766e-08,5.8513264e-08,6.2334448e-05,123.10758,7.8150749e-06,-1.2452046e-05,5.7536776,0,0
515,0.514,0,0,0,0,-0,0,0,0,0,0,0,0,0,0,0,0,0,0,0.52,1.2875166,-0.29452735,-1.5733589,-2.7664046e-10,1.2287971e-09,0.78294958,-6.7067251e-10,1.0661505e-09,-2.3563085,-0.00013731462,5.1596336e-09,-8.196428e-09,-5.9443349e-06,0.0013953048,-3.5858416e-08,5.5319765e-08,6.1247509e-05,123.10746,7.7354574e-06,-1.2325384e-05,5.7536674,0,0
516,0.515,0,0,0,0,-0,0,0,0,0,0,0,0,0,0,0,0,0,0,0.52,1.2875166,-0.29452743,-1.573359,-2.7452342e-10,1.2193804e-09,0.78294945,-6.655307e-10,1.0579824e-09,-2.3563085,-0.00013592637,5.1239769e-09,-8.1398215e-09,-5.8831793e-06,0.0013811887,-3.5455067e-08,5.789333e-08,6.1063663e-05,123.10735,7.6566508e-06,-1.2200011e-05,5.7536573,0,0
517,0.516,0,0,0,0,-0,0,0,0,0,0,0,0,0,0,0,0,0,0,0.52,1.2875165,-0.2945275,-1.5733592,-2.7242099e-10,1.2100288e-09,0.78294931,-6.6042446e-10,1.0498707e-09,-2.3563085,-0.00013455216,5.0885152e-09,-8.0835244e-09,-5.8226526e-06,0.0013672345,-3.5468331e-08,5.4700811e-08,5.9989787e-05,123.10724,7.578647e-06,-1.2075912e-05,5.7536473,0,0
518,0.517,0,0,0,0,-0,0,0,0,0,0,0,0,0,0,0,0,0,0,0.52,1.2875165,-0.29452757,-1.5733593,-2.703331e-10,1.2007419e-09,0.78294918,-6.5535358e-10,1.0418152e-09,-2.3563085,-0.00013319184,5.0532482e-09,-8.0275363e-09,-5.7627482e-06,0.0013534022,-3.5065604e-08,5.7275367e-08,5.9818866e-05,123.10714,7.5014378e-06,-1.1953076e-05,5.7536374,0,0
519,0.518,0,0,0,0,-0,0,0,0,0,0,0,0,0,0,0,0,0,0,0.52,1.2875164,-0.29452764,-1.5733595,-2.6825967e-10,1.1915194e-09,0.78294904,-6.5031786e-10,1.0338155e-09,-2.3563085,-0.00013184528,5.0181756e-09,-7.9718567e-09,-5.7034599e-06,0.001339729,-3.5079527e-08,5.408389e-08,5.875779e-05,123.10703,7.425015e-06,-1.183149e-05,5.7536276,0,0
520,0.519,0,0,0,0,-0,0,0,0,0,0,0,0,0,0,0,0,0,0,0.52,1.2875164,-0.29452771,-1.5733596,-2.6620061e-10,1.1823609e-09,0.78294891,-6.4531713e-10,1.0258713e-09,-2.3563085,-0.00013051233,4.9832971e-09,-7.916485e-09,-5.6447812e-06,0.0013261747,-3.4677472e-08,5.6659518e-08,5.859953e-05,123.10692,7.3493707e-06,-1.171114e-05,5.7536179,0,0
521,0.52,0,0,0,0,-0,0,0,0,0,0,0,0,0,0,0,0,0,0,0.52,1.2875164,-0.29452778,-1.5733597,-2.6415586e-10,1.1732662e-09,0.78294878,-6.4035117e-10,1.0179823e-09,-2.3563085,-0.00012919285,4.9486123e-09,-7.8614207e-09,-5.586706e-06,0.0013127767,-3.4692109e-08,5.346917e-08,5.7550987e-05,123.10682,7.2744969e-06,-1.1592014e-05,5.7536084,0,0
522,0.521,0,0,0,0,-0,0,0,0,0,0,0,0,0,0,0,0,0,0,0.52,1.2875163,-0.29452785,-1.5733599,-2.6212532e-10,1.1642347e-09,0.78294865,-6.3541981e-10,1.0101483e-09,-2.3563085,-0.00012788672,4.9141209e-09,-7.8066631e-09,-5.5292279e-06,0.0012994949,-3.4290783e-08,5.604596e-08,5.7405133e-05,123.10672,7.2003858e-06,-1.1474099e-05,5.7535989,0,0
523,0.522,0,0,0,0,-0,0,0,0,0,0,0,0,0,0,0,0,0,0,0.52,1.2875163,-0.29452791,-1.57336,-2.6010893e-10,1.1552662e-09,0.78294853,-6.3052283e-10,1.0023689e-09,-2.3563085,-0.00012659378,4.8798224e-09,-7.7522117e-09,-5.4723409e-06,0.0012863667,-3.4306163e-08,5.2856794e-08,5.6368858e-05,123.10661,7.1270296e-06,-1.1357384e-05,5.7535895,0,0
524,0.523,0,0,0,0,-0,0,0,0,0,0,0,0,0,0,0,0,0,0,0.52,1.2875162,-0.29452798,-1.5733601,-2.5810659e-10,1.1463603e-09,0.7829484,-6.2566006e-10,9.9464372e-10,-2.3563085,-0.00012531393,4.8457165e-09,-7.6980659e-09,-5.4160389e-06,0.0012733519,-3.3905643e-08,5.5434849e-08,5.6235166e-05,123.10651,7.0544206e-06,-1.1241857e-05,5.7535802,0,0
525,0.524,0,0,0,0,-0,0,0,0,0,0,0,0,0,0,0,0,0,0,0.52,1.2875162,-0.29452805,-1.5733603,-2.5611824e-10,1.1375166e-09,0.78294828,-6.208313e-10,9.8697258e-10,-2.3563085,-0.00012404701,4.8118028e-09,-7.644225e-09,-5.3603159e-06,0.001260488,-3.3921795e-08,5.2246933e-08,5.5210901e-05,123.10641,6.9825513e-06,-1.1127504e-05,5.753571,0,0
526,0.525,0,0,0,0,-0,0,0,0,0,0,0,0,0,0,0,0,0,0,0.52,1.2875162,-0.29452811,-1.5733604,-2.5414379e-10,1.1287349e-09,0.78294815,-6.1603636e-10,9.7935512e-10,-2.3563085,-0.00012279289,4.7780808e-09,-7.5906884e-09,-5.3051659e-06,0.0012477349,-3.3522146e-08,5.482634e-08,5.5089125e-05,123.10631,6.911414e-06,-1.1014314e-05,5.7535618,0,0
527,0.526,0,0,0,0,-0,0,0,0,0,0,0,0,0,0,0,0,0,0,0.52,1.2875161,-0.29452818,-1.5733605,-2.5218316e-10,1.1200148e-09,0.78294803,-6.1127505e-10,9.7179105e-10,-2.3563085,-0.00012155146,4.7445502e-09,-7.5374553e-09,-5.250583e-06,0.0012351299,-3.3539107e-08,5.1639737e-08,5.4076635e-05,123.10621,6.8410014e-06,-1.0902276e-05,5.7535528,0,0
528,0.527,0,0,0,0,-0,0,0,0,0,0,0,0,0,0,0,0,0,0,0.52,1.2875161,-0.29452824,-1.5733606,-2.5023628e-10,1.1113558e-09,0.78294791,-6.0654717e-10,9.6428006e-10,-2.3563086,-0.00012032258,4.7112105e-09,-7.4845252e-09,-5.1965614e-06,0.0012226331,-3.3140344e-08,5.4220532e-08,5.3966517e-05,123.10612,6.771306e-06,-1.0791377e-05,5.7535439,0,0
529,0.528,0,0,0,0,-0,0,0,0,0,0,0,0,0,0,0,0,0,0,0.52,1.287516,-0.2945283,-1.5733608,-2.4830307e-10,1.1027577e-09,0.78294779,-6.0185253e-10,9.5682185e-10,-2.3563086,-0.00011910612,4.6780612e-09,-7.4318973e-09,-5.1430954e-06,0.001210282,-3.3158175e-08,5.1035326e-08,5.2965556e-05,123.10602,6.7023205e-06,-1.0681606e-05,5.7535351,0,0
530,0.529,0,0,0,0,-0,0,0,0,0,0,0,0,0,0,0,0,0,0,0.52,1.287516,-0.29452837,-1.5733609,-2.4638345e-10,1.0942201e-09,0.78294767,-5.9719095e-10,9.4941611e-10,-2.3563086,-0.00011790196,4.6451019e-09,-7.3795708e-09,-5.0901792e-06,0.0011980364,-3.2760376e-08,5.3617621e-08,5.286688e-05,123.10592,6.6340378e-06,-1.0572952e-05,5.7535263,0,0
531,0.53,0,0,0,0,-0,0,0,0,0,0,0,0,0,0,0,0,0,0,0.52,1.287516,-0.29452843,-1.573361,-2.4447733e-10,1.0857427e-09,0.78294755,-5.9256223e-10,9.4206255e-10,-2.3563086,-0.00011670998,4.6123322e-09,-7.3275451e-09,-5.0378071e-06,0.001185934,-3.2779085e-08,5.0433846e-08,5.1877208e-05,123.10583,6.5664506e-06,-1.0465402e-05,5.7535176,0,0
532,0.531,0,0,0,0,-0,0,0,0,0,0,0,0,0,0,0,0,0,0,0.52,1.2875159,-0.29452849,-1.5733611,-2.4258465e-10,1.0773251e-09,0.78294744,-5.8796619e-10,9.3476087e-10,-2.3563086,-0.00011553004,4.5797515e-09,-7.2758193e-09,-4.9859737e-06,0.0011739345,-3.238226e-08,5.301766e-08,5.1789717e-05,123.10573,6.4995519e-06,-1.0358947e-05,5.7535091,0,0
533,0.532,0,0,0,0,-0,0,0,0,0,0,0,0,0,0,0,0,0,0,0.52,1.2875159,-0.29452855,-1.5733613,-2.4070533e-10,1.068967e-09,0.78294732,-5.8340264e-10,9.2751077e-10,-2.3563086,-0.00011436204,4.5473594e-09,-7.2243928e-09,-4.9346732e-06,0.0011620757,-3.2401954e-08,4.9835453e-08,5.0811129e-05,123.10564,6.4333346e-06,-1.0253575e-05,5.7535006,0,0
534,0.533,0,0,0,0,-0,0,0,0,0,0,0,0,0,0,0,0,0,0,0.52,1.2875158,-0.29452861,-1.5733614,-2.3883929e-10,1.060668e-09,0.78294721,-5.7887138e-10,9.2031194e-10,-2.3563086,-0.00011320584,4.5151554e-09,-7.1732646e-09,-4.8839004e-06,0.0011503175,-3.2006085e-08,5.2420799e-08,5.073458e-05,123.10555,6.3677918e-06,-1.0149274e-05,5.7534922,0,0
535,0.534,0,0,0,0,-0,0,0,0,0,0,0,0,0,0,0,0,0,0,0.52,1.2875158,-0.29452867,-1.5733615,-2.3698644e-10,1.0524278e-09,0.7829471,-5.7437223e-10,9.1316409e-10,-2.3563086,-0.00011206133,4.483139e-09,-7.1224341e-09,-4.8336497e-06,0.0011386975,-3.2026827e-08,4.9240228e-08,4.976685e-05,123.10546,6.3029168e-06,-1.0046034e-05,5.7534839,0,0
536,0.535,0,0,0,0,-0,0,0,0,0,0,0,0,0,0,0,0,0,0,0.52,1.2875158,-0.29452873,-1.5733616,-2.3514672e-10,1.044246e-09,0.78294699,-5.6990501e-10,9.0606692e-10,-2.3563086,-0.0001109284,4.4513096e-09,-7.0719004e-09,-4.7839157e-06,0.0011271756,-3.1631947e-08,5.1827172e-08,4.9701026e-05,123.10537,6.2387025e-06,-9.943844e-06,5.7534756,0,0
537,0.536,0,0,0,0,-0,0,0,0,0,0,0,0,0,0,0,0,0,0,0.52,1.2875157,-0.29452879,-1.5733617,-2.3332005e-10,1.0361224e-09,0.78294688,-5.6546952e-10,8.9902014e-10,-2.3563086,-0.00010980692,4.4196667e-09,-7.0216627e-09,-4.7346932e-06,0.0011157896,-3.1653776e-08,4.8648297e-08,4.8743934e-05,123.10528,6.1751424e-06,-9.8426936e-06,5.7534675,0,0
538,0.537,0,0,0,0,-0,0,0,0,0,0,0,0,0,0,0,0,0,0,0.52,1.2875157,-0.29452885,-1.5733618,-2.3150635e-10,1.0280565e-09,0.78294677,-5.6106558e-10,8.9202345e-10,-2.3563086,-0.00010869677,4.3882099e-09,-6.9717201e-09,-4.685977e-06,0.0011044993,-3.1259905e-08,5.1236876e-08,4.8688606e-05,123.10519,6.1122297e-06,-9.742572e-06,5.7534594,0,0
539,0.538,0,0,0,0,-0,0,0,0,0,0,0,0,0,0,0,0,0,0,0.52,1.2875157,-0.2945289,-1.5733619,-2.2970555e-10,1.020048e-09,0.78294666,-5.5669301e-10,8.8507655e-10,-2.3563086,-0.00010759785,4.3569385e-09,-6.9220718e-09,-4.6377617e-06,0.0010933425,-3.128286e-08,4.8059747e-08,4.7741934e-05,123.1051,6.0499579e-06,-9.6434687e-06,5.7534514,0,0
540,0.539,0,0,0,0,-0,0,0,0,0,0,0,0,0,0,0,0,0,0,0.52,1.2875156,-0.29452896,-1.5733621,-2.2791757e-10,1.0120966e-09,0.78294655,-5.5235161e-10,8.7817916e-10,-2.3563086,-0.00010651004,4.325852e-09,-6.8727169e-09,-4.5900423e-06,0.0010822792,-3.089005e-08,5.0650043e-08,4.7696901e-05,123.10502,5.9883204e-06,-9.5453735e-06,5.7534435,0,0
541,0.54,0,0,0,0,-0,0,0,0,0,0,0,0,0,0,0,0,0,0,0.52,1.2875156,-0.29452902,-1.5733622,-2.2614232e-10,1.0042019e-09,0.78294644,-5.4804121e-10,8.7133097e-10,-2.3563086,-0.00010543323,4.2949499e-09,-6.8236545e-09,-4.5428136e-06,0.001071347,-3.0914135e-08,4.7474686e-08,4.6760428e-05,123.10493,5.9273108e-06,-9.448276e-06,5.7534357,0,0
542,0.541,0,0,0,0,-0,0,0,0,0,0,0,0,0,0,0,0,0,0,0.52,1.2875156,-0.29452907,-1.5733623,-2.2437975e-10,9.9636364e-10,0.78294634,-5.4376162e-10,8.645317e-10,-2.3563086,-0.0001043673,4.2642317e-09,-6.7748838e-09,-4.4960707e-06,0.0010605061,-3.0522421e-08,5.006674e-08,4.6725473e-05,123.10485,5.8669227e-06,-9.3521661e-06,5.753428,0,0
543,0.542,0,0,0,0,-0,0,0,0,0,0,0,0,0,0,0,0,0,0,0.52,1.2875155,-0.29452913,-1.5733624,-2.2262977e-10,9.8858145e-10,0.78294624,-5.3951265e-10,8.5778106e-10,-2.3563086,-0.00010331215,4.2336966e-09,-6.7264038e-09,-4.4498084e-06,0.001049794,-3.0547681e-08,4.689322e-08,4.5798999e-05,123.10476,5.8071497e-06,-9.2570338e-06,5.7534203,0,0
544,0.543,0,0,0,0,-0,0,0,0,0,0,0,0,0,0,0,0,0,0,0.52,1.2875155,-0.29452918,-1.5733625,-2.208923e-10,9.80855e-10,0.78294613,-5.3529413e-10,8.5107875e-10,-2.3563086,-0.00010226767,4.2033442e-09,-6.6782137e-09,-4.404022e-06,0.001039171,-3.0157088e-08,4.9487078e-08,4.577392e-05,123.10468,5.7479856e-06,-9.1628691e-06,5.7534127,0,0
545,0.544,0,0,0,0,-0,0,0,0,0,0,0,0,0,0,0,0,0,0,0.52,1.2875155,-0.29452923,-1.5733626,-2.1916728e-10,9.7318395e-10,0.78294603,-5.3110588e-10,8.4442449e-10,-2.3563086,-0.00010123374,4.1731739e-09,-6.6303124e-09,-4.3587064e-06,0.0010286746,-3.0183529e-08,4.6315416e-08,4.4857225e-05,123.1046,5.6894242e-06,-9.0696622e-06,5.7534052,0,0
546,0.545,0,0,0,0,-0,0,0,0,0,0,0,0,0,0,0,0,0,0,0.52,1.2875154,-0.29452929,-1.5733627,-2.1745463e-10,9.6556796e-10,0.78294593,-5.269477e-10,8.3781798e-10,-2.3563086,-0.00010021027,4.1431851e-09,-6.5826992e-09,-4.3138569e-06,0.0010182651,-2.9794108e-08,4.8911142e-08,4.4841824e-05,123.10452,5.6314593e-06,-8.9774033e-06,5.7533978,0,0
547,0.546,0,0,0,0,-0,0,0,0,0,0,0,0,0,0,0,0,0,0,0.52,1.2875154,-0.29452934,-1.5733628,-2.1575426e-10,9.5800672e-10,0.78294583,-5.2281941e-10,8.3125895e-10,-2.3563086,-9.9197152e-05,4.1133772e-09,-6.5353729e-09,-4.2694686e-06,0.0010079801,-2.982177e-08,4.57414e-08,4.3934726e-05,123.10444,5.5740849e-06,-8.8860829e-06,5.7533904,0,0
548,0.547,0,0,0,0,-0,0,0,0,0,0,0,0,0,0,0,0,0,0,0.52,1.2875154,-0.29452939,-1.5733629,-2.1406612e-10,9.5049988e-10,0.78294573,-5.1872085e-10,8.2474709e-10,-2.3563086,-9.8194272e-05,4.0837495e-09,-6.4883327e-09,-4.2255368e-06,0.00099777981,-2.9433519e-08,4.8339008e-08,4.3928798e-05,123.10436,5.517295e-06,-8.7956913e-06,5.7533831,0,0
549,0.548,0,0,0,0,-0,0,0,0,0,0,0,0,0,0,0,0,0,0,0.52,1.2875153,-0.29452944,-1.573363,-2.1239012e-10,9.4304712e-10,0.78294563,-5.1465183e-10,8.1828214e-10,-2.3563086,-9.7201531e-05,4.0543015e-09,-6.4415776e-09,-4.1820569e-06,0.00098770192,-2.9462406e-08,4.5171194e-08,4.3031077e-05,123.10428,5.4610835e-06,-8.706219e-06,5.7533759,0,0
550,0.549,0,0,0,0,-0,0,0,0,0,0,0,0,0,0,0,0,0,0,0.52,1.2875153,-0.2945295,-1.5733631,-2.107262e-10,9.3564811e-10,0.78294554,-5.1061216e-10,8.118638e-10,-2.3563087,-9.6218827e-05,4.0250326e-09,-6.3951066e-09,-4.1390241e-06,0.00097770663,-2.9075403e-08,4.7770777e-08,4.3034446e-05,123.1042,5.4054447e-06,-8.6176568e-06,5.7533688,0,0
551,0.55,0,0,0,0,-0,0,0,0,0,0,0,0,0,0,0,0,0,0,0.52,1.2875153,-0.29452955,-1.5733632,-2.0907427e-10,9.2830252e-10,0.78294544,-5.0660167e-10,8.0549178e-10,-2.3563087,-9.5246058e-05,3.9959422e-09,-6.3489187e-09,-4.0964339e-06,0.00096783169,-2.9105547e-08,4.4604956e-08,4.2145937e-05,123.10412,5.3503727e-06,-8.5299955e-06,5.7533617,0,0
552,0.551,0,0,0,0,-0,0,0,0,0,0,0,0,0,0,0,0,0,0,0.52,1.2875152,-0.2945296,-1.5733633,-2.0743426e-10,9.2101002e-10,0.78294535,-5.0262019e-10,7.9916582e-10,-2.3563087,-9.4283123e-05,3.9670295e-09,-6.303013e-09,-4.0542818e-06,0.00095803729,-2.8719719e-08,4.7206438e-08,4.2158366e-05,123.10405,5.2958616e-06,-8.4432257e-06,5.7533547,0,0
553,0.552,0,0,0,0,-0,0,0,0,0,0,0,0,0,0,0,0,0,0,0.52,1.2875152,-0.29452965,-1.5733634,-2.0580611e-10,9.137703e-10,0.78294525,-4.9866752e-10,7.9288562e-10,-2.3563087,-9.3329924e-05,3.9382941e-09,-6.2573884e-09,-4.0125632e-06,0.00094836119,-2.8751244e-08,4.4042736e-08,4.1278905e-05,123.10397,5.2419059e-06,-8.3573386e-06,5.7533478,0,0
554,0.553,0,0,0,0,-0,0,0,0,0,0,0,0,0,0,0,0,0,0,0.52,1.2875152,-0.2945297,-1.5733635,-2.0418974e-10,9.0658303e-10,0.78294516,-4.9474351e-10,7.866509e-10,-2.3563087,-9.2386362e-05,3.9097351e-09,-6.212044e-09,-3.9712736e-06,0.00093876364,-2.8366568e-08,4.6646134e-08,4.1300209e-05,123.1039,5.1884997e-06,-8.272325e-06,5.753341,0,0
555,0.554,0,0,0,0,-0,0,0,0,0,0,0,0,0,0,0,0,0,0,0.52,1.2875151,-0.29452974,-1.5733636,-2.0258508e-10,8.9944788e-10,0.78294507,-4.9084797e-10,7.8046139e-10,-2.3563087,-9.1452339e-05,3.8813521e-09,-6.1669787e-09,-3.9304087e-06,0.0009292824,-2.839948e-08,4.3484546e-08,4.0429593e-05,123.10382,5.1356376e-06,-8.1881761e-06,5.7533342,0,0
556,0.555,0,0,0,0,-0,0,0,0,0,0,0,0,0,0,0,0,0,0,0.52,1.2875151,-0.29452979,-1.5733637,-2.0099205e-10,8.9236453e-10,0.78294498,-4.8698072e-10,7.743168e-10,-2.3563087,-9.0527759e-05,3.8531444e-09,-6.1221914e-09,-3.8899641e-06,0.00091987774,-2.8016061e-08,4.6089993e-08,4.0459631e-05,123.10375,5.0833141e-06,-8.1048832e-06,5.7533275,0,0
557,0.556,0,0,0,0,-0,0,0,0,0,0,0,0,0,0,0,0,0,0,0.52,1.2875151,-0.29452984,-1.5733638,-1.9941058e-10,8.8533267e-10,0.78294489,-4.8314159e-10,7.6821687e-10,-2.3563087,-8.9612526e-05,3.8251112e-09,-6.0776812e-09,-3.8499355e-06,0.00091058744,-2.8050244e-08,4.2930413e-08,3.9597632e-05,123.10368,5.0315235e-06,-8.0224374e-06,5.7533208,0,0
558,0.557,0,0,0,0,-0,0,0,0,0,0,0,0,0,0,0,0,0,0,0.52,1.287515,-0.29452989,-1.5733639,-1.978406e-10,8.7835197e-10,0.7829448,-4.7933041e-10,7.621613e-10,-2.3563087,-8.8706546e-05,3.797252e-09,-6.033447e-09,-3.8103185e-06,0.00090137178,-2.7668207e-08,4.5538022e-08,3.9636249e-05,123.10361,4.9802605e-06,-7.9408303e-06,5.7533142,0,0
559,0.558,0,0,0,0,-0,0,0,0,0,0,0,0,0,0,0,0,0,0,0.52,1.287515,-0.29452993,-1.573364,-1.9628205e-10,8.7142212e-10,0.78294471,-4.75547e-10,7.5614984e-10,-2.3563087,-8.7809726e-05,3.769566e-09,-5.9894877e-09,-3.771109e-06,0.00089226858,-2.7703653e-08,4.2380488e-08,3.8782699e-05,123.10353,4.9295197e-06,-7.8600532e-06,5.7533077,0,0
560,0.559,0,0,0,0,-0,0,0,0,0,0,0,0,0,0,0,0,0,0,0.52,1.287515,-0.29452998,-1.5733641,-1.9473484e-10,8.645428e-10,0.78294462,-4.7179119e-10,7.5018219e-10,-2.3563087,-8.6921973e-05,3.7420527e-09,-5.9458024e-09,-3.7323029e-06,0.00088323812,-2.7322969e-08,4.4990212e-08,3.8829691e-05,123.10346,4.8792958e-06,-7.7800977e-06,5.7533013,0,0
561,0.56,0,0,0,0,-0,0,0,0,0,0,0,0,0,0,0,0,0,0,0.52,1.287515,-0.29453003,-1.5733642,-1.9319891e-10,8.577137e-10,0.78294454,-4.6806281e-10,7.442581e-10,-2.3563087,-8.6043195e-05,3.7147114e-09,-5.9023898e-09,-3.6938958e-06,0.00087431825,-2.7359784e-08,4.1834849e-08,3.7984452e-05,123.10339,4.8295836e-06,-7.7009555e-06,5.7532949,0,0
562,0.561,0,0,0,0,-0,0,0,0,0,0,0,0,0,0,0,0,0,0,0.52,1.2875149,-0.29453007,-1.5733642,-1.9167419e-10,8.5093449e-10,0.78294445,-4.6436168e-10,7.3837728e-10,-2.3563087,-8.5173301e-05,3.6875413e-09,-5.8592491e-09,-3.6558837e-06,0.00086546927,-2.6980389e-08,4.4446644e-08,3.8039629e-05,123.10332,4.7803777e-06,-7.6226183e-06,5.7532886,0,0
563,0.562,0,0,0,0,-0,0,0,0,0,0,0,0,0,0,0,0,0,0,0.52,1.2875149,-0.29453012,-1.5733643,-1.9016061e-10,8.4420488e-10,0.78294437,-4.6068764e-10,7.3253946e-10,-2.3563087,-8.4312202e-05,3.6605418e-09,-5.816379e-09,-3.6182627e-06,0.00085672904,-2.7018618e-08,4.1293485e-08,3.7202529e-05,123.10326,4.7316731e-06,-7.5450779e-06,5.7532823,0,0
564,0.563,0,0,0,0,-0,0,0,0,0,0,0,0,0,0,0,0,0,0,0.52,1.2875149,-0.29453016,-1.5733644,-1.886581e-10,8.3752454e-10,0.78294428,-4.5704051e-10,7.2674438e-10,-2.3563087,-8.3459808e-05,3.6337122e-09,-5.7737786e-09,-3.5810285e-06,0.00084805789,-2.6640516e-08,4.390738e-08,3.7265719e-05,123.10319,4.6834646e-06,-7.4683261e-06,5.7532762,0,0
565,0.564,0,0,0,0,-0,0,0,0,0,0,0,0,0,0,0,0,0,0,0.52,1.2875148,-0.2945302,-1.5733645,-1.8716658e-10,8.3089317e-10,0.7829442,-4.5342013e-10,7.2099177e-10,-2.3563087,-8.2616033e-05,3.6070518e-09,-5.7314467e-09,-3.5441774e-06,0.00083949369,-2.6680222e-08,4.0756497e-08,3.6436615e-05,123.10312,4.6357474e-06,-7.3923552e-06,5.75327,0,0
566,0.565,0,0,0,0,-0,0,0,0,0,0,0,0,0,0,0,0,0,0,0.52,1.2875148,-0.29453025,-1.5733646,-1.85686e-10,8.2431045e-10,0.78294412,-4.4982632e-10,7.1528136e-10,-2.3563087,-8.1780787e-05,3.58056e-09,-5.6893822e-09,-3.5077052e-06,0.00083099678,-2.6303367e-08,4.3372454e-08,3.650764e-05,123.10306,4.588516e-06,-7.3171569e-06,5.753264,0,0
567,0.566,0,0,0,0,-0,0,0,0,0,0,0,0,0,0,0,0,0,0,0.52,1.2875148,-0.29453029,-1.5733647,-1.8421627e-10,8.1777609e-10,0.78294404,-4.4625893e-10,7.0961287e-10,-2.3563087,-8.0953986e-05,3.5542361e-09,-5.647584e-09,-3.4716082e-06,0.00082260507,-2.6344563e-08,4.0223847e-08,3.5686349e-05,123.10299,4.541766e-06,-7.2427235e-06,5.753258,0,0
568,0.567,0,0,0,0,-0,0,0,0,0,0,0,0,0,0,0,0,0,0,0.52,1.2875148,-0.29453033,-1.5733648,-1.8275733e-10,8.1128976e-10,0.78294396,-4.4271777e-10,7.0398606e-10,-2.3563087,-8.0135544e-05,3.5280793e-09,-5.6060511e-09,-3.4358825e-06,0.00081427891,-2.5969045e-08,4.2841985e-08,3.5765087e-05,123.10292,4.4954921e-06,-7.1690472e-06,5.753252,0,0
569,0.568,0,0,0,0,-0,0,0,0,0,0,0,0,0,0,0,0,0,0,0.52,1.2875147,-0.29453038,-1.5733648,-1.8130912e-10,8.0485118e-10,0.78294388,-4.3920268e-10,6.9840064e-10,-2.3563087,-7.9325377e-05,3.5020889e-09,-5.5647823e-09,-3.4005243e-06,0.00080605621,-2.6011638e-08,3.9695571e-08,3.4951419e-05,123.10286,4.4496896e-06,-7.0961202e-06,5.7532461,0,0
570,0.569,0,0,0,0,-0,0,0,0,0,0,0,0,0,0,0,0,0,0,0.52,1.2875147,-0.29453042,-1.5733649,-1.7987156e-10,7.9846003e-10,0.7829438,-4.3571351e-10,6.9285636e-10,-2.3563087,-7.85234e-05,3.4762643e-09,-5.5237766e-09,-3.3655297e-06,0.00079789736,-2.5637556e-08,4.2315978e-08,3.5037729e-05,123.1028,4.4043537e-06,-7.0239351e-06,5.7532403,0,0
571,0.57,0,0,0,0,-0,0,0,0,0,0,0,0,0,0,0,0,0,0,0.52,1.2875147,-0.29453046,-1.573365,-1.7844459e-10,7.9211601e-10,0.78294372,-4.3225007e-10,6.8735295e-10,-2.3563087,-7.7729531e-05,3.4506048e-09,-5.4830327e-09,-3.3308951e-06,0.00078984028,-2.5681514e-08,3.9171753e-08,3.4231527e-05,123.10273,4.3594797e-06,-6.9524842e-06,5.7532346,0,0
572,0.571,0,0,0,0,-0,0,0,0,0,0,0,0,0,0,0,0,0,0,0.52,1.2875147,-0.2945305,-1.5733651,-1.7702814e-10,7.8581882e-10,0.78294364,-4.2881222e-10,6.8189016e-10,-2.3563087,-7.6943688e-05,3.4251096e-09,-5.4425496e-09,-3.2966167e-06,0.00078184537,-2.530886e-08,4.1794406e-08,3.4325235e-05,123.10267,4.3150628e-06,-6.8817601e-06,5.7532288,0,0
573,0.572,0,0,0,0,-0,0,0,0,0,0,0,0,0,0,0,0,0,0,0.52,1.2875146,-0.29453054,-1.5733652,-1.7562213e-10,7.7956816e-10,0.78294356,-4.2539977e-10,6.7646773e-10,-2.3563087,-7.616579e-05,3.399778e-09,-5.4023262e-09,-3.2626909e-06,0.00077395058,-2.535426e-08,3.8652464e-08,3.3526376e-05,123.10261,4.2710984e-06,-6.8117553e-06,5.7532232,0,0
574,0.573,0,0,0,0,-0,0,0,0,0,0,0,0,0,0,0,0,0,0,0.52,1.2875146,-0.29453058,-1.5733653,-1.7422652e-10,7.7336373e-10,0.78294349,-4.2201258e-10,6.7108538e-10,-2.3563087,-7.5395757e-05,3.3746094e-09,-5.3623613e-09,-3.229114e-06,0.00076611631,-2.4982974e-08,4.1277313e-08,3.3627311e-05,123.10255,4.2275818e-06,-6.7424626e-06,5.7532176,0,0
575,0.574,0,0,0,0,-0,0,0,0,0,0,0,0,0,0,0,0,0,0,0.52,1.2875146,-0.29453062,-1.5733653,-1.7284122e-10,7.6720523e-10,0.78294341,-4.1865047e-10,6.6574287e-10,-2.3563087,-7.4633509e-05,3.349603e-09,-5.3226538e-09,-3.1958826e-06,0.00075838054,-2.5029862e-08,3.8137691e-08,3.2835643e-05,123.10249,4.1845086e-06,-6.6738747e-06,5.7532121,0,0
576,0.575,0,0,0,0,-0,0,0,0,0,0,0,0,0,0,0,0,0,0,0.52,1.2875146,-0.29453066,-1.5733654,-1.7146617e-10,7.6109237e-10,0.78294334,-4.1531329e-10,6.6043995e-10,-2.3563087,-7.3878966e-05,3.3247581e-09,-5.2832026e-09,-3.1629929e-06,0.00075070369,-2.4659961e-08,4.0764775e-08,3.294367e-05,123.10243,4.1418741e-06,-6.6059845e-06,5.7532066,0,0
577,0.576,0,0,0,0,-0,0,0,0,0,0,0,0,0,0,0,0,0,0,0.52,1.2875145,-0.2945307,-1.5733655,-1.7010131e-10,7.5502485e-10,0.78294327,-4.1200088e-10,6.5517634e-10,-2.3563088,-7.3132053e-05,3.300074e-09,-5.2440065e-09,-3.1304416e-06,0.00074312374,-2.470831e-08,3.7627442e-08,3.2159034e-05,123.10237,4.099674e-06,-6.5387848e-06,5.7532012,0,0
578,0.577,0,0,0,0,-0,0,0,0,0,0,0,0,0,0,0,0,0,0,0.52,1.2875145,-0.29453074,-1.5733656,-1.6874656e-10,7.4900238e-10,0.78294319,-4.0871306e-10,6.4995181e-10,-2.3563088,-7.239269e-05,3.2755499e-09,-5.2050643e-09,-3.098225e-06,0.00073560113,-2.4339838e-08,4.0256808e-08,3.2274018e-05,123.10231,4.0579037e-06,-6.4722687e-06,5.7531958,0,0
579,0.578,0,0,0,0,-0,0,0,0,0,0,0,0,0,0,0,0,0,0,0.52,1.2875145,-0.29453078,-1.5733656,-1.6740187e-10,7.4302467e-10,0.78294312,-4.054497e-10,6.4476609e-10,-2.3563088,-7.1660803e-05,3.2511852e-09,-5.166375e-09,-3.0663399e-06,0.00072817387,-2.438963e-08,3.7121756e-08,3.1496267e-05,123.10225,4.016559e-06,-6.4064291e-06,5.7531905,0,0
580,0.579,0,0,0,0,-0,0,0,0,0,0,0,0,0,0,0,0,0,0,0.52,1.2875145,-0.29453081,-1.5733657,-1.6606717e-10,7.3709142e-10,0.78294305,-4.0221061e-10,6.3961893e-10,-2.3563088,-7.0936315e-05,3.226979e-09,-5.1279375e-09,-3.0347827e-06,0.00072080241,-2.4022616e-08,3.9753431e-08,3.1618073e-05,123.10219,3.9756355e-06,-6.3412592e-06,5.7531852,0,0
581,0.58,0,0,0,0,-0,0,0,0,0,0,0,0,0,0,0,0,0,0,0.52,1.2875144,-0.29453085,-1.5733658,-1.6474239e-10,7.3120234e-10,0.78294298,-3.9899566e-10,6.3451009e-10,-2.3563088,-7.0219151e-05,3.2029308e-09,-5.0897504e-09,-3.0035502e-06,0.00071352476,-2.407381e-08,3.6620625e-08,3.084704e-05,123.10214,3.9351289e-06,-6.2767522e-06,5.75318,0,0
582,0.581,0,0,0,0,-0,0,0,0,0,0,0,0,0,0,0,0,0,0,0.52,1.2875144,-0.29453089,-1.5733659,-1.6342747e-10,7.2535716e-10,0.78294291,-3.9580467e-10,6.294393e-10,-2.3563088,-6.9509238e-05,3.1790398e-09,-5.0518128e-09,-2.9726389e-06,0.0007063014,-2.3708336e-08,3.9254692e-08,3.0975555e-05,123.10208,3.895035e-06,-6.2129014e-06,5.7531749,0,0
583,0.582,0,0,0,0,-0,0,0,0,0,0,0,0,0,0,0,0,0,0,0.52,1.2875144,-0.29453092,-1.5733659,-1.6212234e-10,7.1955557e-10,0.78294284,-3.926375e-10,6.2440634e-10,-2.3563088,-6.8806502e-05,3.1553051e-09,-5.0141234e-09,-2.9420455e-06,0.00069917035,-2.3760897e-08,3.6124117e-08,3.0211108e-05,123.10203,3.8553494e-06,-6.1497e-06,5.7531698,0,0
584,0.583,0,0,0,0,-0,0,0,0,0,0,0,0,0,0,0,0,0,0,0.52,1.2875144,-0.29453096,-1.573366,-1.6082695e-10,7.137973e-10,0.78294277,-3.8949399e-10,6.1941093e-10,-2.3563088,-6.8110871e-05,3.1317262e-09,-4.976681e-09,-2.9117669e-06,0.00069209211,-2.339692e-08,3.876051e-08,3.0346164e-05,123.10197,3.8160682e-06,-6.0871415e-06,5.7531647,0,0
585,0.584,0,0,0,0,-0,0,0,0,0,0,0,0,0,0,0,0,0,0,0.52,1.2875144,-0.294531,-1.5733661,-1.5954122e-10,7.0808206e-10,0.7829427,-3.8637397e-10,6.1445285e-10,-2.3563088,-6.7422272e-05,3.1083023e-09,-4.9394847e-09,-2.8817997e-06,0.00068510473,-2.3450925e-08,3.5632252e-08,2.9588181e-05,123.10192,3.7771871e-06,-6.0252192e-06,5.7531597,0,0
586,0.585,0,0,0,0,-0,0,0,0,0,0,0,0,0,0,0,0,0,0,0.52,1.2875143,-0.29453103,-1.5733661,-1.5826509e-10,7.0240957e-10,0.78294264,-3.832773e-10,6.0953184e-10,-2.3563088,-6.6740636e-05,3.0850326e-09,-4.902533e-09,-2.8521408e-06,0.00067816869,-2.3088435e-08,3.8270983e-08,2.9729648e-05,123.10186,3.7387021e-06,-5.9639269e-06,5.7531548,0,0
587,0.586,0,0,0,0,-0,0,0,0,0,0,0,0,0,0,0,0,0,0,0.52,1.2875143,-0.29453107,-1.5733662,-1.569985e-10,6.9677954e-10,0.78294257,-3.8020383e-10,6.0464766e-10,-2.3563088,-6.606589e-05,3.0619165e-09,-4.865825e-09,-2.822787e-06,0.00067132207,-2.314391e-08,3.5145062e-08,2.8978022e-05,123.10181,3.7006092e-06,-5.903258e-06,5.7531499,0,0
588,0.587,0,0,0,0,-0,0,0,0,0,0,0,0,0,0,0,0,0,0,0.52,1.2875143,-0.2945311,-1.5733663,-1.5574139e-10,6.911917e-10,0.7829425,-3.771534e-10,5.9980007e-10,-2.3563088,-6.5397967e-05,3.0389531e-09,-4.8293595e-09,-2.7937351e-06,0.00066452537,-2.2782823e-08,3.7786045e-08,2.912573e-05,123.10175,3.6629043e-06,-5.8432062e-06,5.7531451,0,0
589,0.588,0,0,0,0,-0,0,0,0,0,0,0,0,0,0,0,0,0,0,0.52,1.2875143,-0.29453114,-1.5733663,-1.544937e-10,6.8564576e-10,0.78294244,-3.7412585e-10,5.9498882e-10,-2.3563088,-6.4736796e-05,3.0161418e-09,-4.7931352e-09,-2.7649821e-06,0.00065781668,-2.2839834e-08,3.4662514e-08,2.8380328e-05,123.1017,3.6255836e-06,-5.7837652e-06,5.7531403,0,0
590,0.589,0,0,0,0,-0,0,0,0,0,0,0,0,0,0,0,0,0,0,0.52,1.2875142,-0.29453117,-1.5733664,-1.5325535e-10,6.8014146e-10,0.78294238,-3.7112104e-10,5.9021368e-10,-2.3563088,-6.4082309e-05,2.9934817e-09,-4.757151e-09,-2.7365248e-06,0.00065115654,-2.24802e-08,3.7305831e-08,2.853419e-05,123.10165,3.5886431e-06,-5.7249289e-06,5.7531355,0,0
591,0.59,0,0,0,0,-0,0,0,0,0,0,0,0,0,0,0,0,0,0,0.52,1.2875142,-0.2945312,-1.5733665,-1.520263e-10,6.746785e-10,0.78294231,-3.6813881e-10,5.854744e-10,-2.3563088,-6.3434439e-05,2.9709723e-09,-4.7214058e-09,-2.7083603e-06,0.000644583,-2.2538652e-08,3.4184583e-08,2.7794858e-05,123.1016,3.5520789e-06,-5.666691e-06,5.7531308,0,0
592,0.591,0,0,0,0,-0,0,0,0,0,0,0,0,0,0,0,0,0,0,0.52,1.2875142,-0.29453124,-1.5733665,-1.5080647e-10,6.6925663e-10,0.78294225,-3.6517902e-10,5.8077075e-10,-2.3563088,-6.2793119e-05,2.9486127e-09,-4.6858984e-09,-2.6804855e-06,0.00063805664,-2.2180507e-08,3.6830251e-08,2.7954739e-05,123.10155,3.5158872e-06,-5.6090455e-06,5.7531262,0,0
593,0.592,0,0,0,0,-0,0,0,0,0,0,0,0,0,0,0,0,0,0,0.52,1.2875142,-0.29453127,-1.5733666,-1.4959582e-10,6.6387555e-10,0.78294219,-3.6224151e-10,5.7610249e-10,-2.3563088,-6.2158283e-05,2.9264023e-09,-4.6506276e-09,-2.6528974e-06,0.00063161555,-2.224044e-08,3.3711354e-08,2.7221371e-05,123.1015,3.4800641e-06,-5.5519864e-06,5.7531216,0,0
594,0.593,0,0,0,0,-0,0,0,0,0,0,0,0,0,0,0,0,0,0,0.52,1.2875142,-0.2945313,-1.5733667,-1.4839426e-10,6.5853501e-10,0.78294212,-3.5932614e-10,5.7146938e-10,-2.3563088,-6.1529865e-05,2.9043402e-09,-4.6155922e-09,-2.6255932e-06,0.00062522029,-2.188376e-08,3.6359348e-08,2.7387151e-05,123.10145,3.4446061e-06,-5.4955076e-06,5.753117,0,0
595,0.594,0,0,0,0,-0,0,0,0,0,0,0,0,0,0,0,0,0,0,0.52,1.2875141,-0.29453134,-1.5733667,-1.4720176e-10,6.5323474e-10,0.78294206,-3.5643275e-10,5.6687119e-10,-2.3563088,-6.0907801e-05,2.8824257e-09,-4.5807912e-09,-2.5985698e-06,0.00061890897,-2.194515e-08,3.3242768e-08,2.6659608e-05,123.1014,3.4095092e-06,-5.4396033e-06,5.7531125,0,0
596,0.595,0,0,0,0,-0,0,0,0,0,0,0,0,0,0,0,0,0,0,0.52,1.2875141,-0.29453137,-1.5733668,-1.4601823e-10,6.4797445e-10,0.782942,-3.5356121e-10,5.6230768e-10,-2.3563088,-6.0292025e-05,2.8606581e-09,-4.5462232e-09,-2.5718244e-06,0.00061264218,-2.1589984e-08,3.5893142e-08,2.683118e-05,123.10135,3.37477e-06,-5.3842678e-06,5.753108,0,0
597,0.596,0,0,0,0,-0,0,0,0,0,0,0,0,0,0,0,0,0,0,0.52,1.2875141,-0.2945314,-1.5733669,-1.4484363e-10,6.4275388e-10,0.78294194,-3.5071137e-10,5.5777862e-10,-2.3563088,-5.9682475e-05,2.8390368e-09,-4.5118872e-09,-2.5453541e-06,0.00060645803,-2.1652789e-08,3.277884e-08,2.6109331e-05,123.1013,3.3403845e-06,-5.3294949e-06,5.7531036,0,0
598,0.597,0,0,0,0,-0,0,0,0,0,0,0,0,0,0,0,0,0,0,0.52,1.2875141,-0.29453143,-1.5733669,-1.436779e-10,6.3757278e-10,0.78294188,-3.4788307e-10,5.5328379e-10,-2.3563088,-5.9079088e-05,2.8175608e-09,-4.477782e-09,-2.5191562e-06,0.00060031711,-2.1299175e-08,3.5431626e-08,2.6286588e-05,123.10125,3.3063495e-06,-5.2752794e-06,5.7530992,0,0
599,0.598,0,0,0,0,-0,0,0,0,0,0,0,0,0,0,0,0,0,0,0.52,1.2875141,-0.29453146,-1.573367,-1.4252097e-10,6.3243086e-10,0.78294182,-3.4507617e-10,5.4882294e-10,-2.3563088,-5.84818e-05,2.7962295e-09,-4.4439064e-09,-2.4932277e-06,0.00059425756,-2.1363364e-08,3.231958e-08,2.5570314e-05,123.10121,3.2726611e-06,-5.2216152e-06,5.7530949,0,0
600,0.599,0,0,0,0,-0,0,0,0,0,0,0,0,0,0,0,0,0,0,0.52,1.287514,-0.29453149,-1.573367,-1.4137279e-10,6.2732787e-10,0.78294177,-3.4229054e-10,5.4439586e-10,-2.3563088,-5.7890551e-05,2.7750422e-09,-4.4102592e-09,-2.467566e-06,0.00058824,-2.1011301e-08,3.4974765e-08,2.5753128e-05,123.10116,3.2393159e-06,-5.1684969e-06,5.7530906,0,0
601,0.6,0,0,0,0,-0,0,0,0,0,0,0,0,0,0,0,0,0,0,0.52,1.287514,-0.29453152,-1.5733671,-1.4023329e-10,6.2226355e-10,0.78294171,-3.3952602e-10,5.4000231e-10,-2.3563088,-5.730528e-05,2.7539981e-09,-4.3768393e-09,-2.4421683e-06,0.00058230254,-2.1076911e-08,3.1865021e-08,2.5042331e-05,123.10111,3.2063105e-06,-5.1159189e-06,5.7530864,0,0
602,0.601,0,0,0,0,-0,0,0,0,0,0,0,0,0,0,0,0,0,0,0.52,1.287514,-0.29453155,-1.5733672,-1.3910242e-10,6.1723762e-10,0.78294165,-3.3678247e-10,5.3564207e-10,-2.3563088,-5.6725926e-05,2.7330964e-09,-4.3436455e-09,-2.4170318e-06,0.00057640584,-2.0726356e-08,3.4522563e-08,2.5230579e-05,123.10107,3.1736413e-06,-5.0638757e-06,5.7530821,0,0
603,0.602,0,0,0,0,-0,0,0,0,0,0,0,0,0,0,0,0,0,0,0.52,1.287514,-0.29453158,-1.5733672,-1.3798012e-10,6.1224984e-10,0.78294159,-3.3405975e-10,5.3131491e-10,-2.3563088,-5.6152429e-05,2.7123365e-09,-4.3106767e-09,-2.392154e-06,0.00057058804,-2.0793415e-08,3.141514e-08,2.4525151e-05,123.10102,3.1413049e-06,-5.0123619e-06,5.753078,0,0
604,0.603,0,0,0,0,-0,0,0,0,0,0,0,0,0,0,0,0,0,0,0.52,1.287514,-0.29453161,-1.5733673,-1.3686633e-10,6.0729995e-10,0.78294154,-3.3135772e-10,5.270206e-10,-2.3563088,-5.558473e-05,2.6917177e-09,-4.2779316e-09,-2.367532e-06,0.00056480977,-2.0444351e-08,3.4075028e-08,2.4718725e-05,123.10098,3.1092979e-06,-4.9613722e-06,5.7530739,0,0
605,0.604,0,0,0,0,-0,0,0,0,0,0,0,0,0,0,0,0,0,0,0.52,1.287514,-0.29453164,-1.5733673,-1.35761e-10,6.0238768e-10,0.78294148,-3.2867625e-10,5.2275893e-10,-2.3563088,-5.5022771e-05,2.6712391e-09,-4.2454091e-09,-2.3431634e-06,0.00055910919,-2.0512862e-08,3.0969922e-08,2.4018556e-05,123.10093,3.0776171e-06,-4.910901e-06,5.7530698,0,0
606,0.605,0,0,0,0,-0,0,0,0,0,0,0,0,0,0,0,0,0,0,0.52,1.2875139,-0.29453167,-1.5733674,-1.3466406e-10,5.9751278e-10,0.78294143,-3.2601518e-10,5.1852968e-10,-2.3563088,-5.4466493e-05,2.6509e-09,-4.2131081e-09,-2.3190454e-06,0.00055344698,-2.0165273e-08,3.3632141e-08,2.4217335e-05,123.10089,3.0462589e-06,-4.8609432e-06,5.7530658,0,0
607,0.606,0,0,0,0,-0,0,0,0,0,0,0,0,0,0,0,0,0,0,0.52,1.2875139,-0.2945317,-1.5733675,-1.3357547e-10,5.9267499e-10,0.78294137,-3.2337438e-10,5.1433261e-10,-2.3563088,-5.3915838e-05,2.6306997e-09,-4.1810273e-09,-2.2951756e-06,0.00054786128,-2.023526e-08,3.0529376e-08,2.3522327e-05,123.10084,3.0152203e-06,-4.8114937e-06,5.7530618,0,0
608,0.607,0,0,0,0,-0,0,0,0,0,0,0,0,0,0,0,0,0,0,0.52,1.2875139,-0.29453173,-1.5733675,-1.3249515e-10,5.8787407e-10,0.78294132,-3.2075371e-10,5.1016751e-10,-2.3563088,-5.3370751e-05,2.6106375e-09,-4.1491657e-09,-2.2715513e-06,0.00054231278,-1.9889125e-08,3.3193909e-08,2.37262e-05,123.1008,2.9844978e-06,-4.762547e-06,5.7530578,0,0
609,0.608,0,0,0,0,-0,0,0,0,0,0,0,0,0,0,0,0,0,0,0.52,1.2875139,-0.29453176,-1.5733676,-1.3142306e-10,5.8310976e-10,0.78294127,-3.1815303e-10,5.0603417e-10,-2.3563088,-5.2831175e-05,2.5907127e-09,-4.117522e-09,-2.2481701e-06,0.00053683965,-1.9960601e-08,3.009349e-08,2.3036254e-05,123.10076,2.9540883e-06,-4.7140983e-06,5.7530539,0,0
610,0.609,0,0,0,0,-0,0,0,0,0,0,0,0,0,0,0,0,0,0,0.52,1.2875139,-0.29453178,-1.5733676,-1.3035914e-10,5.7838181e-10,0.78294122,-3.1557221e-10,5.0193236e-10,-2.3563088,-5.2297054e-05,2.5709244e-09,-4.0860951e-09,-2.2250294e-06,0.00053140259,-1.9615909e-08,3.2760328e-08,2.3245121e-05,123.10071,2.9239887e-06,-4.6661425e-06,5.75305,0,0
611,0.61,0,0,0,0,-0,0,0,0,0,0,0,0,0,0,0,0,0,0,0.52,1.2875138,-0.29453181,-1.5733677,-1.2930334e-10,5.7368996e-10,0.78294116,-3.1301112e-10,4.9786187e-10,-2.3563088,-5.1768333e-05,2.551272e-09,-4.0548838e-09,-2.2021268e-06,0.00052603976,-1.9688834e-08,2.9662204e-08,2.2560105e-05,123.10067,2.8941956e-06,-4.6186743e-06,5.7530462,0,0
612,0.611,0,0,0,0,-0,0,0,0,0,0,0,0,0,0,0,0,0,0,0.52,1.2875138,-0.29453184,-1.5733677,-1.2825559e-10,5.6903398e-10,0.78294111,-3.104696e-10,4.9382248e-10,-2.3563088,-5.1244957e-05,2.5317548e-09,-4.023887e-09,-2.1794598e-06,0.00052071188,-1.9345667e-08,3.2331432e-08,2.2773899e-05,123.10063,2.8647062e-06,-4.5716891e-06,5.7530424,0,0
613,0.612,0,0,0,0,-0,0,0,0,0,0,0,0,0,0,0,0,0,0,0.52,1.2875138,-0.29453187,-1.5733678,-1.2721584e-10,5.6441362e-10,0.78294106,-3.0794754e-10,4.8981399e-10,-2.3563088,-5.0726873e-05,2.512372e-09,-3.9931035e-09,-2.157026e-06,0.00051545713,-1.9419955e-08,2.9235525e-08,2.2093699e-05,123.10059,2.8355171e-06,-4.5251818e-06,5.7530386,0,0
614,0.613,0,0,0,0,-0,0,0,0,0,0,0,0,0,0,0,0,0,0,0.52,1.2875138,-0.29453189,-1.5733678,-1.2618404e-10,5.5982862e-10,0.78294101,-3.0544479e-10,4.8583617e-10,-2.3563088,-5.0214026e-05,2.4931228e-09,-3.9625322e-09,-2.134823e-06,0.00051023624,-1.9078331e-08,3.1907136e-08,2.2312312e-05,123.10055,2.8066255e-06,-4.4791475e-06,5.7530349,0,0
615,0.614,0,0,0,0,-0,0,0,0,0,0,0,0,0,0,0,0,0,0,0.52,1.2875138,-0.29453192,-1.5733679,-1.2516014e-10,5.5527876e-10,0.78294096,-3.0296123e-10,4.8188882e-10,-2.3563088,-4.9706364e-05,2.4740067e-09,-3.9321719e-09,-2.1128484e-06,0.0005050874,-1.9154003e-08,2.8813484e-08,2.1636838e-05,123.10051,2.7780281e-06,-4.4335815e-06,5.7530312,0,0
616,0.615,0,0,0,0,-0,0,0,0,0,0,0,0,0,0,0,0,0,0,0.52,1.2875138,-0.29453195,-1.5733679,-1.2414407e-10,5.5076377e-10,0.78294091,-3.0049671e-10,4.7797172e-10,-2.3563089,-4.9203835e-05,2.4550227e-09,-3.9020214e-09,-2.0910999e-06,0.00049997134,-1.8813916e-08,3.1487472e-08,2.1860178e-05,123.10047,2.7497221e-06,-4.388479e-06,5.7530276,0,0
617,0.616,0,0,0,0,-0,0,0,0,0,0,0,0,0,0,0,0,0,0,0.52,1.2875137,-0.29453197,-1.573368,-1.2313579e-10,5.4628343e-10,0.78294086,-2.9805112e-10,4.7408467e-10,-2.3563089,-4.8706386e-05,2.4361703e-09,-3.8720797e-09,-2.0695752e-06,0.00049492628,-1.8890935e-08,2.8396026e-08,2.1189319e-05,123.10043,2.7217044e-06,-4.3438352e-06,5.753024,0,0
618,0.617,0,0,0,0,-0,0,0,0,0,0,0,0,0,0,0,0,0,0,0.52,1.2875137,-0.294532,-1.573368,-1.2213524e-10,5.4183749e-10,0.78294081,-2.9562431e-10,4.7022746e-10,-2.3563089,-4.8213966e-05,2.4174486e-09,-3.8423455e-09,-2.0482719e-06,0.00048991296,-1.8552396e-08,3.1072393e-08,2.1417286e-05,123.10039,2.6939723e-06,-4.2996457e-06,5.7530204,0,0
619,0.618,0,0,0,0,-0,0,0,0,0,0,0,0,0,0,0,0,0,0,0.52,1.2875137,-0.29453202,-1.5733681,-1.2114236e-10,5.3742571e-10,0.78294077,-2.9321615e-10,4.6639988e-10,-2.3563089,-4.7726525e-05,2.398857e-09,-3.8128177e-09,-2.0271878e-06,0.00048496959,-1.8630778e-08,2.7983179e-08,2.0750961e-05,123.10035,2.6665226e-06,-4.2559055e-06,5.7530169,0,0
620,0.619,0,0,0,0,-0,0,0,0,0,0,0,0,0,0,0,0,0,0,0.52,1.2875137,-0.29453205,-1.5733681,-1.2015711e-10,5.3304786e-10,0.78294072,-2.9082653e-10,4.6260172e-10,-2.3563089,-4.7244012e-05,2.3803948e-09,-3.7834951e-09,-2.0063205e-06,0.00048005693,-1.8293751e-08,3.0661883e-08,2.0983454e-05,123.10031,2.6393526e-06,-4.2126103e-06,5.7530134,0,0
621,0.62,0,0,0,0,-0,0,0,0,0,0,0,0,0,0,0,0,0,0,0.52,1.2875137,-0.29453207,-1.5733682,-1.1917943e-10,5.287037e-10,0.78294067,-2.884553e-10,4.5883278e-10,-2.3563089,-4.6766377e-05,2.3620611e-09,-3.7543767e-09,-1.985668e-06,0.0004752132,-1.8373541e-08,2.7574942e-08,2.0321592e-05,123.10028,2.6124594e-06,-4.1697556e-06,5.7530099,0,0
622,0.621,0,0,0,0,-0,0,0,0,0,0,0,0,0,0,0,0,0,0,0.52,1.2875137,-0.2945321,-1.5733682,-1.1820927e-10,5.2439299e-10,0.78294062,-2.8610234e-10,4.5509287e-10,-2.3563089,-4.629357e-05,2.3438554e-09,-3.7254613e-09,-1.965228e-06,0.00047039917,-1.8037914e-08,3.0255864e-08,2.0558476e-05,123.10024,2.5858402e-06,-4.1273367e-06,5.7530065,0,0
623,0.622,0,0,0,0,-0,0,0,0,0,0,0,0,0,0,0,0,0,0,0.52,1.2875137,-0.29453212,-1.5733683,-1.1724657e-10,5.2011551e-10,0.78294058,-2.8376753e-10,4.5138176e-10,-2.3563089,-4.5825544e-05,2.3257768e-09,-3.6967478e-09,-1.9449983e-06,0.00046565309,-1.8119204e-08,2.7171272e-08,1.9901002e-05,123.1002,2.5594921e-06,-4.0853493e-06,5.7530031,0,0
624,0.623,0,0,0,0,-0,0,0,0,0,0,0,0,0,0,0,0,0,0,0.52,1.2875136,-0.29453215,-1.5733683,-1.1629128e-10,5.1587101e-10,0.78294053,-2.8145073e-10,4.4769927e-10,-2.3563089,-4.536225e-05,2.3078247e-09,-3.6682349e-09,-1.9249766e-06,0.00046093571,-1.778498e-08,2.9854449e-08,2.0142213e-05,123.10016,2.5334126e-06,-4.043789e-06,5.7529997,0,0
625,0.624,0,0,0,0,-0,0,0,0,0,0,0,0,0,0,0,0,0,0,0.52,1.2875136,-0.29453217,-1.5733684,-1.1534336e-10,5.1165927e-10,0.78294049,-2.7915181e-10,4.4404519e-10,-2.3563089,-4.4903639e-05,2.2899984e-09,-3.6399216e-09,-1.905161e-06,0.00045628531,-1.7867691e-08,2.6772101e-08,1.9489013e-05,123.10013,2.5075987e-06,-4.0026515e-06,5.7529964,0,0
626,0.625,0,0,0,0,-0,0,0,0,0,0,0,0,0,0,0,0,0,0,0.52,1.2875136,-0.29453219,-1.5733684,-1.1440275e-10,5.0748007e-10,0.78294044,-2.7687067e-10,4.4041933e-10,-2.3563089,-4.4449665e-05,2.2722971e-09,-3.6118068e-09,-1.8855493e-06,0.00045166264,-1.7534901e-08,2.9457549e-08,1.9734463e-05,123.10009,2.4820478e-06,-3.9619324e-06,5.7529931,0,0
627,0.626,0,0,0,0,-0,0,0,0,0,0,0,0,0,0,0,0,0,0,0.52,1.2875136,-0.29453222,-1.5733685,-1.134694e-10,5.0333316e-10,0.7829404,-2.7460716e-10,4.3682148e-10,-2.3563089,-4.4000281e-05,2.2547201e-09,-3.5838893e-09,-1.8661393e-06,0.00044710598,-1.7619029e-08,2.6377451e-08,1.9085455e-05,123.10006,2.4567571e-06,-3.9216275e-06,5.7529899,0,0
628,0.627,0,0,0,0,-0,0,0,0,0,0,0,0,0,0,0,0,0,0,0.52,1.2875136,-0.29453224,-1.5733685,-1.1254325e-10,4.9921833e-10,0.78294036,-2.7236116e-10,4.3325145e-10,-2.3563089,-4.355544e-05,2.2372668e-09,-3.556168e-09,-1.8469291e-06,0.00044257611,-1.7287675e-08,2.906517e-08,1.9335061e-05,123.10002,2.4317242e-06,-3.8817326e-06,5.7529866,0,0
629,0.628,0,0,0,0,-0,0,0,0,0,0,0,0,0,0,0,0,0,0,0.52,1.2875136,-0.29453226,-1.5733686,-1.1162426e-10,4.9513534e-10,0.78294031,-2.7013256e-10,4.2970905e-10,-2.3563089,-4.3115096e-05,2.2199364e-09,-3.5286418e-09,-1.8279165e-06,0.00043811132,-1.7373194e-08,2.5987292e-08,1.8690153e-05,123.09999,2.4069463e-06,-3.8422435e-06,5.7529835,0,0
630,0.629,0,0,0,0,-0,0,0,0,0,0,0,0,0,0,0,0,0,0,0.52,1.2875136,-0.29453229,-1.5733686,-1.1071238e-10,4.9108398e-10,0.78294027,-2.6792123e-10,4.2619407e-10,-2.3563089,-4.2679205e-05,2.2027281e-09,-3.5013095e-09,-1.8090995e-06,0.00043367239,-1.7043264e-08,2.8677257e-08,1.8943824e-05,123.09995,2.3824209e-06,-3.8031561e-06,5.7529803,0,0
631,0.63,0,0,0,0,-0,0,0,0,0,0,0,0,0,0,0,0,0,0,0.52,1.2875135,-0.29453231,-1.5733687,-1.0980756e-10,4.8706403e-10,0.78294023,-2.6572705e-10,4.2270633e-10,-2.3563089,-4.224772e-05,2.1856414e-09,-3.47417e-09,-1.7904761e-06,0.00042929762,-1.7130197e-08,2.5601624e-08,1.8302944e-05,123.09992,2.3581453e-06,-3.7644663e-06,5.7529772,0,0
632,0.631,0,0,0,0,-0,0,0,0,0,0,0,0,0,0,0,0,0,0,0.52,1.2875135,-0.29453233,-1.5733687,-1.0890974e-10,4.8307525e-10,0.78294018,-2.6354989e-10,4.1924563e-10,-2.3563089,-4.1820597e-05,2.1686755e-09,-3.4472223e-09,-1.7720443e-06,0.00042494779,-1.680166e-08,2.82938e-08,1.8560597e-05,123.09988,2.334117e-06,-3.7261701e-06,5.7529741,0,0
633,0.632,0,0,0,0,-0,0,0,0,0,0,0,0,0,0,0,0,0,0,0.52,1.2875135,-0.29453235,-1.5733687,-1.0801888e-10,4.7911743e-10,0.78294014,-2.6138963e-10,4.1581179e-10,-2.3563089,-4.1397792e-05,2.1518296e-09,-3.4204652e-09,-1.7538022e-06,0.00042066122,-1.6889993e-08,2.5220389e-08,1.7923653e-05,123.09985,2.3103335e-06,-3.6882634e-06,5.752971,0,0
634,0.633,0,0,0,0,-0,0,0,0,0,0,0,0,0,0,0,0,0,0,0.52,1.2875135,-0.29453237,-1.5733688,-1.0713493e-10,4.7519035e-10,0.7829401,-2.5924617e-10,4.1240461e-10,-2.3563089,-4.0979262e-05,2.1351032e-09,-3.3938976e-09,-1.7357478e-06,0.00041639871,-1.6562867e-08,2.7914799e-08,1.8185207e-05,123.09982,2.2867923e-06,-3.6507423e-06,5.752968,0,0
635,0.634,0,0,0,0,-0,0,0,0,0,0,0,0,0,0,0,0,0,0,0.52,1.2875135,-0.2945324,-1.5733688,-1.0625784e-10,4.7129379e-10,0.78294006,-2.5711937e-10,4.090239e-10,-2.3563089,-4.0564964e-05,2.1184955e-09,-3.3675184e-09,-1.7178791e-06,0.00041219857,-1.6652578e-08,2.484358e-08,1.7552117e-05,123.09978,2.263491e-06,-3.6136028e-06,5.752965,0,0
636,0.635,0,0,0,0,-0,0,0,0,0,0,0,0,0,0,0,0,0,0,0.52,1.2875135,-0.29453242,-1.5733689,-1.0538756e-10,4.6742753e-10,0.78294002,-2.5500912e-10,4.0566948e-10,-2.3563089,-4.0154854e-05,2.1020058e-09,-3.3413265e-09,-1.7001943e-06,0.00040802162,-1.6326888e-08,2.7540242e-08,1.7817519e-05,123.09975,2.2404271e-06,-3.5768413e-06,5.752962,0,0
637,0.636,0,0,0,0,-0,0,0,0,0,0,0,0,0,0,0,0,0,0,0.52,1.2875135,-0.29453244,-1.5733689,-1.0452404e-10,4.6359137e-10,0.78293998,-2.529153e-10,4.0234116e-10,-2.3563089,-3.974889e-05,2.0856334e-09,-3.3153208e-09,-1.6826914e-06,0.00040390617,-1.6417911e-08,2.4471149e-08,1.7188186e-05,123.09972,2.2175981e-06,-3.5404535e-06,5.7529591,0,0
638,0.637,0,0,0,0,-0,0,0,0,0,0,0,0,0,0,0,0,0,0,0.52,1.2875134,-0.29453246,-1.573369,-1.0366724e-10,4.5978508e-10,0.78293994,-2.5083779e-10,3.9903874e-10,-2.3563089,-3.934703e-05,2.0693776e-09,-3.2895003e-09,-1.6653687e-06,0.00039981306,-1.609364e-08,2.7170024e-08,1.7457327e-05,123.09969,2.1950017e-06,-3.504436e-06,5.7529561,0,0
639,0.638,0,0,0,0,-0,0,0,0,0,0,0,0,0,0,0,0,0,0,0.52,1.2875134,-0.29453248,-1.573369,-1.028171e-10,4.5600845e-10,0.7829399,-2.4877649e-10,3.9576206e-10,-2.3563089,-3.8949233e-05,2.0532377e-09,-3.2638637e-09,-1.6482242e-06,0.00039578059,-1.6186055e-08,2.4103148e-08,1.6831714e-05,123.09966,2.1726356e-06,-3.4687848e-06,5.7529533,0,0
640,0.639,0,0,0,0,-0,0,0,0,0,0,0,0,0,0,0,0,0,0,0.52,1.2875134,-0.2945325,-1.573369,-1.0197358e-10,4.5226128e-10,0.78293986,-2.4673126e-10,3.9251093e-10,-2.3563089,-3.8555458e-05,2.0372131e-09,-3.23841e-09,-1.631256e-06,0.00039176963,-1.5863148e-08,2.6804191e-08,1.7104525e-05,123.09962,2.1504973e-06,-3.4334963e-06,5.7529504,0,0
641,0.64,0,0,0,0,-0,0,0,0,0,0,0,0,0,0,0,0,0,0,0.52,1.2875134,-0.29453252,-1.5733691,-1.0113664e-10,4.4854334e-10,0.78293982,-2.44702e-10,3.8928515e-10,-2.3563089,-3.8165664e-05,2.0213031e-09,-3.2131382e-09,-1.6144625e-06,0.00038781849,-1.5956901e-08,2.3739447e-08,1.6482517e-05,123.09959,2.1285845e-06,-3.3985667e-06,5.7529476,0,0
642,0.641,0,0,0,0,-0,0,0,0,0,0,0,0,0,0,0,0,0,0,0.52,1.2875134,-0.29453254,-1.5733691,-1.0030622e-10,4.4485444e-10,0.78293979,-2.426886e-10,3.8608456e-10,-2.3563089,-3.7779811e-05,2.0055069e-09,-3.1880471e-09,-1.5978418e-06,0.00038388802,-1.5635419e-08,2.6442715e-08,1.6758941e-05,123.09956,2.1068951e-06,-3.3639925e-06,5.7529448,0,0
643,0.642,0,0,0,0,-0,0,0,0,0,0,0,0,0,0,0,0,0,0,0.52,1.2875134,-0.29453256,-1.5733692,-9.948228e-11,4.4119437e-10,0.78293975,-2.4069093e-10,3.8290897e-10,-2.3563089,-3.7397859e-05,1.989824e-09,-3.1631357e-09,-1.5813921e-06,0.00038001656,-1.5730474e-08,2.338008e-08,1.6140473e-05,123.09953,2.0854265e-06,-3.3297699e-06,5.752942,0,0
644,0.643,0,0,0,0,-0,0,0,0,0,0,0,0,0,0,0,0,0,0,0.52,1.2875134,-0.29453258,-1.5733692,-9.8664772e-11,4.375629e-10,0.78293971,-2.3870889e-10,3.797582e-10,-2.3563089,-3.7019768e-05,1.9742536e-09,-3.1384029e-09,-1.5651116e-06,0.00037616497,-1.5410383e-08,2.6085521e-08,1.6420415e-05,123.0995,2.0641767e-06,-3.2958954e-06,5.7529393,0,0
645,0.644,0,0,0,0,-0,0,0,0,0,0,0,0,0,0,0,0,0,0,0.52,1.2875134,-0.2945326,-1.5733692,-9.785365e-11,4.3395986e-10,0.78293968,-2.3674237e-10,3.7663207e-10,-2.3563089,-3.66455e-05,1.958795e-09,-3.1138476e-09,-1.5489987e-06,0.00037237159,-1.5506804e-08,2.3025059e-08,1.5805447e-05,123.09947,2.0431435e-06,-3.2623656e-06,5.7529366,0,0
646,0.645,0,0,0,0,-0,0,0,0,0,0,0,0,0,0,0,0,0,0,0.52,1.2875133,-0.29453262,-1.5733693,-9.7048868e-11,4.3038502e-10,0.78293964,-2.3479125e-10,3.7353041e-10,-2.3563089,-3.6275015e-05,1.9434476e-09,-3.0894688e-09,-1.5330516e-06,0.00036859729,-1.5188005e-08,2.5732573e-08,1.608881e-05,123.09944,2.0223244e-06,-3.2291768e-06,5.7529339,0,0
647,0.646,0,0,0,0,-0,0,0,0,0,0,0,0,0,0,0,0,0,0,0.52,1.2875133,-0.29453264,-1.5733693,-9.6250381e-11,4.2683818e-10,0.7829396,-2.3285542e-10,3.7045305e-10,-2.3563089,-3.5908276e-05,1.9282107e-09,-3.0652654e-09,-1.5172685e-06,0.00036488042,-1.5285838e-08,2.2674308e-08,1.5477273e-05,123.09941,2.0017176e-06,-3.1963256e-06,5.7529312,0,0
648,0.647,0,0,0,0,-0,0,0,0,0,0,0,0,0,0,0,0,0,0,0.52,1.2875133,-0.29453266,-1.5733693,-9.5458143e-11,4.2331915e-10,0.78293957,-2.3093477e-10,3.673998e-10,-2.3563089,-3.5545245e-05,1.9130836e-09,-3.0412363e-09,-1.5016479e-06,0.00036118185,-1.4968313e-08,2.538389e-08,1.5763993e-05,123.09939,1.9813206e-06,-3.1638086e-06,5.7529286,0,0
649,0.648,0,0,0,0,-0,0,0,0,0,0,0,0,0,0,0,0,0,0,0.52,1.2875133,-0.29453268,-1.5733694,-9.467211e-11,4.1982772e-10,0.78293953,-2.290292e-10,3.6437049e-10,-2.3563089,-3.5185884e-05,1.8980657e-09,-3.0173804e-09,-1.486188e-06,0.00035753995,-1.5067539e-08,2.2327787e-08,1.5155811e-05,123.09936,1.9611315e-06,-3.1316223e-06,5.752926,0,0
650,0.649,0,0,0,0,-0,0,0,0,0,0,0,0,0,0,0,0,0,0,0.52,1.2875133,-0.29453269,-1.5733694,-9.3892237e-11,4.1636369e-10,0.7829395,-2.2713858e-10,3.6136495e-10,-2.3563089,-3.4830156e-05,1.8831562e-09,-2.9936968e-09,-1.4708872e-06,0.0003539156,-1.4751294e-08,2.5039442e-08,1.5445826e-05,123.09933,1.9411481e-06,-3.0997635e-06,5.7529234,0,0
651,0.65,0,0,0,0,-0,0,0,0,0,0,0,0,0,0,0,0,0,0,0.52,1.2875133,-0.29453271,-1.5733695,-9.3118479e-11,4.1292688e-10,0.78293946,-2.2526283e-10,3.5838301e-10,-2.3563089,-3.4478025e-05,1.8683546e-09,-2.9701843e-09,-1.4557438e-06,0.00035034716,-1.4851898e-08,2.1985485e-08,1.4840936e-05,123.0993,1.9213683e-06,-3.0682288e-06,5.7529209,0,0
652,0.651,0,0,0,0,-0,0,0,0,0,0,0,0,0,0,0,0,0,0,0.52,1.2875133,-0.29453273,-1.5733695,-9.2350793e-11,4.0951707e-10,0.78293943,-2.2340182e-10,3.554245e-10,-2.3563089,-3.4129454e-05,1.8536602e-09,-2.946842e-09,-1.4407563e-06,0.00034679553,-1.4536904e-08,2.4699172e-08,1.5134161e-05,123.09927,1.9017899e-06,-3.0370148e-06,5.7529183,0,0
653,0.652,0,0,0,0,-0,0,0,0,0,0,0,0,0,0,0,0,0,0,0.52,1.2875133,-0.29453275,-1.5733695,-9.1589134e-11,4.0613407e-10,0.78293939,-2.2155546e-10,3.5248924e-10,-2.3563089,-3.3784406e-05,1.8390723e-09,-2.9236687e-09,-1.4259229e-06,0.00034329907,-1.4638903e-08,2.1647368e-08,1.4532502e-05,123.09925,1.8824111e-06,-3.0061183e-06,5.7529158,0,0
654,0.653,0,0,0,0,-0,0,0,0,0,0,0,0,0,0,0,0,0,0,0.52,1.2875133,-0.29453277,-1.5733696,-9.0833459e-11,4.0277769e-10,0.78293936,-2.1972362e-10,3.4957707e-10,-2.3563089,-3.3442848e-05,1.8245903e-09,-2.9006635e-09,-1.4112422e-06,0.00033981869,-1.4325137e-08,2.4363065e-08,1.4828872e-05,123.09922,1.8632296e-06,-2.9755361e-06,5.7529134,0,0
655,0.654,0,0,0,0,-0,0,0,0,0,0,0,0,0,0,0,0,0,0,0.52,1.2875132,-0.29453278,-1.5733696,-9.0083724e-11,3.9944774e-10,0.78293933,-2.1790622e-10,3.4668783e-10,-2.3563089,-3.3104742e-05,1.8102135e-09,-2.8778253e-09,-1.3967126e-06,0.00033639277,-1.4428541e-08,2.1313421e-08,1.4230389e-05,123.09919,1.8442437e-06,-2.9452651e-06,5.7529109,0,0
656,0.655,0,0,0,0,-0,0,0,0,0,0,0,0,0,0,0,0,0,0,0.52,1.2875132,-0.2945328,-1.5733696,-8.9339886e-11,3.9614402e-10,0.78293929,-2.1610315e-10,3.4382134e-10,-2.3563089,-3.2770054e-05,1.7959412e-09,-2.855153e-09,-1.3823325e-06,0.00033298222,-1.4115961e-08,2.4031081e-08,1.452983e-05,123.09916,1.8254511e-06,-2.9153019e-06,5.7529085,0,0
657,0.656,0,0,0,0,-0,0,0,0,0,0,0,0,0,0,0,0,0,0,0.52,1.2875132,-0.29453282,-1.5733697,-8.8601903e-11,3.9286635e-10,0.78293926,-2.1431429e-10,3.4097744e-10,-2.3563089,-3.243875e-05,1.7817729e-09,-2.8326457e-09,-1.3681004e-06,0.00032962541,-1.4220756e-08,2.0983562e-08,1.3934441e-05,123.09914,1.8068501e-06,-2.8856436e-06,5.7529061,0,0
658,0.657,0,0,0,0,-0,0,0,0,0,0,0,0,0,0,0,0,0,0,0.52,1.2875132,-0.29453284,-1.5733697,-8.7869731e-11,3.8961452e-10,0.78293923,-2.1253955e-10,3.3815597e-10,-2.3563089,-3.2110796e-05,1.7677078e-09,-2.8103023e-09,-1.3540147e-06,0.00032628328,-1.3909433e-08,2.3703267e-08,1.4236931e-05,123.09911,1.7884385e-06,-2.8562869e-06,5.7529037,0,0
659,0.658,0,0,0,0,-0,0,0,0,0,0,0,0,0,0,0,0,0,0,0.52,1.2875132,-0.29453285,-1.5733697,-8.714333e-11,3.8638837e-10,0.7829392,-2.1077882e-10,3.3535676e-10,-2.3563089,-3.1786157e-05,1.7537453e-09,-2.7881218e-09,-1.3400739e-06,0.00032299419,-1.401549e-08,2.0657741e-08,1.3644536e-05,123.09909,1.7702145e-06,-2.8272289e-06,5.7529014,0,0
660,0.659,0,0,0,0,-0,0,0,0,0,0,0,0,0,0,0,0,0,0,0.52,1.2875132,-0.29453287,-1.5733698,-8.6422655e-11,3.8318769e-10,0.78293917,-2.0903201e-10,3.3257964e-10,-2.3563089,-3.1464801e-05,1.7398848e-09,-2.7661031e-09,-1.3262767e-06,0.00031971911,-1.3705516e-08,2.3379557e-08,1.3950036e-05,123.09906,1.7521763e-06,-2.7984665e-06,5.752899,0,0
661,0.66,0,0,0,0,-0,0,0,0,0,0,0,0,0,0,0,0,0,0,0.52,1.2875132,-0.29453289,-1.5733698,-8.5707667e-11,3.800123e-10,0.78293913,-2.07299e-10,3.2982447e-10,-2.3563089,-3.1146693e-05,1.7261257e-09,-2.7442454e-09,-1.3126214e-06,0.00031649639,-1.3812757e-08,2.0335964e-08,1.3360558e-05,123.09904,1.7343217e-06,-2.7699966e-06,5.7528967,0,0
662,0.661,0,0,0,0,-0,0,0,0,0,0,0,0,0,0,0,0,0,0,0.52,1.2875132,-0.2945329,-1.5733698,-8.4998323e-11,3.7686202e-10,0.7829391,-2.055797e-10,3.2709107e-10,-2.3563089,-3.0831801e-05,1.7124672e-09,-2.7225475e-09,-1.2991066e-06,0.00031328699,-1.3504146e-08,2.3059874e-08,1.3669006e-05,123.09901,1.7166491e-06,-2.7418163e-06,5.7528945,0,0
663,0.662,0,0,0,0,-0,0,0,0,0,0,0,0,0,0,0,0,0,0,0.52,1.2875132,-0.29453292,-1.5733699,-8.4294582e-11,3.7373666e-10,0.78293907,-2.0387402e-10,3.2437929e-10,-2.3563089,-3.0520093e-05,1.6989089e-09,-2.7010084e-09,-1.2857309e-06,0.0003101293,-1.361258e-08,2.0018239e-08,1.30824e-05,123.09899,1.6991565e-06,-2.7139227e-06,5.7528922,0,0
664,0.663,0,0,0,0,-0,0,0,0,0,0,0,0,0,0,0,0,0,0,0.52,1.2875131,-0.29453294,-1.5733699,-8.3596403e-11,3.7063605e-10,0.78293904,-2.0218184e-10,3.2168898e-10,-2.3563089,-3.0211536e-05,1.6854499e-09,-2.6796272e-09,-1.2724928e-06,0.00030698427,-1.3305281e-08,2.2744179e-08,1.339372e-05,123.09896,1.6818422e-06,-2.6863129e-06,5.75289,0,0
665,0.664,0,0,0,0,-0,0,0,0,0,0,0,0,0,0,0,0,0,0,0.52,1.2875131,-0.29453295,-1.5733699,-8.2903745e-11,3.6755999e-10,0.78293901,-2.0050307e-10,3.1901996e-10,-2.3563089,-2.9906099e-05,1.6720898e-09,-2.6584028e-09,-1.259391e-06,0.0003038903,-1.3414946e-08,1.9704528e-08,1.2809944e-05,123.09894,1.6647043e-06,-2.6589839e-06,5.7528877,0,0
666,0.665,0,0,0,0,-0,0,0,0,0,0,0,0,0,0,0,0,0,0,0.52,1.2875131,-0.29453297,-1.57337,-8.2216568e-11,3.6450831e-10,0.78293898,-1.9883761e-10,3.1637209e-10,-2.3563089,-2.960375e-05,1.6588279e-09,-2.6373344e-09,-1.246424e-06,0.00030080835,-1.3108904e-08,2.2432448e-08,1.3124059e-05,123.09891,1.647741e-06,-2.6319329e-06,5.7528856,0,0
667,0.666,0,0,0,0,-0,0,0,0,0,0,0,0,0,0,0,0,0,0,0.52,1.2875131,-0.29453298,-1.57337,-8.1534831e-11,3.6148083e-10,0.78293895,-1.9718536e-10,3.1374522e-10,-2.3563089,-2.9304457e-05,1.6456635e-09,-2.6164207e-09,-1.2335904e-06,0.00029777682,-1.3219818e-08,1.9394778e-08,1.2543062e-05,123.09889,1.6309505e-06,-2.6051571e-06,5.7528834,0,0
668,0.667,0,0,0,0,-0,0,0,0,0,0,0,0,0,0,0,0,0,0,0.52,1.2875131,-0.294533,-1.57337,-8.0858496e-11,3.5847737e-10,0.78293892,-1.9554623e-10,3.1113917e-10,-2.3563089,-2.900819e-05,1.6325961e-09,-2.595661e-09,-1.2208889e-06,0.00029475667,-1.2915017e-08,2.2124667e-08,1.2859927e-05,123.09887,1.6143311e-06,-2.5786537e-06,5.7528812,0,0
669,0.668,0,0,0,0,-0,0,0,0,0,0,0,0,0,0,0,0,0,0,0.52,1.2875131,-0.29453301,-1.57337,-8.0187521e-11,3.5549775e-10,0.78293889,-1.9392012e-10,3.0855382e-10,-2.3563089,-2.8714919e-05,1.619625e-09,-2.5750542e-09,-1.2083181e-06,0.00029178632,-1.3027157e-08,1.9088946e-08,1.2281642e-05,123.09884,1.597881e-06,-2.5524198e-06,5.7528791,0,0
670,0.669,0,0,0,0,-0,0,0,0,0,0,0,0,0,0,0,0,0,0,0.52,1.2875131,-0.29453303,-1.5733701,-7.9521868e-11,3.5254181e-10,0.78293887,-1.9230693e-10,3.0598899e-10,-2.3563089,-2.8424612e-05,1.6067496e-09,-2.5545993e-09,-1.1958767e-06,0.00028882675,-1.2723595e-08,2.1820797e-08,1.2601192e-05,123.09882,1.5815985e-06,-2.5264528e-06,5.752877,0,0
671,0.67,0,0,0,0,-0,0,0,0,0,0,0,0,0,0,0,0,0,0,0.52,1.2875131,-0.29453304,-1.5733701,-7.8861497e-11,3.4960936e-10,0.78293884,-1.9070658e-10,3.0344454e-10,-2.3563089,-2.8137241e-05,1.5939694e-09,-2.5342954e-09,-1.1835633e-06,0.00028591635,-1.2836981e-08,1.8787044e-08,1.2025586e-05,123.0988,1.565482e-06,-2.5007501e-06,5.7528749,0,0
672,0.671,0,0,0,0,-0,0,0,0,0,0,0,0,0,0,0,0,0,0,0.52,1.2875131,-0.29453306,-1.5733701,-7.8206369e-11,3.4670023e-10,0.78293881,-1.8911895e-10,3.0092032e-10,-2.3563089,-2.7852775e-05,1.5812836e-09,-2.5141415e-09,-1.1713767e-06,0.00028301611,-1.2534579e-08,2.1520765e-08,1.2347744e-05,123.09877,1.5495295e-06,-2.4753087e-06,5.7528729,0,0
673,0.672,0,0,0,0,-0,0,0,0,0,0,0,0,0,0,0,0,0,0,0.52,1.2875131,-0.29453307,-1.5733702,-7.7556446e-11,3.4381424e-10,0.78293878,-1.8754396e-10,2.9841619e-10,-2.3563089,-2.7571184e-05,1.5686917e-09,-2.4941366e-09,-1.1593154e-06,0.00028016446,-1.2649239e-08,1.8488991e-08,1.1774755e-05,123.09875,1.5337397e-06,-2.4501261e-06,5.7528708,0,0
674,0.673,0,0,0,0,-0,0,0,0,0,0,0,0,0,0,0,0,0,0,0.52,1.2875131,-0.29453309,-1.5733702,-7.6911689e-11,3.4095124e-10,0.78293875,-1.8598152e-10,2.9593198e-10,-2.3563089,-2.7292441e-05,1.556193e-09,-2.4742798e-09,-1.1473783e-06,0.00027732238,-1.2348027e-08,2.1224627e-08,1.2099498e-05,123.09873,1.5181108e-06,-2.4251997e-06,5.7528688,0,0
675,0.674,0,0,0,0,-0,0,0,0,0,0,0,0,0,0,0,0,0,0,0.52,1.287513,-0.2945331,-1.5733702,-7.627206e-11,3.3811104e-10,0.78293873,-1.8443153e-10,2.9346755e-10,-2.3563089,-2.7016516e-05,1.5437871e-09,-2.4545701e-09,-1.135564e-06,0.00027452829,-1.2463893e-08,1.8194756e-08,1.1529067e-05,123.09871,1.5026411e-06,-2.4005269e-06,5.7528668,0,0
676,0.675,0,0,0,0,-0,0,0,0,0,0,0,0,0,0,0,0,0,0,0.52,1.287513,-0.29453312,-1.5733702,-7.5637521e-11,3.3529347e-10,0.7829387,-1.828939e-10,2.9102276e-10,-2.3563089,-2.674338e-05,1.5314732e-09,-2.4350066e-09,-1.1238713e-06,0.00027174319,-1.216385e-08,2.0932262e-08,1.1856319e-05,123.09869,1.4873289e-06,-2.3761051e-06,5.7528648,0,0
677,0.676,0,0,0,0,-0,0,0,0,0,0,0,0,0,0,0,0,0,0,0.52,1.287513,-0.29453313,-1.5733703,-7.5008034e-11,3.3249838e-10,0.78293867,-1.8136854e-10,2.8859747e-10,-2.3563089,-2.6473005e-05,1.5192508e-09,-2.4155883e-09,-1.112299e-06,0.0002690055,-1.2280956e-08,1.7904328e-08,1.1288404e-05,123.09866,1.4721728e-06,-2.3519317e-06,5.7528629,0,0
678,0.677,0,0,0,0,-0,0,0,0,0,0,0,0,0,0,0,0,0,0,0.52,1.287513,-0.29453314,-1.5733703,-7.4383562e-11,3.2972559e-10,0.78293865,-1.7985535e-10,2.8619152e-10,-2.3563089,-2.6205365e-05,1.5071193e-09,-2.3963143e-09,-1.1008457e-06,0.00026627624,-1.1982071e-08,2.0643698e-08,1.1618131e-05,123.09864,1.4571711e-06,-2.3280042e-06,5.752861,0,0
679,0.678,0,0,0,0,-0,0,0,0,0,0,0,0,0,0,0,0,0,0,0.52,1.287513,-0.29453316,-1.5733703,-7.3764067e-11,3.2697494e-10,0.78293862,-1.7835425e-10,2.8380477e-10,-2.3563089,-2.594043e-05,1.4950781e-09,-2.3771837e-09,-1.0895103e-06,0.00026359382,-1.2100357e-08,1.7617627e-08,1.1052653e-05,123.09862,1.4423223e-06,-2.30432e-06,5.752859,0,0
680,0.679,0,0,0,0,-0,0,0,0,0,0,0,0,0,0,0,0,0,0,0.52,1.287513,-0.29453317,-1.5733704,-7.3149513e-11,3.2424626e-10,0.7829386,-1.7686515e-10,2.8143708e-10,-2.3563089,-2.5678173e-05,1.4831266e-09,-2.3581954e-09,-1.0782916e-06,0.00026091927,-1.1802685e-08,2.0358908e-08,1.1384822e-05,123.0986,1.4276248e-06,-2.2808769e-06,5.7528571,0,0
681,0.68,0,0,0,0,-0,0,0,0,0,0,0,0,0,0,0,0,0,0,0.52,1.287513,-0.29453318,-1.5733704,-7.2539863e-11,3.2153938e-10,0.78293857,-1.7538796e-10,2.790883e-10,-2.356309,-2.5418568e-05,1.4712642e-09,-2.3393486e-09,-1.0671883e-06,0.00025829102,-1.1922105e-08,1.733466e-08,1.0821736e-05,123.09858,1.413077e-06,-2.2576722e-06,5.7528553,0,0
682,0.681,0,0,0,0,-0,0,0,0,0,0,0,0,0,0,0,0,0,0,0.52,1.287513,-0.2945332,-1.5733704,-7.1935081e-11,3.1885416e-10,0.78293854,-1.7392258e-10,2.7675831e-10,-2.356309,-2.5161587e-05,1.4594903e-09,-2.3206424e-09,-1.0561993e-06,0.00025567008,-1.1625604e-08,2.0077783e-08,1.1156271e-05,123.09856,1.3986774e-06,-2.2347036e-06,5.7528534,0,0
683,0.682,0,0,0,0,-0,0,0,0,0,0,0,0,0,0,0,0,0,0,0.52,1.287513,-0.29453321,-1.5733704,-7.1335129e-11,3.1619041e-10,0.78293852,-1.7246893e-10,2.7444695e-10,-2.356309,-2.4907205e-05,1.4478044e-09,-2.3020758e-09,-1.0453234e-06,0.00025309489,-1.1746215e-08,1.7055418e-08,1.0595554e-05,123.09854,1.3844246e-06,-2.2119686e-06,5.7528516,0,0
684,0.683,0,0,0,0,-0,0,0,0,0,0,0,0,0,0,0,0,0,0,0.52,1.287513,-0.29453322,-1.5733705,-7.0739972e-11,3.1354799e-10,0.7829385,-1.7102693e-10,2.7215409e-10,-2.356309,-2.4655394e-05,1.4362059e-09,-2.2836479e-09,-1.0345594e-06,0.00025052648,-1.1450829e-08,1.9800332e-08,1.0932407e-05,123.09852,1.3703169e-06,-2.1894649e-06,5.7528497,0,0
685,0.684,0,0,0,0,-0,0,0,0,0,0,0,0,0,0,0,0,0,0,0.52,1.287513,-0.29453324,-1.5733705,-7.0149575e-11,3.1092674e-10,0.78293847,-1.6959648e-10,2.6987959e-10,-2.356309,-2.4406129e-05,1.4246941e-09,-2.2653578e-09,-1.0239062e-06,0.0002480033,-1.1572614e-08,1.6779807e-08,1.0373992e-05,123.0985,1.356353e-06,-2.1671901e-06,5.7528479,0,0
686,0.685,0,0,0,0,-0,0,0,0,0,0,0,0,0,0,0,0,0,0,0.52,1.287513,-0.29453325,-1.5733705,-6.9563901e-11,3.0832649e-10,0.78293845,-1.6817749e-10,2.676233e-10,-2.356309,-2.4159384e-05,1.4132687e-09,-2.2472047e-09,-1.0133626e-06,0.00024548636,-1.1278376e-08,1.952655e-08,1.071313e-05,123.09848,1.3425314e-06,-2.1451419e-06,5.7528461,0,0
687,0.686,0,0,0,0,-0,0,0,0,0,0,0,0,0,0,0,0,0,0,0.52,1.2875129,-0.29453326,-1.5733705,-6.8982915e-11,3.0574708e-10,0.78293842,-1.667699e-10,2.6538511e-10,-2.356309,-2.3915134e-05,1.4019288e-09,-2.2291875e-09,-1.0029276e-06,0.00024301413,-1.1401275e-08,1.65078e-08,1.0156962e-05,123.09846,1.3288506e-06,-2.123318e-06,5.7528444,0,0
688,0.687,0,0,0,0,-0,0,0,0,0,0,0,0,0,0,0,0,0,0,0.52,1.2875129,-0.29453328,-1.5733706,-6.8406583e-11,3.0318838e-10,0.7829384,-1.6537359e-10,2.6316486e-10,-2.356309,-2.3673353e-05,1.3906741e-09,-2.2113054e-09,-9.9259993e-07,0.00024054764,-1.1108184e-08,1.9256353e-08,1.0498329e-05,123.09844,1.3153092e-06,-2.101716e-06,5.7528426,0,0
689,0.688,0,0,0,0,-0,0,0,0,0,0,0,0,0,0,0,0,0,0,0.52,1.2875129,-0.29453329,-1.5733706,-6.7834869e-11,3.006502e-10,0.78293837,-1.639885e-10,2.6096243e-10,-2.356309,-2.3434017e-05,1.3795039e-09,-2.1935575e-09,-9.8237858e-07,0.00023812534,-1.1232228e-08,1.6239415e-08,9.9443828e-06,123.09842,1.3019058e-06,-2.0803339e-06,5.7528409,0,0
690,0.689,0,0,0,0,-0,0,0,0,0,0,0,0,0,0,0,0,0,0,0.52,1.2875129,-0.2945333,-1.5733706,-6.7267739e-11,2.9813241e-10,0.78293835,-1.6261454e-10,2.5877768e-10,-2.356309,-2.31971e-05,1.3684177e-09,-2.175943e-09,-9.7226242e-07,0.00023570827,-1.0940238e-08,1.8989728e-08,1.0287932e-05,123.0984,1.2886389e-06,-2.0591692e-06,5.7528392,0,0
691,0.69,0,0,0,0,-0,0,0,0,0,0,0,0,0,0,0,0,0,0,0.52,1.2875129,-0.29453331,-1.5733706,-6.6705158e-11,2.9563485e-10,0.78293833,-1.6125163e-10,2.5661048e-10,-2.356309,-2.2962578e-05,1.3574148e-09,-2.1584608e-09,-9.6225037e-07,0.00023333489,-1.1065426e-08,1.5974588e-08,9.7361613e-06,123.09839,1.2755073e-06,-2.0382199e-06,5.7528375,0,0
692,0.691,0,0,0,0,-0,0,0,0,0,0,0,0,0,0,0,0,0,0,0.52,1.2875129,-0.29453332,-1.5733707,-6.6147092e-11,2.9315737e-10,0.78293831,-1.5989967e-10,2.5446069e-10,-2.356309,-2.2730428e-05,1.3464949e-09,-2.1411102e-09,-9.5234138e-07,0.00023096627,-1.0774498e-08,1.8726615e-08,1.0081826e-05,123.09837,1.2625093e-06,-2.0174837e-06,5.7528358,0,0
693,0.692,0,0,0,0,-0,0,0,0,0,0,0,0,0,0,0,0,0,0,0.52,1.2875129,-0.29453334,-1.5733707,-6.5593508e-11,2.9069981e-10,0.78293828,-1.585586e-10,2.5232819e-10,-2.356309,-2.2500624e-05,1.3356572e-09,-2.1238902e-09,-9.4253437e-07,0.00022864083,-1.0900862e-08,1.5713294e-08,9.532199e-06,123.09835,1.2496439e-06,-1.9969584e-06,5.7528341,0,0
694,0.693,0,0,0,0,-0,0,0,0,0,0,0,0,0,0,0,0,0,0,0.52,1.2875129,-0.29453335,-1.5733707,-6.5044371e-11,2.8826203e-10,0.78293826,-1.5722832e-10,2.5021285e-10,-2.356309,-2.2273144e-05,1.3249013e-09,-2.1068001e-09,-9.328283e-07,0.00022631965,-1.0610956e-08,1.8466997e-08,9.8799421e-06,123.09833,1.2369095e-06,-1.9766419e-06,5.7528325,0,0
695,0.694,0,0,0,0,-0,0,0,0,0,0,0,0,0,0,0,0,0,0,0.52,1.2875129,-0.29453336,-1.5733707,-6.4499648e-11,2.8584388e-10,0.78293824,-1.5590875e-10,2.4811453e-10,-2.356309,-2.2047964e-05,1.3142266e-09,-2.0898389e-09,-9.2322212e-07,0.00022404119,-1.0738487e-08,1.5455473e-08,9.3324116e-06,123.09831,1.2243049e-06,-1.9565321e-06,5.7528309,0,0
696,0.695,0,0,0,0,-0,0,0,0,0,0,0,0,0,0,0,0,0,0,0.52,1.2875129,-0.29453337,-1.5733707,-6.3959306e-11,2.834452e-10,0.78293822,-1.5459982e-10,2.4603311e-10,-2.356309,-2.182506e-05,1.3036325e-09,-2.0730057e-09,-9.1371482e-07,0.00022176652,-1.0449621e-08,1.8210874e-08,9.6821974e-06,123.0983,1.2118287e-06,-1.9366269e-06,5.7528292,0,0
697,0.696,0,0,0,0,-0,0,0,0,0,0,0,0,0,0,0,0,0,0,0.52,1.2875129,-0.29453338,-1.5733708,-6.3423312e-11,2.8106586e-10,0.78293819,-1.5330145e-10,2.4396845e-10,-2.356309,-2.160441e-05,1.2931186e-09,-2.0562997e-09,-9.0430536e-07,0.00021953409,-1.0578264e-08,1.520108e-08,9.1367068e-06,123.09828,1.1994796e-06,-1.9169241e-06,5.7528276,0,0
698,0.697,0,0,0,0,-0,0,0,0,0,0,0,0,0,0,0,0,0,0,0.52,1.2875129,-0.29453339,-1.5733708,-6.2891632e-11,2.787057e-10,0.78293817,-1.5201355e-10,2.4192044e-10,-2.356309,-2.138599e-05,1.2826842e-09,-2.0397201e-09,-8.9499276e-07,0.00021730499,-1.029046e-08,1.7958186e-08,9.4885013e-06,123.09826,1.1872564e-06,-1.8974218e-06,5.7528261,0,0
699,0.698,0,0,0,0,-0,0,0,0,0,0,0,0,0,0,0,0,0,0,0.52,1.2875129,-0.29453341,-1.5733708,-6.2364235e-11,2.7636458e-10,0.78293815,-1.5073604e-10,2.3988895e-10,-2.356309,-2.1169779e-05,1.2723289e-09,-2.0232659e-09,-8.8577601e-07,0.00021511767,-1.042019e-08,1.4950102e-08,8.945003e-06,123.09824,1.1751577e-06,-1.8781178e-06,5.7528245,0,0
700,0.699,0,0,0,0,-0,0,0,0,0,0,0,0,0,0,0,0,0,0,0.52,1.2875128,-0.29453342,-1.5733708,-6.1841087e-11,2.7404236e-10,0.78293813,-1.4946885e-10,2.3787385e-10,-2.356309,-2.0955753e-05,1.262052e-09,-2.0069364e-09,-8.7665411e-07,0.00021293322,-1.0133463e-08,1.7708918e-08,9.2987814e-06,123.09823,1.1631823e-06,-1.8590103e-06,5.752823,0,0
701,0.7,0,0,0,0,-0,0,0,0,0,0,0,0,0,0,0,0,0,0,0.52,1.2875128,-0.29453343,-1.5733709,-6.1322158e-11,2.7173889e-10,0.78293811,-1.482119e-10,2.3587502e-10,-2.356309,-2.0743892e-05,1.2518532e-09,-1.9907307e-09,-8.6762612e-07,0.00021079009,-1.0264209e-08,1.4702466e-08,8.7572173e-06,123.09821,1.1513288e-06,-1.8400971e-06,5.7528214,0,0
702,0.701,0,0,0,0,-0,0,0,0,0,0,0,0,0,0,0,0,0,0,0.52,1.2875128,-0.29453344,-1.5733709,-6.0807414e-11,2.6945402e-10,0.78293809,-1.4696511e-10,2.3389233e-10,-2.356309,-2.0534172e-05,1.2417318e-09,-1.974648e-09,-8.5869103e-07,0.00020864939,-9.9785995e-09,1.7463019e-08,9.1129453e-06,123.09819,1.1395962e-06,-1.8213764e-06,5.7528199,0,0
703,0.702,0,0,0,0,-0,0,0,0,0,0,0,0,0,0,0,0,0,0,0.52,1.2875128,-0.29453345,-1.5733709,-6.0296824e-11,2.6718763e-10,0.78293807,-1.457284e-10,2.3192566e-10,-2.356309,-2.0326572e-05,1.2316873e-09,-1.9586874e-09,-8.4984792e-07,0.00020654957,-1.0110343e-08,1.445819e-08,8.5732781e-06,123.09818,1.1279831e-06,-1.802846e-06,5.7528184,0,0
704,0.703,0,0,0,0,-0,0,0,0,0,0,0,0,0,0,0,0,0,0,0.52,1.2875128,-0.29453346,-1.5733709,-5.9790357e-11,2.6493957e-10,0.78293805,-1.4450169e-10,2.2997489e-10,-2.356309,-2.0121072e-05,1.2217193e-09,-1.9428481e-09,-8.4109583e-07,0.00020445174,-9.8258257e-09,1.7220438e-08,8.9309094e-06,123.09816,1.1164884e-06,-1.7845042e-06,5.7528169,0,0
705,0.704,0,0,0,0,-0,0,0,0,0,0,0,0,0,0,0,0,0,0,0.52,1.2875128,-0.29453347,-1.5733709,-5.9287981e-11,2.627097e-10,0.78293803,-1.4328492e-10,2.280399e-10,-2.356309,-1.9917649e-05,1.2118271e-09,-1.9271292e-09,-8.3243382e-07,0.00020239436,-9.9585703e-09,1.421723e-08,8.3931038e-06,123.09814,1.1051107e-06,-1.7663489e-06,5.7528154,0,0
706,0.705,0,0,0,0,-0,0,0,0,0,0,0,0,0,0,0,0,0,0,0.52,1.2875128,-0.29453348,-1.573371,-5.8789665e-11,2.6049787e-10,0.78293801,-1.42078e-10,2.2612057e-10,-2.356309,-1.9716282e-05,1.2020102e-09,-1.91153e-09,-8.2386097e-07,0.00020033855,-9.6751158e-09,1.6981138e-08,8.7525914e-06,123.09813,1.093849e-06,-1.7483784e-06,5.752814,0,0
707,0.706,0,0,0,0,-0,0,0,0,0,0,0,0,0,0,0,0,0,0,0.52,1.2875128,-0.29453349,-1.573371,-5.8295378e-11,2.5830396e-10,0.78293799,-1.4088086e-10,2.2421678e-10,-2.356309,-1.9516951e-05,1.1922682e-09,-1.8960497e-09,-8.1537636e-07,0.00019832275,-9.8088938e-09,1.3979578e-08,8.2166325e-06,123.09811,1.0827021e-06,-1.7305907e-06,5.7528125,0,0
708,0.707,0,0,0,0,-0,0,0,0,0,0,0,0,0,0,0,0,0,0,0.52,1.2875128,-0.2945335,-1.573371,-5.780509e-11,2.5612783e-10,0.78293797,-1.3969343e-10,2.2232841e-10,-2.356309,-1.9319636e-05,1.1826005e-09,-1.8806874e-09,-8.0697908e-07,0.0001963081,-9.5264409e-09,1.6745084e-08,8.5779267e-06,123.0981,1.0716687e-06,-1.7129839e-06,5.7528111,0,0
709,0.708,0,0,0,0,-0,0,0,0,0,0,0,0,0,0,0,0,0,0,0.52,1.2875128,-0.29453351,-1.573371,-5.731877e-11,2.5396934e-10,0.78293795,-1.3851562e-10,2.2045535e-10,-2.356309,-1.9124316e-05,1.1730067e-09,-1.8654423e-09,-7.9866824e-07,0.00019433305,-9.6612384e-09,1.3745134e-08,8.0437596e-06,123.09808,1.0607477e-06,-1.6955562e-06,5.7528097,0,0
710,0.709,0,0,0,0,-0,0,0,0,0,0,0,0,0,0,0,0,0,0,0.52,1.2875128,-0.29453352,-1.573371,-5.6836388e-11,2.5182836e-10,0.78293793,-1.3734738e-10,2.1859747e-10,-2.356309,-1.893097e-05,1.1634862e-09,-1.8503135e-09,-7.9044294e-07,0.00019235873,-9.3798142e-09,1.6512268e-08,8.4068363e-06,123.09807,1.049938e-06,-1.6783058e-06,5.7528083,0,0
711,0.71,0,0,0,0,-0,0,0,0,0,0,0,0,0,0,0,0,0,0,0.52,1.2875128,-0.29453353,-1.5733711,-5.6357914e-11,2.4970474e-10,0.78293791,-1.3618861e-10,2.1675466e-10,-2.356309,-1.8739578e-05,1.1540385e-09,-1.8353005e-09,-7.8230231e-07,0.00019042361,-9.5156043e-09,1.3513903e-08,7.8744224e-06,123.09805,1.0392384e-06,-1.6612309e-06,5.7528069,0,0
712,0.711,0,0,0,0,-0,0,0,0,0,0,0,0,0,0,0,0,0,0,0.52,1.2875128,-0.29453354,-1.5733711,-5.5883317e-11,2.4759837e-10,0.78293789,-1.3503926e-10,2.1492681e-10,-2.356309,-1.8550122e-05,1.144663e-09,-1.8204022e-09,-7.7424547e-07,0.00018848882,-9.2352212e-09,1.6282666e-08,8.239266e-06,123.09804,1.028648e-06,-1.6443297e-06,5.7528056,0,0
713,0.712,0,0,0,0,-0,0,0,0,0,0,0,0,0,0,0,0,0,0,0.52,1.2875128,-0.29453355,-1.5733711,-5.541257e-11,2.455091e-10,0.78293788,-1.3389925e-10,2.131138e-10,-2.356309,-1.8362581e-05,1.1353595e-09,-1.8056179e-09,-7.6627156e-07,0.00018659282,-9.3719487e-09,1.3285827e-08,7.7085555e-06,123.09802,1.0181653e-06,-1.6276005e-06,5.7528042,0,0
714,0.713,0,0,0,0,-0,0,0,0,0,0,0,0,0,0,0,0,0,0,0.52,1.2875128,-0.29453356,-1.5733711,-5.4945641e-11,2.4343682e-10,0.78293786,-1.3276851e-10,2.1131552e-10,-2.356309,-1.8176937e-05,1.1261272e-09,-1.7909469e-09,-7.5837973e-07,0.00018469676,-9.0925889e-09,1.6056181e-08,8.0751008e-06,123.09801,1.0077895e-06,-1.6110414e-06,5.7528029,0,0
715,0.714,0,0,0,0,-0,0,0,0,0,0,0,0,0,0,0,0,0,0,0.52,1.2875128,-0.29453357,-1.5733711,-5.4482502e-11,2.4138138e-10,0.78293784,-1.3164696e-10,2.0953185e-10,-2.356309,-1.7993169e-05,1.1169657e-09,-1.7763884e-09,-7.5056913e-07,0.0001828391,-9.230311e-09,1.3060927e-08,7.5460919e-06,123.09799,9.9751942e-07,-1.5946507e-06,5.7528015,0,0
716,0.715,0,0,0,0,-0,0,0,0,0,0,0,0,0,0,0,0,0,0,0.52,1.2875127,-0.29453358,-1.5733712,-5.4023123e-11,2.3934265e-10,0.78293782,-1.3053454e-10,2.0776269e-10,-2.356309,-1.7811259e-05,1.1078746e-09,-1.7619415e-09,-7.4283894e-07,0.00018098098,-8.9519042e-09,1.5832805e-08,7.9142974e-06,123.09798,9.8735395e-07,-1.5784268e-06,5.7528002,0,0
717,0.716,0,0,0,0,-0,0,0,0,0,0,0,0,0,0,0,0,0,0,0.52,1.2875127,-0.29453359,-1.5733712,-5.3567477e-11,2.3732052e-10,0.7829378,-1.2943118e-10,2.0600791e-10,-2.356309,-1.7631188e-05,1.0988534e-09,-1.7476055e-09,-7.3518831e-07,0.00017916089,-9.0906472e-09,1.2839144e-08,7.3869641e-06,123.09796,9.7729212e-07,-1.562368e-06,5.7527989,0,0
718,0.717,0,0,0,0,-0,0,0,0,0,0,0,0,0,0,0,0,0,0,0.52,1.2875127,-0.2945336,-1.5733712,-5.3115533e-11,2.3531484e-10,0.78293779,-1.283368e-10,2.0426742e-10,-2.356309,-1.7452937e-05,1.0899015e-09,-1.7333797e-09,-7.2761643e-07,0.00017733996,-8.813146e-09,1.5612501e-08,7.7567818e-06,123.09795,9.6733274e-07,-1.5464725e-06,5.7527976,0,0
719,0.718,0,0,0,0,-0,0,0,0,0,0,0,0,0,0,0,0,0,0,0.52,1.2875127,-0.29453361,-1.5733712,-5.2667265e-11,2.3332551e-10,0.78293777,-1.2725134e-10,2.025411e-10,-2.356309,-1.7276489e-05,1.0810184e-09,-1.7192632e-09,-7.201225e-07,0.00017555668,-8.9529229e-09,1.262043e-08,7.2310892e-06,123.09793,9.5747491e-07,-1.5307388e-06,5.7527963,0,0
720,0.719,0,0,0,0,-0,0,0,0,0,0,0,0,0,0,0,0,0,0,0.52,1.2875127,-0.29453362,-1.5733712,-5.2222643e-11,2.3135238e-10,0.78293775,-1.2617473e-10,2.0082884e-10,-2.356309,-1.7101825e-05,1.0722038e-09,-1.7052554e-09,-7.1270571e-07,0.00017377219,-8.6763177e-09,1.5395259e-08,7.6024926e-06,123.09792,9.4771746e-07,-1.515165e-06,5.7527951,0,0
721,0.72,0,0,0,0,-0,0,0,0,0,0,0,0,0,0,0,0,0,0,0.52,1.2875127,-0.29453363,-1.5733713,-5.178164e-11,2.2939533e-10,0.78293773,-1.251069e-10,1.9913054e-10,-2.356309,-1.6928926e-05,1.0634571e-09,-1.6913554e-09,-7.0536527e-07,0.00017202498,-8.8170907e-09,1.2404727e-08,7.0783928e-06,123.09791,9.3805945e-07,-1.4997497e-06,5.7527938,0,0
722,0.721,0,0,0,0,-0,0,0,0,0,0,0,0,0,0,0,0,0,0,0.52,1.2875127,-0.29453364,-1.5733713,-5.1344227e-11,2.2745425e-10,0.78293772,-1.2404778e-10,1.9744608e-10,-2.356309,-1.6757775e-05,1.0547778e-09,-1.6775625e-09,-6.9810038e-07,0.0001702762,-8.5414322e-09,1.5181077e-08,7.4513772e-06,123.09789,9.2849989e-07,-1.4844913e-06,5.7527926,0,0
723,0.722,0,0,0,0,-0,0,0,0,0,0,0,0,0,0,0,0,0,0,0.52,1.2875127,-0.29453364,-1.5733713,-5.0910378e-11,2.2552901e-10,0.7829377,-1.2299731e-10,1.9577536e-10,-2.356309,-1.6588355e-05,1.0461656e-09,-1.663876e-09,-6.9091028e-07,0.00016856432,-8.6831333e-09,1.2192018e-08,6.9288294e-06,123.09788,9.1903772e-07,-1.4693881e-06,5.7527914,0,0
724,0.723,0,0,0,0,-0,0,0,0,0,0,0,0,0,0,0,0,0,0,0.52,1.2875127,-0.29453365,-1.5733713,-5.0480064e-11,2.2361948e-10,0.78293768,-1.2195542e-10,1.9411827e-10,-2.356309,-1.6420648e-05,1.0376198e-09,-1.650295e-09,-6.8379419e-07,0.00016685054,-8.4084036e-09,1.4969844e-08,7.3033386e-06,123.09787,9.0967193e-07,-1.4544384e-06,5.7527901,0,0
725,0.724,0,0,0,0,-0,0,0,0,0,0,0,0,0,0,0,0,0,0,0.52,1.2875127,-0.29453366,-1.5733713,-5.0053259e-11,2.2172554e-10,0.78293767,-1.2092204e-10,1.9247471e-10,-2.356309,-1.6254636e-05,1.0291401e-09,-1.636819e-09,-6.7675136e-07,0.0001651733,-8.5510732e-09,1.1982304e-08,6.7823293e-06,123.09785,9.0040162e-07,-1.439641e-06,5.7527889,0,0
726,0.725,0,0,0,0,-0,0,0,0,0,0,0,0,0,0,0,0,0,0,0.52,1.2875127,-0.29453367,-1.5733713,-4.9629935e-11,2.1984708e-10,0.78293765,-1.1989711e-10,1.9084458e-10,-2.356309,-1.6090302e-05,1.0207259e-09,-1.623447e-09,-6.6978103e-07,0.00016349379,-8.2772258e-09,1.4761557e-08,7.1583344e-06,123.09784,8.9122572e-07,-1.424994e-06,5.7527878,0,0
727,0.726,0,0,0,0,-0,0,0,0,0,0,0,0,0,0,0,0,0,0,0.52,1.2875127,-0.29453368,-1.5733714,-4.9210066e-11,2.1798397e-10,0.78293764,-1.1888055e-10,1.8922777e-10,-2.356309,-1.592763e-05,1.0123769e-09,-1.6101785e-09,-6.6288244e-07,0.00016185048,-8.4208698e-09,1.1775528e-08,6.6388358e-06,123.09783,8.8214339e-07,-1.410496e-06,5.7527866,0,0
728,0.727,0,0,0,0,-0,0,0,0,0,0,0,0,0,0,0,0,0,0,0.52,1.2875127,-0.29453369,-1.5733714,-4.8793624e-11,2.161361e-10,0.78293762,-1.1787232e-10,1.8762417e-10,-2.356309,-1.5766603e-05,1.0040925e-09,-1.5970126e-09,-6.5605488e-07,0.00016020457,-8.1478653e-09,1.4556167e-08,7.016289e-06,123.09782,8.7315349e-07,-1.3961455e-06,5.7527854,0,0
729,0.728,0,0,0,0,-0,0,0,0,0,0,0,0,0,0,0,0,0,0,0.52,1.2875127,-0.2945337,-1.5733714,-4.8380584e-11,2.1430335e-10,0.7829376,-1.1687234e-10,1.8603369e-10,-2.356309,-1.5607203e-05,9.9587231e-10,-1.5839487e-09,-6.492976e-07,0.00015859452,-8.2924918e-09,1.1571643e-08,6.4982664e-06,123.0978,8.6425527e-07,-1.381941e-06,5.7527843,0,0
730,0.729,0,0,0,0,-0,0,0,0,0,0,0,0,0,0,0,0,0,0,0.52,1.2875127,-0.2945337,-1.5733714,-4.7970918e-11,2.1248559e-10,0.78293759,-1.1588054e-10,1.8445623e-10,-2.356309,-1.5449415e-05,9.8771587e-10,-1.570986e-09,-6.4260988e-07,0.00015698153,-8.0203833e-09,1.4353733e-08,6.8771811e-06,123.09779,8.5544775e-07,-1.3678811e-06,5.7527831,0,0
731,0.73,0,0,0,0,-0,0,0,0,0,0,0,0,0,0,0,0,0,0,0.52,1.2875127,-0.29453371,-1.5733714,-4.7564602e-11,2.1068272e-10,0.78293757,-1.1489687e-10,1.8289167e-10,-2.356309,-1.5293222e-05,9.7962276e-10,-1.5581239e-09,-6.3599101e-07,0.00015540406,-8.1658551e-09,1.1370564e-08,6.3605615e-06,123.09778,8.4672988e-07,-1.3539641e-06,5.752782,0,0
732,0.731,0,0,0,0,-0,0,0,0,0,0,0,0,0,0,0,0,0,0,0.52,1.2875127,-0.29453372,-1.5733714,-4.7161608e-11,2.0889462e-10,0.78293756,-1.1392127e-10,1.8133993e-10,-2.356309,-1.5138608e-05,9.7159247e-10,-1.5453615e-09,-6.2944027e-07,0.00015382332,-7.894717e-09,1.415415e-08,6.7409166e-06,123.09777,8.3810093e-07,-1.3401887e-06,5.7527809,0,0
733,0.732,0,0,0,0,-0,0,0,0,0,0,0,0,0,0,0,0,0,0,0.52,1.2875127,-0.29453373,-1.5733714,-4.6761912e-11,2.0712117e-10,0.78293754,-1.1295366e-10,1.798009e-10,-2.356309,-1.4985558e-05,9.636246e-10,-1.5326983e-09,-6.2295696e-07,0.00015227778,-8.0410276e-09,1.1172357e-08,6.2256914e-06,123.09775,8.2955986e-07,-1.3265535e-06,5.7527798,0,0
734,0.733,0,0,0,0,-0,0,0,0,0,0,0,0,0,0,0,0,0,0,0.52,1.2875126,-0.29453374,-1.5733715,-4.6365487e-11,2.0536226e-10,0.78293753,-1.1199399e-10,1.7827448e-10,-2.356309,-1.4834055e-05,9.5571869e-10,-1.5201334e-09,-6.165404e-07,0.00015072865,-7.7707878e-09,1.3957344e-08,6.6074266e-06,123.09774,8.2110582e-07,-1.3130569e-06,5.7527787,0,0
735,0.734,0,0,0,0,-0,0,0,0,0,0,0,0,0,0,0,0,0,0,0.52,1.2875126,-0.29453374,-1.5733715,-4.5972308e-11,2.0361778e-10,0.78293751,-1.1104219e-10,1.7676058e-10,-2.356309,-1.4684083e-05,9.4787431e-10,-1.5076663e-09,-6.101899e-07,0.0001492144,-7.9179752e-09,1.097695e-08,6.0935732e-06,123.09773,8.127379e-07,-1.2996977e-06,5.7527776,0,0
736,0.735,0,0,0,0,-0,0,0,0,0,0,0,0,0,0,0,0,0,0,0.52,1.2875126,-0.29453375,-1.5733715,-4.558235e-11,2.0188761e-10,0.7829375,-1.1009821e-10,1.752591e-10,-2.356309,-1.4535628e-05,9.40091e-10,-1.4952961e-09,-6.0390477e-07,0.00014769624,-7.648647e-09,1.3763366e-08,6.4766905e-06,123.09772,8.0445533e-07,-1.2864744e-06,5.7527765,0,0
737,0.736,0,0,0,0,-0,0,0,0,0,0,0,0,0,0,0,0,0,0,0.52,1.2875126,-0.29453376,-1.5733715,-4.5195588e-11,2.0017164e-10,0.78293748,-1.0916198e-10,1.7376994e-10,-2.356309,-1.4388673e-05,9.3236836e-10,-1.4830223e-09,-5.9768435e-07,0.00014621265,-7.7966361e-09,1.0784283e-08,5.9641569e-06,123.09771,7.9625705e-07,-1.2733856e-06,5.7527755,0,0
738,0.737,0,0,0,0,-0,0,0,0,0,0,0,0,0,0,0,0,0,0,0.52,1.2875126,-0.29453377,-1.5733715,-4.4811997e-11,1.9846977e-10,0.78293747,-1.0823344e-10,1.7229301e-10,-2.356309,-1.4243205e-05,9.2470592e-10,-1.4708441e-09,-5.9152796e-07,0.00014472483,-7.5282426e-09,1.3572133e-08,6.3486221e-06,123.09769,7.8814239e-07,-1.2604299e-06,5.7527744,0,0
739,0.738,0,0,0,0,-0,0,0,0,0,0,0,0,0,0,0,0,0,0,0.52,1.2875126,-0.29453377,-1.5733715,-4.4431553e-11,1.9678188e-10,0.78293746,-1.0731253e-10,1.7082821e-10,-2.356309,-1.4099207e-05,9.1710328e-10,-1.4587608e-09,-5.8543495e-07,0.00014327128,-7.6770347e-09,1.059437e-08,5.8373922e-06,123.09768,7.8011035e-07,-1.2476061e-06,5.7527734,0,0
740,0.739,0,0,0,0,-0,0,0,0,0,0,0,0,0,0,0,0,0,0,0.52,1.2875126,-0.29453378,-1.5733716,-4.405423e-11,1.9510786e-10,0.78293744,-1.063992e-10,1.6937544e-10,-2.356309,-1.3956664e-05,9.0955999e-10,-1.4467719e-09,-5.7940467e-07,0.00014181321,-7.4095344e-09,1.3383602e-08,6.2231662e-06,123.09767,7.7216019e-07,-1.2349127e-06,5.7527723,0,0
741,0.74,0,0,0,0,-0,0,0,0,0,0,0,0,0,0,0,0,0,0,0.52,1.2875126,-0.29453379,-1.5733716,-4.3680005e-11,1.9344761e-10,0.78293743,-1.0549339e-10,1.6793462e-10,-2.356309,-1.3815563e-05,9.0207564e-10,-1.4348765e-09,-5.7343647e-07,0.00014038909,-7.559165e-09,1.0407188e-08,5.7132343e-06,123.09766,7.6429105e-07,-1.2223485e-06,5.7527713,0,0
742,0.741,0,0,0,0,-0,0,0,0,0,0,0,0,0,0,0,0,0,0,0.52,1.2875126,-0.2945338,-1.5733716,-4.3308854e-11,1.9180102e-10,0.78293741,-1.0459502e-10,1.6650564e-10,-2.356309,-1.3675889e-05,8.9464981e-10,-1.423074e-09,-5.6752971e-07,0.00013896015,-7.2925067e-09,1.319775e-08,6.1002869e-06,123.09765,7.5650209e-07,-1.209912e-06,5.7527703,0,0
743,0.742,0,0,0,0,-0,0,0,0,0,0,0,0,0,0,0,0,0,0,0.52,1.2875126,-0.2945338,-1.5733716,-4.2940752e-11,1.9016797e-10,0.7829374,-1.0370406e-10,1.6508842e-10,-2.356309,-1.3537626e-05,8.8728207e-10,-1.4113638e-09,-5.6168376e-07,0.00013756488,-7.4429727e-09,1.0222665e-08,5.5916154e-06,123.09764,7.487925e-07,-1.1976021e-06,5.7527693,0,0
744,0.743,0,0,0,0,-0,0,0,0,0,0,0,0,0,0,0,0,0,0,0.52,1.2875126,-0.29453381,-1.5733716,-4.2575675e-11,1.8854837e-10,0.78293739,-1.0282043e-10,1.6368287e-10,-2.356309,-1.3400761e-05,8.7997201e-10,-1.3997452e-09,-5.55898e-07,0.0001361645,-7.1771386e-09,1.3014537e-08,5.9799109e-06,123.09763,7.4116142e-07,-1.1854174e-06,5.7527683,0,0
745,0.744,0,0,0,0,-0,0,0,0,0,0,0,0,0,0,0,0,0,0,0.52,1.2875126,-0.29453382,-1.5733716,-4.22136e-11,1.8694212e-10,0.78293737,-1.0194408e-10,1.6228889e-10,-2.356309,-1.326528e-05,8.7271921e-10,-1.3882175e-09,-5.501718e-07,0.00013479749,-7.3284709e-09,1.004081e-08,5.4724937e-06,123.09762,7.3360817e-07,-1.1733567e-06,5.7527673,0,0
746,0.745,0,0,0,0,-0,0,0,0,0,0,0,0,0,0,0,0,0,0,0.52,1.2875126,-0.29453383,-1.5733716,-4.1854504e-11,1.8534909e-10,0.78293736,-1.0107496e-10,1.6090639e-10,-2.356309,-1.3131169e-05,8.6552326e-10,-1.3767801e-09,-5.4450455e-07,0.00013342508,-7.0634137e-09,1.2833943e-08,5.8620016e-06,123.09761,7.2613182e-07,-1.1614187e-06,5.7527664,0,0
747,0.746,0,0,0,0,-0,0,0,0,0,0,0,0,0,0,0,0,0,0,0.52,1.2875126,-0.29453383,-1.5733717,-4.1498363e-11,1.837692e-10,0.78293735,-1.0021301e-10,1.5953528e-10,-2.356309,-1.2998414e-05,8.5838376e-10,-1.3654324e-09,-5.3889565e-07,0.00013208577,-7.2155991e-09,9.8615425e-09,5.3558018e-06,123.0976,7.1873167e-07,-1.1496021e-06,5.7527654,0,0
748,0.747,0,0,0,0,-0,0,0,0,0,0,0,0,0,0,0,0,0,0,0.52,1.2875126,-0.29453384,-1.5733717,-4.1145154e-11,1.8220234e-10,0.78293734,-9.9358167e-11,1.5817548e-10,-2.356309,-1.2867e-05,8.5130029e-10,-1.3541736e-09,-5.3334449e-07,0.00013074078,-6.9513411e-09,1.2655963e-08,5.7465059e-06,123.09758,7.1140692e-07,-1.1379057e-06,5.7527645,0,0
749,0.748,0,0,0,0,-0,0,0,0,0,0,0,0,0,0,0,0,0,0,0.52,1.2875126,-0.29453385,-1.5733717,-4.0794854e-11,1.806484e-10,0.78293732,-9.8510381e-11,1.5682689e-10,-2.356309,-1.2736916e-05,8.4427243e-10,-1.3430032e-09,-5.2785048e-07,0.0001294286,-7.1043674e-09,9.6848743e-09,5.2415151e-06,123.09757,7.0415687e-07,-1.1263283e-06,5.7527635,0,0
750,0.749,0,0,0,0,-0,0,0,0,0,0,0,0,0,0,0,0,0,0,0.52,1.2875126,-0.29453385,-1.5733717,-4.044744e-11,1.7910729e-10,0.78293731,-9.7669595e-11,1.5548943e-10,-2.356309,-1.2608146e-05,8.3729983e-10,-1.3319205e-09,-5.2241304e-07,0.00012811048,-6.8408467e-09,1.2480506e-08,5.6333652e-06,123.09756,6.969806e-07,-1.1148687e-06,5.7527626,0,0
751,0.75,0,0,0,0,-0,0,0,0,0,0,0,0,0,0,0,0,0,0,0.52,1.2875126,-0.29453386,-1.5733717,-4.010289e-11,1.775789e-10,0.7829373,-9.6835754e-11,1.54163e-10,-2.356309,-1.2480679e-05,8.3038203e-10,-1.3209249e-09,-5.1703158e-07,0.00012682489,-6.994743e-09,9.5107446e-09,5.1295594e-06,123.09755,6.8987753e-07,-1.1035257e-06,5.7527617,0,0
752,0.751,0,0,0,0,-0,0,0,0,0,0,0,0,0,0,0,0,0,0,0.52,1.2875126,-0.29453387,-1.5733717,-3.9761181e-11,1.7606313e-10,0.78293728,-9.6008803e-11,1.5284753e-10,-2.356309,-1.23545e-05,8.2351867e-10,-1.3100157e-09,-5.1170552e-07,0.00012553309,-6.7319759e-09,1.2307615e-08,5.5225578e-06,123.09754,6.8284681e-07,-1.0922981e-06,5.7527608,0,0
753,0.752,0,0,0,0,-0,0,0,0,0,0,0,0,0,0,0,0,0,0,0.52,1.2875126,-0.29453387,-1.5733717,-3.9422291e-11,1.7455989e-10,0.78293727,-9.5188689e-11,1.5154293e-10,-2.356309,-1.2229596e-05,8.1670935e-10,-1.2991924e-09,-5.064343e-07,0.00012427356,-6.8866703e-09,9.3391001e-09,5.0198848e-06,123.09753,6.7588773e-07,-1.0811847e-06,5.7527599,0,0
754,0.753,0,0,0,0,-0,0,0,0,0,0,0,0,0,0,0,0,0,0,0.52,1.2875126,-0.29453388,-1.5733717,-3.9086198e-11,1.7306908e-10,0.78293726,-9.4375358e-11,1.5024911e-10,-2.356309,-1.2105956e-05,8.0995367e-10,-1.2884542e-09,-5.0121735e-07,0.00012300756,-6.624698e-09,1.2137233e-08,5.4140183e-06,123.09752,6.6899957e-07,-1.0701843e-06,5.752759,0,0
755,0.754,0,0,0,0,-0,0,0,0,0,0,0,0,0,0,0,0,0,0,0.52,1.2875126,-0.29453388,-1.5733718,-3.8752879e-11,1.7159059e-10,0.78293725,-9.3568756e-11,1.4896598e-10,-2.356309,-1.1983565e-05,8.0325123e-10,-1.2778006e-09,-4.960541e-07,0.00012177356,-6.7801708e-09,9.1699543e-09,4.9124694e-06,123.09751,6.6218162e-07,-1.0592959e-06,5.7527581,0,0
756,0.755,0,0,0,0,-0,0,0,0,0,0,0,0,0,0,0,0,0,0,0.52,1.2875126,-0.29453389,-1.5733718,-3.8422313e-11,1.7012433e-10,0.78293724,-9.2768829e-11,1.4769346e-10,-2.356309,-1.1862412e-05,7.9660167e-10,-1.267231e-09,-4.9094402e-07,0.00012053283,-6.518954e-09,1.1969295e-08,5.3076974e-06,123.09751,6.5543311e-07,-1.0485183e-06,5.7527572,0,0
757,0.756,0,0,0,0,-0,0,0,0,0,0,0,0,0,0,0,0,0,0,0.52,1.2875125,-0.2945339,-1.5733718,-3.8094479e-11,1.6867021e-10,0.78293722,-9.1975526e-11,1.4643148e-10,-2.356309,-1.1742484e-05,7.900046e-10,-1.2567447e-09,-4.8588656e-07,0.00011932385,-6.6751922e-09,9.0032276e-09,4.807227e-06,123.0975,6.4875332e-07,-1.0378502e-06,5.7527563,0,0
758,0.757,0,0,0,0,-0,0,0,0,0,0,0,0,0,0,0,0,0,0,0.52,1.2875125,-0.2945339,-1.5733718,-3.7769354e-11,1.6722813e-10,0.78293721,-9.1188794e-11,1.4517993e-10,-2.356309,-1.1623768e-05,7.8345959e-10,-1.2463412e-09,-4.8088116e-07,0.00011810789,-6.4148121e-09,1.1803866e-08,5.2035754e-06,123.09749,6.4214173e-07,-1.0272908e-06,5.7527555,0,0
759,0.758,0,0,0,0,-0,0,0,0,0,0,0,0,0,0,0,0,0,0,0.52,1.2875125,-0.29453391,-1.5733718,-3.7446917e-11,1.6579799e-10,0.7829372,-9.0408581e-11,1.4393875e-10,-2.356309,-1.1506252e-05,7.7696633e-10,-1.2360198e-09,-4.759273e-07,0.00011692343,-6.5717181e-09,8.838917e-09,4.7041487e-06,123.09748,6.355974e-07,-1.0168387e-06,5.7527546,0,0
760,0.759,0,0,0,0,-0,0,0,0,0,0,0,0,0,0,0,0,0,0,0.52,1.2875125,-0.29453392,-1.5733718,-3.7127148e-11,1.643797e-10,0.78293719,-8.9634836e-11,1.4270785e-10,-2.356309,-1.1389924e-05,7.7052439e-10,-1.2257799e-09,-4.7102444e-07,0.00011573174,-6.3121567e-09,1.1640797e-08,5.1015715e-06,123.09747,6.2911982e-07,-1.006493e-06,5.7527538,0,0
761,0.76,0,0,0,0,-0,0,0,0,0,0,0,0,0,0,0,0,0,0,0.52,1.2875125,-0.29453392,-1.5733718,-3.6810024e-11,1.6297317e-10,0.78293718,-8.8867507e-11,1.4148715e-10,-2.356309,-1.1274773e-05,7.6413343e-10,-1.215621e-09,-4.6617206e-07,0.0001145713,-6.46977e-09,8.6770141e-09,4.6031839e-06,123.09746,6.2270819e-07,-9.962525e-07,5.752753,0,0
762,0.761,0,0,0,0,-0,0,0,0,0,0,0,0,0,0,0,0,0,0,0.52,1.2875125,-0.29453393,-1.5733718,-3.6495526e-11,1.615783e-10,0.78293717,-8.8106543e-11,1.4027657e-10,-2.356309,-1.1160786e-05,7.5779305e-10,-1.2055425e-09,-4.6136964e-07,0.00011340338,-6.2109873e-09,1.1480099e-08,5.0016503e-06,123.09745,6.1636192e-07,-9.8611619e-07,5.7527521,0,0
763,0.762,0,0,0,0,-0,0,0,0,0,0,0,0,0,0,0,0,0,0,0.52,1.2875125,-0.29453393,-1.5733719,-3.6183632e-11,1.60195e-10,0.78293716,-8.7351895e-11,1.3907603e-10,-2.356309,-1.1047951e-05,7.5150289e-10,-1.1955437e-09,-4.5661667e-07,0.00011226648,-6.3693345e-09,8.5174966e-09,4.5042952e-06,123.09744,6.1008033e-07,-9.7608303e-07,5.7527513,0,0
764,0.763,0,0,0,0,-0,0,0,0,0,0,0,0,0,0,0,0,0,0,0.52,1.2875125,-0.29453394,-1.5733719,-3.5874322e-11,1.5882318e-10,0.78293714,-8.6603513e-11,1.3788544e-10,-2.356309,-1.0936256e-05,7.4526258e-10,-1.185624e-09,-4.5191263e-07,0.00011112187,-6.1112833e-09,1.1321739e-08,4.9037752e-06,123.09743,6.0386274e-07,-9.6615193e-07,5.7527505,0,0
765,0.764,0,0,0,0,-0,0,0,0,0,0,0,0,0,0,0,0,0,0,0.52,1.2875125,-0.29453395,-1.5733719,-3.5567575e-11,1.5746274e-10,0.78293713,-8.5861346e-11,1.3670474e-10,-2.356309,-1.0825692e-05,7.3907175e-10,-1.175783e-09,-4.4725703e-07,0.00011000804,-6.2703662e-09,8.3603034e-09,4.4074259e-06,123.09742,5.977085e-07,-9.5632186e-07,5.7527497,0,0
766,0.765,0,0,0,0,-0,0,0,0,0,0,0,0,0,0,0,0,0,0,0.52,1.2875125,-0.29453395,-1.5733719,-3.5263372e-11,1.5611361e-10,0.78293712,-8.5125345e-11,1.3553384e-10,-2.356309,-1.0716244e-05,7.3293004e-10,-1.16602e-09,-4.4264936e-07,0.00010888625,-6.0130529e-09,1.1165713e-08,4.8079125e-06,123.09741,5.9161701e-07,-9.4659182e-07,5.7527489,0,0
767,0.766,0,0,0,0,-0,0,0,0,0,0,0,0,0,0,0,0,0,0,0.52,1.2875125,-0.29453396,-1.5733719,-3.4961691e-11,1.5477568e-10,0.78293711,-8.4395461e-11,1.3437266e-10,-2.356309,-1.0607904e-05,7.2683711e-10,-1.1563345e-09,-4.3808914e-07,0.00010779503,-6.1728193e-09,8.2053815e-09,4.3125288e-06,123.09741,5.8558751e-07,-9.369607e-07,5.7527481,0,0
768,0.767,0,0,0,0,-0,0,0,0,0,0,0,0,0,0,0,0,0,0,0.52,1.2875125,-0.29453396,-1.5733719,-3.4662514e-11,1.5344887e-10,0.7829371,-8.3671646e-11,1.3322113e-10,-2.356309,-1.0500658e-05,7.2079255e-10,-1.1467258e-09,-4.3357587e-07,0.00010669562,-5.9162926e-09,1.1012e-08,4.7140163e-06,123.0974,5.7961955e-07,-9.2742764e-07,5.7527474,0,0
769,0.768,0,0,0,0,-0,0,0,0,0,0,0,0,0,0,0,0,0,0,0.52,1.2875125,-0.29453397,-1.5733719,-3.4365819e-11,1.5213309e-10,0.78293709,-8.2953852e-11,1.3207917e-10,-2.356309,-1.0394497e-05,7.1479606e-10,-1.1371934e-09,-4.2910907e-07,0.00010562654,-6.0766991e-09,8.0527352e-09,4.2195785e-06,123.09739,5.7371231e-07,-9.179915e-07,5.7527466,0,0
770,0.769,0,0,0,0,-0,0,0,0,0,0,0,0,0,0,0,0,0,0,0.52,1.2875125,-0.29453397,-1.5733719,-3.4071588e-11,1.5082826e-10,0.78293708,-8.224203e-11,1.3094671e-10,-2.356309,-1.028941e-05,7.0884724e-10,-1.1277368e-09,-4.2468827e-07,0.00010454905,-5.8209333e-09,1.0860516e-08,4.6220286e-06,123.09738,5.6786531e-07,-9.0865137e-07,5.7527458,0,0
771,0.77,0,0,0,0,-0,0,0,0,0,0,0,0,0,0,0,0,0,0,0.52,1.2875125,-0.29453398,-1.5733719,-3.3779801e-11,1.4953428e-10,0.78293707,-8.1536134e-11,1.2982366e-10,-2.356309,-1.0185384e-05,7.0294575e-10,-1.1183553e-09,-4.2031298e-07,0.00010350167,-5.9820428e-09,7.902387e-09,4.1285511e-06,123.09737,5.6207792e-07,-8.9940633e-07,5.7527451,0,0
772,0.771,0,0,0,0,-0,0,0,0,0,0,0,0,0,0,0,0,0,0,0.52,1.2875125,-0.29453398,-1.573372,-3.3490438e-11,1.4825107e-10,0.78293706,-8.0836115e-11,1.2870996e-10,-2.356309,-1.0082411e-05,6.9709126e-10,-1.1090485e-09,-4.1598274e-07,0.00010244567,-5.7269393e-09,1.0711228e-08,4.5319212e-06,123.09736,5.5634945e-07,-8.9025527e-07,5.7527443,0,0
773,0.772,0,0,0,0,-0,0,0,0,0,0,0,0,0,0,0,0,0,0,0.52,1.2875125,-0.29453399,-1.573372,-3.3203481e-11,1.4697854e-10,0.78293705,-8.0141928e-11,1.2760553e-10,-2.356309,-9.9804779e-06,6.912834e-10,-1.0998158e-09,-4.1169709e-07,0.00010141955,-5.8887819e-09,7.7542394e-09,4.0393787e-06,123.09736,5.5067939e-07,-8.8119733e-07,5.7527436,0,0
774,0.773,0,0,0,0,-0,0,0,0,0,0,0,0,0,0,0,0,0,0,0.52,1.2875125,-0.29453399,-1.573372,-3.291891e-11,1.4571662e-10,0.78293704,-7.9453525e-11,1.2651029e-10,-2.356309,-9.8795758e-06,6.8552183e-10,-1.0906566e-09,-4.0745557e-07,0.0001003846,-5.6343505e-09,1.0564169e-08,4.4436612e-06,123.09735,5.4506709e-07,-8.7223154e-07,5.7527429,0,0
775,0.774,0,0,0,0,-0,0,0,0,0,0,0,0,0,0,0,0,0,0,0.52,1.2875125,-0.294534,-1.573372,-3.2636705e-11,1.444652e-10,0.78293703,-7.8770861e-11,1.2542418e-10,-2.356309,-9.7796939e-06,6.7980621e-10,-1.0815704e-09,-4.0325773e-07,9.9379321e-05,-5.7968949e-09,7.6082769e-09,3.9520343e-06,123.09734,5.39512e-07,-8.6335698e-07,5.7527422,0,0
776,0.775,0,0,0,0,-0,0,0,0,0,0,0,0,0,0,0,0,0,0,0.52,1.2875125,-0.294534,-1.573372,-3.2356849e-11,1.4322422e-10,0.78293702,-7.809389e-11,1.2434711e-10,-2.356309,-9.6808217e-06,6.741362e-10,-1.0725566e-09,-3.991031e-07,9.8364996e-05,-5.543129e-09,1.0419277e-08,4.3572111e-06,123.09733,5.340135e-07,-8.5457269e-07,5.7527414,0,0
777,0.776,0,0,0,0,-0,0,0,0,0,0,0,0,0,0,0,0,0,0,0.52,1.2875125,-0.29453401,-1.573372,-3.2079323e-11,1.4199359e-10,0.78293701,-7.7422566e-11,1.2327903e-10,-2.356309,-9.5829491e-06,6.6851145e-10,-1.0636147e-09,-3.9499126e-07,9.7380133e-05,-5.7063692e-09,7.464475e-09,3.8664814e-06,123.09732,5.2857106e-07,-8.4587779e-07,5.7527407,0,0
778,0.777,0,0,0,0,-0,0,0,0,0,0,0,0,0,0,0,0,0,0,0.52,1.2875125,-0.29453401,-1.573372,-3.1804108e-11,1.4077322e-10,0.782937,-7.6756845e-11,1.2221985e-10,-2.356309,-9.4860661e-06,6.6293164e-10,-1.0547442e-09,-3.9092175e-07,9.6386021e-05,-5.4532473e-09,1.0276517e-08,4.2725241e-06,123.09732,5.2318402e-07,-8.372713e-07,5.75274,0,0
779,0.778,0,0,0,0,-0,0,0,0,0,0,0,0,0,0,0,0,0,0,0.52,1.2875125,-0.29453402,-1.573372,-3.1531185e-11,1.3956303e-10,0.78293699,-7.6096681e-11,1.211695e-10,-2.356309,-9.3901625e-06,6.5739642e-10,-1.0459446e-09,-3.8689415e-07,9.5421168e-05,-5.6171936e-09,7.3228109e-09,3.7826743e-06,123.09731,5.1785192e-07,-8.287524e-07,5.7527393,0,0
780,0.779,0,0,0,0,-0,0,0,0,0,0,0,0,0,0,0,0,0,0,0.52,1.2875125,-0.29453402,-1.573372,-3.1260536e-11,1.3836294e-10,0.78293698,-7.544203e-11,1.2012792e-10,-2.356309,-9.2952285e-06,6.5190547e-10,-1.0372152e-09,-3.8290803e-07,9.4446857e-05,-5.3647065e-09,1.0135883e-08,4.1895752e-06,123.0973,5.1257412e-07,-8.2032014e-07,5.7527387,0,0
781,0.78,0,0,0,0,-0,0,0,0,0,0,0,0,0,0,0,0,0,0,0.52,1.2875125,-0.29453403,-1.573372,-3.0992144e-11,1.3717288e-10,0.78293697,-7.4792848e-11,1.1909504e-10,-2.356309,-9.2012542e-06,6.4645844e-10,-1.0285556e-09,-3.7896294e-07,9.3501608e-05,-5.5293509e-09,7.1832598e-09,3.7005956e-06,123.09729,5.0735017e-07,-8.1197372e-07,5.752738,0,0
782,0.781,0,0,0,0,-0,0,0,0,0,0,0,0,0,0,0,0,0,0,0.52,1.2875125,-0.29453403,-1.5733721,-3.0725989e-11,1.3599275e-10,0.78293697,-7.4149091e-11,1.1807078e-10,-2.356309,-9.1082301e-06,6.4105504e-10,-1.0199653e-09,-3.7505849e-07,9.2546711e-05,-5.2774619e-09,9.99732e-09,4.1083143e-06,123.09729,5.0217936e-07,-8.0371215e-07,5.7527373,0,0
783,0.782,0,0,0,0,-0,0,0,0,0,0,0,0,0,0,0,0,0,0,0.52,1.2875125,-0.29453404,-1.5733721,-3.0462055e-11,1.3482249e-10,0.78293696,-7.3510716e-11,1.1705507e-10,-2.356309,-9.0161464e-06,6.3569489e-10,-1.0114438e-09,-3.7119423e-07,9.1620671e-05,-5.4428376e-09,7.0458034e-09,3.6202002e-06,123.09728,4.9706136e-07,-7.9553473e-07,5.7527366,0,0
784,0.783,0,0,0,0,-0,0,0,0,0,0,0,0,0,0,0,0,0,0,0.52,1.2875125,-0.29453404,-1.5733721,-3.0200324e-11,1.3366201e-10,0.78293695,-7.287768e-11,1.1604786e-10,-2.356309,-8.9249936e-06,6.3037772e-10,-1.0029905e-09,-3.6736977e-07,9.0684789e-05,-5.191501e-09,9.8608056e-09,4.0287171e-06,123.09727,4.919954e-07,-7.874404e-07,5.752736,0,0
785,0.784,0,0,0,0,-0,0,0,0,0,0,0,0,0,0,0,0,0,0,0.52,1.2875125,-0.29453405,-1.5733721,-2.9940777e-11,1.3251123e-10,0.78293694,-7.2249939e-11,1.1504906e-10,-2.356309,-8.8347625e-06,6.2510317e-10,-9.9460489e-10,-3.635847e-07,8.9777568e-05,-5.3575976e-09,6.9103682e-09,3.5414402e-06,123.09726,4.8698112e-07,-7.7942845e-07,5.7527353,0,0
786,0.785,0,0,0,0,-0,0,0,0,0,0,0,0,0,0,0,0,0,0,0.52,1.2875125,-0.29453405,-1.5733721,-2.9683398e-11,1.3137008e-10,0.78293693,-7.1627452e-11,1.1405861e-10,-2.356309,-8.7454435e-06,6.1987094e-10,-9.8628652e-10,-3.5983859e-07,8.8860322e-05,-5.1068687e-09,9.7263793e-09,3.9507681e-06,123.09726,4.8201793e-07,-7.7149803e-07,5.7527347,0,0
787,0.786,0,0,0,0,-0,0,0,0,0,0,0,0,0,0,0,0,0,0,0.52,1.2875124,-0.29453406,-1.5733721,-2.9428168e-11,1.3023847e-10,0.78293692,-7.1010176e-11,1.1307645e-10,-2.356309,-8.6570276e-06,6.146807e-10,-9.7803485e-10,-3.5613106e-07,8.7971549e-05,-5.2736121e-09,6.776947e-09,3.4642957e-06,123.09725,4.7710534e-07,-7.6364831e-07,5.752734,0,0
788,0.787,0,0,0,0,-0,0,0,0,0,0,0,0,0,0,0,0,0,0,0.52,1.2875124,-0.29453406,-1.5733721,-2.9175072e-11,1.2911634e-10,0.78293691,-7.039807e-11,1.1210251e-10,-2.356309,-8.5695055e-06,6.0953215e-10,-9.6984942e-10,-3.5246171e-07,8.707256e-05,-5.0234757e-09,9.5939205e-09,3.8743989e-06,123.09724,4.7224274e-07,-7.5587837e-07,5.7527334,0,0
789,0.788,0,0,0,0,-0,0,0,0,0,0,0,0,0,0,0,0,0,0,0.52,1.2875124,-0.29453407,-1.5733721,-2.8924091e-11,1.2800361e-10,0.7829369,-6.9791091e-11,1.1113672e-10,-2.356309,-8.4828683e-06,6.0442497e-10,-9.617297e-10,-3.4883015e-07,8.620186e-05,-5.1908955e-09,6.6455297e-09,3.3887251e-06,123.09724,4.6742974e-07,-7.4818752e-07,5.7527328,0,0
790,0.789,0,0,0,0,-0,0,0,0,0,0,0,0,0,0,0,0,0,0,0.52,1.2875124,-0.29453407,-1.5733721,-2.8675209e-11,1.2690019e-10,0.7829369,-6.91892e-11,1.1017902e-10,-2.356309,-8.397107e-06,5.9935883e-10,-9.5367518e-10,-3.4523598e-07,8.5320764e-05,-4.9413684e-09,9.4634924e-09,3.7996134e-06,123.09723,4.6266581e-07,-7.4057495e-07,5.7527322,0,0
791,0.79,0,0,0,0,-0,0,0,0,0,0,0,0,0,0,0,0,0,0,0.52,1.2875124,-0.29453408,-1.5733721,-2.8428409e-11,1.2580602e-10,0.78293689,-6.8592353e-11,1.0922934e-10,-2.356309,-8.3122127e-06,5.9433346e-10,-9.4568542e-10,-3.4167883e-07,8.4467774e-05,-5.1093809e-09,6.5160446e-09,3.3146963e-06,123.09722,4.5795037e-07,-7.3303978e-07,5.7527316,0,0
792,0.791,0,0,0,0,-0,0,0,0,0,0,0,0,0,0,0,0,0,0,0.52,1.2875124,-0.29453408,-1.5733721,-2.8183674e-11,1.2472102e-10,0.78293688,-6.8000512e-11,1.0828761e-10,-2.356309,-8.2281767e-06,5.8934852e-10,-9.3775989e-10,-3.381583e-07,8.3604209e-05,-4.8604992e-09,9.3350143e-09,3.7263549e-06,123.09722,4.5328302e-07,-7.255813e-07,5.7527309,0,0
793,0.792,0,0,0,0,-0,0,0,0,0,0,0,0,0,0,0,0,0,0,0.52,1.2875124,-0.29453408,-1.5733722,-2.7940987e-11,1.2364512e-10,0.78293687,-6.7413636e-11,1.0735379e-10,-2.356309,-8.1449904e-06,5.8440372e-10,-9.2989812e-10,-3.3467403e-07,8.2768574e-05,-5.0290987e-09,6.3885174e-09,3.2421856e-06,123.09721,4.4866321e-07,-7.1819867e-07,5.7527303,0,0
794,0.793,0,0,0,0,-0,0,0,0,0,0,0,0,0,0,0,0,0,0,0.52,1.2875124,-0.29453409,-1.5733722,-2.7700333e-11,1.2257824e-10,0.78293686,-6.6831685e-11,1.0642779e-10,-2.356309,-8.062645e-06,5.7949875e-10,-9.2209963e-10,-3.3122564e-07,8.1922187e-05,-4.7808406e-09,9.2084607e-09,3.6545951e-06,123.0972,4.440905e-07,-7.1089118e-07,5.7527298,0,0
795,0.794,0,0,0,0,-0,0,0,0,0,0,0,0,0,0,0,0,0,0,0.52,1.2875124,-0.29453409,-1.5733722,-2.7461695e-11,1.2152032e-10,0.78293685,-6.6254619e-11,1.0550955e-10,-2.356309,-7.9811321e-06,5.7463331e-10,-9.1436394e-10,-3.2781276e-07,8.1103559e-05,-4.9500357e-09,6.2629192e-09,3.1711657e-06,123.0972,4.3956439e-07,-7.0365804e-07,5.7527292,0,0
796,0.795,0,0,0,0,-0,0,0,0,0,0,0,0,0,0,0,0,0,0,0.52,1.2875124,-0.2945341,-1.5733722,-2.7225056e-11,1.2047127e-10,0.78293685,-6.5682399e-11,1.0459903e-10,-2.356309,-7.9004433e-06,5.6980711e-10,-9.0669058e-10,-3.2443502e-07,8.0274007e-05,-4.7023753e-09,9.0838075e-09,3.5843063e-06,123.09719,4.3508441e-07,-6.9649849e-07,5.7527286,0,0
797,0.796,0,0,0,0,-0,0,0,0,0,0,0,0,0,0,0,0,0,0,0.52,1.2875124,-0.2945341,-1.5733722,-2.69904e-11,1.1943103e-10,0.78293684,-6.5114985e-11,1.0369614e-10,-2.356309,-7.8205703e-06,5.6501985e-10,-8.9907908e-10,-3.2109208e-07,7.9472041e-05,-4.8721453e-09,6.1391866e-09,3.1015891e-06,123.09718,4.3065003e-07,-6.8941173e-07,5.752728,0,0
798,0.797,0,0,0,0,-0,0,0,0,0,0,0,0,0,0,0,0,0,0,0.52,1.2875124,-0.29453411,-1.5733722,-2.6757713e-11,1.1839953e-10,0.78293683,-6.455234e-11,1.0280084e-10,-2.356309,-7.7415048e-06,5.6027121e-10,-8.9152896e-10,-3.1778355e-07,7.8658983e-05,-4.6251187e-09,8.9610581e-09,3.515464e-06,123.09718,4.2626092e-07,-6.8239714e-07,5.7527274,0,0
799,0.798,0,0,0,0,-0,0,0,0,0,0,0,0,0,0,0,0,0,0,0.52,1.2875124,-0.29453411,-1.5733722,-2.6526976e-11,1.173767e-10,0.78293682,-6.3994424e-11,1.0191305e-10,-2.356309,-7.6632386e-06,5.5556095e-10,-8.8403978e-10,-3.145091e-07,7.7873342e-05,-4.7954156e-09,6.0173098e-09,3.0334378e-06,123.09717,4.2191645e-07,-6.7545385e-07,5.7527269,0,0
800,0.799,0,0,0,0,-0,0,0,0,0,0,0,0,0,0,0,0,0,0,0.52,1.2875124,-0.29453411,-1.5733722,-2.6298176e-11,1.1636246e-10,0.78293682,-6.3441199e-11,1.0103273e-10,-2.356309,-7.5857637e-06,5.5088873e-10,-8.7661105e-10,-3.1126837e-07,7.7076449e-05,-4.5490168e-09,8.8401416e-09,3.4480189e-06,123.09717,4.1761629e-07,-6.685812e-07,5.7527263,0,0
801,0.8,0,0,0,0,-0,0,0,0,0,0,0,0,0,0,0,0,0,0,0.52,1.2875124,-0.29453412,-1.5733722,-2.6071296e-11,1.1535675e-10,0.78293681,-6.2892627e-11,1.001598e-10,-2.356309,-7.5090721e-06,5.4625428e-10,-8.6924232e-10,-3.0806101e-07,7.6306809e-05,-4.7198893e-09,5.8973243e-09,2.9666969e-06,123.09716,4.1335998e-07,-6.6177853e-07,5.7527258,0,0
802,0.801,0,0,0,0,-0,0,0,0,0,0,0,0,0,0,0,0,0,0,0.52,1.2875124,-0.29453412,-1.5733722,-2.5846321e-11,1.1435949e-10,0.7829368,-6.2348672e-11,9.9294215e-11,-2.356309,-7.4331558e-06,5.4165732e-10,-8.6193314e-10,-3.0488669e-07,7.5525752e-05,-4.4740326e-09,8.7210238e-09,3.3819524e-06,123.09715,4.0914699e-07,-6.5504502e-07,5.7527252,0,0
803,0.802,0,0,0,0,-0,0,0,0,0,0,0,0,0,0,0,0,0,0,0.52,1.2875124,-0.29453413,-1.5733722,-2.5623236e-11,1.1337063e-10,0.78293679,-6.1809294e-11,9.8435907e-11,-2.356309,-7.358007e-06,5.3709755e-10,-8.5468306e-10,-3.0174505e-07,7.4771787e-05,-4.6455069e-09,5.7791421e-09,2.9013182e-06,123.09715,4.0497697e-07,-6.4838003e-07,5.7527247,0,0
804,0.803,0,0,0,0,-0,0,0,0,0,0,0,0,0,0,0,0,0,0,0.52,1.2875124,-0.29453413,-1.5733722,-2.5402024e-11,1.1239008e-10,0.78293679,-6.1274458e-11,9.7584819e-11,-2.356309,-7.283618e-06,5.3257469e-10,-8.4749162e-10,-2.9863577e-07,7.4006249e-05,-4.4002056e-09,8.6037381e-09,3.3172494e-06,123.09714,4.0084945e-07,-6.4178286e-07,5.7527241,0,0
805,0.804,0,0,0,0,-0,0,0,0,0,0,0,0,0,0,0,0,0,0,0.52,1.2875124,-0.29453413,-1.5733722,-2.5182672e-11,1.1141779e-10,0.78293678,-6.0744126e-11,9.6740894e-11,-2.356309,-7.2099811e-06,5.2808847e-10,-8.4035839e-10,-2.9555851e-07,7.3267648e-05,-4.5722303e-09,5.6627296e-09,2.8372722e-06,123.09714,3.9676396e-07,-6.3525278e-07,5.7527236,0,0
806,0.805,0,0,0,0,-0,0,0,0,0,0,0,0,0,0,0,0,0,0,0.52,1.2875124,-0.29453414,-1.5733723,-2.4965164e-11,1.1045369e-10,0.78293677,-6.0218263e-11,9.5904074e-11,-2.356309,-7.1370886e-06,5.2363861e-10,-8.3328291e-10,-2.9251294e-07,7.2517319e-05,-4.3275018e-09,8.4882277e-09,3.2538626e-06,123.09713,3.9272011e-07,-6.2878914e-07,5.7527231,0,0
807,0.806,0,0,0,0,-0,0,0,0,0,0,0,0,0,0,0,0,0,0,0.52,1.2875124,-0.29453414,-1.5733723,-2.4749484e-11,1.0949771e-10,0.78293676,-5.9696831e-11,9.50743e-11,-2.356309,-7.064933e-06,5.1922481e-10,-8.2626473e-10,-2.8949873e-07,7.179377e-05,-4.5000981e-09,5.5481227e-09,2.7745545e-06,123.09712,3.8871752e-07,-6.2239133e-07,5.7527226,0,0
808,0.807,0,0,0,0,-0,0,0,0,0,0,0,0,0,0,0,0,0,0,0.52,1.2875124,-0.29453414,-1.5733723,-2.453562e-11,1.0854979e-10,0.78293676,-5.9179795e-11,9.4251516e-11,-2.356309,-6.993507e-06,5.1484683e-10,-8.1930346e-10,-2.8651557e-07,7.1058342e-05,-4.2558585e-09,8.3744264e-09,3.1917619e-06,123.09712,3.8475562e-07,-6.1605849e-07,5.752722,0,0
809,0.808,0,0,0,0,-0,0,0,0,0,0,0,0,0,0,0,0,0,0,0.52,1.2875124,-0.29453415,-1.5733723,-2.4323554e-11,1.0760985e-10,0.78293675,-5.866712e-11,9.3435665e-11,-2.356309,-6.922803e-06,5.1050436e-10,-8.1239861e-10,-2.8356313e-07,7.0349541e-05,-4.4290817e-09,5.4352659e-09,2.7131178e-06,123.09711,3.808342e-07,-6.0979017e-07,5.7527215,0,0
810,0.809,0,0,0,0,-0,0,0,0,0,0,0,0,0,0,0,0,0,0,0.52,1.2875124,-0.29453415,-1.5733723,-2.4113274e-11,1.0667784e-10,0.78293674,-5.8158769e-11,9.262669e-11,-2.356309,-6.8528139e-06,5.0619715e-10,-8.0554978e-10,-2.806411e-07,6.9628714e-05,-4.1853316e-09,8.2623944e-09,3.1309524e-06,123.09711,3.7695269e-07,-6.0358561e-07,5.752721,0,0
811,0.81,0,0,0,0,-0,0,0,0,0,0,0,0,0,0,0,0,0,0,0.52,1.2875124,-0.29453416,-1.5733723,-2.3904765e-11,1.0575369e-10,0.78293674,-5.7654708e-11,9.1824537e-11,-2.356309,-6.7835324e-06,5.0192494e-10,-7.9875655e-10,-2.7774916e-07,6.8934367e-05,-4.3590947e-09,5.3240702e-09,2.6529201e-06,123.0971,3.731107e-07,-5.9744412e-07,5.7527205,0,0
812,0.811,0,0,0,0,-0,0,0,0,0,0,0,0,0,0,0,0,0,0,0.52,1.2875124,-0.29453416,-1.5733723,-2.3698011e-11,1.0483734e-10,0.78293673,-5.7154902e-11,9.102915e-11,-2.356309,-6.7149513e-06,4.9768743e-10,-7.9201846e-10,-2.74887e-07,6.8227848e-05,-4.1159299e-09,8.1521133e-09,3.0713985e-06,123.0971,3.6930796e-07,-5.913652e-07,5.75272,0,0
813,0.812,0,0,0,0,-0,0,0,0,0,0,0,0,0,0,0,0,0,0,0.52,1.2875124,-0.29453416,-1.5733723,-2.3493e-11,1.0392872e-10,0.78293672,-5.6659316e-11,9.0240473e-11,-2.356309,-6.6470635e-06,4.9348438e-10,-7.8533512e-10,-2.7205433e-07,6.7547665e-05,-4.2901543e-09,5.2145621e-09,2.5939554e-06,123.09709,3.6554387e-07,-5.8534805e-07,5.7527195,0,0
814,0.813,0,0,0,0,-0,0,0,0,0,0,0,0,0,0,0,0,0,0,0.52,1.2875124,-0.29453417,-1.5733723,-2.3289716e-11,1.0302778e-10,0.78293672,-5.6167916e-11,8.9458452e-11,-2.356309,-6.5798621e-06,4.8931552e-10,-7.7870609e-10,-2.6925082e-07,6.6855165e-05,-4.0475743e-09,8.0434887e-09,3.0130501e-06,123.09709,3.618182e-07,-5.7939215e-07,5.7527191,0,0
815,0.814,0,0,0,0,-0,0,0,0,0,0,0,0,0,0,0,0,0,0,0.52,1.2875124,-0.29453417,-1.5733723,-2.3088147e-11,1.0213444e-10,0.78293671,-5.5680668e-11,8.8683034e-11,-2.356309,-6.5133401e-06,4.8518058e-10,-7.7213097e-10,-2.6647619e-07,6.6188862e-05,-4.2223025e-09,5.1067664e-09,2.5362093e-06,123.09708,3.5813048e-07,-5.7349686e-07,5.7527186,0,0
816,0.815,0,0,0,0,-0,0,0,0,0,0,0,0,0,0,0,0,0,0,0.52,1.2875124,-0.29453417,-1.5733723,-2.2888277e-11,1.0124865e-10,0.7829367,-5.5197538e-11,8.7914164e-11,-2.356309,-6.4474906e-06,4.8107931e-10,-7.6560933e-10,-2.6373014e-07,6.5510096e-05,-3.9802415e-09,7.9365053e-09,2.9558984e-06,123.09708,3.5448035e-07,-5.6766153e-07,5.7527181,0,0
817,0.816,0,0,0,0,-0,0,0,0,0,0,0,0,0,0,0,0,0,0,0.52,1.2875124,-0.29453418,-1.5733723,-2.2690093e-11,1.0037034e-10,0.7829367,-5.4718493e-11,8.7151789e-11,-2.356309,-6.3823069e-06,4.7701144e-10,-7.5914077e-10,-2.6101236e-07,6.4857387e-05,-4.1554941e-09,5.0006155e-09,2.4796524e-06,123.09707,3.5086742e-07,-5.6188558e-07,5.7527176,0,0
818,0.817,0,0,0,0,-0,0,0,0,0,0,0,0,0,0,0,0,0,0,0.52,1.2875124,-0.29453418,-1.5733723,-2.2493582e-11,9.9499456e-11,0.78293669,-5.4243498e-11,8.6395856e-11,-2.356309,-6.3177821e-06,4.7297673e-10,-7.5272489e-10,-2.5832258e-07,6.4192088e-05,-3.9139239e-09,7.8311471e-09,2.8999053e-06,123.09707,3.4729126e-07,-5.5616835e-07,5.7527172,0,0
819,0.818,0,0,0,0,-0,0,0,0,0,0,0,0,0,0,0,0,0,0,0.52,1.2875124,-0.29453418,-1.5733723,-2.2298729e-11,9.8635937e-11,0.78293668,-5.3772523e-11,8.5646313e-11,-2.356309,-6.2539097e-06,4.689749e-10,-7.4636126e-10,-2.556605e-07,6.3552702e-05,-4.0897384e-09,4.8961186e-09,2.4242583e-06,123.09706,3.4375162e-07,-5.5050936e-07,5.7527167,0,0
820,0.819,0,0,0,0,-0,0,0,0,0,0,0,0,0,0,0,0,0,0,0.52,1.2875124,-0.29453419,-1.5733724,-2.2105522e-11,9.7779722e-11,0.78293668,-5.3305532e-11,8.4903107e-11,-2.356309,-6.1906831e-06,4.6500573e-10,-7.400495e-10,-2.5302585e-07,6.2900596e-05,-3.8486026e-09,7.7273868e-09,2.8450543e-06,123.09706,3.4024796e-07,-5.4490785e-07,5.7527162,0,0
821,0.82,0,0,0,0,-0,0,0,0,0,0,0,0,0,0,0,0,0,0,0.52,1.2875124,-0.29453419,-1.5733724,-2.1913947e-11,9.693075e-11,0.78293667,-5.2842495e-11,8.4166188e-11,-2.356309,-6.1280957e-06,4.6106893e-10,-7.337892e-10,-2.5041832e-07,6.2274264e-05,-4.0250002e-09,4.793226e-09,2.3699984e-06,123.09705,3.367801e-07,-5.3936341e-07,5.7527158,0,0
822,0.821,0,0,0,0,-0,0,0,0,0,0,0,0,0,0,0,0,0,0,0.52,1.2875124,-0.29453419,-1.5733724,-2.172399e-11,9.6088964e-11,0.78293667,-5.2383378e-11,8.3435503e-11,-2.356309,-6.066141e-06,4.5716428e-10,-7.2757996e-10,-2.4783765e-07,6.1635084e-05,-3.7842979e-09,7.6252384e-09,2.7913382e-06,123.09705,3.3334752e-07,-5.3387535e-07,5.7527153,0,0
823,0.822,0,0,0,0,-0,0,0,0,0,0,0,0,0,0,0,0,0,0,0.52,1.2875124,-0.2945342,-1.5733724,-2.1535639e-11,9.5254303e-11,0.78293666,-5.1928151e-11,8.2711003e-11,-2.356309,-6.0048127e-06,4.5329151e-10,-7.214214e-10,-2.4528356e-07,6.1021546e-05,-3.961235e-09,4.6918913e-09,2.3168424e-06,123.09704,3.2994995e-07,-5.2844314e-07,5.7527149,0,0
824,0.823,0,0,0,0,-0,0,0,0,0,0,0,0,0,0,0,0,0,0,0.52,1.2875124,-0.2945342,-1.5733724,-2.134888e-11,9.4426712e-11,0.78293665,-5.147678e-11,8.1992635e-11,-2.356309,-5.9441044e-06,4.494504e-10,-7.1531312e-10,-2.4275578e-07,6.0395032e-05,-3.7209927e-09,7.5246656e-09,2.7387199e-06,123.09704,3.2658697e-07,-5.2306617e-07,5.7527145,0,0
825,0.824,0,0,0,0,-0,0,0,0,0,0,0,0,0,0,0,0,0,0,0.52,1.2875124,-0.2945342,-1.5733724,-2.1163701e-11,9.360613e-11,0.78293665,-5.1029234e-11,8.1280352e-11,-2.356309,-5.8840098e-06,4.4564068e-10,-7.0925473e-10,-2.4025403e-07,5.9794033e-05,-3.8984522e-09,4.5921208e-09,2.2647746e-06,123.09703,3.2325831e-07,-5.1774394e-07,5.752714,0,0
826,0.825,0,0,0,0,-0,0,0,0,0,0,0,0,0,0,0,0,0,0,0.52,1.2875124,-0.29453421,-1.5733724,-2.0980088e-11,9.2792502e-11,0.78293664,-5.0585483e-11,8.0574101e-11,-2.356309,-5.8245229e-06,4.4186211e-10,-7.0324584e-10,-2.3777805e-07,5.9179929e-05,-3.6586796e-09,7.4256594e-09,2.6871908e-06,123.09703,3.1996357e-07,-5.1247587e-07,5.7527136,0,0
827,0.826,0,0,0,0,-0,0,0,0,0,0,0,0,0,0,0,0,0,0,0.52,1.2875124,-0.29453421,-1.5733724,-2.0798028e-11,9.198577e-11,0.78293664,-5.0145494e-11,7.9873835e-11,-2.356309,-5.7656373e-06,4.3811447e-10,-6.9728608e-10,-2.3532757e-07,5.8591215e-05,-3.8366072e-09,4.4938562e-09,2.2137654e-06,123.09702,3.1670237e-07,-5.0726136e-07,5.7527132,0,0
828,0.827,0,0,0,0,-0,0,0,0,0,0,0,0,0,0,0,0,0,0,0.52,1.2875124,-0.29453421,-1.5733724,-2.061751e-11,9.1185878e-11,0.78293663,-4.9709238e-11,7.9179505e-11,-2.356309,-5.7073471e-06,4.3439751e-10,-6.9137507e-10,-2.3290234e-07,5.7989268e-05,-3.5973213e-09,7.3281617e-09,2.6367038e-06,123.09702,3.1347439e-07,-5.0209988e-07,5.7527128,0,0
829,0.828,0,0,0,0,-0,0,0,0,0,0,0,0,0,0,0,0,0,0,0.52,1.2875124,-0.29453421,-1.5733724,-2.043852e-11,9.039277e-11,0.78293662,-4.9276684e-11,7.8491061e-11,-2.356309,-5.6496461e-06,4.3071097e-10,-6.8551241e-10,-2.3050208e-07,5.7412588e-05,-3.7757578e-09,4.3971555e-09,2.1638202e-06,123.09701,3.1027938e-07,-4.9699099e-07,5.7527123,0,0
830,0.829,0,0,0,0,-0,0,0,0,0,0,0,0,0,0,0,0,0,0,0.52,1.2875124,-0.29453422,-1.5733724,-2.0261046e-11,8.960639e-11,0.78293662,-4.8847801e-11,7.7808456e-11,-2.356309,-5.5925285e-06,4.2705465e-10,-6.7969776e-10,-2.2812654e-07,5.6822559e-05,-3.5368792e-09,7.2321436e-09,2.5872471e-06,123.09701,3.0711683e-07,-4.9193398e-07,5.7527119,0,0
831,0.83,0,0,0,0,-0,0,0,0,0,0,0,0,0,0,0,0,0,0,0.52,1.2875123,-0.29453422,-1.5733724,-2.0085075e-11,8.8826683e-11,0.78293661,-4.842256e-11,7.7131642e-11,-2.356309,-5.5359884e-06,4.2342828e-10,-6.7393072e-10,-2.2577547e-07,5.6257676e-05,-3.7158533e-09,4.3019434e-09,2.1148894e-06,123.097,3.0398659e-07,-4.8692848e-07,5.7527115,0,0
832,0.831,0,0,0,0,-0,0,0,0,0,0,0,0,0,0,0,0,0,0,0.52,1.2875123,-0.29453422,-1.5733724,-1.9910596e-11,8.8053596e-11,0.78293661,-4.800093e-11,7.6460571e-11,-2.356309,-5.4800199e-06,4.1983165e-10,-6.6821092e-10,-2.2344862e-07,5.5679325e-05,-3.4774009e-09,7.1376473e-09,2.5388166e-06,123.097,3.0088823e-07,-4.8197392e-07,5.7527111,0,0
833,0.832,0,0,0,0,-0,0,0,0,0,0,0,0,0,0,0,0,0,0,0.52,1.2875123,-0.29453423,-1.5733724,-1.9737595e-11,8.7287072e-11,0.7829366,-4.7582882e-11,7.5795196e-11,-2.356309,-5.4246173e-06,4.1626453e-10,-6.6253801e-10,-2.2114574e-07,5.5126002e-05,-3.656845e-09,4.2081738e-09,2.0669526e-06,123.09699,2.9782144e-07,-4.7706975e-07,5.7527107,0,0
834,0.833,0,0,0,0,-0,0,0,0,0,0,0,0,0,0,0,0,0,0,0.52,1.2875123,-0.29453423,-1.5733724,-1.9566062e-11,8.6527059e-11,0.7829366,-4.7168386e-11,7.5135472e-11,-2.356309,-5.3697747e-06,4.1272668e-10,-6.5691162e-10,-2.1886657e-07,5.4559089e-05,-3.4188507e-09,7.0446105e-09,2.4913746e-06,123.09699,2.9478589e-07,-4.7221547e-07,5.7527103,0,0
835,0.834,0,0,0,0,-0,0,0,0,0,0,0,0,0,0,0,0,0,0,0.52,1.2875123,-0.29453423,-1.5733724,-1.9395983e-11,8.5773503e-11,0.78293659,-4.6757414e-11,7.448135e-11,-2.356309,-5.3154866e-06,4.0921787e-10,-6.5133138e-10,-2.1661088e-07,5.4017085e-05,-3.5987677e-09,4.1158781e-09,2.0200149e-06,123.09699,2.9178133e-07,-4.6741061e-07,5.7527099,0,0
836,0.835,0,0,0,0,-0,0,0,0,0,0,0,0,0,0,0,0,0,0,0.52,1.2875123,-0.29453424,-1.5733724,-1.9227348e-11,8.5026351e-11,0.78293659,-4.6349936e-11,7.3832786e-11,-2.356309,-5.2617474e-06,4.057379e-10,-6.4579695e-10,-2.1437843e-07,5.346139e-05,-3.3611725e-09,6.9529795e-09,2.4448886e-06,123.09698,2.8880728e-07,-4.6265455e-07,5.7527095,0,0
837,0.836,0,0,0,0,-0,0,0,0,0,0,0,0,0,0,0,0,0,0,0.52,1.2875123,-0.29453424,-1.5733725,-1.9060144e-11,8.4285551e-11,0.78293658,-4.5945924e-11,7.3189733e-11,-2.356309,-5.2085515e-06,4.0228651e-10,-6.4030794e-10,-2.1216897e-07,5.2930486e-05,-3.5416147e-09,4.0250319e-09,1.9740287e-06,123.09698,2.8586364e-07,-4.5794696e-07,5.7527092,0,0
838,0.837,0,0,0,0,-0,0,0,0,0,0,0,0,0,0,0,0,0,0,0.52,1.2875123,-0.29453424,-1.5733725,-1.8894359e-11,8.355105e-11,0.78293658,-4.5545349e-11,7.2552147e-11,-2.356309,-5.1558933e-06,3.9886349e-10,-6.3486402e-10,-2.0998227e-07,5.2385774e-05,-3.3044179e-09,6.8628087e-09,2.3993754e-06,123.09697,2.8294997e-07,-4.5328726e-07,5.7527088,0,0
839,0.838,0,0,0,0,-0,0,0,0,0,0,0,0,0,0,0,0,0,0,0.52,1.2875123,-0.29453424,-1.5733725,-1.8729981e-11,8.2822797e-11,0.78293657,-4.5148183e-11,7.1919983e-11,-2.356309,-5.1037676e-06,3.9546863e-10,-6.2946484e-10,-2.0781809e-07,5.1865745e-05,-3.4853137e-09,3.9355592e-09,1.9289815e-06,123.09697,2.80066e-07,-4.4867496e-07,5.7527084,0,0
840,0.839,0,0,0,0,-0,0,0,0,0,0,0,0,0,0,0,0,0,0,0.52,1.2875123,-0.29453425,-1.5733725,-1.8567e-11,8.210074e-11,0.78293657,-4.4754398e-11,7.1293196e-11,-2.356309,-5.0521688e-06,3.921017e-10,-6.2411004e-10,-2.056762e-07,5.1331797e-05,-3.2485449e-09,6.7740276e-09,2.3547851e-06,123.09696,2.7721139e-07,-4.4410955e-07,5.752708,0,0
841,0.84,0,0,0,0,-0,0,0,0,0,0,0,0,0,0,0,0,0,0,0.52,1.2875123,-0.29453425,-1.5733725,-1.8405404e-11,8.1384828e-11,0.78293656,-4.4363965e-11,7.0671741e-11,-2.356309,-5.0010917e-06,3.8876247e-10,-6.1879928e-10,-2.0355638e-07,5.0822424e-05,-3.429904e-09,3.8474983e-09,1.884859e-06,123.09696,2.743859e-07,-4.3959063e-07,5.7527077,0,0
842,0.841,0,0,0,0,-0,0,0,0,0,0,0,0,0,0,0,0,0,0,0.52,1.2875123,-0.29453425,-1.5733725,-1.8245181e-11,8.0675011e-11,0.78293656,-4.3976859e-11,7.0055575e-11,-2.356309,-4.950531e-06,3.8545075e-10,-6.1353221e-10,-2.0145839e-07,5.0299023e-05,-3.1935528e-09,6.6866436e-09,2.3111191e-06,123.09696,2.7158922e-07,-4.351177e-07,5.7527073,0,0
843,0.842,0,0,0,0,-0,0,0,0,0,0,0,0,0,0,0,0,0,0,0.52,1.2875123,-0.29453425,-1.5733725,-1.808632e-11,7.9971238e-11,0.78293655,-4.359305e-11,6.9444655e-11,-2.356309,-4.9004814e-06,3.8216631e-10,-6.083085e-10,-1.9938202e-07,4.9800091e-05,-3.3753267e-09,3.7607734e-09,1.8416305e-06,123.09695,2.6882099e-07,-4.3069023e-07,5.7527069,0,0
844,0.843,0,0,0,0,-0,0,0,0,0,0,0,0,0,0,0,0,0,0,0.52,1.2875123,-0.29453426,-1.5733725,-1.7928811e-11,7.927346e-11,0.78293655,-4.3212513e-11,6.8838937e-11,-2.356309,-4.8509378e-06,3.7890893e-10,-6.031278e-10,-1.9732703e-07,4.9287026e-05,-3.1394277e-09,6.6006243e-09,2.2683405e-06,123.09695,2.6608099e-07,-4.2630781e-07,5.7527066,0,0
845,0.844,0,0,0,0,-0,0,0,0,0,0,0,0,0,0,0,0,0,0,0.52,1.2875123,-0.29453426,-1.5733725,-1.777264e-11,7.8581628e-11,0.78293654,-4.2835219e-11,6.8238378e-11,-2.356309,-4.8018952e-06,3.756784e-10,-5.9798977e-10,-1.9529321e-07,4.8798326e-05,-3.3216262e-09,3.6754352e-09,1.7993e-06,123.09694,2.6336895e-07,-4.2197002e-07,5.7527062,0,0
846,0.845,0,0,0,0,-0,0,0,0,0,0,0,0,0,0,0,0,0,0,0.52,1.2875123,-0.29453426,-1.5733725,-1.7617799e-11,7.7895692e-11,0.78293654,-4.2461143e-11,6.7642936e-11,-2.356309,-4.7533483e-06,3.7247452e-10,-5.9289409e-10,-1.9328034e-07,4.8295388e-05,-3.0861279e-09,6.5159288e-09,2.2264382e-06,123.09694,2.6068451e-07,-4.1767634e-07,5.7527059,0,0
847,0.846,0,0,0,0,-0,0,0,0,0,0,0,0,0,0,0,0,0,0,0.52,1.2875123,-0.29453426,-1.5733725,-1.7464276e-11,7.7215603e-11,0.78293653,-4.2090257e-11,6.7052569e-11,-2.356309,-4.7052923e-06,3.6929708e-10,-5.8784042e-10,-1.9128821e-07,4.7816716e-05,-3.2687595e-09,3.5914172e-09,1.7578281e-06,123.09694,2.5802744e-07,-4.1342634e-07,5.7527055,0,0
848,0.847,0,0,0,0,-0,0,0,0,0,0,0,0,0,0,0,0,0,0,0.52,1.2875123,-0.29453427,-1.5733725,-1.7312059e-11,7.6541314e-11,0.78293653,-4.1722535e-11,6.6467234e-11,-2.356309,-4.6577221e-06,3.6614586e-10,-5.8282842e-10,-1.8931659e-07,4.7323699e-05,-3.0336875e-09,6.4325863e-09,2.1854069e-06,123.09693,2.5539748e-07,-4.0921963e-07,5.7527052,0,0
849,0.848,0,0,0,0,-0,0,0,0,0,0,0,0,0,0,0,0,0,0,0.52,1.2875123,-0.29453427,-1.5733725,-1.7161139e-11,7.5872777e-11,0.78293652,-4.1357952e-11,6.5886891e-11,-2.356309,-4.6106328e-06,3.6302067e-10,-5.7785779e-10,-1.8736529e-07,4.6854851e-05,-3.2166816e-09,3.5086738e-09,1.7171951e-06,123.09693,2.5279424e-07,-4.0505562e-07,5.7527048,0,0
850,0.849,0,0,0,0,-0,0,0,0,0,0,0,0,0,0,0,0,0,0,0.52,1.2875123,-0.29453427,-1.5733725,-1.7011504e-11,7.5209944e-11,0.78293652,-4.0996481e-11,6.5311498e-11,-2.356309,-4.5640196e-06,3.5992129e-10,-5.7292817e-10,-1.8543409e-07,4.6371558e-05,-2.98208e-09,6.3505506e-09,2.1452081e-06,123.09693,2.5021759e-07,-4.0093403e-07,5.7527045,0,0
851,0.85,0,0,0,0,-0,0,0,0,0,0,0,0,0,0,0,0,0,0,0.52,1.2875123,-0.29453427,-1.5733725,-1.6863144e-11,7.4552768e-11,0.78293651,-4.0638097e-11,6.4741014e-11,-2.356309,-4.5178776e-06,3.5684752e-10,-5.6803926e-10,-1.8352278e-07,4.5912334e-05,-3.1654544e-09,3.427272e-09,1.6774155e-06,123.09692,2.4766721e-07,-3.968544e-07,5.7527042,0,0
852,0.851,0,0,0,0,-0,0,0,0,0,0,0,0,0,0,0,0,0,0,0.52,1.2875123,-0.29453428,-1.5733725,-1.6716048e-11,7.3901202e-11,0.78293651,-4.0282773e-11,6.4175399e-11,-2.356309,-4.4722022e-06,3.5379917e-10,-5.6319074e-10,-1.8163116e-07,4.5438571e-05,-2.9312458e-09,6.2697658e-09,2.1058292e-06,123.09692,2.4514279e-07,-3.9281625e-07,5.7527039,0,0
853,0.852,0,0,0,0,-0,0,0,0,0,0,0,0,0,0,0,0,0,0,0.52,1.2875123,-0.29453428,-1.5733725,-1.6570207e-11,7.32552e-11,0.7829365,-3.9930486e-11,6.3614613e-11,-2.356309,-4.4269885e-06,3.5077604e-10,-5.5838229e-10,-1.7975902e-07,4.4988782e-05,-3.1150308e-09,3.3471359e-09,1.6384398e-06,123.09692,2.426441e-07,-3.8881918e-07,5.7527035,0,0
854,0.853,0,0,0,0,-0,0,0,0,0,0,0,0,0,0,0,0,0,0,0.52,1.2875123,-0.29453428,-1.5733725,-1.6425609e-11,7.2614716e-11,0.7829365,-3.9581209e-11,6.3058615e-11,-2.356309,-4.3822319e-06,3.4777791e-10,-5.5361359e-10,-1.7790617e-07,4.4524357e-05,-2.8812218e-09,6.1902652e-09,2.0672563e-06,123.09691,2.4017089e-07,-3.8486278e-07,5.7527032,0,0
855,0.854,0,0,0,0,-0,0,0,0,0,0,0,0,0,0,0,0,0,0,0.52,1.2875123,-0.29453428,-1.5733725,-1.6282244e-11,7.1979705e-11,0.7829365,-3.9234918e-11,6.2507366e-11,-2.356309,-4.3379278e-06,3.448046e-10,-5.4888433e-10,-1.7607241e-07,4.4083813e-05,-3.065408e-09,3.2682699e-09,1.6002695e-06,123.09691,2.377229e-07,-3.8094667e-07,5.7527029,0,0
856,0.855,0,0,0,0,-0,0,0,0,0,0,0,0,0,0,0,0,0,0,0.52,1.2875123,-0.29453429,-1.5733725,-1.6140103e-11,7.135012e-11,0.78293649,-3.8891587e-11,6.1960827e-11,-2.356309,-4.2940717e-06,3.4185591e-10,-5.441942e-10,-1.7425754e-07,4.362853e-05,-2.8319591e-09,6.1119833e-09,2.0294689e-06,123.0969,2.352998e-07,-3.7707034e-07,5.7527026,0,0
857,0.856,0,0,0,0,-0,0,0,0,0,0,0,0,0,0,0,0,0,0,0.52,1.2875123,-0.29453429,-1.5733725,-1.5999175e-11,7.0725918e-11,0.78293649,-3.8551193e-11,6.1418958e-11,-2.356309,-4.2506589e-06,3.3893164e-10,-5.3954288e-10,-1.7246136e-07,4.3197046e-05,-3.0165842e-09,3.1906593e-09,1.5628866e-06,123.0969,2.3290147e-07,-3.7323352e-07,5.7527023,0,0
858,0.857,0,0,0,0,-0,0,0,0,0,0,0,0,0,0,0,0,0,0,0.52,1.2875123,-0.29453429,-1.5733726,-1.5859449e-11,7.0107053e-11,0.78293648,-3.8213712e-11,6.0881722e-11,-2.356309,-4.207685e-06,3.3603161e-10,-5.3493008e-10,-1.7068369e-07,4.275073e-05,-2.7834728e-09,6.0349423e-09,1.9924579e-06,123.0969,2.3052753e-07,-3.694357e-07,5.7527019,0,0
859,0.858,0,0,0,0,-0,0,0,0,0,0,0,0,0,0,0,0,0,0,0.52,1.2875123,-0.29453429,-1.5733726,-1.5720917e-11,6.9493481e-11,0.78293648,-3.7879118e-11,6.0349079e-11,-2.356309,-4.1651456e-06,3.3315562e-10,-5.3035548e-10,-1.6892433e-07,4.2328118e-05,-2.9685099e-09,3.1142428e-09,1.526262e-06,123.09689,2.2817781e-07,-3.6567652e-07,5.7527016,0,0
860,0.859,0,0,0,0,-0,0,0,0,0,0,0,0,0,0,0,0,0,0,0.52,1.2875123,-0.29453429,-1.5733726,-1.5583568e-11,6.8885159e-11,0.78293647,-3.7547389e-11,5.9820992e-11,-2.356309,-4.1230362e-06,3.3030348e-10,-5.258188e-10,-1.671831e-07,4.1890587e-05,-2.7357624e-09,5.9591234e-09,1.9562072e-06,123.09689,2.2585201e-07,-3.6195558e-07,5.7527013,0,0
861,0.86,0,0,0,0,-0,0,0,0,0,0,0,0,0,0,0,0,0,0,0.52,1.2875123,-0.2945343,-1.5733726,-1.5447393e-11,6.8282043e-11,0.78293647,-3.7218499e-11,5.9297423e-11,-2.356309,-4.0813526e-06,3.2747501e-10,-5.2131972e-10,-1.654598e-07,4.147667e-05,-2.9211894e-09,3.0390305e-09,1.4903868e-06,123.09689,2.2354993e-07,-3.582725e-07,5.752701,0,0
862,0.861,0,0,0,0,-0,0,0,0,0,0,0,0,0,0,0,0,0,0,0.52,1.2875123,-0.2945343,-1.5733726,-1.5312381e-11,6.768409e-11,0.78293647,-3.6892427e-11,5.8778334e-11,-2.356309,-4.0400904e-06,3.2467001e-10,-5.1685796e-10,-1.6375426e-07,4.104775e-05,-2.6888087e-09,5.8845032e-09,1.9206969e-06,123.09688,2.212713e-07,-3.546269e-07,5.7527007,0,0
863,0.862,0,0,0,0,-0,0,0,0,0,0,0,0,0,0,0,0,0,0,0.52,1.2875123,-0.2945343,-1.5733726,-1.5178523e-11,6.7091256e-11,0.78293646,-3.6569148e-11,5.8263688e-11,-2.356309,-3.9992453e-06,3.2188829e-10,-5.124332e-10,-1.6206628e-07,4.0642354e-05,-2.8746269e-09,2.9650185e-09,1.4552531e-06,123.09688,2.1901593e-07,-3.5101842e-07,5.7527004,0,0
864,0.863,0,0,0,0,-0,0,0,0,0,0,0,0,0,0,0,0,0,0,0.52,1.2875123,-0.2945343,-1.5733726,-1.504581e-11,6.65035e-11,0.78293646,-3.6248639e-11,5.7753449e-11,-2.356309,-3.9588132e-06,3.1912969e-10,-5.0804517e-10,-1.603957e-07,4.0221865e-05,-2.6425695e-09,5.8110288e-09,1.8859081e-06,123.09688,2.1678347e-07,-3.4744658e-07,5.7527002,0,0
865,0.864,0,0,0,0,-0,0,0,0,0,0,0,0,0,0,0,0,0,0,0.52,1.2875123,-0.29453431,-1.5733726,-1.4914231e-11,6.5920779e-11,0.78293645,-3.5930877e-11,5.724758e-11,-2.356309,-3.9187899e-06,3.16394e-10,-5.0369356e-10,-1.5874233e-07,3.9824822e-05,-2.8288219e-09,2.8921949e-09,1.4208427e-06,123.09687,2.1457386e-07,-3.4391117e-07,5.7526999,0,0
866,0.865,0,0,0,0,-0,0,0,0,0,0,0,0,0,0,0,0,0,0,0.52,1.2875123,-0.29453431,-1.5733726,-1.4783779e-11,6.5343052e-11,0.78293645,-3.5615839e-11,5.6746044e-11,-2.356309,-3.8791712e-06,3.1368106e-10,-4.9937811e-10,-1.5710599e-07,3.9412597e-05,-2.5970555e-09,5.7387161e-09,1.851832e-06,123.09687,2.1238668e-07,-3.4041166e-07,5.7526996,0,0
867,0.866,0,0,0,0,-0,0,0,0,0,0,0,0,0,0,0,0,0,0,0.52,1.2875123,-0.29453431,-1.5733726,-1.4654442e-11,6.4770276e-11,0.78293645,-3.5303504e-11,5.6248805e-11,-2.356309,-3.839953e-06,3.1099066e-10,-4.9509849e-10,-1.5548651e-07,3.9023737e-05,-2.7837378e-09,2.8205134e-09,1.3871364e-06,123.09687,2.1022187e-07,-3.3694782e-07,5.7526993,0,0
868,0.867,0,0,0,0,-0,0,0,0,0,0,0,0,0,0,0,0,0,0,0.52,1.2875123,-0.29453431,-1.5733726,-1.4526213e-11,6.4202412e-11,0.78293644,-3.4993847e-11,5.5755829e-11,-2.356309,-3.8011313e-06,3.0832265e-10,-4.9085445e-10,-1.5388371e-07,3.8619613e-05,-2.552277e-09,5.6675665e-09,1.8184606e-06,123.09687,2.0807907e-07,-3.3351919e-07,5.752699,0,0
869,0.868,0,0,0,0,-0,0,0,0,0,0,0,0,0,0,0,0,0,0,0.52,1.2875123,-0.29453431,-1.5733726,-1.4399081e-11,6.3639417e-11,0.78293644,-3.4686847e-11,5.5267079e-11,-2.356309,-3.7627021e-06,3.0567684e-10,-4.866457e-10,-1.5229742e-07,3.8238766e-05,-2.7393437e-09,2.7499398e-09,1.3541149e-06,123.09686,2.0595814e-07,-3.3012546e-07,5.7526987,0,0
870,0.869,0,0,0,0,-0,0,0,0,0,0,0,0,0,0,0,0,0,0,0.52,1.2875123,-0.29453432,-1.5733726,-1.4273039e-11,6.3081252e-11,0.78293644,-3.4382482e-11,5.478252e-11,-2.356309,-3.7246615e-06,3.0305307e-10,-4.8247196e-10,-1.5072748e-07,3.7842577e-05,-2.5082057e-09,5.5975325e-09,1.7857663e-06,123.09686,2.0385876e-07,-3.2676619e-07,5.7526985,0,0
871,0.87,0,0,0,0,-0,0,0,0,0,0,0,0,0,0,0,0,0,0,0.52,1.2875123,-0.29453432,-1.5733726,-1.4148075e-11,6.2527876e-11,0.78293643,-3.408073e-11,5.4302118e-11,-2.356309,-3.6870054e-06,3.0045113e-10,-4.7833294e-10,-1.491737e-07,3.7469587e-05,-2.695682e-09,2.6805208e-09,1.3217808e-06,123.09686,2.0178088e-07,-3.2344121e-07,5.7526982,0,0
872,0.871,0,0,0,0,-0,0,0,0,0,0,0,0,0,0,0,0,0,0,0.52,1.2875123,-0.29453432,-1.5733726,-1.4024183e-11,6.1979249e-11,0.78293643,-3.3781569e-11,5.3825837e-11,-2.356309,-3.64973e-06,2.9787088e-10,-4.7422838e-10,-1.4763595e-07,3.7081174e-05,-2.4648108e-09,5.5285885e-09,1.7537379e-06,123.09685,1.9972406e-07,-3.2014995e-07,5.7526979,0,0
873,0.872,0,0,0,0,-0,0,0,0,0,0,0,0,0,0,0,0,0,0,0.52,1.2875123,-0.29453432,-1.5733726,-1.3901352e-11,6.1435332e-11,0.78293642,-3.3484978e-11,5.3353644e-11,-2.356309,-3.6128315e-06,2.9531212e-10,-4.7015799e-10,-1.4611402e-07,3.6715881e-05,-2.6527156e-09,2.6121972e-09,1.2901053e-06,123.09685,1.976883e-07,-3.1689225e-07,5.7526977,0,0
874,0.873,0,0,0,0,-0,0,0,0,0,0,0,0,0,0,0,0,0,0,0.52,1.2875123,-0.29453432,-1.5733726,-1.3779574e-11,6.0896086e-11,0.78293642,-3.3190934e-11,5.2885504e-11,-2.356309,-3.576306e-06,2.9277471e-10,-4.6612152e-10,-1.4460779e-07,3.6335091e-05,-2.4221019e-09,5.4607387e-09,1.7223584e-06,123.09685,1.9567317e-07,-3.136676e-07,5.7526974,0,0
875,0.874,0,0,0,0,-0,0,0,0,0,0,0,0,0,0,0,0,0,0,0.52,1.2875123,-0.29453432,-1.5733726,-1.3658841e-11,6.0361471e-11,0.78293642,-3.2899418e-11,5.2421384e-11,-2.356309,-3.5401498e-06,2.9025843e-10,-4.6211866e-10,-1.4311707e-07,3.597734e-05,-2.6104582e-09,2.5449874e-09,1.2590901e-06,123.09684,1.9367874e-07,-3.1047591e-07,5.7526971,0,0
876,0.875,0,0,0,0,-0,0,0,0,0,0,0,0,0,0,0,0,0,0,0.52,1.2875123,-0.29453433,-1.5733726,-1.3539142e-11,5.983145e-11,0.78293641,-3.2610407e-11,5.196125e-11,-2.356309,-3.5043591e-06,2.8776316e-10,-4.5814918e-10,-1.416417e-07,3.5604017e-05,-2.3800718e-09,5.3939727e-09,1.6916376e-06,123.09684,1.9170453e-07,-3.0731662e-07,5.7526969,0,0
877,0.876,0,0,0,0,-0,0,0,0,0,0,0,0,0,0,0,0,0,0,0.52,1.2875123,-0.29453433,-1.5733726,-1.3420471e-11,5.9305983e-11,0.78293641,-3.2323881e-11,5.1505069e-11,-2.356309,-3.4689303e-06,2.8528872e-10,-4.542128e-10,-1.4018154e-07,3.5253655e-05,-2.5688134e-09,2.4787735e-09,1.2286833e-06,123.09684,1.8975045e-07,-3.0418943e-07,5.7526966,0,0
878,0.877,0,0,0,0,-0,0,0,0,0,0,0,0,0,0,0,0,0,0,0.52,1.2875123,-0.29453433,-1.5733726,-1.3302818e-11,5.8785033e-11,0.78293641,-3.2039819e-11,5.1052808e-11,-2.356309,-3.4338596e-06,2.8283493e-10,-4.5030926e-10,-1.3873643e-07,3.4887652e-05,-2.3387672e-09,5.3283215e-09,1.6615515e-06,123.09684,1.8781631e-07,-3.0109412e-07,5.7526964,0,0
879,0.878,0,0,0,0,-0,0,0,0,0,0,0,0,0,0,0,0,0,0,0.52,1.2875123,-0.29453433,-1.5733726,-1.3186175e-11,5.8268562e-11,0.7829364,-3.1758201e-11,5.0604434e-11,-2.356309,-3.3991435e-06,2.8040163e-10,-4.4643828e-10,-1.373062e-07,3.4544533e-05,-2.5278282e-09,2.4136278e-09,1.1989075e-06,123.09683,1.8590188e-07,-2.9803031e-07,5.7526961,0,0
880,0.879,0,0,0,0,-0,0,0,0,0,0,0,0,0,0,0,0,0,0,0.52,1.2875123,-0.29453433,-1.5733726,-1.3070534e-11,5.7756533e-11,0.7829364,-3.1479006e-11,5.0159915e-11,-2.356309,-3.3647784e-06,2.7798866e-10,-4.4259962e-10,-1.358907e-07,3.4185695e-05,-2.2981107e-09,5.2636949e-09,1.6320872e-06,123.09683,1.8400697e-07,-2.9499766e-07,5.7526959,0,0
881,0.88,0,0,0,0,-0,0,0,0,0,0,0,0,0,0,0,0,0,0,0.52,1.2875123,-0.29453434,-1.5733726,-1.2955885e-11,5.7248908e-11,0.7829364,-3.1202213e-11,4.9719219e-11,-2.356309,-3.3307607e-06,2.7559587e-10,-4.3879302e-10,-1.3448979e-07,3.3849675e-05,-2.487479e-09,2.3494995e-09,1.1697338e-06,123.09683,1.8213133e-07,-2.9199583e-07,5.7526956,0,0
882,0.881,0,0,0,0,-0,0,0,0,0,0,0,0,0,0,0,0,0,0,0.52,1.2875123,-0.29453434,-1.5733726,-1.2842221e-11,5.6745651e-11,0.78293639,-3.0927804e-11,4.9282313e-11,-2.356309,-3.2970869e-06,2.7322307e-10,-4.3501822e-10,-1.3310331e-07,3.349786e-05,-2.2581071e-09,5.2001e-09,1.6032174e-06,123.09683,1.8027482e-07,-2.8902455e-07,5.7526954,0,0
883,0.882,0,0,0,0,-0,0,0,0,0,0,0,0,0,0,0,0,0,0,0.52,1.2875123,-0.29453434,-1.5733727,-1.2729534e-11,5.6246725e-11,0.78293639,-3.0655757e-11,4.8849167e-11,-2.356309,-3.2637536e-06,2.7087012e-10,-4.3127496e-10,-1.3173112e-07,3.3168796e-05,-2.4477972e-09,2.2864237e-09,1.1411655e-06,123.09682,1.7843725e-07,-2.8608353e-07,5.7526951,0,0
884,0.883,0,0,0,0,-0,0,0,0,0,0,0,0,0,0,0,0,0,0,0.52,1.2875123,-0.29453434,-1.5733727,-1.2617815e-11,5.5752094e-11,0.78293639,-3.0386054e-11,4.8419748e-11,-2.356309,-3.2307573e-06,2.6853686e-10,-4.2756299e-10,-1.3037307e-07,3.2823864e-05,-2.2187309e-09,5.1375114e-09,1.5749412e-06,123.09682,1.766184e-07,-2.8317242e-07,5.7526949,0,0
885,0.884,0,0,0,0,-0,0,0,0,0,0,0,0,0,0,0,0,0,0,0.52,1.2875123,-0.29453434,-1.5733727,-1.2507057e-11,5.5261723e-11,0.78293638,-3.0118674e-11,4.7994025e-11,-2.356309,-3.1980946e-06,2.6622312e-10,-4.2388207e-10,-1.2902901e-07,3.2501612e-05,-2.4087436e-09,2.2243425e-09,1.1131825e-06,123.09682,1.7481809e-07,-2.8029093e-07,5.7526947,0,0
886,0.885,0,0,0,0,-0,0,0,0,0,0,0,0,0,0,0,0,0,0,0.52,1.2875123,-0.29453434,-1.5733727,-1.2397251e-11,5.4775575e-11,0.78293638,-2.9853598e-11,4.7571968e-11,-2.356309,-3.165762e-06,2.6392876e-10,-4.2023194e-10,-1.2769879e-07,3.2163425e-05,-2.1799817e-09,5.0759203e-09,1.5472409e-06,123.09681,1.730361e-07,-2.7743874e-07,5.7526944,0,0
887,0.886,0,0,0,0,-0,0,0,0,0,0,0,0,0,0,0,0,0,0,0.52,1.2875123,-0.29453435,-1.5733727,-1.2288389e-11,5.4293615e-11,0.78293638,-2.9590807e-11,4.7153546e-11,-2.356309,-3.1337564e-06,2.616536e-10,-4.1661234e-10,-1.2638229e-07,3.1847852e-05,-2.370328e-09,2.163269e-09,1.0857761e-06,123.09681,1.7127232e-07,-2.746156e-07,5.7526942,0,0
888,0.887,0,0,0,0,-0,0,0,0,0,0,0,0,0,0,0,0,0,0,0.52,1.2875123,-0.29453435,-1.5733727,-1.2180464e-11,5.3815808e-11,0.78293637,-2.9330281e-11,4.6738728e-11,-2.356309,-3.1020743e-06,2.5939752e-10,-4.1302305e-10,-1.2507934e-07,3.1516276e-05,-2.1418453e-09,5.0153089e-09,1.5201071e-06,123.09681,1.6952647e-07,-2.7182116e-07,5.752694,0,0
889,0.888,0,0,0,0,-0,0,0,0,0,0,0,0,0,0,0,0,0,0,0.52,1.2875123,-0.29453435,-1.5733727,-1.2073467e-11,5.3342119e-11,0.78293637,-2.9072002e-11,4.6327485e-11,-2.356309,-3.0707126e-06,2.5716033e-10,-4.0946381e-10,-1.2378983e-07,3.1207247e-05,-2.3325249e-09,2.1031668e-09,1.0589275e-06,123.09681,1.6779845e-07,-2.6905518e-07,5.7526938,0,0
890,0.889,0,0,0,0,-0,0,0,0,0,0,0,0,0,0,0,0,0,0,0.52,1.2875123,-0.29453435,-1.5733727,-1.1967392e-11,5.2872514e-11,0.78293637,-2.8815951e-11,4.5919786e-11,-2.356309,-3.0396679e-06,2.5494191e-10,-4.0593439e-10,-1.225136e-07,3.0882147e-05,-2.1043274e-09,4.9556763e-09,1.493532e-06,123.0968,1.6608803e-07,-2.6631733e-07,5.7526935,0,0
891,0.89,0,0,0,0,-0,0,0,0,0,0,0,0,0,0,0,0,0,0,0.52,1.2875123,-0.29453435,-1.5733727,-1.1862229e-11,5.2406959e-11,0.78293636,-2.8562109e-11,4.5515601e-11,-2.356309,-3.008937e-06,2.5274208e-10,-4.0243454e-10,-1.2125051e-07,3.0579523e-05,-2.2953268e-09,2.0440258e-09,1.0326375e-06,123.0968,1.6439506e-07,-2.6360736e-07,5.7526933,0,0
892,0.891,0,0,0,0,-0,0,0,0,0,0,0,0,0,0,0,0,0,0,0.52,1.2875123,-0.29453435,-1.5733727,-1.1757972e-11,5.194542e-11,0.78293636,-2.8310458e-11,4.5114902e-11,-2.356309,-2.9785169e-06,2.5056071e-10,-3.9896403e-10,-1.2000044e-07,3.0260775e-05,-2.0674097e-09,4.896999e-09,1.4675045e-06,123.0968,1.6271933e-07,-2.6092496e-07,5.7526931,0,0
893,0.892,0,0,0,0,-0,0,0,0,0,0,0,0,0,0,0,0,0,0,0.52,1.2875123,-0.29453436,-1.5733727,-1.1654613e-11,5.1487862e-11,0.78293636,-2.8060979e-11,4.4717659e-11,-2.356309,-2.9484043e-06,2.4839766e-10,-3.9552263e-10,-1.1876326e-07,2.9964434e-05,-2.2586997e-09,1.9858033e-09,1.0068665e-06,123.0968,1.6106065e-07,-2.582698e-07,5.7526929,0,0
894,0.893,0,0,0,0,-0,0,0,0,0,0,0,0,0,0,0,0,0,0,0.52,1.2875123,-0.29453436,-1.5733727,-1.1552144e-11,5.1034253e-11,0.78293636,-2.7813653e-11,4.4323842e-11,-2.356309,-2.9185961e-06,2.4625275e-10,-3.9211009e-10,-1.1753882e-07,2.96519e-05,-2.0311049e-09,4.8392769e-09,1.4420105e-06,123.0968,1.594189e-07,-2.5564168e-07,5.7526927,0,0
895,0.894,0,0,0,0,-0,0,0,0,0,0,0,0,0,0,0,0,0,0,0.52,1.2875123,-0.29453436,-1.5733727,-1.1450559e-11,5.0584559e-11,0.78293635,-2.7568464e-11,4.3933424e-11,-2.356309,-2.8890893e-06,2.4412586e-10,-3.8872618e-10,-1.1632699e-07,2.9361716e-05,-2.222676e-09,1.9285412e-09,9.8163603e-07,123.09679,1.5779389e-07,-2.5304032e-07,5.7526924,0,0
896,0.895,0,0,0,0,-0,0,0,0,0,0,0,0,0,0,0,0,0,0,0.52,1.2875123,-0.29453436,-1.5733727,-1.1349848e-11,5.0138748e-11,0.78293635,-2.7325393e-11,4.3546376e-11,-2.356309,-2.8598808e-06,2.4201684e-10,-3.8537067e-10,-1.1512765e-07,2.9055275e-05,-1.995379e-09,4.7824787e-09,1.4170459e-06,123.09679,1.5618546e-07,-2.5046545e-07,5.7526922,0,0
897,0.896,0,0,0,0,-0,0,0,0,0,0,0,0,0,0,0,0,0,0,0.52,1.2875123,-0.29453436,-1.5733727,-1.1250007e-11,4.9696787e-11,0.78293635,-2.7084421e-11,4.3162669e-11,-2.356309,-2.8309676e-06,2.3992555e-10,-3.8204335e-10,-1.1394068e-07,2.8771123e-05,-2.1871987e-09,1.8721583e-09,9.569064e-07,123.09679,1.5459334e-07,-2.4791669e-07,5.752692,0,0
898,0.897,0,0,0,0,-0,0,0,0,0,0,0,0,0,0,0,0,0,0,0.52,1.2875123,-0.29453436,-1.5733727,-1.1151026e-11,4.9258643e-11,0.78293634,-2.6845533e-11,4.2782275e-11,-2.356309,-2.8023467e-06,2.3785183e-10,-3.7874397e-10,-1.1276593e-07,2.8470652e-05,-1.9602426e-09,4.7266028e-09,1.3925857e-06,123.09679,1.5301751e-07,-2.4539391e-07,5.7526918,0,0
899,0.898,0,0,0,0,-0,0,0,0,0,0,0,0,0,0,0,0,0,0,0.52,1.2875123,-0.29453436,-1.5733727,-1.1052898e-11,4.8824285e-11,0.78293634,-2.6608709e-11,4.2405167e-11,-2.356309,-2.7740152e-06,2.3579554e-10,-3.7547231e-10,-1.1160329e-07,2.8192412e-05,-2.1523233e-09,1.8167246e-09,9.327005e-07,123.09678,1.5145774e-07,-2.4289682e-07,5.7526916,0,0
900,0.899,0,0,0,0,-0,0,0,0,0,0,0,0,0,0,0,0,0,0,0.52,1.2875123,-0.29453437,-1.5733727,-1.0955618e-11,4.839368e-11,0.78293634,-2.6373933e-11,4.2031317e-11,-2.356309,-2.7459701e-06,2.3375656e-10,-3.7222814e-10,-1.1045262e-07,2.7897792e-05,-1.9256471e-09,4.6716034e-09,1.3686262e-06,123.09678,1.4991386e-07,-2.4042513e-07,5.7526914,0,0
901,0.9,0,0,0,0,-0,0,0,0,0,0,0,0,0,0,0,0,0,0,0.52,1.2875123,-0.29453437,-1.5733727,-1.0859177e-11,4.7966798e-11,0.78293634,-2.6141187e-11,4.1660697e-11,-2.356309,-2.7182085e-06,2.3173473e-10,-3.6901125e-10,-1.0931382e-07,2.7625345e-05,-2.1180123e-09,1.7621782e-09,9.0898835e-07,123.09678,1.4838573e-07,-2.379786e-07,5.7526912,0,0
902,0.901,0,0,0,0,-0,0,0,0,0,0,0,0,0,0,0,0,0,0,0.52,1.2875123,-0.29453437,-1.5733727,-1.0763568e-11,4.7543606e-11,0.78293633,-2.5910455e-11,4.1293281e-11,-2.356309,-2.6907276e-06,2.2972991e-10,-3.6582141e-10,-1.0818674e-07,2.7336458e-05,-1.8916138e-09,4.6174974e-09,1.3451614e-06,123.09678,1.4687318e-07,-2.3555698e-07,5.752691,0,0
903,0.902,0,0,0,0,-0,0,0,0,0,0,0,0,0,0,0,0,0,0,0.52,1.2875123,-0.29453437,-1.5733727,-1.0668784e-11,4.7124074e-11,0.78293633,-2.5681719e-11,4.0929041e-11,-2.356309,-2.6635246e-06,2.2774199e-10,-3.6265842e-10,-1.0707129e-07,2.7069685e-05,-2.0842287e-09,1.7084793e-09,8.857506e-07,123.09678,1.4537599e-07,-2.3315992e-07,5.7526908,0,0
904,0.903,0,0,0,0,-0,0,0,0,0,0,0,0,0,0,0,0,0,0,0.52,1.2875123,-0.29453437,-1.5733727,-1.0574819e-11,4.6708171e-11,0.78293633,-2.5454963e-11,4.0567951e-11,-2.356309,-2.6365965e-06,2.257708e-10,-3.5952204e-10,-1.0596732e-07,2.6786412e-05,-1.8581544e-09,4.5642859e-09,1.3221833e-06,123.09677,1.4389413e-07,-2.3078732e-07,5.7526906,0,0
905,0.904,0,0,0,0,-0,0,0,0,0,0,0,0,0,0,0,0,0,0,0.52,1.2875123,-0.29453437,-1.5733727,-1.0481666e-11,4.6295867e-11,0.78293633,-2.5230169e-11,4.0209984e-11,-2.356309,-2.6099407e-06,2.2381623e-10,-3.5641207e-10,-1.0487473e-07,2.6525202e-05,-2.0509939e-09,1.6556601e-09,8.6299745e-07,123.09677,1.4242732e-07,-2.2843883e-07,5.7526904,0,0
906,0.905,0,0,0,0,-0,0,0,0,0,0,0,0,0,0,0,0,0,0,0.52,1.2875123,-0.29453437,-1.5733727,-1.0389318e-11,4.588713e-11,0.78293632,-2.5007322e-11,3.9855113e-11,-2.356309,-2.5835544e-06,2.2187814e-10,-3.533283e-10,-1.0379341e-07,2.6247434e-05,-1.8251918e-09,4.5118807e-09,1.2996498e-06,123.09677,1.4097543e-07,-2.2611418e-07,5.7526902,0,0
907,0.906,0,0,0,0,-0,0,0,0,0,0,0,0,0,0,0,0,0,0,0.52,1.2875123,-0.29453438,-1.5733727,-1.0297767e-11,4.5481932e-11,0.78293632,-2.4786405e-11,3.9503314e-11,-2.356309,-2.5574348e-06,2.1995636e-10,-3.5027048e-10,-1.0272321e-07,2.5991673e-05,-2.0183682e-09,1.6037667e-09,8.4073449e-07,123.09677,1.3953846e-07,-2.2381333e-07,5.7526901,0,0
908,0.907,0,0,0,0,-0,0,0,0,0,0,0,0,0,0,0,0,0,0,0.52,1.2875123,-0.29453438,-1.5733727,-1.0207008e-11,4.5080242e-11,0.78293632,-2.4567401e-11,3.915456e-11,-2.356309,-2.5315793e-06,2.1805081e-10,-3.4723844e-10,-1.0166406e-07,2.5719302e-05,-1.7927224e-09,4.4602977e-09,1.2775801e-06,123.09676,1.3811601e-07,-2.2153576e-07,5.7526899,0,0
909,0.908,0,0,0,0,-0,0,0,0,0,0,0,0,0,0,0,0,0,0,0.52,1.2875123,-0.29453438,-1.5733727,-1.0117033e-11,4.468203e-11,0.78293632,-2.4350295e-11,3.8808824e-11,-2.356309,-2.5059852e-06,2.1616132e-10,-3.4423196e-10,-1.0061581e-07,2.546888e-05,-1.9862497e-09,1.5526716e-09,8.1890854e-07,123.09676,1.3670814e-07,-2.1928143e-07,5.7526897,0,0
910,0.909,0,0,0,0,-0,0,0,0,0,0,0,0,0,0,0,0,0,0,0.52,1.2875122,-0.29453438,-1.5733727,-1.0027837e-11,4.4287268e-11,0.78293631,-2.4135071e-11,3.8466083e-11,-2.356309,-2.4806499e-06,2.1428779e-10,-3.4125082e-10,-9.9578367e-08,2.520179e-05,-1.7608231e-09,4.4095984e-09,1.2559813e-06,123.09676,1.3531459e-07,-2.1705003e-07,5.7526895,0,0
911,0.91,0,0,0,0,-0,0,0,0,0,0,0,0,0,0,0,0,0,0,0.52,1.2875122,-0.29453438,-1.5733727,-9.9394117e-12,4.3895926e-11,0.78293631,-2.3921712e-11,3.812631e-11,-2.356309,-2.4555707e-06,2.1243007e-10,-3.3829484e-10,-9.8551612e-08,2.4956602e-05,-1.9546179e-09,1.5023763e-09,7.975283e-07,123.09676,1.3393525e-07,-2.1484133e-07,5.7526893,0,0
912,0.911,0,0,0,0,-0,0,0,0,0,0,0,0,0,0,0,0,0,0,0.52,1.2875122,-0.29453438,-1.5733727,-9.8517516e-12,4.3507975e-11,0.78293631,-2.3710203e-11,3.7789481e-11,-2.356309,-2.4307451e-06,2.1058804e-10,-3.3536379e-10,-9.7535443e-08,2.4694695e-05,-1.7294381e-09,4.3597071e-09,1.2348109e-06,123.09676,1.3256994e-07,-2.1265507e-07,5.7526891,0,0
913,0.912,0,0,0,0,-0,0,0,0,0,0,0,0,0,0,0,0,0,0,0.52,1.2875122,-0.29453438,-1.5733727,-9.7648501e-12,4.3123387e-11,0.78293631,-2.3500528e-11,3.745557e-11,-2.356309,-2.4061704e-06,2.0876156e-10,-3.3245748e-10,-9.6529743e-08,2.4454629e-05,-1.9235144e-09,1.4529141e-09,7.7658944e-07,123.09675,1.3121858e-07,-2.1049109e-07,5.752689,0,0
914,0.913,0,0,0,0,-0,0,0,0,0,0,0,0,0,0,0,0,0,0,0.52,1.2875122,-0.29453439,-1.5733727,-9.6787006e-12,4.2742134e-11,0.7829363,-2.3292672e-11,3.7124554e-11,-2.356309,-2.3818442e-06,2.0695052e-10,-3.2957571e-10,-9.5534403e-08,2.4197795e-05,-1.6985704e-09,4.3106362e-09,1.21409e-06,123.09675,1.2988099e-07,-2.0834914e-07,5.7526888,0,0
915,0.914,0,0,0,0,-0,0,0,0,0,0,0,0,0,0,0,0,0,0,0.52,1.2875122,-0.29453439,-1.5733727,-9.593297e-12,4.2364186e-11,0.7829363,-2.3086619e-11,3.6796407e-11,-2.356309,-2.3577639e-06,2.0515479e-10,-3.2671828e-10,-9.4549324e-08,2.396276e-05,-1.892889e-09,1.4042271e-09,7.5606784e-07,123.09675,1.28557e-07,-2.0622895e-07,5.7526886,0,0
916,0.915,0,0,0,0,-0,0,0,0,0,0,0,0,0,0,0,0,0,0,0.52,1.2875122,-0.29453439,-1.5733727,-9.5086328e-12,4.1989517e-11,0.7829363,-2.2882355e-11,3.6471105e-11,-2.356309,-2.3339271e-06,2.0337424e-10,-3.2388498e-10,-9.3574395e-08,2.3710897e-05,-1.6682208e-09,4.2623729e-09,1.193791e-06,123.09675,1.2724655e-07,-2.0413036e-07,5.7526884,0,0
917,0.916,0,0,0,0,-0,0,0,0,0,0,0,0,0,0,0,0,0,0,0.52,1.2875122,-0.29453439,-1.5733727,-9.424702e-12,4.1618098e-11,0.7829363,-2.2679863e-11,3.6148625e-11,-2.356309,-2.3103312e-06,2.0160875e-10,-3.2107563e-10,-9.2609515e-08,2.3480784e-05,-1.8627545e-09,1.3563273e-09,7.3596776e-07,123.09675,1.2594942e-07,-2.020531e-07,5.7526883,0,0
918,0.917,0,0,0,0,-0,0,0,0,0,0,0,0,0,0,0,0,0,0,0.52,1.2875122,-0.29453439,-1.5733728,-9.3414982e-12,4.1249902e-11,0.78293629,-2.247913e-11,3.5828942e-11,-2.356309,-2.286974e-06,1.9985819e-10,-3.1829001e-10,-9.1654575e-08,2.3233792e-05,-1.6383709e-09,4.2148981e-09,1.1739131e-06,123.09675,1.2466556e-07,-1.9999702e-07,5.7526881,0,0
919,0.918,0,0,0,0,-0,0,0,0,0,0,0,0,0,0,0,0,0,0,0.52,1.2875122,-0.29453439,-1.5733728,-9.2590153e-12,4.0884902e-11,0.78293629,-2.2280139e-11,3.5512033e-11,-2.356309,-2.2638528e-06,1.9812245e-10,-3.1552797e-10,-9.0709479e-08,2.3008502e-05,-1.833099e-09,1.3091947e-09,7.1627866e-07,123.09674,1.2339471e-07,-1.9796181e-07,5.7526879,0,0
920,0.919,0,0,0,0,-0,0,0,0,0,0,0,0,0,0,0,0,0,0,0.52,1.2875122,-0.29453439,-1.5733728,-9.1772473e-12,4.0523071e-11,0.78293629,-2.2082877e-11,3.5197874e-11,-2.356309,-2.2409654e-06,1.964014e-10,-3.1278928e-10,-8.9774121e-08,2.2766285e-05,-1.6090032e-09,4.1681876e-09,1.1544373e-06,123.09674,1.2213687e-07,-1.9594733e-07,5.7526878,0,0
921,0.92,0,0,0,0,-0,0,0,0,0,0,0,0,0,0,0,0,0,0,0.52,1.2875122,-0.29453439,-1.5733728,-9.0961881e-12,4.0164381e-11,0.78293629,-2.1887329e-11,3.4886443e-11,-2.356309,-2.2183094e-06,1.9469492e-10,-3.1007376e-10,-8.8848401e-08,2.254572e-05,-1.8039455e-09,1.2628511e-09,6.9700281e-07,123.09674,1.2089184e-07,-1.9395335e-07,5.7526876,0,0
922,0.921,0,0,0,0,-0,0,0,0,0,0,0,0,0,0,0,0,0,0,0.52,1.2875122,-0.29453439,-1.5733728,-9.0158318e-12,3.9808807e-11,0.78293628,-2.169348e-11,3.4577715e-11,-2.356309,-2.1958825e-06,1.9300291e-10,-3.0738123e-10,-8.7932223e-08,2.2308184e-05,-1.5800878e-09,4.122212e-09,1.1353528e-06,123.09674,1.1965948e-07,-1.9197963e-07,5.7526875,0,0
923,0.922,0,0,0,0,-0,0,0,0,0,0,0,0,0,0,0,0,0,0,0.52,1.2875122,-0.2945344,-1.5733728,-8.9361723e-12,3.9456322e-11,0.78293628,-2.1501316e-11,3.4271669e-11,-2.356309,-2.1736822e-06,1.9132522e-10,-3.0471148e-10,-8.7025486e-08,2.2092251e-05,-1.7752828e-09,1.2172727e-09,6.7812102e-07,123.09674,1.184397e-07,-1.9002603e-07,5.7526873,0,0
924,0.923,0,0,0,0,-0,0,0,0,0,0,0,0,0,0,0,0,0,0,0.52,1.2875122,-0.2945344,-1.5733728,-8.8572038e-12,3.91069e-11,0.78293628,-2.1310823e-11,3.3968281e-11,-2.356309,-2.1517065e-06,1.8966176e-10,-3.0206435e-10,-8.6128095e-08,2.1859297e-05,-1.5516419e-09,4.0769881e-09,1.1166622e-06,123.09673,1.1723234e-07,-1.8809228e-07,5.7526871,0,0
925,0.924,0,0,0,0,-0,0,0,0,0,0,0,0,0,0,0,0,0,0,0.52,1.2875122,-0.2945344,-1.5733728,-8.7789204e-12,3.8760514e-11,0.78293628,-2.1121986e-11,3.3667529e-11,-2.356309,-2.1299529e-06,1.8801239e-10,-2.9943964e-10,-8.5239947e-08,2.1647903e-05,-1.7470921e-09,1.1724401e-09,6.5963283e-07,123.09673,1.1603732e-07,-1.8617825e-07,5.752687,0,0
926,0.925,0,0,0,0,-0,0,0,0,0,0,0,0,0,0,0,0,0,0,0.52,1.2875122,-0.2945344,-1.5733728,-8.7013164e-12,3.841714e-11,0.78293628,-2.0934791e-11,3.3369391e-11,-2.356309,-2.1084192e-06,1.8637703e-10,-2.9683718e-10,-8.4360958e-08,2.1419441e-05,-1.5236359e-09,4.0324747e-09,1.098345e-06,123.09673,1.148544e-07,-1.8428362e-07,5.7526868,0,0
927,0.926,0,0,0,0,-0,0,0,0,0,0,0,0,0,0,0,0,0,0,0.52,1.2875122,-0.2945344,-1.5733728,-8.624386e-12,3.8076751e-11,0.78293627,-2.0749225e-11,3.3073844e-11,-2.356309,-2.0871032e-06,1.8475552e-10,-2.9425677e-10,-8.3491025e-08,2.1212496e-05,-1.7193757e-09,1.1283492e-09,6.4152049e-07,123.09673,1.1368362e-07,-1.8240833e-07,5.7526867,0,0
928,0.927,0,0,0,0,-0,0,0,0,0,0,0,0,0,0,0,0,0,0,0.52,1.2875122,-0.2945344,-1.5733728,-8.5481235e-12,3.7739322e-11,0.78293627,-2.0565273e-11,3.2780866e-11,-2.356309,-2.0660028e-06,1.8314778e-10,-2.9169823e-10,-8.2630053e-08,2.0988433e-05,-1.4961144e-09,3.9887243e-09,1.0804234e-06,123.09673,1.1252476e-07,-1.8055214e-07,5.7526865,0,0
929,0.928,0,0,0,0,-0,0,0,0,0,0,0,0,0,0,0,0,0,0,0.52,1.2875122,-0.2945344,-1.5733728,-8.4725232e-12,3.7404829e-11,0.78293627,-2.0382922e-11,3.2490436e-11,-2.356309,-2.0451156e-06,1.815537e-10,-2.8916142e-10,-8.1777961e-08,2.0785844e-05,-1.6920511e-09,1.0849105e-09,6.2376103e-07,123.09673,1.1137764e-07,-1.7871474e-07,5.7526864,0,0
930,0.929,0,0,0,0,-0,0,0,0,0,0,0,0,0,0,0,0,0,0,0.52,1.2875122,-0.2945344,-1.5733728,-8.3975795e-12,3.7073246e-11,0.78293627,-2.0202159e-11,3.2202532e-11,-2.356309,-2.0244397e-06,1.7997314e-10,-2.8664611e-10,-8.0934651e-08,2.0566095e-05,-1.4690667e-09,3.9457004e-09,1.0628599e-06,123.09672,1.1024226e-07,-1.7689608e-07,5.7526862,0,0
931,0.93,0,0,0,0,-0,0,0,0,0,0,0,0,0,0,0,0,0,0,0.52,1.2875122,-0.2945344,-1.5733728,-8.323287e-12,3.6744548e-11,0.78293627,-2.0022969e-11,3.1917133e-11,-2.356309,-2.0039727e-06,1.78406e-10,-2.8415214e-10,-8.0100026e-08,2.0367778e-05,-1.6652159e-09,1.0422431e-09,6.0638879e-07,123.09672,1.0911849e-07,-1.7509598e-07,5.7526861,0,0
932,0.931,0,0,0,0,-0,0,0,0,0,0,0,0,0,0,0,0,0,0,0.52,1.2875122,-0.29453441,-1.5733728,-8.2496399e-12,3.6418711e-11,0.78293626,-1.984534e-11,3.1634218e-11,-2.356309,-1.9837127e-06,1.7685218e-10,-2.8167935e-10,-7.9274007e-08,2.0152259e-05,-1.4424186e-09,3.9033377e-09,1.0456495e-06,123.09672,1.0800612e-07,-1.7331414e-07,5.7526859,0,0
933,0.932,0,0,0,0,-0,0,0,0,0,0,0,0,0,0,0,0,0,0,0.52,1.2875122,-0.29453441,-1.5733728,-8.176633e-12,3.6095711e-11,0.78293626,-1.9669258e-11,3.1353764e-11,-2.356309,-1.9636575e-06,1.7531156e-10,-2.7922755e-10,-7.84565e-08,1.9958127e-05,-1.6388229e-09,1.0002632e-09,5.8936433e-07,123.09672,1.0690513e-07,-1.7155047e-07,5.7526858,0,0
934,0.933,0,0,0,0,-0,0,0,0,0,0,0,0,0,0,0,0,0,0,0.52,1.2875122,-0.29453441,-1.5733728,-8.1042607e-12,3.5775524e-11,0.78293626,-1.9494711e-11,3.1075752e-11,-2.356309,-1.9438051e-06,1.7378404e-10,-2.7679657e-10,-7.7647419e-08,1.9746747e-05,-1.416217e-09,3.8616828e-09,1.0287977e-06,123.09672,1.0581534e-07,-1.6980474e-07,5.7526856,0,0
935,0.934,0,0,0,0,-0,0,0,0,0,0,0,0,0,0,0,0,0,0,0.52,1.2875122,-0.29453441,-1.5733728,-8.0325176e-12,3.5458126e-11,0.78293626,-1.9321684e-11,3.0800161e-11,-2.356309,-1.9241533e-06,1.7226951e-10,-2.7438626e-10,-7.6846677e-08,1.9556711e-05,-1.6128435e-09,9.5894823e-10,5.7268687e-07,123.09672,1.0473665e-07,-1.6807674e-07,5.7526855,0,0
936,0.935,0,0,0,0,-0,0,0,0,0,0,0,0,0,0,0,0,0,0,0.52,1.2875122,-0.29453441,-1.5733728,-7.9613985e-12,3.5143492e-11,0.78293626,-1.9150165e-11,3.0526969e-11,-2.356309,-1.9047003e-06,1.7076786e-10,-2.7199643e-10,-7.6054187e-08,1.934939e-05,-1.3904556e-09,3.8207185e-09,1.0122939e-06,123.09671,1.0366897e-07,-1.6636634e-07,5.7526854,0,0
937,0.936,0,0,0,0,-0,0,0,0,0,0,0,0,0,0,0,0,0,0,0.52,1.2875122,-0.29453441,-1.5733728,-7.890898e-12,3.48316e-11,0.78293625,-1.8980142e-11,3.0256158e-11,-2.356309,-1.8854439e-06,1.6927899e-10,-2.6962691e-10,-7.5269866e-08,1.9163371e-05,-1.5872827e-09,9.1830664e-10,5.5634699e-07,123.09671,1.0261214e-07,-1.6467332e-07,5.7526852,0,0
938,0.937,0,0,0,0,-0,0,0,0,0,0,0,0,0,0,0,0,0,0,0.52,1.2875122,-0.29453441,-1.5733728,-7.8210109e-12,3.4522426e-11,0.78293625,-1.8811601e-11,2.9987705e-11,-2.356309,-1.8663822e-06,1.6780278e-10,-2.6727753e-10,-7.4493623e-08,1.896003e-05,-1.365141e-09,3.7804512e-09,9.9613905e-07,123.09671,1.0156616e-07,-1.629976e-07,5.7526851,0,0
939,0.938,0,0,0,0,-0,0,0,0,0,0,0,0,0,0,0,0,0,0,0.52,1.2875122,-0.29453441,-1.5733728,-7.751732e-12,3.4215948e-11,0.78293625,-1.864453e-11,2.9721593e-11,-2.356309,-1.8475132e-06,1.6633915e-10,-2.6494816e-10,-7.3725386e-08,1.8777948e-05,-1.5621131e-09,8.7830525e-10,5.4033447e-07,123.09671,1.0053074e-07,-1.6133885e-07,5.7526849,0,0
940,0.939,0,0,0,0,-0,0,0,0,0,0,0,0,0,0,0,0,0,0,0.52,1.2875122,-0.29453441,-1.5733728,-7.6830561e-12,3.3912141e-11,0.78293625,-1.8478916e-11,2.9457799e-11,-2.356309,-1.828835e-06,1.6488797e-10,-2.6263859e-10,-7.2965067e-08,1.8578503e-05,-1.340238e-09,3.7408295e-09,9.8030447e-07,123.09671,9.9505944e-08,-1.5969702e-07,5.7526848,0,0
941,0.94,0,0,0,0,-0,0,0,0,0,0,0,0,0,0,0,0,0,0,0.52,1.2875122,-0.29453441,-1.5733728,-7.614978e-12,3.3610984e-11,0.78293625,-1.8314748e-11,2.9196306e-11,-2.356309,-1.8103456e-06,1.6344916e-10,-2.6034868e-10,-7.2212583e-08,1.8400276e-05,-1.5373842e-09,8.3899294e-10,5.2466311e-07,123.09671,9.8491571e-08,-1.580719e-07,5.7526847,0,0
942,0.941,0,0,0,0,-0,0,0,0,0,0,0,0,0,0,0,0,0,0,0.52,1.2875122,-0.29453442,-1.5733728,-7.5474927e-12,3.3312454e-11,0.78293625,-1.8152012e-11,2.8937092e-11,-2.356309,-1.7920431e-06,1.6202261e-10,-2.5807826e-10,-7.1467853e-08,1.8204648e-05,-1.3157249e-09,3.7018415e-09,9.6479808e-07,123.09671,9.7487549e-08,-1.5646331e-07,5.7526845,0,0
943,0.942,0,0,0,0,-0,0,0,0,0,0,0,0,0,0,0,0,0,0,0.52,1.2875122,-0.29453442,-1.5733728,-7.4805952e-12,3.3016528e-11,0.78293624,-1.7990696e-11,2.8680139e-11,-2.356309,-1.7739257e-06,1.6060822e-10,-2.5582718e-10,-7.0730798e-08,1.8030202e-05,-1.5130608e-09,8.0031947e-10,5.0931114e-07,123.0967,9.6493743e-08,-1.5487108e-07,5.7526844,0,0
944,0.943,0,0,0,0,-0,0,0,0,0,0,0,0,0,0,0,0,0,0,0.52,1.2875122,-0.29453442,-1.5733728,-7.4142805e-12,3.2723184e-11,0.78293624,-1.7830789e-11,2.8425428e-11,-2.356309,-1.7559915e-06,1.5920589e-10,-2.5359528e-10,-7.0001346e-08,1.7838315e-05,-1.2915946e-09,3.6634721e-09,9.4959217e-07,123.0967,9.5510029e-08,-1.5329499e-07,5.7526843,0,0
945,0.944,0,0,0,0,-0,0,0,0,0,0,0,0,0,0,0,0,0,0,0.52,1.2875122,-0.29453442,-1.5733728,-7.3485435e-12,3.2432401e-11,0.78293624,-1.7672279e-11,2.8172939e-11,-2.356309,-1.7382385e-06,1.578155e-10,-2.5138239e-10,-6.9279409e-08,1.7667571e-05,-1.4891724e-09,7.623157e-10,4.9428245e-07,123.0967,9.4536411e-08,-1.5173502e-07,5.7526842,0,0
946,0.945,0,0,0,0,-0,0,0,0,0,0,0,0,0,0,0,0,0,0,0.52,1.2875122,-0.29453442,-1.5733728,-7.2833795e-12,3.2144156e-11,0.78293624,-1.7515152e-11,2.7922654e-11,-2.356309,-1.7206651e-06,1.5643698e-10,-2.4918835e-10,-6.856491e-08,1.7479354e-05,-1.2678715e-09,3.6257573e-09,9.3471595e-07,123.0967,9.3572709e-08,-1.5019093e-07,5.752684,0,0
947,0.946,0,0,0,0,-0,0,0,0,0,0,0,0,0,0,0,0,0,0,0.52,1.2875122,-0.29453442,-1.5733728,-7.2187834e-12,3.1858428e-11,0.78293624,-1.7359399e-11,2.7674553e-11,-2.356309,-1.7032693e-06,1.5507023e-10,-2.4701303e-10,-6.7857776e-08,1.7312238e-05,-1.4656395e-09,7.2489212e-10,4.7955264e-07,123.0967,9.2618806e-08,-1.4866252e-07,5.7526839,0,0
948,0.947,0,0,0,0,-0,0,0,0,0,0,0,0,0,0,0,0,0,0,0.52,1.2875122,-0.29453442,-1.5733728,-7.1547505e-12,3.1575196e-11,0.78293623,-1.7205006e-11,2.7428619e-11,-2.356309,-1.6860493e-06,1.5371514e-10,-2.4485626e-10,-6.7157933e-08,1.7127612e-05,-1.2445354e-09,3.5886478e-09,9.2013279e-07,123.0967,9.167461e-08,-1.4714964e-07,5.7526838,0,0
949,0.948,0,0,0,0,-0,0,0,0,0,0,0,0,0,0,0,0,0,0,0.52,1.2875122,-0.29453442,-1.5733728,-7.091276e-12,3.1294437e-11,0.78293623,-1.7051963e-11,2.7184832e-11,-2.356309,-1.6690035e-06,1.5237162e-10,-2.4271788e-10,-6.6465303e-08,1.6964052e-05,-1.442512e-09,6.8810732e-10,4.6512626e-07,123.0967,9.0740059e-08,-1.4565218e-07,5.7526837,0,0
950,0.949,0,0,0,0,-0,0,0,0,0,0,0,0,0,0,0,0,0,0,0.52,1.2875122,-0.29453442,-1.5733728,-7.0283551e-12,3.1016131e-11,0.78293623,-1.6900257e-11,2.6943174e-11,-2.356309,-1.65213e-06,1.5103956e-10,-2.4059774e-10,-6.5779809e-08,1.6782948e-05,-1.2215993e-09,3.5521718e-09,9.0586161e-07,123.09669,8.9815058e-08,-1.4416998e-07,5.7526835,0,0
951,0.95,0,0,0,0,-0,0,0,0,0,0,0,0,0,0,0,0,0,0,0.52,1.2875122,-0.29453442,-1.5733728,-6.9659831e-12,3.0740258e-11,0.78293623,-1.6749878e-11,2.6703627e-11,-2.356309,-1.6354271e-06,1.4971889e-10,-2.384957e-10,-6.5101383e-08,1.6622873e-05,-1.4197406e-09,6.5190205e-10,4.5099049e-07,123.09669,8.8899447e-08,-1.4270283e-07,5.7526834,0,0
952,0.951,0,0,0,0,-0,0,0,0,0,0,0,0,0,0,0,0,0,0,0.52,1.2875122,-0.29453442,-1.5733728,-6.9041553e-12,3.0466795e-11,0.78293623,-1.6600814e-11,2.6466173e-11,-2.356309,-1.6188931e-06,1.484095e-10,-2.3641161e-10,-6.4429951e-08,1.6445218e-05,-1.1990371e-09,3.5162838e-09,8.9187394e-07,123.09669,8.7993181e-08,-1.4125061e-07,5.7526833,0,0
953,0.952,0,0,0,0,-0,0,0,0,0,0,0,0,0,0,0,0,0,0,0.52,1.2875122,-0.29453443,-1.5733728,-6.8428671e-12,3.0195723e-11,0.78293623,-1.6453053e-11,2.6230795e-11,-2.356309,-1.6025262e-06,1.471113e-10,-2.3434531e-10,-6.376544e-08,1.6288558e-05,-1.397361e-09,6.1631297e-10,4.3714913e-07,123.09669,8.7096156e-08,-1.3981318e-07,5.7526832,0,0
954,0.953,0,0,0,0,-0,0,0,0,0,0,0,0,0,0,0,0,0,0,0.52,1.2875122,-0.29453443,-1.5733728,-6.7821139e-12,2.9927022e-11,0.78293622,-1.6306586e-11,2.5997474e-11,-2.356309,-1.5863247e-06,1.458242e-10,-2.3229666e-10,-6.3107775e-08,1.611428e-05,-1.1768438e-09,3.4809865e-09,8.7817911e-07,123.09669,8.6208281e-08,-1.3839038e-07,5.7526831,0,0
955,0.954,0,0,0,0,-0,0,0,0,0,0,0,0,0,0,0,0,0,0,0.52,1.2875122,-0.29453443,-1.5733728,-6.7218911e-12,2.966067e-11,0.78293622,-1.6161399e-11,2.5766193e-11,-2.356309,-1.5702871e-06,1.4454811e-10,-2.3026552e-10,-6.2456891e-08,1.5960968e-05,-1.3753453e-09,5.813036e-10,4.2359038e-07,123.09669,8.5329446e-08,-1.3698205e-07,5.752683,0,0
956,0.955,0,0,0,0,-0,0,0,0,0,0,0,0,0,0,0,0,0,0,0.52,1.2875122,-0.29453443,-1.5733728,-6.6621942e-12,2.9396649e-11,0.78293622,-1.6017484e-11,2.5536934e-11,-2.356309,-1.5544116e-06,1.4328293e-10,-2.2825174e-10,-6.1812716e-08,1.579e-05,-1.1550097e-09,3.4462618e-09,8.6475834e-07,123.09669,8.4459558e-08,-1.3558803e-07,5.7526828,0,0
957,0.956,0,0,0,0,-0,0,0,0,0,0,0,0,0,0,0,0,0,0,0.52,1.2875122,-0.29453443,-1.5733728,-6.6030187e-12,2.9134937e-11,0.78293622,-1.5874828e-11,2.5309681e-11,-2.356309,-1.5386967e-06,1.4202857e-10,-2.2625516e-10,-6.1175179e-08,1.5639968e-05,-1.3537109e-09,5.4689079e-10,4.1031672e-07,123.09669,8.3598572e-08,-1.3420824e-07,5.7526827,0,0
958,0.957,0,0,0,0,-0,0,0,0,0,0,0,0,0,0,0,0,0,0,0.52,1.2875122,-0.29453443,-1.5733728,-6.5443601e-12,2.8875515e-11,0.78293622,-1.5733421e-11,2.5084415e-11,-2.356309,-1.5231405e-06,1.4078495e-10,-2.2427566e-10,-6.0544215e-08,1.5472249e-05,-1.1335279e-09,3.4121074e-09,8.5161068e-07,123.09668,8.2746331e-08,-1.3284247e-07,5.7526826,0,0
959,0.958,0,0,0,0,-0,0,0,0,0,0,0,0,0,0,0,0,0,0,0.52,1.2875122,-0.29453443,-1.5733728,-6.4862141e-12,2.8618364e-11,0.78293622,-1.5593253e-11,2.4861121e-11,-2.356309,-1.5077417e-06,1.3955197e-10,-2.2231309e-10,-5.9919755e-08,1.5325423e-05,-1.3324204e-09,5.1302357e-10,3.9730849e-07,123.09668,8.1902779e-08,-1.3149058e-07,5.7526825,0,0
960,0.959,0,0,0,0,-0,0,0,0,0,0,0,0,0,0,0,0,0,0,0.52,1.2875122,-0.29453443,-1.5733728,-6.4285762e-12,2.8363464e-11,0.78293622,-1.5454312e-11,2.4639781e-11,-2.356309,-1.4924986e-06,1.3832956e-10,-2.2036732e-10,-5.9301732e-08,1.5160883e-05,-1.1124145e-09,3.3785295e-09,8.3873915e-07,123.09668,8.1067828e-08,-1.3015245e-07,5.7526824,0,0
961,0.96,0,0,0,0,-0,0,0,0,0,0,0,0,0,0,0,0,0,0,0.52,1.2875122,-0.29453443,-1.5733728,-6.3714422e-12,2.8110797e-11,0.78293621,-1.5316589e-11,2.4420378e-11,-2.356309,-1.4774095e-06,1.3711761e-10,-2.1843819e-10,-5.869008e-08,1.501721e-05,-1.3114783e-09,4.7971903e-10,3.8456395e-07,123.09668,8.0241381e-08,-1.2882793e-07,5.7526823,0,0
962,0.961,0,0,0,0,-0,0,0,0,0,0,0,0,0,0,0,0,0,0,0.52,1.2875122,-0.29453443,-1.5733728,-6.3148076e-12,2.7860341e-11,0.78293621,-1.5180072e-11,2.4202896e-11,-2.356309,-1.462473e-06,1.3591604e-10,-2.1652557e-10,-5.8084731e-08,1.4855788e-05,-1.0916629e-09,3.3455194e-09,8.2613329e-07,123.09668,7.9423393e-08,-1.2751693e-07,5.7526822,0,0
963,0.962,0,0,0,0,-0,0,0,0,0,0,0,0,0,0,0,0,0,0,0.52,1.2875122,-0.29453443,-1.5733728,-6.2586683e-12,2.761208e-11,0.78293621,-1.5044751e-11,2.3987319e-11,-2.356309,-1.4476875e-06,1.3472478e-10,-2.1462934e-10,-5.7485627e-08,1.4715198e-05,-1.2908636e-09,4.4694443e-10,3.7207526e-07,123.09668,7.8613689e-08,-1.2621922e-07,5.7526821,0,0
964,0.963,0,0,0,0,-0,0,0,0,0,0,0,0,0,0,0,0,0,0,0.52,1.2875122,-0.29453443,-1.5733728,-6.20302e-12,2.7365994e-11,0.78293621,-1.4910617e-11,2.3773629e-11,-2.356309,-1.4330515e-06,1.3354371e-10,-2.1274934e-10,-5.6892692e-08,1.4556828e-05,-1.071271e-09,3.3130673e-09,8.1379442e-07,123.09668,7.7812313e-08,-1.2493478e-07,5.752682,0,0
965,0.964,0,0,0,0,-0,0,0,0,0,0,0,0,0,0,0,0,0,0,0.52,1.2875122,-0.29453444,-1.5733728,-6.1478585e-12,2.7122064e-11,0.78293621,-1.4777659e-11,2.3561812e-11,-2.356309,-1.4185635e-06,1.3237278e-10,-2.1088545e-10,-5.6305869e-08,1.4419259e-05,-1.2705886e-09,4.1471649e-10,3.5985161e-07,123.09668,7.701905e-08,-1.2366337e-07,5.7526819,0,0
966,0.965,0,0,0,0,-0,0,0,0,0,0,0,0,0,0,0,0,0,0,0.52,1.2875122,-0.29453444,-1.5733728,-6.0931796e-12,2.6880273e-11,0.78293621,-1.4645867e-11,2.335185e-11,-2.356309,-1.4042219e-06,1.3121189e-10,-2.0903753e-10,-5.5725098e-08,1.4263882e-05,-1.051185e-09,3.2811139e-09,8.0169053e-07,123.09668,7.6233867e-08,-1.2240487e-07,5.7526818,0,0
967,0.966,0,0,0,0,-0,0,0,0,0,0,0,0,0,0,0,0,0,0,0.52,1.2875122,-0.29453444,-1.5733728,-6.0389793e-12,2.66406e-11,0.78293621,-1.451523e-11,2.3143729e-11,-2.356309,-1.3900253e-06,1.3006096e-10,-2.0720545e-10,-5.5150315e-08,1.4129277e-05,-1.2506794e-09,3.8305019e-10,3.4787693e-07,123.09667,7.5456707e-08,-1.2115921e-07,5.7526817,0,0
968,0.967,0,0,0,0,-0,0,0,0,0,0,0,0,0,0,0,0,0,0,0.52,1.2875122,-0.29453444,-1.5733728,-5.9852533e-12,2.640303e-11,0.7829362,-1.438574e-11,2.2937432e-11,-2.356309,-1.3759723e-06,1.2891991e-10,-2.0538908e-10,-5.4581459e-08,1.3976829e-05,-1.0314222e-09,3.2496862e-09,7.898341e-07,123.09667,7.4687439e-08,-1.1992619e-07,5.7526816,0,0
969,0.968,0,0,0,0,-0,0,0,0,0,0,0,0,0,0,0,0,0,0,0.52,1.2875122,-0.29453444,-1.5733728,-5.9319977e-12,2.6167542e-11,0.7829362,-1.4257385e-11,2.2732943e-11,-2.356309,-1.3620613e-06,1.2778864e-10,-2.0358828e-10,-5.4018462e-08,1.3845123e-05,-1.2311153e-09,3.5191989e-10,3.3615983e-07,123.09667,7.3926069e-08,-1.1870577e-07,5.7526815,0,0
970,0.969,0,0,0,0,-0,0,0,0,0,0,0,0,0,0,0,0,0,0,0.52,1.2875122,-0.29453444,-1.5733728,-5.8792085e-12,2.5934121e-11,0.7829362,-1.4130158e-11,2.2530247e-11,-2.356309,-1.3482909e-06,1.266671e-10,-2.0180293e-10,-5.3461271e-08,1.3695547e-05,-1.0119747e-09,3.218771e-09,7.782233e-07,123.09667,7.3172401e-08,-1.1749772e-07,5.7526814,0,0
971,0.97,0,0,0,0,-0,0,0,0,0,0,0,0,0,0,0,0,0,0,0.52,1.2875122,-0.29453444,-1.5733728,-5.8268815e-12,2.5702747e-11,0.7829362,-1.4004046e-11,2.232933e-11,-2.356309,-1.3346598e-06,1.2555517e-10,-2.000329e-10,-5.2909819e-08,1.3566685e-05,-1.2118726e-09,3.2129751e-10,3.2467993e-07,123.09667,7.2426462e-08,-1.1630199e-07,5.7526813,0,0
972,0.971,0,0,0,0,-0,0,0,0,0,0,0,0,0,0,0,0,0,0,0.52,1.2875122,-0.29453444,-1.5733728,-5.775013e-12,2.5473403e-11,0.7829362,-1.3879042e-11,2.2130174e-11,-2.356309,-1.3211665e-06,1.2445281e-10,-1.9827806e-10,-5.2364059e-08,1.341993e-05,-9.928464e-10,3.1883666e-09,7.6684048e-07,123.09667,7.168806e-08,-1.1511838e-07,5.7526812,0,0
973,0.972,0,0,0,0,-0,0,0,0,0,0,0,0,0,0,0,0,0,0,0.52,1.2875122,-0.29453444,-1.5733729,-5.7235988e-12,2.5246072e-11,0.7829362,-1.3755136e-11,2.1932766e-11,-2.356309,-1.3078096e-06,1.233599e-10,-1.9653828e-10,-5.1823919e-08,1.3293855e-05,-1.1929706e-09,2.9120694e-10,3.1343941e-07,123.09667,7.0957285e-08,-1.139469e-07,5.7526811,0,0
974,0.973,0,0,0,0,-0,0,0,0,0,0,0,0,0,0,0,0,0,0,0.52,1.2875122,-0.29453444,-1.5733729,-5.6726352e-12,2.5020736e-11,0.7829362,-1.3632318e-11,2.173709e-11,-2.356309,-1.2945878e-06,1.2227641e-10,-1.9481345e-10,-5.1289351e-08,1.3149854e-05,-9.7402417e-10,3.1584561e-09,7.5569605e-07,123.09667,7.0233864e-08,-1.1278727e-07,5.752681,0,0
975,0.974,0,0,0,0,-0,0,0,0,0,0,0,0,0,0,0,0,0,0,0.52,1.2875122,-0.29453444,-1.5733729,-5.6221183e-12,2.4797379e-11,0.78293619,-1.3510579e-11,2.1543132e-11,-2.356309,-1.2814996e-06,1.2120221e-10,-1.9310343e-10,-5.0760295e-08,1.3026511e-05,-1.174361e-09,2.6158671e-10,3.0241667e-07,123.09667,6.9517861e-08,-1.1163945e-07,5.7526809,0,0
976,0.975,0,0,0,0,-0,0,0,0,0,0,0,0,0,0,0,0,0,0,0.52,1.2875122,-0.29453444,-1.5733729,-5.5720442e-12,2.4575984e-11,0.78293619,-1.3389909e-11,2.1350876e-11,-2.356309,-1.2685437e-06,1.2013725e-10,-1.9140808e-10,-5.0236685e-08,1.2885213e-05,-9.5556757e-10,3.1291005e-09,7.4480204e-07,123.09666,6.8809196e-08,-1.1050338e-07,5.7526808,0,0
977,0.976,0,0,0,0,-0,0,0,0,0,0,0,0,0,0,0,0,0,0,0.52,1.2875122,-0.29453444,-1.5733729,-5.5224092e-12,2.4356533e-11,0.78293619,-1.32703e-11,2.1160308e-11,-2.356309,-1.2557188e-06,1.1908147e-10,-1.8972733e-10,-4.9718484e-08,1.2764546e-05,-1.1559955e-09,2.3239634e-10,2.9159997e-07,123.09666,6.8107636e-08,-1.0937874e-07,5.7526807,0,0
978,0.977,0,0,0,0,-0,0,0,0,0,0,0,0,0,0,0,0,0,0,0.52,1.2875122,-0.29453444,-1.5733729,-5.4732094e-12,2.4139009e-11,0.78293619,-1.3151741e-11,2.0971414e-11,-2.356309,-1.2430236e-06,1.1803474e-10,-1.8806101e-10,-4.9205619e-08,1.2625895e-05,-9.3745397e-10,3.1002542e-09,7.3412991e-07,123.09666,6.7413354e-08,-1.0826566e-07,5.7526806,0,0
979,0.978,0,0,0,0,-0,0,0,0,0,0,0,0,0,0,0,0,0,0,0.52,1.2875122,-0.29453445,-1.5733729,-5.4244412e-12,2.3923397e-11,0.78293619,-1.3034226e-11,2.0784179e-11,-2.356309,-1.2304568e-06,1.1699703e-10,-1.8640901e-10,-4.8698038e-08,1.250785e-05,-1.1379661e-09,2.0374156e-10,2.8103316e-07,123.09666,6.672611e-08,-1.071639e-07,5.7526805,0,0
980,0.979,0,0,0,0,-0,0,0,0,0,0,0,0,0,0,0,0,0,0,0.52,1.2875122,-0.29453445,-1.5733729,-5.3761009e-12,2.370968e-11,0.78293619,-1.2917743e-11,2.0598589e-11,-2.356309,-1.2180169e-06,1.1596826e-10,-1.8477123e-10,-4.8195695e-08,1.2371796e-05,-9.1957303e-10,3.0718116e-09,7.2365342e-07,123.09666,6.6045826e-08,-1.0607327e-07,5.7526804,0,0
981,0.98,0,0,0,0,-0,0,0,0,0,0,0,0,0,0,0,0,0,0,0.52,1.2875122,-0.29453445,-1.5733729,-5.3281846e-12,2.3497841e-11,0.78293619,-1.2802285e-11,2.0414629e-11,-2.356309,-1.2057029e-06,1.1494834e-10,-1.8314753e-10,-4.7698528e-08,1.2256319e-05,-1.1202738e-09,1.7558799e-10,2.7067925e-07,123.09666,6.5372527e-08,-1.049938e-07,5.7526803,0,0
982,0.981,0,0,0,0,-0,0,0,0,0,0,0,0,0,0,0,0,0,0,0.52,1.2875122,-0.29453445,-1.5733729,-5.280689e-12,2.3287864e-11,0.78293619,-1.2687842e-11,2.0232287e-11,-2.356309,-1.1935133e-06,1.1393721e-10,-1.8153781e-10,-4.720649e-08,1.2122807e-05,-9.0199042e-10,3.0438562e-09,7.1339783e-07,123.09666,6.4706049e-08,-1.0392528e-07,5.7526802,0,0
983,0.982,0,0,0,0,-0,0,0,0,0,0,0,0,0,0,0,0,0,0,0.52,1.2875122,-0.29453445,-1.5733729,-5.2336102e-12,2.3079734e-11,0.78293618,-1.2574406e-11,2.0051547e-11,-2.356309,-1.181447e-06,1.1293477e-10,-1.7994193e-10,-4.6719518e-08,1.2009846e-05,-1.1028787e-09,1.4790212e-10,2.6054491e-07,123.09666,6.4046423e-08,-1.0286768e-07,5.7526802,0,0
984,0.983,0,0,0,0,-0,0,0,0,0,0,0,0,0,0,0,0,0,0,0.52,1.2875122,-0.29453445,-1.5733729,-5.1869447e-12,2.2873434e-11,0.78293618,-1.2461968e-11,1.9872396e-11,-2.356309,-1.1695027e-06,1.1194099e-10,-1.783598e-10,-4.623757e-08,1.1878827e-05,-8.8469335e-10,3.0163605e-09,7.0335148e-07,123.09666,6.3393459e-08,-1.0182079e-07,5.7526801,0,0
985,0.984,0,0,0,0,-0,0,0,0,0,0,0,0,0,0,0,0,0,0,0.52,1.2875122,-0.29453445,-1.5733729,-5.140689e-12,2.2668949e-11,0.78293618,-1.235052e-11,1.969482e-11,-2.356309,-1.1576791e-06,1.1095576e-10,-1.7679129e-10,-4.5760594e-08,1.1768334e-05,-1.0857555e-09,1.2065399e-10,2.5060123e-07,123.09666,6.2747162e-08,-1.0078455e-07,5.75268,0,0
986,0.985,0,0,0,0,-0,0,0,0,0,0,0,0,0,0,0,0,0,0,0.52,1.2875122,-0.29453445,-1.5733729,-5.0948395e-12,2.2466263e-11,0.78293618,-1.2240052e-11,1.9518807e-11,-2.356309,-1.145975e-06,1.0997902e-10,-1.7523628e-10,-4.5288529e-08,1.1639752e-05,-8.677269e-10,2.9893664e-09,6.9352876e-07,123.09665,6.2107499e-08,-9.9758915e-08,5.7526799,0,0
987,0.986,0,0,0,0,-0,0,0,0,0,0,0,0,0,0,0,0,0,0,0.52,1.2875122,-0.29453445,-1.5733729,-5.0493928e-12,2.226536e-11,0.78293618,-1.2130557e-11,1.9344341e-11,-2.356309,-1.1343893e-06,1.0901072e-10,-1.7369468e-10,-4.4821336e-08,1.153168e-05,-1.0688841e-09,9.3833901e-11,2.4085606e-07,123.09665,6.1474283e-08,-9.8743641e-08,5.7526798,0,0
988,0.987,0,0,0,0,-0,0,0,0,0,0,0,0,0,0,0,0,0,0,0.52,1.2875122,-0.29453445,-1.5733729,-5.0043454e-12,2.2066225e-11,0.78293618,-1.2022027e-11,1.9171411e-11,-2.356309,-1.1229207e-06,1.0805075e-10,-1.7216636e-10,-4.4358959e-08,1.1405492e-05,-8.5105053e-10,2.9628197e-09,6.8389766e-07,123.09665,6.0847582e-08,-9.7738749e-08,5.7526797,0,0
989,0.988,0,0,0,0,-0,0,0,0,0,0,0,0,0,0,0,0,0,0,0.52,1.2875122,-0.29453445,-1.5733729,-4.9596938e-12,2.1868843e-11,0.78293618,-1.1914452e-11,1.9000002e-11,-2.356309,-1.1115681e-06,1.0709906e-10,-1.7065119e-10,-4.3901344e-08,1.1299788e-05,-1.0523311e-09,6.7507563e-11,2.3133408e-07,123.09665,6.0227291e-08,-9.6744129e-08,5.7526797,0,0
990,0.989,0,0,0,0,-0,0,0,0,0,0,0,0,0,0,0,0,0,0,0.52,1.2875122,-0.29453445,-1.5733729,-4.9154347e-12,2.1673199e-11,0.78293618,-1.1807824e-11,1.8830102e-11,-2.356309,-1.1003302e-06,1.061556e-10,-1.6914911e-10,-4.3448454e-08,1.1175946e-05,-8.3459161e-10,2.9366533e-09,6.7444498e-07,123.09665,5.9613232e-08,-9.5759523e-08,5.7526796,0,0
991,0.99,0,0,0,0,-0,0,0,0,0,0,0,0,0,0,0,0,0,0,0.52,1.2875122,-0.29453445,-1.5733729,-4.8715646e-12,2.1479278e-11,0.78293618,-1.1702136e-11,1.8661697e-11,-2.356309,-1.089206e-06,1.0522026e-10,-1.6765997e-10,-4.3000228e-08,1.1072561e-05,-1.0360876e-09,4.1640783e-11,2.2200658e-07,123.09665,5.9005533e-08,-9.4785031e-08,5.7526795,0,0
992,0.991,0,0,0,0,-0,0,0,0,0,0,0,0,0,0,0,0,0,0,0.52,1.2875122,-0.29453445,-1.5733729,-4.8280803e-12,2.1287065e-11,0.78293617,-1.159738e-11,1.8494775e-11,-2.356309,-1.0781942e-06,1.04293e-10,-1.6618367e-10,-4.2556623e-08,1.0951013e-05,-8.1842041e-10,2.9109504e-09,6.6520488e-07,123.09665,5.8403972e-08,-9.3820418e-08,5.7526794,0,0
993,0.992,0,0,0,0,-0,0,0,0,0,0,0,0,0,0,0,0,0,0,0.52,1.2875122,-0.29453445,-1.5733729,-4.7849783e-12,2.1096545e-11,0.78293617,-1.1493546e-11,1.8329323e-11,-2.356309,-1.0672937e-06,1.0337376e-10,-1.6472012e-10,-4.2117596e-08,1.0849903e-05,-1.0200627e-09,1.6144534e-11,2.128486e-07,123.09665,5.7808511e-08,-9.2865561e-08,5.7526793,0,0
994,0.993,0,0,0,0,-0,0,0,0,0,0,0,0,0,0,0,0,0,0,0.52,1.2875122,-0.29453445,-1.5733729,-4.7422555e-12,2.0907703e-11,0.78293617,-1.1390628e-11,1.8165329e-11,-2.356309,-1.0565035e-06,1.0246244e-10,-1.6326919e-10,-4.1683092e-08,1.073061e-05,-8.0257316e-10,2.8857285e-09,6.5615967e-07,123.09665,5.7219195e-08,-9.1920511e-08,5.7526793,0,0
995,0.994,0,0,0,0,-0,0,0,0,0,0,0,0,0,0,0,0,0,0,0.52,1.2875122,-0.29453445,-1.5733729,-4.6999084e-12,2.0720526e-11,0.78293617,-1.1288618e-11,1.8002779e-11,-2.356309,-1.0458223e-06,1.01559e-10,-1.6183078e-10,-4.1253065e-08,1.0631724e-05,-1.0043049e-09,-8.9111357e-12,2.0389278e-07,123.09665,5.6635854e-08,-9.0985055e-08,5.7526792,0,0
996,0.995,0,0,0,0,-0,0,0,0,0,0,0,0,0,0,0,0,0,0,0.52,1.2875122,-0.29453446,-1.5733729,-4.657934e-12,2.0534998e-11,0.78293617,-1.1187506e-11,1.7841661e-11,-2.356309,-1.0352491e-06,1.0066338e-10,-1.6040479e-10,-4.0827476e-08,1.051464e-05,-7.8695198e-10,2.8608773e-09,6.4728536e-07,123.09665,5.6058436e-08,-9.0059082e-08,5.7526791,0,0
997,0.996,0,0,0,0,-0,0,0,0,0,0,0,0,0,0,0,0,0,0,0.52,1.2875122,-0.29453446,-1.5733729,-4.6163289e-12,2.0351105e-11,0.78293617,-1.1087287e-11,1.7681963e-11,-2.356309,-1.0247828e-06,9.9775483e-11,-1.5899112e-10,-4.0406273e-08,1.0417932e-05,-9.8883432e-10,-3.3529394e-11,1.9512198e-07,123.09664,5.5486931e-08,-8.9142553e-08,5.752679,0,0
998,0.997,0,0,0,0,-0,0,0,0,0,0,0,0,0,0,0,0,0,0,0.52,1.2875122,-0.29453446,-1.5733729,-4.57509e-12,2.0168834e-11,0.78293617,-1.0987952e-11,1.7523673e-11,-2.356309,-1.0144224e-06,9.8895272e-11,-1.5758966e-10,-3.9989415e-08,1.0303013e-05,-7.7158832e-10,2.836446e-09,6.3859402e-07,123.09664,5.4921218e-08,-8.8235325e-08,5.752679,0,0
999,0.998,0,0,0,0,-0,0,0,0,0,0,0,0,0,0,0,0,0,0,0.52,1.2875122,-0.29453446,-1.5733729,-4.5342141e-12,1.9988171e-11,0.78293617,-1.0889493e-11,1.7366778e-11,-2.356309,-1.0041666e-06,9.802266e-11,-1.562003e-10,-3.9576851e-08,1.0208445e-05,-9.7363543e-10,-5.7722345e-11,1.8653393e-07,123.09664,5.436133e-08,-8.7337385e-08,5.7526789,0,0
1000,0.999,0,0,0,0,-0,0,0,0,0,0,0,0,0,0,0,0,0,0,0.52,1.2875122,-0.29453446,-1.5733729,-4.4936982e-12,1.9809101e-11,0.78293617,-1.0791902e-11,1.7211266e-11,-2.356309,-9.9401458e-07,9.7157609e-11,-1.5482296e-10,-3.9168546e-08,1.0095646e-05,-7.5646761e-10,2.8124098e-09,6.3007586e-07,123.09664,5.380708e-08,-8.6448522e-08,5.7526788,0,0
1001,1,0,0,0,0,-0,0,0,0,0,0,0,0,0,0,0,0,0,0,0.52,1.2875122,-0.29453446,-1.5733729,-4.453539e-12,1.963161e-11,0.78293617,-1.0695174e-11,1.7057126e-11,-2.356309,-9.8396517e-07,9.6300027e-11,-1.5345751e-10,-3.8764448e-08,1.0003173e-05,-9.5869505e-10,-8.1511173e-11,1.7812038e-07,123.09664,5.3258546e-08,-8.5568757e-08,5.7526787,0,0
1002,1.001,0,0,0,0,-0,0,0,0,0,0,0,0,0,0,0,0,0,0,0.52,1.2875122,-0.29453446,-1.5733729,-4.4137336e-12,1.9455685e-11,0.78293616,-1.0599299e-11,1.6904345e-11,-2.356309,-9.7401736e-07,9.5449874e-11,-1.5210387e-10,-3.8364517e-08,9.892449e-06,-7.4161219e-10,2.7887919e-09,6.2174189e-07,123.09664,5.2715567e-08,-8.4697925e-08,5.7526787,0,0
1003,1.002,0,0,0,0,-0,0,0,0,0,0,0,0,0,0,0,0,0,0,0.52,1.2875122,-0.29453446,-1.5733729,-4.3742788e-12,1.9281313e-11,0.78293616,-1.050427e-11,1.6752912e-11,-2.356309,-9.6417012e-07,9.4607072e-11,-1.5076193e-10,-3.7968706e-08,9.8020292e-06,-9.4399136e-10,-1.0491509e-10,1.6987951e-07,123.09664,5.2178152e-08,-8.3835972e-08,5.7526786,0,0
1004,1.003,0,0,0,0,-0,0,0,0,0,0,0,0,0,0,0,0,0,0,0.52,1.2875122,-0.29453446,-1.5733729,-4.3351716e-12,1.910848e-11,0.78293616,-1.0410081e-11,1.6602816e-11,-2.356309,-9.5442244e-07,9.3771578e-11,-1.4943161e-10,-3.757698e-08,9.6933357e-06,-7.2699539e-10,2.7655523e-09,6.1357228e-07,123.09664,5.1646153e-08,-8.2982727e-08,5.7526785,0,0
1005,1.004,0,0,0,0,-0,0,0,0,0,0,0,0,0,0,0,0,0,0,0.52,1.2875122,-0.29453446,-1.5733729,-4.2964091e-12,1.8937173e-11,0.78293616,-1.0316723e-11,1.6454043e-11,-2.356309,-9.4477331e-07,9.2943308e-11,-1.4811279e-10,-3.7189292e-08,9.6049338e-06,-9.2954533e-10,-1.2791315e-10,1.6180344e-07,123.09664,5.1119632e-08,-8.2138215e-08,5.7526785,0,0
1006,1.005,0,0,0,0,-0,0,0,0,0,0,0,0,0,0,0,0,0,0,0.52,1.2875122,-0.29453446,-1.5733729,-4.2579882e-12,1.8767378e-11,0.78293616,-1.0224191e-11,1.6306584e-11,-2.356309,-9.3522172e-07,9.2122213e-11,-1.4680538e-10,-3.6805602e-08,9.4982353e-06,-7.1264452e-10,2.7427309e-09,6.055774e-07,123.09664,5.0598469e-08,-8.1302305e-08,5.7526784,0,0
1007,1.006,0,0,0,0,-0,0,0,0,0,0,0,0,0,0,0,0,0,0,0.52,1.2875122,-0.29453446,-1.5733729,-4.2199061e-12,1.8599082e-11,0.78293616,-1.0132475e-11,1.6160427e-11,-2.356309,-9.257667e-07,9.1308232e-11,-1.4550929e-10,-3.6425867e-08,9.4118024e-06,-9.1531846e-10,-1.5055125e-10,1.5389155e-07,123.09664,5.0082615e-08,-8.0474887e-08,5.7526783,0,0
1008,1.007,0,0,0,0,-0,0,0,0,0,0,0,0,0,0,0,0,0,0,0.52,1.2875122,-0.29453446,-1.5733729,-4.1821597e-12,1.8432273e-11,0.78293616,-1.0041571e-11,1.601556e-11,-2.356309,-9.1640727e-07,9.0501303e-11,-1.4422442e-10,-3.6050048e-08,9.3070557e-06,-6.9853825e-10,2.7202892e-09,5.9774772e-07,123.09664,4.9572019e-08,-7.9655889e-08,5.7526783,0,0
1009,1.008,0,0,0,0,-0,0,0,0,0,0,0,0,0,0,0,0,0,0,0.52,1.2875122,-0.29453446,-1.5733729,-4.1447461e-12,1.8266937e-11,0.78293616,-9.9514694e-12,1.5871972e-11,-2.356309,-9.0714247e-07,8.9701367e-11,-1.4295068e-10,-3.5678102e-08,9.2225552e-06,-9.0133385e-10,-1.7280171e-10,1.461443e-07,123.09664,4.9066632e-08,-7.884523e-08,5.7526782,0,0
1010,1.009,0,0,0,0,-0,0,0,0,0,0,0,0,0,0,0,0,0,0,0.52,1.2875122,-0.29453446,-1.5733729,-4.1076626e-12,1.8103062e-11,0.78293616,-9.8621645e-12,1.5729653e-11,-2.3563091,-8.9797133e-07,8.8908371e-11,-1.4168797e-10,-3.5309993e-08,9.1197214e-06,-6.8465855e-10,2.698212e-09,5.9007278e-07,123.09663,4.856637e-08,-7.804279e-08,5.7526781,0,0
1011,1.01,0,0,0,0,-0,0,0,0,0,0,0,0,0,0,0,0,0,0,0.52,1.2875122,-0.29453446,-1.5733729,-4.0709061e-12,1.7940636e-11,0.78293616,-9.7736492e-12,1.5588591e-11,-2.3563091,-8.8889291e-07,8.8122248e-11,-1.4043621e-10,-3.494568e-08,9.0371127e-06,-8.87588e-10,-1.9467732e-10,1.3855318e-07,123.09663,4.8071221e-08,-7.7248522e-08,5.7526781,0,0
1012,1.011,0,0,0,0,-0,0,0,0,0,0,0,0,0,0,0,0,0,0,0.52,1.2875122,-0.29453446,-1.5733729,-4.034474e-12,1.7779645e-11,0.78293616,-9.6859166e-12,1.5448775e-11,-2.3563091,-8.7990628e-07,8.7342939e-11,-1.3919528e-10,-3.4585122e-08,8.9361554e-06,-6.7102877e-10,2.6765276e-09,5.8256358e-07,123.09663,4.7581133e-08,-7.646236e-08,5.752678,0,0
1013,1.012,0,0,0,0,-0,0,0,0,0,0,0,0,0,0,0,0,0,0,0.52,1.2875122,-0.29453446,-1.5733729,-3.9983634e-12,1.7620076e-11,0.78293615,-9.5989599e-12,1.5310195e-11,-2.3563091,-8.710105e-07,8.6570393e-11,-1.3796511e-10,-3.4228282e-08,8.8554059e-06,-8.7406431e-10,-2.1619065e-10,1.311162e-07,123.09663,4.7096032e-08,-7.5684193e-08,5.7526779,0,0
1014,1.013,0,0,0,0,-0,0,0,0,0,0,0,0,0,0,0,0,0,0,0.52,1.2875122,-0.29453446,-1.5733729,-3.9625715e-12,1.7461919e-11,0.78293615,-9.5127725e-12,1.517284e-11,-2.3563091,-8.6220465e-07,8.5804551e-11,-1.3674561e-10,-3.3875124e-08,8.7562851e-06,-6.5761912e-10,2.6551925e-09,5.752004e-07,123.09663,4.6615867e-08,-7.4913929e-08,5.7526779,0,0
1015,1.014,0,0,0,0,-0,0,0,0,0,0,0,0,0,0,0,0,0,0,0.52,1.2875122,-0.29453446,-1.5733729,-3.9270956e-12,1.7305161e-11,0.78293615,-9.4273475e-12,1.5036699e-11,-2.3563091,-8.5348783e-07,8.504535e-11,-1.3553668e-10,-3.3525605e-08,8.6773554e-06,-8.607837e-10,-2.373258e-10,1.2383631e-07,123.09663,4.6140627e-08,-7.4151539e-08,5.7526778,0,0
1016,1.015,0,0,0,0,-0,0,0,0,0,0,0,0,0,0,0,0,0,0,0.52,1.2875122,-0.29453447,-1.5733729,-3.8919328e-12,1.7149788e-11,0.78293615,-9.3426785e-12,1.4901761e-11,-2.3563091,-8.4485914e-07,8.4292743e-11,-1.3433824e-10,-3.3179691e-08,8.5800308e-06,-6.4442916e-10,2.6342125e-09,5.6799285e-07,123.09663,4.5670206e-08,-7.3396883e-08,5.7526777,0,0
1017,1.016,0,0,0,0,-0,0,0,0,0,0,0,0,0,0,0,0,0,0,0.52,1.2875122,-0.29453447,-1.5733729,-3.8570806e-12,1.699579e-11,0.78293615,-9.2587588e-12,1.4768017e-11,-2.3563091,-8.3631768e-07,8.3546671e-11,-1.3315019e-10,-3.2837343e-08,8.5028841e-06,-8.4771631e-10,-2.5812013e-10,1.1670196e-07,123.09663,4.5204585e-08,-7.2649903e-08,5.7526777,0,0
1018,1.017,0,0,0,0,-0,0,0,0,0,0,0,0,0,0,0,0,0,0,0.52,1.2875122,-0.29453447,-1.5733729,-3.8225362e-12,1.6843155e-11,0.78293615,-9.1755819e-12,1.4635456e-11,-2.3563091,-8.2786258e-07,8.2807076e-11,-1.3197245e-10,-3.2498526e-08,8.4073252e-06,-6.3147211e-10,2.6135981e-09,5.6093178e-07,123.09663,4.4743712e-08,-7.1910532e-08,5.7526776,0,0
1019,1.018,0,0,0,0,-0,0,0,0,0,0,0,0,0,0,0,0,0,0,0.52,1.2875122,-0.29453447,-1.5733729,-3.788297e-12,1.669187e-11,0.78293615,-9.0931414e-12,1.4504067e-11,-2.3563091,-8.1949295e-07,8.20739e-11,-1.3080493e-10,-3.2163198e-08,8.3319223e-06,-8.3488042e-10,-2.7854921e-10,1.0972447e-07,123.09663,4.4287569e-08,-7.117872e-08,5.7526776,0,0
1020,1.019,0,0,0,0,-0,0,0,0,0,0,0,0,0,0,0,0,0,0,0.52,1.2875122,-0.29453447,-1.5733729,-3.7543602e-12,1.6541924e-11,0.78293615,-9.0114309e-12,1.4373841e-11,-2.3563091,-8.1120795e-07,8.1347109e-11,-1.2964755e-10,-3.1831333e-08,8.2380915e-06,-6.1870244e-10,2.5932961e-09,5.5400602e-07,123.09663,4.3836001e-08,-7.0454275e-08,5.7526775,0,0
1021,1.02,0,0,0,0,-0,0,0,0,0,0,0,0,0,0,0,0,0,0,0.52,1.2875122,-0.29453447,-1.5733729,-3.7207233e-12,1.6393306e-11,0.78293615,-8.930444e-12,1.4244767e-11,-2.3563091,-8.030067e-07,8.0626626e-11,-1.2850022e-10,-3.1502893e-08,8.1644026e-06,-8.2226301e-10,-2.9863858e-10,1.0287456e-07,123.09663,4.3389071e-08,-6.9737224e-08,5.7526774,0,0
1022,1.021,0,0,0,0,-0,0,0,0,0,0,0,0,0,0,0,0,0,0,0.52,1.2875122,-0.29453447,-1.5733729,-3.6873837e-12,1.6246003e-11,0.78293615,-8.8501745e-12,1.4116835e-11,-2.3563091,-7.9488837e-07,7.9912399e-11,-1.2736285e-10,-3.1177836e-08,8.0722643e-06,-6.0619072e-10,2.5733885e-09,5.4723933e-07,123.09663,4.294673e-08,-6.9027522e-08,5.7526774,0,0
1023,1.022,0,0,0,0,-0,0,0,0,0,0,0,0,0,0,0,0,0,0,0.52,1.2875122,-0.29453447,-1.5733729,-3.6543389e-12,1.6100004e-11,0.78293615,-8.7706161e-12,1.3990036e-11,-2.3563091,-7.8685211e-07,7.9204382e-11,-1.2623535e-10,-3.0856126e-08,8.0002488e-06,-8.0984302e-10,-3.1839898e-10,9.6179836e-08,123.09663,4.2508895e-08,-6.8325041e-08,5.7526773,0,0
1024,1.023,0,0,0,0,-0,0,0,0,0,0,0,0,0,0,0,0,0,0,0.52,1.2875122,-0.29453447,-1.5733729,-3.6215861e-12,1.5955298e-11,0.78293615,-8.6917627e-12,1.386436e-11,-2.3563091,-7.788971e-07,7.8502539e-11,-1.2511767e-10,-3.0537742e-08,7.9097718e-06,-5.9384381e-10,2.5537567e-09,5.4058754e-07,123.09663,4.2075439e-08,-6.7629609e-08,5.7526773,0,0
1025,1.024,0,0,0,0,-0,0,0,0,0,0,0,0,0,0,0,0,0,0,0.52,1.2875122,-0.29453447,-1.5733729,-3.589123e-12,1.5811875e-11,0.78293614,-8.613608e-12,1.3739796e-11,-2.3563091,-7.7102251e-07,7.7806776e-11,-1.2400969e-10,-3.0222636e-08,7.8394019e-06,-7.9768122e-10,-3.3777772e-10,8.9625244e-08,123.09662,4.1646519e-08,-6.6941373e-08,5.7526772,0,0
1026,1.025,0,0,0,0,-0,0,0,0,0,0,0,0,0,0,0,0,0,0,0.52,1.2875122,-0.29453447,-1.5733729,-3.5569469e-12,1.5669721e-11,0.78293614,-8.5361461e-12,1.3616335e-11,-2.3563091,-7.6322754e-07,7.7117084e-11,-1.2291134e-10,-2.9910782e-08,7.7505483e-06,-5.8170372e-10,2.5344676e-09,5.340831e-07,123.09662,4.1221884e-08,-6.6260072e-08,5.7526772,0,0
1027,1.026,0,0,0,0,-0,0,0,0,0,0,0,0,0,0,0,0,0,0,0.52,1.2875122,-0.29453447,-1.5733729,-3.5250555e-12,1.5528828e-11,0.78293614,-8.4593708e-12,1.3493969e-11,-2.3563091,-7.5551137e-07,7.6433384e-11,-1.2182254e-10,-2.9602142e-08,7.6817858e-06,-7.8569555e-10,-3.5686941e-10,8.3196955e-08,123.09662,4.0801621e-08,-6.558572e-08,5.7526771,0,0
1028,1.027,0,0,0,0,-0,0,0,0,0,0,0,0,0,0,0,0,0,0,0.52,1.2875122,-0.29453447,-1.5733729,-3.4934462e-12,1.5389182e-11,0.78293614,-8.3832763e-12,1.3372686e-11,-2.3563091,-7.4787321e-07,7.575564e-11,-1.2074321e-10,-2.9296685e-08,7.5945258e-06,-5.6979345e-10,2.5155281e-09,5.2771729e-07,123.09662,4.0385618e-08,-6.4918223e-08,5.752677,0,0
1029,1.028,0,0,0,0,-0,0,0,0,0,0,0,0,0,0,0,0,0,0,0.52,1.2875122,-0.29453447,-1.5733729,-3.4621166e-12,1.5250775e-11,0.78293614,-8.3078566e-12,1.3252477e-11,-2.3563091,-7.4031228e-07,7.5083792e-11,-1.1967327e-10,-2.8994378e-08,7.5273451e-06,-7.7390159e-10,-3.7564172e-10,7.6895338e-08,123.09662,3.997387e-08,-6.4257527e-08,5.752677,0,0
1030,1.029,0,0,0,0,-0,0,0,0,0,0,0,0,0,0,0,0,0,0,0.52,1.2875122,-0.29453447,-1.5733729,-3.4310642e-12,1.5113595e-11,0.78293614,-8.2331058e-12,1.3133334e-11,-2.3563091,-7.3282778e-07,7.4417794e-11,-1.1861263e-10,-2.8695191e-08,7.4416484e-06,-5.5809386e-10,2.4969145e-09,5.2147999e-07,123.09662,3.9566319e-08,-6.3603561e-08,5.7526769,0,0
1031,1.03,0,0,0,0,-0,0,0,0,0,0,0,0,0,0,0,0,0,0,0.52,1.2875122,-0.29453447,-1.5733729,-3.4002867e-12,1.497763e-11,0.78293614,-8.1590181e-12,1.3015248e-11,-2.3563091,-7.2541895e-07,7.3757593e-11,-1.1756122e-10,-2.8399084e-08,7.3760075e-06,-7.6230965e-10,-3.9409311e-10,7.0732699e-08,123.09662,3.9162943e-08,-6.2956269e-08,5.7526769,0,0
1032,1.031,0,0,0,0,-0,0,0,0,0,0,0,0,0,0,0,0,0,0,0.52,1.2875122,-0.29453447,-1.5733729,-3.3697817e-12,1.4842872e-11,0.78293614,-8.0855877e-12,1.2898207e-11,-2.3563091,-7.1808503e-07,7.3103148e-11,-1.1651897e-10,-2.8106033e-08,7.2918446e-06,-5.4657924e-10,2.4786014e-09,5.1536943e-07,123.09662,3.8763646e-08,-6.2315534e-08,5.7526768,0,0
1033,1.032,0,0,0,0,-0,0,0,0,0,0,0,0,0,0,0,0,0,0,0.52,1.2875122,-0.29453447,-1.5733729,-3.3395467e-12,1.4709309e-11,0.78293614,-8.012809e-12,1.2782205e-11,-2.3563091,-7.1082525e-07,7.2454411e-11,-1.154858e-10,-2.7816009e-08,7.2277145e-06,-7.5089479e-10,-4.1225793e-10,6.4678307e-08,123.09662,3.8368393e-08,-6.1681274e-08,5.7526768,0,0
1034,1.033,0,0,0,0,-0,0,0,0,0,0,0,0,0,0,0,0,0,0,0.52,1.2875122,-0.29453447,-1.5733729,-3.3095795e-12,1.457693e-11,0.78293614,-7.9406761e-12,1.2667231e-11,-2.3563091,-7.0363886e-07,7.1811312e-11,-1.144616e-10,-2.752897e-08,7.1450512e-06,-5.3530447e-10,2.4606457e-09,5.0940001e-07,123.09662,3.7977248e-08,-6.1053558e-08,5.7526767,0,0
1035,1.034,0,0,0,0,-0,0,0,0,0,0,0,0,0,0,0,0,0,0,0.52,1.2875122,-0.29453447,-1.5733729,-3.2798777e-12,1.4445726e-11,0.78293614,-7.8691835e-12,1.2553277e-11,-2.3563091,-6.9652513e-07,7.1173825e-11,-1.1344633e-10,-2.724489e-08,7.082409e-06,-7.3966957e-10,-4.3010453e-10,5.875994e-08,123.09662,3.7590054e-08,-6.0432213e-08,5.7526767,0,0
1036,1.035,0,0,0,0,-0,0,0,0,0,0,0,0,0,0,0,0,0,0,0.52,1.2875122,-0.29453447,-1.5733729,-3.2504389e-12,1.4315686e-11,0.78293614,-7.7983257e-12,1.2440334e-11,-2.3563091,-6.8948332e-07,7.0541904e-11,-1.1243992e-10,-2.6963747e-08,7.0012145e-06,-5.2417185e-10,2.4429313e-09,5.0352752e-07,123.09662,3.7206765e-08,-5.9817124e-08,5.7526766,0,0
1037,1.036,0,0,0,0,-0,0,0,0,0,0,0,0,0,0,0,0,0,0,0.52,1.2875122,-0.29453447,-1.5733729,-3.221261e-12,1.4186801e-11,0.78293614,-7.728097e-12,1.2328393e-11,-2.3563091,-6.825127e-07,6.9915475e-11,-1.1144225e-10,-2.6685496e-08,6.9400257e-06,-7.2868499e-10,-4.4760228e-10,5.2974113e-08,123.09662,3.6827472e-08,-5.9208392e-08,5.7526766,0,0
1038,1.037,0,0,0,0,-0,0,0,0,0,0,0,0,0,0,0,0,0,0,0.52,1.2875122,-0.29453447,-1.5733729,-3.1923417e-12,1.4059059e-11,0.78293614,-7.658492e-12,1.2217445e-11,-2.3563091,-6.7561256e-07,6.9294527e-11,-1.104533e-10,-2.6410117e-08,6.8602691e-06,-5.1321188e-10,2.425514e-09,4.977826e-07,123.09662,3.6451964e-08,-5.8605782e-08,5.7526765,0,0
1039,1.038,0,0,0,0,-0,0,0,0,0,0,0,0,0,0,0,0,0,0,0.52,1.2875122,-0.29453447,-1.5733729,-3.1636786e-12,1.3932451e-11,0.78293613,-7.5895052e-12,1.2107482e-11,-2.3563091,-6.6878217e-07,6.8678995e-11,-1.0947297e-10,-2.6137583e-08,6.8005041e-06,-7.1785304e-10,-4.6485159e-10,4.7286197e-08,123.09662,3.6080289e-08,-5.8009282e-08,5.7526765,0,0
1040,1.039,0,0,0,0,-0,0,0,0,0,0,0,0,0,0,0,0,0,0,0.52,1.2875122,-0.29453447,-1.5733729,-3.1352697e-12,1.3806968e-11,0.78293613,-7.5211313e-12,1.1998495e-11,-2.3563091,-6.6202084e-07,6.8068816e-11,-1.0850116e-10,-2.586785e-08,6.7221574e-06,-5.025035e-10,2.408463e-09,4.9217962e-07,123.09662,3.5712485e-08,-5.7418957e-08,5.7526764,0,0
1041,1.04,0,0,0,0,-0,0,0,0,0,0,0,0,0,0,0,0,0,0,0.52,1.2875122,-0.29453448,-1.5733729,-3.1071125e-12,1.3682599e-11,0.78293613,-7.4533649e-12,1.1890476e-11,-2.3563091,-6.5532786e-07,6.7463988e-11,-1.0753785e-10,-2.5600908e-08,6.6637928e-06,-7.0715292e-10,-4.8184942e-10,4.1703962e-08,123.09662,3.5348306e-08,-5.6834515e-08,5.7526764,0,0
1042,1.041,0,0,0,0,-0,0,0,0,0,0,0,0,0,0,0,0,0,0,0.52,1.2875122,-0.29453448,-1.5733729,-3.079205e-12,1.3559334e-11,0.78293613,-7.3862007e-12,1.1783415e-11,-2.3563091,-6.4870255e-07,6.6864415e-11,-1.0658293e-10,-2.5336713e-08,6.5868251e-06,-4.9199383e-10,2.3917014e-09,4.8668756e-07,123.09662,3.4987962e-08,-5.6256126e-08,5.7526763,0,0
1043,1.042,0,0,0,0,-0,0,0,0,0,0,0,0,0,0,0,0,0,0,0.52,1.2875122,-0.29453448,-1.5733729,-3.051545e-12,1.3437165e-11,0.78293613,-7.3196335e-12,1.1677306e-11,-2.3563091,-6.4214423e-07,6.6270091e-11,-1.0563634e-10,-2.5075243e-08,6.5298307e-06,-6.9665348e-10,-4.9852754e-10,3.6251909e-08,123.09661,3.4631218e-08,-5.5683579e-08,5.7526763,0,0
1044,1.043,0,0,0,0,-0,0,0,0,0,0,0,0,0,0,0,0,0,0,0.52,1.2875122,-0.29453448,-1.5733729,-3.0241304e-12,1.3316081e-11,0.78293613,-7.2536579e-12,1.1572139e-11,-2.3563091,-6.356522e-07,6.5680953e-11,-1.0469801e-10,-2.4816471e-08,6.4542178e-06,-4.8162267e-10,2.3751808e-09,4.8129269e-07,123.09661,3.4278132e-08,-5.5116853e-08,5.7526762,0,0
1045,1.044,0,0,0,0,-0,0,0,0,0,0,0,0,0,0,0,0,0,0,0.52,1.2875122,-0.29453448,-1.5733729,-2.9969589e-12,1.3196073e-11,0.78293613,-7.188269e-12,1.1467906e-11,-2.3563091,-6.2922581e-07,6.5096962e-11,-1.0376787e-10,-2.4560368e-08,6.398566e-06,-6.8635951e-10,-5.1490195e-10,3.0911641e-08,123.09661,3.392864e-08,-5.4555903e-08,5.7526762,0,0
1046,1.045,0,0,0,0,-0,0,0,0,0,0,0,0,0,0,0,0,0,0,0.52,1.2875122,-0.29453448,-1.5733729,-2.9700285e-12,1.3077131e-11,0.78293613,-7.1234615e-12,1.1364599e-11,-2.3563091,-6.2286439e-07,6.4518066e-11,-1.0284585e-10,-2.4306904e-08,6.3242789e-06,-4.7143295e-10,2.3589563e-09,4.7601772e-07,123.09661,3.3582745e-08,-5.4000696e-08,5.7526761,0,0
1047,1.046,0,0,0,0,-0,0,0,0,0,0,0,0,0,0,0,0,0,0,0.52,1.2875122,-0.29453448,-1.5733729,-2.9433371e-12,1.2959247e-11,0.78293613,-7.0592303e-12,1.126221e-11,-2.3563091,-6.1656728e-07,6.3944239e-11,-1.0193188e-10,-2.4056055e-08,6.2699363e-06,-6.762207e-10,-5.3102472e-10,2.5680402e-08,123.09661,3.3240322e-08,-5.3451082e-08,5.7526761,0,0
1048,1.047,0,0,0,0,-0,0,0,0,0,0,0,0,0,0,0,0,0,0,0.52,1.2875122,-0.29453448,-1.5733729,-2.9168825e-12,1.2842411e-11,0.78293613,-6.9955705e-12,1.1160731e-11,-2.3563091,-6.1033384e-07,6.3375424e-11,-1.010259e-10,-2.3807793e-08,6.1969495e-06,-4.6140924e-10,2.3429951e-09,4.7084266e-07,123.09661,3.2901405e-08,-5.2907063e-08,5.7526761,0,0
1049,1.048,0,0,0,0,-0,0,0,0,0,0,0,0,0,0,0,0,0,0,0.52,1.2875122,-0.29453448,-1.5733729,-2.8906628e-12,1.2726614e-11,0.78293613,-6.932477e-12,1.1060154e-11,-2.3563091,-6.0416341e-07,6.2811586e-11,-1.0012783e-10,-2.3562097e-08,6.143898e-06,-6.6626632e-10,-5.468578e-10,2.0549848e-08,123.09661,3.2565919e-08,-5.2368563e-08,5.752676,0,0
1050,1.049,0,0,0,0,-0,0,0,0,0,0,0,0,0,0,0,0,0,0,0.52,1.2875122,-0.29453448,-1.5733729,-2.8646758e-12,1.2611846e-11,0.78293613,-6.8699449e-12,1.0960471e-11,-2.3563091,-5.9805537e-07,6.2252661e-11,-9.9237588e-11,-2.3318927e-08,6.0721841e-06,-4.5158297e-10,2.327339e-09,4.6578885e-07,123.09661,3.2233936e-08,-5.1835631e-08,5.752676,0,0
1051,1.05,0,0,0,0,-0,0,0,0,0,0,0,0,0,0,0,0,0,0,0.52,1.2875122,-0.29453448,-1.5733729,-2.8389196e-12,1.2498099e-11,0.78293613,-6.8079692e-12,1.0861675e-11,-2.3563091,-5.9200908e-07,6.1698641e-11,-9.8355141e-11,-2.3078269e-08,6.0203934e-06,-6.5645706e-10,-5.6244518e-10,1.552787e-08,123.09661,3.1905253e-08,-5.1308047e-08,5.7526759,0,0
1052,1.051,0,0,0,0,-0,0,0,0,0,0,0,0,0,0,0,0,0,0,0.52,1.2875122,-0.29453448,-1.5733729,-2.8133921e-12,1.2385364e-11,0.78293613,-6.7465452e-12,1.0763757e-11,-2.3563091,-5.8602392e-07,6.1149466e-11,-9.748041e-11,-2.2840098e-08,5.9499301e-06,-4.4189414e-10,2.3119075e-09,4.6081464e-07,123.09661,3.1579929e-08,-5.0785814e-08,5.7526759,0,0
1053,1.052,0,0,0,0,-0,0,0,0,0,0,0,0,0,0,0,0,0,0,0.52,1.2875122,-0.29453448,-1.5733729,-2.7880914e-12,1.2273633e-11,0.78293613,-6.6856679e-12,1.066671e-11,-2.3563091,-5.8009927e-07,6.0605081e-11,-9.6613307e-11,-2.2604376e-08,5.8993712e-06,-6.4687541e-10,-5.777032e-10,1.0629935e-08,123.09661,3.1257989e-08,-5.0268982e-08,5.7526758,0,0
1054,1.053,0,0,0,0,-0,0,0,0,0,0,0,0,0,0,0,0,0,0,0.52,1.2875122,-0.29453448,-1.5733729,-2.7630154e-12,1.2162895e-11,0.78293613,-6.6253326e-12,1.0570527e-11,-2.3563091,-5.7423452e-07,6.0065473e-11,-9.5753799e-11,-2.2371086e-08,5.8301332e-06,-4.323398e-10,2.2967202e-09,4.5594824e-07,123.09661,3.0939263e-08,-4.9757347e-08,5.7526758,0,0
1055,1.054,0,0,0,0,-0,0,0,0,0,0,0,0,0,0,0,0,0,0,0.52,1.2875122,-0.29453448,-1.5733729,-2.7381622e-12,1.2053143e-11,0.78293612,-6.5655346e-12,1.0475199e-11,-2.3563091,-5.6842906e-07,5.9530579e-11,-9.49018e-11,-2.2140202e-08,5.7807883e-06,-6.3744858e-10,-5.927219e-10,5.8214212e-09,123.09661,3.0623833e-08,-4.9250953e-08,5.7526758,0,0
1056,1.055,0,0,0,0,-0,0,0,0,0,0,0,0,0,0,0,0,0,0,0.52,1.2875122,-0.29453448,-1.5733729,-2.7135298e-12,1.1944368e-11,0.78293612,-6.5062691e-12,1.038072e-11,-2.3563091,-5.6268229e-07,5.9000372e-11,-9.4057254e-11,-2.1911699e-08,5.7127509e-06,-4.2296622e-10,2.2818132e-09,4.5118419e-07,123.09661,3.0311596e-08,-4.8749704e-08,5.7526757,0,0
1057,1.056,0,0,0,0,-0,0,0,0,0,0,0,0,0,0,0,0,0,0,0.52,1.2875122,-0.29453448,-1.5733729,-2.6891164e-12,1.1836561e-11,0.78293612,-6.4475315e-12,1.0287081e-11,-2.3563091,-5.5699362e-07,5.8474809e-11,-9.3220102e-11,-2.1685555e-08,5.6645899e-06,-6.2815969e-10,-6.075088e-10,1.1037463e-09,123.09661,3.0002531e-08,-4.8253532e-08,5.7526757,0,0
1058,1.057,0,0,0,0,-0,0,0,0,0,0,0,0,0,0,0,0,0,0,0.52,1.2875122,-0.29453448,-1.5733729,-2.6649199e-12,1.1729714e-11,0.78293612,-6.3893172e-12,1.0194276e-11,-2.3563091,-5.5136246e-07,5.7953851e-11,-9.2390279e-11,-2.1461747e-08,5.5977255e-06,-4.1375502e-10,2.2671555e-09,4.4651233e-07,123.09661,2.9696601e-08,-4.7762389e-08,5.7526756,0,0
1059,1.058,0,0,0,0,-0,0,0,0,0,0,0,0,0,0,0,0,0,0,0.52,1.2875122,-0.29453448,-1.5733729,-2.6409386e-12,1.1623819e-11,0.78293612,-6.3316215e-12,1.0102297e-11,-2.3563091,-5.4578824e-07,5.7437439e-11,-9.1567698e-11,-2.1240237e-08,5.5507246e-06,-6.1906946e-10,-6.2199375e-10,-3.4920185e-09,123.09661,2.939388e-08,-4.7276344e-08,5.7526756,0,0
1060,1.059,0,0,0,0,-0,0,0,0,0,0,0,0,0,0,0,0,0,0,0.52,1.2875122,-0.29453448,-1.5733729,-2.6171704e-12,1.1518867e-11,0.78293612,-6.27444e-12,1.0011137e-11,-2.3563091,-5.4027036e-07,5.6925575e-11,-9.0752339e-11,-2.1021019e-08,5.4850175e-06,-4.0465896e-10,2.2527104e-09,4.4192778e-07,123.09661,2.9094126e-08,-4.6795135e-08,5.7526756,0,0
1061,1.06,0,0,0,0,-0,0,0,0,0,0,0,0,0,0,0,0,0,0,0.52,1.2875122,-0.29453448,-1.5733729,-2.5936137e-12,1.141485e-11,0.78293612,-6.2177681e-12,9.9207884e-12,-2.3563091,-5.3480828e-07,5.6418182e-11,-8.9944111e-11,-2.0804063e-08,5.4391567e-06,-6.1012687e-10,-6.3625359e-10,-8.0157091e-09,123.09661,2.8797497e-08,-4.6318865e-08,5.7526755,0,0
1062,1.061,0,0,0,0,-0,0,0,0,0,0,0,0,0,0,0,0,0,0,0.52,1.2875122,-0.29453448,-1.5733729,-2.5702664e-12,1.1311759e-11,0.78293612,-6.1616014e-12,9.8312449e-12,-2.3563091,-5.2940141e-07,5.5915236e-11,-8.9142955e-11,-2.0589341e-08,5.3745736e-06,-3.9576473e-10,2.2385648e-09,4.3745829e-07,123.09661,2.850389e-08,-4.5847467e-08,5.7526755,0,0
1063,1.062,0,0,0,0,-0,0,0,0,0,0,0,0,0,0,0,0,0,0,0.52,1.2875122,-0.29453448,-1.5733729,-2.5471269e-12,1.1209587e-11,0.78293612,-6.1059355e-12,9.742499e-12,-2.3563091,-5.2404921e-07,5.5416706e-11,-8.8348826e-11,-2.0376838e-08,5.3298302e-06,-6.0129611e-10,-6.5030573e-10,-1.2450827e-08,123.09661,2.8213244e-08,-4.538082e-08,5.7526754,0,0
1064,1.063,0,0,0,0,-0,0,0,0,0,0,0,0,0,0,0,0,0,0,0.52,1.2875122,-0.29453448,-1.5733729,-2.5241932e-12,1.1108326e-11,0.78293612,-6.0507658e-12,9.6545437e-12,-2.3563091,-5.1875112e-07,5.4922537e-11,-8.7561644e-11,-2.0166523e-08,5.2663529e-06,-3.8704089e-10,2.2246698e-09,4.3308061e-07,123.0966,2.7925605e-08,-4.4918968e-08,5.7526754,0,0
1065,1.064,0,0,0,0,-0,0,0,0,0,0,0,0,0,0,0,0,0,0,0.52,1.2875122,-0.29453448,-1.5733729,-2.5014636e-12,1.1007967e-11,0.78293612,-5.9960882e-12,9.5673722e-12,-2.3563091,-5.1350659e-07,5.443271e-11,-8.6781365e-11,-1.995838e-08,5.2227061e-06,-5.9261398e-10,-6.6411198e-10,-1.6794386e-08,123.0966,2.7640861e-08,-4.4461788e-08,5.7526754,0,0
1066,1.065,0,0,0,0,-0,0,0,0,0,0,0,0,0,0,0,0,0,0,0.52,1.2875122,-0.29453448,-1.5733729,-2.4789362e-12,1.0908503e-11,0.78293612,-5.9418983e-12,9.4809776e-12,-2.3563091,-5.0831508e-07,5.394717e-11,-8.6007917e-11,-1.975238e-08,5.1603091e-06,-3.7846599e-10,2.2110079e-09,4.2879469e-07,123.0966,2.7359064e-08,-4.4009296e-08,5.7526753,0,0
1067,1.066,0,0,0,0,-0,0,0,0,0,0,0,0,0,0,0,0,0,0,0.52,1.2875122,-0.29453448,-1.5733729,-2.4566094e-12,1.0809926e-11,0.78293612,-5.8881917e-12,9.395353e-12,-2.3563091,-5.0317606e-07,5.3465905e-11,-8.5241263e-11,-1.954851e-08,5.1177351e-06,-5.8406468e-10,-6.7770022e-10,-2.1056348e-08,123.0966,2.7080064e-08,-4.3561335e-08,5.7526753,0,0
1068,1.067,0,0,0,0,-0,0,0,0,0,0,0,0,0,0,0,0,0,0,0.52,1.2875122,-0.29453448,-1.5733729,-2.4344813e-12,1.0712228e-11,0.78293612,-5.8349644e-12,9.3104917e-12,-2.3563091,-4.9808899e-07,5.2988842e-11,-8.4481312e-11,-1.9346738e-08,5.0564e-06,-3.7006027e-10,2.1976028e-09,4.2460151e-07,123.0966,2.6804008e-08,-4.3118027e-08,5.7526753,0,0
1069,1.068,0,0,0,0,-0,0,0,0,0,0,0,0,0,0,0,0,0,0,0.52,1.2875122,-0.29453448,-1.5733729,-2.4125502e-12,1.0615401e-11,0.78293612,-5.782212e-12,9.226387e-12,-2.3563091,-4.9305335e-07,5.2515985e-11,-8.372804e-11,-1.9147051e-08,5.0148749e-06,-5.7565434e-10,-6.9105883e-10,-2.5226831e-08,123.0966,2.6530674e-08,-4.2679154e-08,5.7526752,0,0
1070,1.069,0,0,0,0,-0,0,0,0,0,0,0,0,0,0,0,0,0,0,0.52,1.2875122,-0.29453448,-1.5733729,-2.3908144e-12,1.0519438e-11,0.78293612,-5.7299303e-12,9.1430323e-12,-2.3563091,-4.8806863e-07,5.2047264e-11,-8.2981364e-11,-1.8949419e-08,4.9545797e-06,-3.6178778e-10,2.1844107e-09,4.204898e-07,123.0966,2.6260198e-08,-4.2244798e-08,5.7526752,0,0
1071,1.07,0,0,0,0,-0,0,0,0,0,0,0,0,0,0,0,0,0,0,0.52,1.2875122,-0.29453448,-1.5733729,-2.3692722e-12,1.0424331e-11,0.78293612,-5.6781154e-12,9.060421e-12,-2.3563091,-4.8313429e-07,5.1582673e-11,-8.224125e-11,-1.8753831e-08,4.9140852e-06,-5.6739402e-10,-7.0418277e-10,-2.9314743e-08,123.0966,2.5992404e-08,-4.1814802e-08,5.7526751,0,0
1072,1.071,0,0,0,0,-0,0,0,0,0,0,0,0,0,0,0,0,0,0,0.52,1.2875122,-0.29453448,-1.5733729,-2.3479219e-12,1.0330072e-11,0.78293612,-5.626763e-12,8.9785466e-12,-2.3563091,-4.7824985e-07,5.1122147e-11,-8.1507617e-11,-1.8560259e-08,4.8548099e-06,-3.536584e-10,2.171448e-09,4.1646061e-07,123.0966,2.5727414e-08,-4.1389244e-08,5.7526751,0,0
1073,1.072,0,0,0,0,-0,0,0,0,0,0,0,0,0,0,0,0,0,0,0.52,1.2875122,-0.29453448,-1.5733729,-2.3267617e-12,1.0236655e-11,0.78293612,-5.575869e-12,8.8974026e-12,-2.3563091,-4.7341478e-07,5.0665675e-11,-8.0780429e-11,-1.8368683e-08,4.8153209e-06,-5.5928505e-10,-7.1707212e-10,-3.3309774e-08,123.0966,2.5465077e-08,-4.0967982e-08,5.7526751,0,0
1074,1.073,0,0,0,0,-0,0,0,0,0,0,0,0,0,0,0,0,0,0,0.52,1.2875122,-0.29453448,-1.5733729,-2.3057901e-12,1.0144071e-11,0.78293611,-5.5254296e-12,8.8169826e-12,-2.3563091,-4.686286e-07,5.0213213e-11,-8.0059627e-11,-1.8179087e-08,4.7570464e-06,-3.4563973e-10,2.1586771e-09,4.1250242e-07,123.0966,2.5205417e-08,-4.0550993e-08,5.752675,0,0
1075,1.074,0,0,0,0,-0,0,0,0,0,0,0,0,0,0,0,0,0,0,0.52,1.2875122,-0.29453449,-1.5733729,-2.2850054e-12,1.0052314e-11,0.78293611,-5.4754406e-12,8.7372802e-12,-2.3563091,-4.638908e-07,4.9764717e-11,-7.9345141e-11,-1.7991441e-08,4.7185422e-06,-5.5135155e-10,-7.2970627e-10,-3.721074e-08,123.0966,2.4948447e-08,-4.0138301e-08,5.752675,0,0
1076,1.075,0,0,0,0,-0,0,0,0,0,0,0,0,0,0,0,0,0,0,0.52,1.2875122,-0.29453449,-1.5733729,-2.2644059e-12,9.9613763e-12,0.78293611,-5.4258982e-12,8.6582891e-12,-2.3563091,-4.5920091e-07,4.9320173e-11,-7.863694e-11,-1.7805734e-08,4.6612492e-06,-3.3773579e-10,2.14611e-09,4.0862509e-07,123.0966,2.4694043e-08,-3.9729758e-08,5.752675,0,0
1077,1.076,0,0,0,0,-0,0,0,0,0,0,0,0,0,0,0,0,0,0,0.52,1.2875122,-0.29453449,-1.5733729,-2.2439901e-12,9.8712504e-12,0.78293611,-5.3767983e-12,8.5800032e-12,-2.3563091,-4.5455843e-07,4.8879522e-11,-7.7934944e-11,-1.7621936e-08,4.6237129e-06,-5.4356591e-10,-7.4211835e-10,-4.1029227e-08,123.0966,2.4442305e-08,-3.932544e-08,5.7526749,0,0
1078,1.077,0,0,0,0,-0,0,0,0,0,0,0,0,0,0,0,0,0,0,0.52,1.2875122,-0.29453449,-1.5733729,-2.2237562e-12,9.7819293e-12,0.78293611,-5.3281372e-12,8.5024161e-12,-2.3563091,-4.4996288e-07,4.8442764e-11,-7.723913e-11,-1.744004e-08,4.5673822e-06,-3.2995184e-10,2.1337455e-09,4.0482008e-07,123.0966,2.4193042e-08,-3.8925156e-08,5.7526749,0,0
1079,1.078,0,0,0,0,-0,0,0,0,0,0,0,0,0,0,0,0,0,0,0.52,1.2875122,-0.29453449,-1.5733729,-2.2037028e-12,9.6934061e-12,0.78293611,-5.2799109e-12,8.4255219e-12,-2.3563091,-4.4541379e-07,4.8009836e-11,-7.6549425e-11,-1.7260022e-08,4.5307922e-06,-5.3590425e-10,-7.5433508e-10,-4.4783945e-08,123.0966,2.3946367e-08,-3.8528968e-08,5.7526749,0,0
1080,1.079,0,0,0,0,-0,0,0,0,0,0,0,0,0,0,0,0,0,0,0.52,1.2875122,-0.29453449,-1.5733729,-2.1838282e-12,9.6056736e-12,0.78293611,-5.2321156e-12,8.3493143e-12,-2.3563091,-4.409107e-07,4.7580715e-11,-7.5865777e-11,-1.7081859e-08,4.4753971e-06,-3.2233682e-10,2.1216314e-09,4.0111036e-07,123.0966,2.3702206e-08,-3.8136829e-08,5.7526748,0,0
1081,1.08,0,0,0,0,-0,0,0,0,0,0,0,0,0,0,0,0,0,0,0.52,1.2875122,-0.29453449,-1.5733729,-2.1641308e-12,9.518725e-12,0.78293611,-5.1847476e-12,8.2737873e-12,-2.3563091,-4.3645313e-07,4.715537e-11,-7.5188139e-11,-1.6905533e-08,4.4397379e-06,-5.283536e-10,-7.6635542e-10,-4.845829e-08,123.0966,2.346053e-08,-3.7748671e-08,5.7526748,0,0
1082,1.081,0,0,0,0,-0,0,0,0,0,0,0,0,0,0,0,0,0,0,0.52,1.2875122,-0.29453449,-1.5733729,-2.1446092e-12,9.4325533e-12,0.78293611,-5.137803e-12,8.198935e-12,-2.3563091,-4.3204063e-07,4.6733767e-11,-7.4516457e-11,-1.6731026e-08,4.3852647e-06,-3.1485285e-10,2.1097187e-09,3.9747287e-07,123.0966,2.3221318e-08,-3.7364465e-08,5.7526748,0,0
1083,1.082,0,0,0,0,-0,0,0,0,0,0,0,0,0,0,0,0,0,0,0.52,1.2875122,-0.29453449,-1.5733729,-2.1252617e-12,9.3471517e-12,0.78293611,-5.0912782e-12,8.1247514e-12,-2.3563091,-4.2767274e-07,4.6315873e-11,-7.385068e-11,-1.6558319e-08,4.3505185e-06,-5.209351e-10,-7.7816444e-10,-5.2059123e-08,123.0966,2.2984547e-08,-3.6984172e-08,5.7526748,0,0
1084,1.083,0,0,0,0,-0,0,0,0,0,0,0,0,0,0,0,0,0,0,0.52,1.2875122,-0.29453449,-1.5733729,-2.1060868e-12,9.2625134e-12,0.78293611,-5.0451694e-12,8.0512307e-12,-2.3563091,-4.2334901e-07,4.5901658e-11,-7.3190759e-11,-1.6387394e-08,4.2969455e-06,-3.0749483e-10,2.0980065e-09,3.9390893e-07,123.0966,2.2750183e-08,-3.6607741e-08,5.7526747,0,0
1085,1.084,0,0,0,0,-0,0,0,0,0,0,0,0,0,0,0,0,0,0,0.52,1.2875122,-0.29453449,-1.5733729,-2.0870831e-12,9.1786317e-12,0.78293611,-4.9994731e-12,7.978367e-12,-2.3563091,-4.1906899e-07,4.5491088e-11,-7.2536641e-11,-1.6218233e-08,4.2630945e-06,-5.1364527e-10,-7.8976963e-10,-5.558665e-08,123.0966,2.2518215e-08,-3.6235148e-08,5.7526747,0,0
1086,1.085,0,0,0,0,-0,0,0,0,0,0,0,0,0,0,0,0,0,0,0.52,1.2875122,-0.29453449,-1.5733729,-2.068249e-12,9.0955e-12,0.78293611,-4.9541854e-12,7.9061546e-12,-2.3563091,-4.1483224e-07,4.5084133e-11,-7.1888277e-11,-1.6050817e-08,4.2104038e-06,-3.002643e-10,2.0864971e-09,3.9041832e-07,123.0966,2.2288609e-08,-3.5866344e-08,5.7526747,0,0
1087,1.086,0,0,0,0,-0,0,0,0,0,0,0,0,0,0,0,0,0,0,0.52,1.2875122,-0.29453449,-1.5733729,-2.049583e-12,9.0131116e-12,0.78293611,-4.909303e-12,7.8345876e-12,-2.3563091,-4.1063832e-07,4.4680761e-11,-7.1245617e-11,-1.5885128e-08,4.1774281e-06,-5.0647964e-10,-8.0117724e-10,-5.9040756e-08,123.0966,2.2061346e-08,-3.5501296e-08,5.7526746,0,0
1088,1.087,0,0,0,0,-0,0,0,0,0,0,0,0,0,0,0,0,0,0,0.52,1.2875122,-0.29453449,-1.5733729,-2.0310836e-12,8.9314601e-12,0.78293611,-4.8648222e-12,7.7636605e-12,-2.3563091,-4.064868e-07,4.4280934e-11,-7.0608603e-11,-1.5721143e-08,4.1256036e-06,-2.9317428e-10,2.0752047e-09,3.8701091e-07,123.0966,2.1836438e-08,-3.5140009e-08,5.7526746,0,0
1089,1.088,0,0,0,0,-0,0,0,0,0,0,0,0,0,0,0,0,0,0,0.52,1.2875122,-0.29453449,-1.5733729,-2.0127494e-12,8.8505389e-12,0.78293611,-4.8207394e-12,7.6933676e-12,-2.3563091,-4.0237726e-07,4.3884643e-11,-6.9977211e-11,-1.5558854e-08,4.0934861e-06,-4.9940736e-10,-8.1241971e-10,-6.2432988e-08,123.0966,2.1613753e-08,-3.4782326e-08,5.7526746,0,0
1090,1.089,0,0,0,0,-0,0,0,0,0,0,0,0,0,0,0,0,0,0,0.52,1.2875122,-0.29453449,-1.5733729,-1.994579e-12,8.7703415e-12,0.78293611,-4.7770511e-12,7.6237033e-12,-2.3563091,-3.9830926e-07,4.3491838e-11,-6.9351374e-11,-1.5398242e-08,4.0425102e-06,-2.8620191e-10,2.0640923e-09,3.8365821e-07,123.0966,2.1393364e-08,-3.4428293e-08,5.7526745,0,0
1091,1.09,0,0,0,0,-0,0,0,0,0,0,0,0,0,0,0,0,0,0,0.52,1.2875122,-0.29453449,-1.5733729,-1.9765708e-12,8.6908617e-12,0.78293611,-4.733754e-12,7.5546621e-12,-2.3563091,-3.9428239e-07,4.3102488e-11,-6.8731038e-11,-1.5239282e-08,4.0112333e-06,-4.9249821e-10,-8.2341907e-10,-6.5739523e-08,123.09659,2.1175256e-08,-3.4077916e-08,5.7526745,0,0
1092,1.091,0,0,0,0,-0,0,0,0,0,0,0,0,0,0,0,0,0,0,0.52,1.2875122,-0.29453449,-1.5733729,-1.9587235e-12,8.6120931e-12,0.78293611,-4.6908444e-12,7.4862385e-12,-2.3563091,-3.9029623e-07,4.2716584e-11,-6.811618e-11,-1.5081968e-08,3.9610865e-06,-2.7930962e-10,2.0531338e-09,3.8036714e-07,123.09659,2.0959299e-08,-3.3731023e-08,5.7526745,0,0
1093,1.092,0,0,0,0,-0,0,0,0,0,0,0,0,0,0,0,0,0,0,0.52,1.2875122,-0.29453449,-1.5733729,-1.9410357e-12,8.5340295e-12,0.78293611,-4.6483191e-12,7.418427e-12,-2.3563091,-3.8635037e-07,4.2334063e-11,-6.750672e-11,-1.4926271e-08,3.9306326e-06,-4.8573334e-10,-8.3421258e-10,-6.897131e-08,123.09659,2.074564e-08,-3.3387753e-08,5.7526745,0,0
1094,1.093,0,0,0,0,-0,0,0,0,0,0,0,0,0,0,0,0,0,0,0.52,1.2875122,-0.29453449,-1.5733729,-1.9235058e-12,8.4566645e-12,0.78293611,-4.6061746e-12,7.3512224e-12,-2.3563091,-3.824444e-07,4.195493e-11,-6.6902641e-11,-1.4772182e-08,3.8813017e-06,-2.725318e-10,2.04237e-09,3.7714879e-07,123.09659,2.0534078e-08,-3.3047913e-08,5.7526744,0,0
1095,1.094,0,0,0,0,-0,0,0,0,0,0,0,0,0,0,0,0,0,0,0.52,1.2875122,-0.29453449,-1.5733729,-1.9061327e-12,8.3799922e-12,0.78293611,-4.5644076e-12,7.2846191e-12,-2.3563091,-3.7857792e-07,4.1579133e-11,-6.6303881e-11,-1.4619682e-08,3.8516552e-06,-4.7906281e-10,-8.448503e-10,-7.2150015e-08,123.09659,2.0324713e-08,-3.2711549e-08,5.7526744,0,0
1096,1.095,0,0,0,0,-0,0,0,0,0,0,0,0,0,0,0,0,0,0,0.52,1.2875122,-0.29453449,-1.5733729,-1.8889148e-12,8.3040062e-12,0.78293611,-4.5230147e-12,7.218612e-12,-2.3563091,-3.7475054e-07,4.1206656e-11,-6.5710401e-11,-1.4468759e-08,3.8031237e-06,-2.6589058e-10,2.03181e-09,3.7399616e-07,123.09659,2.0117452e-08,-3.2378591e-08,5.7526744,0,0
1097,1.096,0,0,0,0,-0,0,0,0,0,0,0,0,0,0,0,0,0,0,0.52,1.2875122,-0.29453449,-1.5733729,-1.8718509e-12,8.2287007e-12,0.78293611,-4.4819926e-12,7.1531957e-12,-2.3563091,-3.7096184e-07,4.0837454e-11,-6.5122143e-11,-1.4319389e-08,3.7742654e-06,-4.7251323e-10,-8.552923e-10,-7.5254547e-08,123.09659,1.9912359e-08,-3.2049072e-08,5.7526743,0,0
1098,1.097,0,0,0,0,-0,0,0,0,0,0,0,0,0,0,0,0,0,0,0.52,1.2875122,-0.29453449,-1.5733729,-1.8549394e-12,8.1540696e-12,0.7829361,-4.4413381e-12,7.0883651e-12,-2.3563091,-3.6721145e-07,4.0471523e-11,-6.4539081e-11,-1.4171563e-08,3.7265173e-06,-2.5934928e-10,2.0214148e-09,3.7090641e-07,123.09659,1.9709291e-08,-3.1722847e-08,5.7526743,0,0
1099,1.098,0,0,0,0,-0,0,0,0,0,0,0,0,0,0,0,0,0,0,0.52,1.2875122,-0.29453449,-1.5733729,-1.8381792e-12,8.080107e-12,0.7829361,-4.401048e-12,7.024115e-12,-2.3563091,-3.6349897e-07,4.0108813e-11,-6.3961156e-11,-1.4025262e-08,3.6984345e-06,-4.6607111e-10,-8.6556369e-10,-7.830495e-08,123.09659,1.9508333e-08,-3.1399969e-08,5.7526743,0,0
1100,1.099,0,0,0,0,-0,0,0,0,0,0,0,0,0,0,0,0,0,0,0.52,1.2875122,-0.29453449,-1.5733729,-1.8215689e-12,8.0068069e-12,0.7829361,-4.3611189e-12,6.9604402e-12,-2.3563091,-3.5982403e-07,3.9749304e-11,-6.3388324e-11,-1.3880468e-08,3.6514502e-06,-2.5294645e-10,2.0112271e-09,3.6789239e-07,123.09659,1.9309424e-08,-3.1080391e-08,5.7526743,0,0
1101,1.1,0,0,0,0,-0,0,0,0,0,0,0,0,0,0,0,0,0,0,0.52,1.2875122,-0.29453449,-1.5733729,-1.8051072e-12,7.9341636e-12,0.7829361,-4.3215478e-12,6.8973358e-12,-2.3563091,-3.5618624e-07,3.9392971e-11,-6.2820547e-11,-1.3737168e-08,3.6241289e-06,-4.5972097e-10,-8.7567302e-10,-8.1292829e-08,123.09659,1.9112536e-08,-3.0764054e-08,5.7526742,0,0
1102,1.101,0,0,0,0,-0,0,0,0,0,0,0,0,0,0,0,0,0,0,0.52,1.2875122,-0.29453449,-1.5733729,-1.7887927e-12,7.8621712e-12,0.7829361,-4.2823314e-12,6.8347966e-12,-2.3563091,-3.5258523e-07,3.9039785e-11,-6.2257782e-11,-1.3595349e-08,3.5778946e-06,-2.4664912e-10,2.0012026e-09,3.6493253e-07,123.09659,1.8917642e-08,-3.045092e-08,5.7526742,0,0
1103,1.102,0,0,0,0,-0,0,0,0,0,0,0,0,0,0,0,0,0,0,0.52,1.2875122,-0.29453449,-1.5733729,-1.7726241e-12,7.7908239e-12,0.7829361,-4.2434666e-12,6.7728177e-12,-2.3563091,-3.4902063e-07,3.8689715e-11,-6.1699979e-11,-1.345499e-08,3.5513146e-06,-4.5349095e-10,-8.8559661e-10,-8.4215016e-08,123.09659,1.8724755e-08,-3.0140991e-08,5.7526742,0,0
1104,1.103,0,0,0,0,-0,0,0,0,0,0,0,0,0,0,0,0,0,0,0.52,1.2875122,-0.29453449,-1.5733729,-1.7566002e-12,7.7201162e-12,0.7829361,-4.2049504e-12,6.7113942e-12,-2.3563091,-3.4549206e-07,3.834274e-11,-6.1147101e-11,-1.3316079e-08,3.5058175e-06,-2.4045961e-10,1.9913536e-09,3.6203639e-07,123.09659,1.853382e-08,-2.9834206e-08,5.7526742,0,0
1105,1.104,0,0,0,0,-0,0,0,0,0,0,0,0,0,0,0,0,0,0,0.52,1.2875122,-0.29453449,-1.5733729,-1.7407198e-12,7.6500423e-12,0.7829361,-4.1667796e-12,6.6505211e-12,-2.3563091,-3.4199917e-07,3.799883e-11,-6.0599103e-11,-1.3178603e-08,3.4799672e-06,-4.4736019e-10,-8.9535907e-10,-8.7083385e-08,123.09659,1.834483e-08,-2.9530537e-08,5.7526741,0,0
1106,1.105,0,0,0,0,-0,0,0,0,0,0,0,0,0,0,0,0,0,0,0.52,1.2875122,-0.29453449,-1.573373,-1.7249814e-12,7.5805966e-12,0.7829361,-4.1289512e-12,6.5901936e-12,-2.3563091,-3.3854159e-07,3.765796e-11,-6.0055945e-11,-1.3042546e-08,3.4351926e-06,-2.343809e-10,1.9816771e-09,3.5919563e-07,123.09659,1.8157763e-08,-2.9229956e-08,5.7526741,0,0
1107,1.106,0,0,0,0,-0,0,0,0,0,0,0,0,0,0,0,0,0,0,0.52,1.2875122,-0.29453449,-1.573373,-1.7093839e-12,7.5117736e-12,0.7829361,-4.0914622e-12,6.5304068e-12,-2.3563091,-3.3511896e-07,3.7320095e-11,-5.9517574e-11,-1.2907892e-08,3.4100567e-06,-4.4134785e-10,-9.0493701e-10,-8.988655e-08,123.09659,1.7972634e-08,-2.8932468e-08,5.7526741,0,0
1108,1.107,0,0,0,0,-0,0,0,0,0,0,0,0,0,0,0,0,0,0,0.52,1.2875122,-0.29453449,-1.573373,-1.6939261e-12,7.4435678e-12,0.7829361,-4.0543095e-12,6.471156e-12,-2.3563091,-3.3173094e-07,3.6985221e-11,-5.8983961e-11,-1.2774626e-08,3.3659875e-06,-2.2840169e-10,1.9721631e-09,3.5641881e-07,123.09659,1.7789374e-08,-2.8637995e-08,5.7526741,0,0
1109,1.108,0,0,0,0,-0,0,0,0,0,0,0,0,0,0,0,0,0,0,0.52,1.2875122,-0.29453449,-1.573373,-1.6786066e-12,7.3759738e-12,0.7829361,-4.0174903e-12,6.4124365e-12,-2.3563091,-3.2837717e-07,3.6653306e-11,-5.8455063e-11,-1.2642734e-08,3.3415507e-06,-4.3542672e-10,-9.1436671e-10,-9.2635755e-08,123.09659,1.7607982e-08,-2.8346511e-08,5.752674,0,0
1110,1.109,0,0,0,0,-0,0,0,0,0,0,0,0,0,0,0,0,0,0,0.52,1.2875122,-0.29453449,-1.573373,-1.6634244e-12,7.3089861e-12,0.7829361,-3.9810015e-12,6.3542436e-12,-2.3563091,-3.2505731e-07,3.6324336e-11,-5.7930848e-11,-1.2512209e-08,3.2981715e-06,-2.2251456e-10,1.9627972e-09,3.5368726e-07,123.09659,1.7428394e-08,-2.8057939e-08,5.752674,0,0
1111,1.11,0,0,0,0,-0,0,0,0,0,0,0,0,0,0,0,0,0,0,0.52,1.2875122,-0.29453449,-1.573373,-1.6483781e-12,7.2425994e-12,0.7829361,-3.9448402e-12,6.2965725e-12,-2.3563091,-3.2177101e-07,3.5998255e-11,-5.7411244e-11,-1.2383024e-08,3.2744268e-06,-4.2964593e-10,-9.2358898e-10,-9.5318924e-08,123.09659,1.7250731e-08,-2.7772407e-08,5.752674,0,0
1112,1.111,0,0,0,0,-0,0,0,0,0,0,0,0,0,0,0,0,0,0,0.52,1.2875122,-0.29453449,-1.573373,-1.6334666e-12,7.1768083e-12,0.7829361,-3.9090035e-12,6.2394188e-12,-2.3563091,-3.1851793e-07,3.5675071e-11,-5.689624e-11,-1.2255174e-08,3.2317252e-06,-2.1672278e-10,1.9535958e-09,3.5101919e-07,123.09659,1.707482e-08,-2.7489737e-08,5.752674,0,0
1113,1.112,0,0,0,0,-0,0,0,0,0,0,0,0,0,0,0,0,0,0,0.52,1.2875122,-0.29453449,-1.573373,-1.6186886e-12,7.1116077e-12,0.7829361,-3.8734886e-12,6.1827778e-12,-2.3563091,-3.1529775e-07,3.5354744e-11,-5.6385792e-11,-1.2128643e-08,3.2086491e-06,-4.2393202e-10,-9.3269805e-10,-9.7957622e-08,123.09659,1.6900711e-08,-2.7209931e-08,5.7526739,0,0
1114,1.113,0,0,0,0,-0,0,0,0,0,0,0,0,0,0,0,0,0,0,0.52,1.2875122,-0.29453449,-1.573373,-1.6040431e-12,7.0469922e-12,0.7829361,-3.8382926e-12,6.126645e-12,-2.3563091,-3.1211012e-07,3.5037251e-11,-5.5879853e-11,-1.2003419e-08,3.1666147e-06,-2.1105425e-10,1.9445748e-09,3.4840735e-07,123.09659,1.6728377e-08,-2.6932981e-08,5.7526739,0,0
1115,1.114,0,0,0,0,-0,0,0,0,0,0,0,0,0,0,0,0,0,0,0.52,1.2875122,-0.29453449,-1.573373,-1.5895288e-12,6.9829567e-12,0.7829361,-3.8034127e-12,6.0710158e-12,-2.3563091,-3.0895471e-07,3.4722566e-11,-5.5378388e-11,-1.1879486e-08,3.1441967e-06,-4.183148e-10,-9.4164389e-10,-1.0054173e-07,123.09659,1.6557804e-08,-2.6658853e-08,5.7526739,0,0
1116,1.115,0,0,0,0,-0,0,0,0,0,0,0,0,0,0,0,0,0,0,0.52,1.2875122,-0.29453449,-1.573373,-1.5751446e-12,6.9194961e-12,0.7829361,-3.7688461e-12,6.015886e-12,-2.3563091,-3.0583121e-07,3.4410668e-11,-5.4881358e-11,-1.1756831e-08,3.1028115e-06,-2.0548218e-10,1.9357037e-09,3.4585082e-07,123.09659,1.6388966e-08,-2.6387509e-08,5.7526739,0,0
1117,1.116,0,0,0,0,-0,0,0,0,0,0,0,0,0,0,0,0,0,0,0.52,1.2875122,-0.29453449,-1.573373,-1.5608893e-12,6.8566053e-12,0.7829361,-3.73459e-12,5.9612509e-12,-2.3563091,-3.0273928e-07,3.410153e-11,-5.4388724e-11,-1.1635441e-08,3.0810378e-06,-4.1279386e-10,-9.5043559e-10,-1.030709e-07,123.09659,1.6221851e-08,-2.6118927e-08,5.7526739,0,0
1118,1.117,0,0,0,0,-0,0,0,0,0,0,0,0,0,0,0,0,0,0,0.52,1.2875122,-0.29453449,-1.573373,-1.5467618e-12,6.7942792e-12,0.7829361,-3.7006416e-12,5.9071063e-12,-2.3563091,-2.9967862e-07,3.3795133e-11,-5.3900453e-11,-1.1515307e-08,3.0402936e-06,-1.9999872e-10,1.9269779e-09,3.4333888e-07,123.09659,1.6056416e-08,-2.5853053e-08,5.7526738,0,0
1119,1.118,0,0,0,0,-0,0,0,0,0,0,0,0,0,0,0,0,0,0,0.52,1.2875122,-0.29453449,-1.573373,-1.5327609e-12,6.7325129e-12,0.7829361,-3.6669984e-12,5.8534479e-12,-2.3563091,-2.9664889e-07,3.3491441e-11,-5.3416493e-11,-1.139641e-08,3.0191503e-06,-4.0738525e-10,-9.5905819e-10,-1.0554373e-07,123.09659,1.5892711e-08,-2.5589929e-08,5.7526738,0,0
1120,1.119,0,0,0,0,-0,0,0,0,0,0,0,0,0,0,0,0,0,0,0.52,1.2875122,-0.29453449,-1.573373,-1.5188856e-12,6.6713014e-12,0.7829361,-3.6336574e-12,5.8002712e-12,-2.3563091,-2.936498e-07,3.3190446e-11,-5.2936821e-11,-1.1278741e-08,2.9790336e-06,-1.9460524e-10,1.918402e-09,3.4088174e-07,123.09659,1.573064e-08,-2.5329456e-08,5.7526738,0,0
1121,1.12,0,0,0,0,-0,0,0,0,0,0,0,0,0,0,0,0,0,0,0.52,1.2875122,-0.29453449,-1.573373,-1.5051348e-12,6.6106397e-12,0.7829361,-3.6006161e-12,5.7475721e-12,-2.3563091,-2.9068103e-07,3.2892112e-11,-5.2461391e-11,-1.1162286e-08,2.9585115e-06,-4.020628e-10,-9.6754198e-10,-1.0797194e-07,123.09659,1.5570247e-08,-2.507165e-08,5.7526738,0,0
1122,1.121,0,0,0,0,-0,0,0,0,0,0,0,0,0,0,0,0,0,0,0.52,1.2875122,-0.29453449,-1.573373,-1.4915072e-12,6.5505231e-12,0.7829361,-3.5678719e-12,5.6953463e-12,-2.3563091,-2.8774227e-07,3.2596421e-11,-5.1990167e-11,-1.1047031e-08,2.9190078e-06,-1.8932011e-10,1.90999e-09,3.3848091e-07,123.09659,1.5411491e-08,-2.4816481e-08,5.7526737,0,0
1123,1.122,0,0,0,0,-0,0,0,0,0,0,0,0,0,0,0,0,0,0,0.52,1.2875122,-0.29453449,-1.573373,-1.4780019e-12,6.4909466e-12,0.7829361,-3.535422e-12,5.6435897e-12,-2.3563091,-2.8483322e-07,3.2303349e-11,-5.1523116e-11,-1.0932963e-08,2.8990881e-06,-3.9682214e-10,-9.7588861e-10,-1.1034512e-07,123.09659,1.5254352e-08,-2.4563903e-08,5.7526737,0,0
1124,1.123,0,0,0,0,-0,0,0,0,0,0,0,0,0,0,0,0,0,0,0.52,1.2875122,-0.29453449,-1.573373,-1.4646178e-12,6.4319056e-12,0.7829361,-3.5032639e-12,5.592298e-12,-2.3563091,-2.8195358e-07,3.2012887e-11,-5.1060215e-11,-1.0820079e-08,2.8601856e-06,-1.8410184e-10,1.9016914e-09,3.3611478e-07,123.09659,1.5098756e-08,-2.4313826e-08,5.7526737,0,0
1125,1.124,0,0,0,0,-0,0,0,0,0,0,0,0,0,0,0,0,0,0,0.52,1.2875122,-0.29453449,-1.573373,-1.4513537e-12,6.3733952e-12,0.7829361,-3.4713949e-12,5.5414672e-12,-2.3563091,-2.7910306e-07,3.172498e-11,-5.0601392e-11,-1.0708352e-08,2.8408629e-06,-3.91714e-10,-9.8404524e-10,-1.126612e-07,123.09659,1.4944849e-08,-2.4066401e-08,5.7526737,0,0
1126,1.125,0,0,0,0,-0,0,0,0,0,0,0,0,0,0,0,0,0,0,0.52,1.2875122,-0.29453449,-1.573373,-1.4382087e-12,6.3154108e-12,0.7829361,-3.4398126e-12,5.4910932e-12,-2.3563091,-2.7628136e-07,3.1439648e-11,-5.0146655e-11,-1.0597786e-08,2.8025484e-06,-1.7894965e-10,1.8935192e-09,3.3379315e-07,123.09659,1.4792392e-08,-2.3821385e-08,5.7526737,0,0
1127,1.126,0,0,0,0,-0,0,0,0,0,0,0,0,0,0,0,0,0,0,0.52,1.2875122,-0.29453449,-1.573373,-1.4251816e-12,6.2579477e-12,0.7829361,-3.4085144e-12,5.4411719e-12,-2.3563091,-2.7348818e-07,3.1156823e-11,-4.9695927e-11,-1.0488355e-08,2.7838081e-06,-3.8670037e-10,-9.9206372e-10,-1.1493101e-07,123.09659,1.4641606e-08,-2.3578959e-08,5.7526736,0,0
1128,1.127,0,0,0,0,-0,0,0,0,0,0,0,0,0,0,0,0,0,0,0.52,1.2875122,-0.2945345,-1.573373,-1.4122715e-12,6.2010012e-12,0.7829361,-3.3774977e-12,5.3916993e-12,-2.3563091,-2.7072324e-07,3.0876524e-11,-4.9249207e-11,-1.0380057e-08,2.7460694e-06,-1.7389689e-10,1.8855046e-09,3.315274e-07,123.09659,1.4492265e-08,-2.3338933e-08,5.7526736,0,0
1129,1.128,0,0,0,0,-0,0,0,0,0,0,0,0,0,0,0,0,0,0,0.52,1.2875122,-0.2945345,-1.573373,-1.3994773e-12,6.1445669e-12,0.7829361,-3.3467601e-12,5.3426715e-12,-2.3563091,-2.6798625e-07,3.0598695e-11,-4.8806433e-11,-1.0272871e-08,2.7279013e-06,-3.8176044e-10,-9.9995691e-10,-1.1715636e-07,123.09658,1.4344528e-08,-2.3101411e-08,5.7526736,0,0
1130,1.129,0,0,0,0,-0,0,0,0,0,0,0,0,0,0,0,0,0,0,0.52,1.2875122,-0.2945345,-1.573373,-1.3867979e-12,6.0886401e-12,0.78293609,-3.3162991e-12,5.2940845e-12,-2.3563091,-2.6527694e-07,3.0323346e-11,-4.8367594e-11,-1.0166795e-08,2.6907295e-06,-1.6893908e-10,1.8776343e-09,3.2930758e-07,123.09658,1.4198226e-08,-2.2866254e-08,5.7526736,0,0
1131,1.13,0,0,0,0,-0,0,0,0,0,0,0,0,0,0,0,0,0,0,0.52,1.2875122,-0.2945345,-1.573373,-1.3742324e-12,6.0332164e-12,0.78293609,-3.2861122e-12,5.2459344e-12,-2.3563091,-2.6259501e-07,3.0050432e-11,-4.7932643e-11,-1.0061815e-08,2.673119e-06,-3.768886e-10,-1.0077322e-09,-1.1934573e-07,123.09658,1.405345e-08,-2.2633503e-08,5.7526736,0,0
1132,1.131,0,0,0,0,-0,0,0,0,0,0,0,0,0,0,0,0,0,0,0.52,1.2875122,-0.2945345,-1.573373,-1.3617798e-12,5.9782912e-12,0.78293609,-3.256197e-12,5.1982173e-12,-2.3563091,-2.599402e-07,2.9779943e-11,-4.7501548e-11,-9.95792e-09,2.6365056e-06,-1.6408852e-10,1.8699213e-09,3.2713475e-07,123.09658,1.3910134e-08,-2.2403121e-08,5.7526735,0,0
1133,1.132,0,0,0,0,-0,0,0,0,0,0,0,0,0,0,0,0,0,0,0.52,1.2875122,-0.2945345,-1.573373,-1.349439e-12,5.9238603e-12,0.78293609,-3.2265511e-12,5.1509294e-12,-2.3563091,-2.5731223e-07,2.9511838e-11,-4.7074259e-11,-9.8550872e-09,2.6194388e-06,-3.7212143e-10,-1.0153432e-09,-1.2146919e-07,123.09658,1.3768364e-08,-2.2175171e-08,5.7526735,0,0
1134,1.133,0,0,0,0,-0,0,0,0,0,0,0,0,0,0,0,0,0,0,0.52,1.2875122,-0.2945345,-1.573373,-1.337209e-12,5.8699191e-12,0.78293609,-3.1971721e-12,5.1040668e-12,-2.3563091,-2.5471082e-07,2.9246141e-11,-4.6650788e-11,-9.7533242e-09,2.5833695e-06,-1.5927254e-10,1.8622865e-09,3.2499517e-07,123.09658,1.36279e-08,-2.1949403e-08,5.7526735,0,0
1135,1.134,0,0,0,0,-0,0,0,0,0,0,0,0,0,0,0,0,0,0,0.52,1.2875122,-0.2945345,-1.573373,-1.3250889e-12,5.8164634e-12,0.78293609,-3.1680577e-12,5.0576259e-12,-2.3563091,-2.5213572e-07,2.8982785e-11,-4.623106e-11,-9.6526093e-09,2.5668379e-06,-3.6743994e-10,-1.0228316e-09,-1.2356538e-07,123.09658,1.3488958e-08,-2.1725994e-08,5.7526735,0,0
1136,1.135,0,0,0,0,-0,0,0,0,0,0,0,0,0,0,0,0,0,0,0.52,1.2875122,-0.2945345,-1.573373,-1.3130777e-12,5.7634888e-12,0.78293609,-3.1392054e-12,5.0116029e-12,-2.3563091,-2.4958665e-07,2.8721775e-11,-4.5815058e-11,-9.5529351e-09,2.531302e-06,-1.5458023e-10,1.8548354e-09,3.2291383e-07,123.09658,1.3351394e-08,-2.1504851e-08,5.7526735,0,0
1137,1.136,0,0,0,0,-0,0,0,0,0,0,0,0,0,0,0,0,0,0,0.52,1.2875122,-0.2945345,-1.573373,-1.3011745e-12,5.7109911e-12,0.78293609,-3.110613e-12,4.965994e-12,-2.3563091,-2.4706335e-07,2.8463077e-11,-4.5402745e-11,-9.4542869e-09,2.5152939e-06,-3.6281585e-10,-1.0302092e-09,-1.2561745e-07,123.09658,1.3215263e-08,-2.1285971e-08,5.7526735,0,0
1138,1.137,0,0,0,0,-0,0,0,0,0,0,0,0,0,0,0,0,0,0,0.52,1.2875122,-0.2945345,-1.573373,-1.2893782e-12,5.658966e-12,0.78293609,-3.0822781e-12,4.9207955e-12,-2.3563091,-2.4456557e-07,2.820668e-11,-4.4994093e-11,-9.3566564e-09,2.4802807e-06,-1.4997699e-10,1.847514e-09,3.2087847e-07,123.09658,1.3080501e-08,-2.1069312e-08,5.7526734,0,0
1139,1.138,0,0,0,0,-0,0,0,0,0,0,0,0,0,0,0,0,0,0,0.52,1.2875122,-0.2945345,-1.573373,-1.277688e-12,5.6074093e-12,0.78293609,-3.0541984e-12,4.876004e-12,-2.3563091,-2.4209303e-07,2.7952569e-11,-4.4589078e-11,-9.2600392e-09,2.4647886e-06,-3.5824583e-10,-1.0374844e-09,-1.2764407e-07,123.09658,1.2947077e-08,-2.0854807e-08,5.7526734,0,0
1140,1.139,0,0,0,0,-0,0,0,0,0,0,0,0,0,0,0,0,0,0,0.52,1.2875122,-0.2945345,-1.573373,-1.2661028e-12,5.5563169e-12,0.78293609,-3.0263718e-12,4.8316156e-12,-2.3563091,-2.3964549e-07,2.7700695e-11,-4.4187636e-11,-9.1644104e-09,2.4302867e-06,-1.4550304e-10,1.8403691e-09,3.1890166e-07,123.09658,1.2815118e-08,-2.0642601e-08,5.7526734,0,0
1141,1.14,0,0,0,0,-0,0,0,0,0,0,0,0,0,0,0,0,0,0,0.52,1.2875122,-0.2945345,-1.573373,-1.2546218e-12,5.5056847e-12,0.78293609,-2.9987959e-12,4.7876269e-12,-2.3563091,-2.372227e-07,2.7451081e-11,-4.3789779e-11,-9.0697729e-09,2.4152976e-06,-3.537246e-10,-1.0446551e-09,-1.2962659e-07,123.09658,1.2684392e-08,-2.0432451e-08,5.7526734,0,0
1142,1.141,0,0,0,0,-0,0,0,0,0,0,0,0,0,0,0,0,0,0,0.52,1.2875122,-0.2945345,-1.573373,-1.2432441e-12,5.4555085e-12,0.78293609,-2.9714686e-12,4.7440343e-12,-2.3563091,-2.348244e-07,2.7203673e-11,-4.3395447e-11,-8.9761109e-09,2.3812979e-06,-1.4109084e-10,1.8333182e-09,3.1695058e-07,123.09658,1.2555062e-08,-2.0224478e-08,5.7526734,0,0
1143,1.142,0,0,0,0,-0,0,0,0,0,0,0,0,0,0,0,0,0,0,0.52,1.2875122,-0.2945345,-1.573373,-1.2319686e-12,5.4057843e-12,0.78293609,-2.9443875e-12,4.7008342e-12,-2.3563091,-2.3245035e-07,2.6958468e-11,-4.3004617e-11,-8.8834161e-09,2.3668068e-06,-3.4931852e-10,-1.0516577e-09,-1.3156108e-07,123.09658,1.2427032e-08,-2.0018627e-08,5.7526734,0,0
1144,1.143,0,0,0,0,-0,0,0,0,0,0,0,0,0,0,0,0,0,0,0.52,1.2875122,-0.2945345,-1.573373,-1.2207946e-12,5.3565082e-12,0.78293609,-2.9175505e-12,4.6580233e-12,-2.3563091,-2.301003e-07,2.6715444e-11,-4.2617261e-11,-8.7916792e-09,2.3332964e-06,-1.3673114e-10,1.8263697e-09,3.1503502e-07,123.09658,1.2300308e-08,-1.981486e-08,5.7526733,0,0
1145,1.144,0,0,0,0,-0,0,0,0,0,0,0,0,0,0,0,0,0,0,0.52,1.2875122,-0.2945345,-1.573373,-1.2097211e-12,5.307676e-12,0.78293609,-2.8909555e-12,4.615598e-12,-2.3563091,-2.2777401e-07,2.6474575e-11,-4.223334e-11,-8.7008858e-09,2.3192897e-06,-3.4500609e-10,-1.0585283e-09,-1.3344835e-07,123.09658,1.2174901e-08,-1.9613198e-08,5.7526733,0,0
1146,1.145,0,0,0,0,-0,0,0,0,0,0,0,0,0,0,0,0,0,0,0.52,1.2875122,-0.2945345,-1.573373,-1.1987472e-12,5.259284e-12,0.78293609,-2.8646003e-12,4.5735549e-12,-2.3563091,-2.2547123e-07,2.6235858e-11,-4.1852841e-11,-8.6110327e-09,2.2862597e-06,-1.3242851e-10,1.8195272e-09,3.1315472e-07,123.09658,1.2050727e-08,-1.9413541e-08,5.7526733,0,0
1147,1.146,0,0,0,0,-0,0,0,0,0,0,0,0,0,0,0,0,0,0,0.52,1.2875122,-0.2945345,-1.573373,-1.187872e-12,5.2113281e-12,0.78293609,-2.8384827e-12,4.5318906e-12,-2.3563091,-2.2319174e-07,2.5999263e-11,-4.1475725e-11,-8.5221096e-09,2.2727264e-06,-3.4076052e-10,-1.0652963e-09,-1.3530864e-07,123.09658,1.1927821e-08,-1.9215904e-08,5.7526733,0,0
1148,1.147,0,0,0,0,-0,0,0,0,0,0,0,0,0,0,0,0,0,0,0.52,1.2875122,-0.2945345,-1.573373,-1.1770948e-12,5.1638044e-12,0.78293609,-2.8126007e-12,4.4906018e-12,-2.3563091,-2.2093529e-07,2.5764761e-11,-4.1101946e-11,-8.4340976e-09,2.2401678e-06,-1.2824436e-10,1.8128549e-09,3.1133256e-07,123.09658,1.1806233e-08,-1.9020359e-08,5.7526733,0,0
1149,1.148,0,0,0,0,-0,0,0,0,0,0,0,0,0,0,0,0,0,0,0.52,1.2875122,-0.2945345,-1.573373,-1.1664144e-12,5.1167092e-12,0.78293609,-2.7869522e-12,4.4496851e-12,-2.3563091,-2.1870166e-07,2.5532355e-11,-4.0731499e-11,-8.346994e-09,2.227101e-06,-3.3656694e-10,-1.0719602e-09,-1.3712517e-07,123.09658,1.1685833e-08,-1.882676e-08,5.7526733,0,0
1150,1.149,0,0,0,0,-0,0,0,0,0,0,0,0,0,0,0,0,0,0,0.52,1.2875122,-0.2945345,-1.573373,-1.1558303e-12,5.0700386e-12,0.78293609,-2.761535e-12,4.4091372e-12,-2.3563091,-2.164906e-07,2.5302021e-11,-4.0364352e-11,-8.2607935e-09,2.1950053e-06,-1.2410167e-10,1.8062534e-09,3.0952604e-07,123.09658,1.1566645e-08,-1.8635096e-08,5.7526732,0,0
1151,1.15,0,0,0,0,-0,0,0,0,0,0,0,0,0,0,0,0,0,0,0.52,1.2875122,-0.2945345,-1.573373,-1.1453414e-12,5.0237889e-12,0.78293609,-2.7363471e-12,4.3689547e-12,-2.3563091,-2.143019e-07,2.507373e-11,-4.0000464e-11,-8.1754815e-09,2.1823932e-06,-3.3247938e-10,-1.078476e-09,-1.3890204e-07,123.09658,1.1448704e-08,-1.844542e-08,5.7526732,0,0
1152,1.151,0,0,0,0,-0,0,0,0,0,0,0,0,0,0,0,0,0,0,0.52,1.2875122,-0.2945345,-1.573373,-1.1349469e-12,4.9779563e-12,0.78293609,-2.7113865e-12,4.3291346e-12,-2.3563091,-2.1213533e-07,2.4847474e-11,-3.9639812e-11,-8.0910496e-09,2.1507494e-06,-1.2003323e-10,1.7997788e-09,3.0776593e-07,123.09658,1.1331955e-08,-1.825767e-08,5.7526732,0,0
1153,1.152,0,0,0,0,-0,0,0,0,0,0,0,0,0,0,0,0,0,0,0.52,1.2875122,-0.2945345,-1.573373,-1.124646e-12,4.932537e-12,0.78293609,-2.6866512e-12,4.2896735e-12,-2.3563091,-2.0999066e-07,2.4623229e-11,-3.9282366e-11,-8.0074885e-09,2.1385883e-06,-3.2845594e-10,-1.0848871e-09,-1.4064382e-07,123.09658,1.1216411e-08,-1.8071845e-08,5.7526732,0,0
1154,1.153,0,0,0,0,-0,0,0,0,0,0,0,0,0,0,0,0,0,0,0.52,1.2875122,-0.2945345,-1.573373,-1.1144379e-12,4.8875275e-12,0.78293609,-2.662139e-12,4.2505683e-12,-2.3563091,-2.0786768e-07,2.4400983e-11,-3.8928102e-11,-7.924789e-09,2.1073851e-06,-1.1603704e-10,1.7934162e-09,3.0604284e-07,123.09658,1.1102038e-08,-1.7887906e-08,5.7526732,0,0
1155,1.154,0,0,0,0,-0,0,0,0,0,0,0,0,0,0,0,0,0,0,0.52,1.2875122,-0.2945345,-1.573373,-1.1043217e-12,4.8429241e-12,0.78293609,-2.6378482e-12,4.2118157e-12,-2.3563091,-2.0576615e-07,2.4180722e-11,-3.8576997e-11,-7.842947e-09,2.0956631e-06,-3.2448519e-10,-1.0912069e-09,-1.4235888e-07,123.09658,1.0988801e-08,-1.7705801e-08,5.7526732,0,0
1156,1.155,0,0,0,0,-0,0,0,0,0,0,0,0,0,0,0,0,0,0,0.52,1.2875122,-0.2945345,-1.573373,-1.0942967e-12,4.798723e-12,0.78293609,-2.6137766e-12,4.1734127e-12,-2.3563091,-2.0368587e-07,2.3962413e-11,-3.8229008e-11,-7.7619477e-09,2.0648943e-06,-1.121318e-10,1.7871857e-09,3.0435755e-07,123.09658,1.0876765e-08,-1.7525598e-08,5.7526731,0,0
1157,1.156,0,0,0,0,-0,0,0,0,0,0,0,0,0,0,0,0,0,0,0.52,1.2875122,-0.2945345,-1.573373,-1.0843619e-12,4.7549209e-12,0.78293609,-2.5899224e-12,4.1353562e-12,-2.3563091,-2.0162663e-07,2.3746053e-11,-3.7884118e-11,-7.6817825e-09,2.0535981e-06,-3.2058774e-10,-1.0974067e-09,-1.4402714e-07,123.09658,1.0765852e-08,-1.7347218e-08,5.7526731,0,0
1158,1.157,0,0,0,0,-0,0,0,0,0,0,0,0,0,0,0,0,0,0,0.52,1.2875122,-0.2945345,-1.573373,-1.0745167e-12,4.7115141e-12,0.78293609,-2.5662836e-12,4.097643e-12,-2.3563091,-1.995882e-07,2.3531626e-11,-3.7542306e-11,-7.6024473e-09,2.0232563e-06,-1.0826744e-10,1.7810318e-09,3.0269739e-07,123.09658,1.0656048e-08,-1.717062e-08,5.7526731,0,0
1159,1.158,0,0,0,0,-0,0,0,0,0,0,0,0,0,0,0,0,0,0,0.52,1.2875122,-0.2945345,-1.573373,-1.0647601e-12,4.6684991e-12,0.78293609,-2.5428582e-12,4.06027e-12,-2.3563091,-1.9757038e-07,2.33191e-11,-3.7203527e-11,-7.5239274e-09,2.0123809e-06,-3.1678401e-10,-1.1034741e-09,-1.4565747e-07,123.09658,1.0547409e-08,-1.6995869e-08,5.7526731,0,0
1160,1.159,0,0,0,0,-0,0,0,0,0,0,0,0,0,0,0,0,0,0,0.52,1.2875122,-0.2945345,-1.573373,-1.0550915e-12,4.6258723e-12,0.78293609,-2.5196444e-12,4.0232344e-12,-2.3563091,-1.9557296e-07,2.3108477e-11,-3.6867772e-11,-7.4462192e-09,1.9824557e-06,-1.0446236e-10,1.7749834e-09,3.0107377e-07,123.09658,1.0439835e-08,-1.6822859e-08,5.7526731,0,0
1161,1.16,0,0,0,0,-0,0,0,0,0,0,0,0,0,0,0,0,0,0,0.52,1.2875122,-0.2945345,-1.573373,-1.0455101e-12,4.5836305e-12,0.78293609,-2.4966403e-12,3.986533e-12,-2.3563091,-1.9359574e-07,2.2899728e-11,-3.6535007e-11,-7.369313e-09,1.9719926e-06,-3.1303612e-10,-1.1094523e-09,-1.4726126e-07,123.09658,1.0333376e-08,-1.6651617e-08,5.7526731,0,0
1162,1.161,0,0,0,0,-0,0,0,0,0,0,0,0,0,0,0,0,0,0,0.52,1.2875122,-0.2945345,-1.573373,-1.036015e-12,4.54177e-12,0.78293609,-2.473844e-12,3.9501629e-12,-2.3563091,-1.9163851e-07,2.2692839e-11,-3.6205203e-11,-7.2931996e-09,1.9424757e-06,-1.0074037e-10,1.7690585e-09,2.9948802e-07,123.09658,1.0228003e-08,-1.6482128e-08,5.7526731,0,0
1163,1.162,0,0,0,0,-0,0,0,0,0,0,0,0,0,0,0,0,0,0,0.52,1.2875122,-0.2945345,-1.573373,-1.0266054e-12,4.5002876e-12,0.78293609,-2.4512537e-12,3.9141211e-12,-2.3563091,-1.8970106e-07,2.24878e-11,-3.5878344e-11,-7.217875e-09,1.9324191e-06,-3.0933846e-10,-1.1153387e-09,-1.4883881e-07,123.09658,1.0123684e-08,-1.6314338e-08,5.752673,0,0
1164,1.163,0,0,0,0,-0,0,0,0,0,0,0,0,0,0,0,0,0,0,0.52,1.2875122,-0.2945345,-1.573373,-1.0172808e-12,4.4591798e-12,0.78293609,-2.4288675e-12,3.8784048e-12,-2.3563091,-1.877832e-07,2.228458e-11,-3.5554387e-11,-7.1433243e-09,1.9033008e-06,-9.7101109e-11,1.7632519e-09,2.9794028e-07,123.09658,1.0020474e-08,-1.6148303e-08,5.752673,0,0
1165,1.164,0,0,0,0,-0,0,0,0,0,0,0,0,0,0,0,0,0,0,0.52,1.2875122,-0.2945345,-1.573373,-1.0080402e-12,4.4184433e-12,0.78293609,-2.4066836e-12,3.8430109e-12,-2.3563091,-1.8588473e-07,2.2083181e-11,-3.5233325e-11,-7.069544e-09,1.8936394e-06,-3.0569689e-10,-1.1211271e-09,-1.5037985e-07,123.09658,9.9182747e-09,-1.5983922e-08,5.752673,0,0
1166,1.165,0,0,0,0,-0,0,0,0,0,0,0,0,0,0,0,0,0,0,0.52,1.2875122,-0.2945345,-1.573373,-9.9888291e-13,4.3780748e-12,0.78293609,-2.3847002e-12,3.8079367e-12,-2.3563091,-1.8400545e-07,2.1883581e-11,-3.4915129e-11,-6.9965295e-09,1.8649141e-06,-9.350335e-11,1.7575178e-09,2.9640888e-07,123.09658,9.8171063e-09,-1.5821188e-08,5.752673,0,0
1167,1.166,0,0,0,0,-0,0,0,0,0,0,0,0,0,0,0,0,0,0,0.52,1.2875122,-0.2945345,-1.573373,-9.8980824e-13,4.338071e-12,0.78293609,-2.3629156e-12,3.7731792e-12,-2.3563091,-1.8214518e-07,2.1685753e-11,-3.459976e-11,-6.9242659e-09,1.8556399e-06,-3.0215272e-10,-1.1267797e-09,-1.5188172e-07,123.09658,9.7170131e-09,-1.5660161e-08,5.752673,0,0
1168,1.167,0,0,0,0,-0,0,0,0,0,0,0,0,0,0,0,0,0,0,0.52,1.2875122,-0.2945345,-1.573373,-9.8081542e-13,4.2984287e-12,0.78293609,-2.3413279e-12,3.7387357e-12,-2.3563091,-1.8030371e-07,2.148969e-11,-3.42872e-11,-6.852745e-09,1.8272994e-06,-8.9972778e-11,1.7518989e-09,2.9492367e-07,123.09658,9.6179407e-09,-1.5500785e-08,5.752673,0,0
1169,1.168,0,0,0,0,-0,0,0,0,0,0,0,0,0,0,0,0,0,0,0.52,1.2875122,-0.2945345,-1.573373,-9.7190372e-13,4.2591447e-12,0.78293609,-2.3199353e-12,3.7046034e-12,-2.3563091,-1.7848085e-07,2.1295388e-11,-3.3977441e-11,-6.7819674e-09,1.8184069e-06,-2.9863226e-10,-1.1323793e-09,-1.5336856e-07,123.09658,9.5198263e-09,-1.5342968e-08,5.752673,0,0
1170,1.169,0,0,0,0,-0,0,0,0,0,0,0,0,0,0,0,0,0,0,0.52,1.2875122,-0.2945345,-1.573373,-9.6307243e-13,4.2202156e-12,0.78293609,-2.2987362e-12,3.6707795e-12,-2.3563091,-1.7667643e-07,2.1102809e-11,-3.3670433e-11,-6.7119177e-09,1.7904411e-06,-8.6526357e-11,1.7463942e-09,2.934679e-07,123.09658,9.422768e-09,-1.5186808e-08,5.752673,0,0
1171,1.17,0,0,0,0,-0,0,0,0,0,0,0,0,0,0,0,0,0,0,0.52,1.2875122,-0.2945345,-1.573373,-9.5432083e-13,4.1816385e-12,0.78293609,-2.2777288e-12,3.6372612e-12,-2.3563091,-1.7489025e-07,2.0911957e-11,-3.336617e-11,-6.6425928e-09,1.7819209e-06,-2.9517768e-10,-1.1378681e-09,-1.5481792e-07,123.09658,9.3266589e-09,-1.5032209e-08,5.7526729,0,0
1172,1.171,0,0,0,0,-0,0,0,0,0,0,0,0,0,0,0,0,0,0,0.52,1.2875122,-0.2945345,-1.573373,-9.456482e-13,4.1434101e-12,0.78293609,-2.2569115e-12,3.6040458e-12,-2.3563091,-1.7312212e-07,2.0722803e-11,-3.3064618e-11,-6.5739826e-09,1.7543252e-06,-8.3129519e-11,1.7409729e-09,2.9203827e-07,123.09658,9.2315579e-09,-1.4879201e-08,5.7526729,0,0
1173,1.172,0,0,0,0,-0,0,0,0,0,0,0,0,0,0,0,0,0,0,0.52,1.2875122,-0.2945345,-1.573373,-9.3705385e-13,4.1055273e-12,0.78293609,-2.2362824e-12,3.5711306e-12,-2.3563091,-1.7137188e-07,2.0535339e-11,-3.2765754e-11,-6.5060781e-09,1.7461681e-06,-2.9179938e-10,-1.1432454e-09,-1.5622935e-07,123.09658,9.1374266e-09,-1.4727761e-08,5.7526729,0,0
1174,1.173,0,0,0,0,-0,0,0,0,0,0,0,0,0,0,0,0,0,0,0.52,1.2875122,-0.2945345,-1.573373,-9.2853708e-13,4.0679871e-12,0.78293609,-2.2158399e-12,3.538513e-12,-2.3563091,-1.6963933e-07,2.0349551e-11,-3.2469561e-11,-6.4388754e-09,1.718936e-06,-7.9774931e-11,1.7356315e-09,2.9063478e-07,123.09658,9.0442401e-09,-1.4577843e-08,5.7526729,0,0
1175,1.174,0,0,0,0,-0,0,0,0,0,0,0,0,0,0,0,0,0,0,0.52,1.2875122,-0.2945345,-1.573373,-9.2009719e-13,4.0307863e-12,0.78293609,-2.1955825e-12,3.5061902e-12,-2.3563091,-1.6792429e-07,2.0165419e-11,-3.2176006e-11,-6.3723646e-09,1.7111382e-06,-2.8848973e-10,-1.1485224e-09,-1.5761321e-07,123.09658,8.9520275e-09,-1.4429476e-08,5.7526729,0,0
1176,1.175,0,0,0,0,-0,0,0,0,0,0,0,0,0,0,0,0,0,0,0.52,1.2875122,-0.2945345,-1.573373,-9.117335e-13,3.993922e-12,0.78293609,-2.1755083e-12,3.4741596e-12,-2.3563091,-1.6622659e-07,1.9982945e-11,-3.1885087e-11,-6.3065467e-09,1.6842578e-06,-7.6458617e-11,1.7303618e-09,2.8924906e-07,123.09658,8.8606893e-09,-1.4282547e-08,5.7526729,0,0
1177,1.176,0,0,0,0,-0,0,0,0,0,0,0,0,0,0,0,0,0,0,0.52,1.2875122,-0.2945345,-1.573373,-9.0344533e-13,3.9573911e-12,0.78293608,-2.1556158e-12,3.4424187e-12,-2.3563091,-1.6454606e-07,1.9802088e-11,-3.1596753e-11,-6.2414062e-09,1.6768103e-06,-2.852551e-10,-1.1536935e-09,-1.589681e-07,123.09658,8.7703478e-09,-1.4137172e-08,5.7526729,0,0
1178,1.177,0,0,0,0,-0,0,0,0,0,0,0,0,0,0,0,0,0,0,0.52,1.2875122,-0.2945345,-1.573373,-8.9523201e-13,3.9211907e-12,0.78293608,-2.1359033e-12,3.4109648e-12,-2.3563091,-1.6288251e-07,1.9622847e-11,-3.1310988e-11,-6.176935e-09,1.6502785e-06,-7.322646e-11,1.7252223e-09,2.8791052e-07,123.09658,8.6809283e-09,-1.3993301e-08,5.7526729,0,0
1179,1.178,0,0,0,0,-0,0,0,0,0,0,0,0,0,0,0,0,0,0,0.52,1.2875122,-0.2945345,-1.573373,-8.8709286e-13,3.8853178e-12,0.78293608,-2.1163693e-12,3.3797954e-12,-2.3563091,-1.6123579e-07,1.9445211e-11,-3.102778e-11,-6.1131288e-09,1.6431746e-06,-2.8204542e-10,-1.1588065e-09,-1.6029808e-07,123.09658,8.5924065e-09,-1.3850871e-08,5.7526728,0,0
1180,1.179,0,0,0,0,-0,0,0,0,0,0,0,0,0,0,0,0,0,0,0.52,1.2875122,-0.2945345,-1.573373,-8.7902724e-13,3.8497696e-12,0.78293608,-2.0970121e-12,3.348908e-12,-2.3563091,-1.5960571e-07,1.9269167e-11,-3.0747107e-11,-6.0499828e-09,1.6169814e-06,-7.0043455e-11,1.7201536e-09,2.8659002e-07,123.09658,8.5047692e-09,-1.3709867e-08,5.7526728,0,0
1181,1.18,0,0,0,0,-0,0,0,0,0,0,0,0,0,0,0,0,0,0,0.52,1.2875122,-0.2945345,-1.573373,-8.7103448e-13,3.814543e-12,0.78293608,-2.0778301e-12,3.3183e-12,-2.3563091,-1.5799211e-07,1.90947e-11,-3.0468946e-11,-5.9874924e-09,1.6102123e-06,-2.7889047e-10,-1.1638313e-09,-1.6160928e-07,123.09658,8.4180074e-09,-1.3570271e-08,5.7526728,0,0
1182,1.181,0,0,0,0,-0,0,0,0,0,0,0,0,0,0,0,0,0,0,0.52,1.2875122,-0.2945345,-1.573373,-8.6311393e-13,3.7796352e-12,0.78293608,-2.0588219e-12,3.2879689e-12,-2.3563091,-1.5639483e-07,1.8921774e-11,-3.0193248e-11,-5.925638e-09,1.5843531e-06,-6.6960413e-11,1.7152257e-09,2.8531818e-07,123.09658,8.3322227e-09,-1.3432202e-08,5.7526728,0,0
1183,1.182,0,0,0,0,-0,0,0,0,0,0,0,0,0,0,0,0,0,0,0.52,1.2875122,-0.2945345,-1.573373,-8.5526495e-13,3.7450434e-12,0.78293608,-2.0399858e-12,3.2579122e-12,-2.3563091,-1.5481369e-07,1.8750417e-11,-2.9920035e-11,-5.8644269e-09,1.5779137e-06,-2.7575395e-10,-1.1687998e-09,-1.6289592e-07,123.09658,8.2472038e-09,-1.3295435e-08,5.7526728,0,0
1184,1.183,0,0,0,0,-0,0,0,0,0,0,0,0,0,0,0,0,0,0,0.52,1.2875122,-0.2945345,-1.573373,-8.474869e-13,3.7107647e-12,0.78293608,-2.0213203e-12,3.2281276e-12,-2.3563091,-1.5324855e-07,1.8580588e-11,-2.9649266e-11,-5.8038528e-09,1.5523829e-06,-6.3903611e-11,1.7103392e-09,2.8404402e-07,123.09658,8.1630726e-09,-1.3160051e-08,5.7526728,0,0
1185,1.184,0,0,0,0,-0,0,0,0,0,0,0,0,0,0,0,0,0,0,0.52,1.2875122,-0.2945345,-1.573373,-8.3977914e-13,3.6767963e-12,0.78293608,-2.0028239e-12,3.1986125e-12,-2.3563091,-1.5169922e-07,1.8412261e-11,-2.9380892e-11,-5.7438964e-09,1.54627e-06,-2.7275128e-10,-1.1735913e-09,-1.6413118e-07,123.09658,8.0798886e-09,-1.3026167e-08,5.7526728,0,0
1186,1.185,0,0,0,0,-0,0,0,0,0,0,0,0,0,0,0,0,0,0,0.52,1.2875122,-0.2945345,-1.573373,-8.3214105e-13,3.6431356e-12,0.78293608,-1.984495e-12,3.1693646e-12,-2.3563091,-1.5016556e-07,1.8245461e-11,-2.9114938e-11,-5.6845648e-09,1.5210577e-06,-6.0849231e-11,1.7054981e-09,2.8279428e-07,123.09658,7.9974468e-09,-1.2893538e-08,5.7526728,0,0
1187,1.186,0,0,0,0,-0,0,0,0,0,0,0,0,0,0,0,0,0,0,0.52,1.2875122,-0.2945345,-1.573373,-8.2457202e-13,3.6097796e-12,0.78293608,-1.9663322e-12,3.1403815e-12,-2.3563091,-1.486474e-07,1.8080137e-11,-2.885135e-11,-5.6258419e-09,1.5152606e-06,-2.697989e-10,-1.1783215e-09,-1.6534836e-07,123.09658,7.9159272e-09,-1.2762323e-08,5.7526728,0,0
1188,1.187,0,0,0,0,-0,0,0,0,0,0,0,0,0,0,0,0,0,0,0.52,1.2875122,-0.2945345,-1.573373,-8.1707141e-13,3.5767257e-12,0.78293608,-1.948334e-12,3.1116607e-12,-2.3563091,-1.4714459e-07,1.7916306e-11,-2.8590129e-11,-5.5677295e-09,1.4903625e-06,-5.7861678e-11,1.7007629e-09,2.8157312e-07,123.09658,7.8351676e-09,-1.2632389e-08,5.7526727,0,0
1189,1.188,0,0,0,0,-0,0,0,0,0,0,0,0,0,0,0,0,0,0,0.52,1.2875122,-0.2945345,-1.573373,-8.0963862e-13,3.5439713e-12,0.78293608,-1.9304989e-12,3.0832e-12,-2.3563091,-1.4565697e-07,1.7753928e-11,-2.8331234e-11,-5.510212e-09,1.4848729e-06,-2.6689474e-10,-1.1829716e-09,-1.6653814e-07,123.09658,7.7553027e-09,-1.2503834e-08,5.7526727,0,0
1190,1.189,0,0,0,0,-0,0,0,0,0,0,0,0,0,0,0,0,0,0,0.52,1.2875122,-0.2945345,-1.573373,-8.0227305e-13,3.5115135e-12,0.78293608,-1.9128254e-12,3.0549971e-12,-2.3563091,-1.4418439e-07,1.7593017e-11,-2.8074664e-11,-5.4532914e-09,1.4602835e-06,-5.4928172e-11,1.6961116e-09,2.8037939e-07,123.09658,7.6761864e-09,-1.2376536e-08,5.7526727,0,0
1191,1.19,0,0,0,0,-0,0,0,0,0,0,0,0,0,0,0,0,0,0,0.52,1.2875122,-0.2945345,-1.573373,-7.9497409e-13,3.4793498e-12,0.78293608,-1.8953121e-12,3.0270496e-12,-2.3563091,-1.427267e-07,1.7433536e-11,-2.7820382e-11,-5.3969571e-09,1.4550998e-06,-2.640328e-10,-1.1875484e-09,-1.6771088e-07,123.09657,7.597925e-09,-1.2250568e-08,5.7526727,0,0
1192,1.191,0,0,0,0,-0,0,0,0,0,0,0,0,0,0,0,0,0,0,0.52,1.2875122,-0.2945345,-1.573373,-7.8774115e-13,3.4474775e-12,0.78293608,-1.8779576e-12,2.9993552e-12,-2.3563091,-1.4128374e-07,1.7275484e-11,-2.7568372e-11,-5.3412002e-09,1.4308084e-06,-5.207272e-11,1.6915689e-09,2.792248e-07,123.09657,7.5204633e-09,-1.21259e-08,5.7526727,0,0
1193,1.192,0,0,0,0,-0,0,0,0,0,0,0,0,0,0,0,0,0,0,0.52,1.2875122,-0.2945345,-1.573373,-7.8057364e-13,3.4158941e-12,0.78293608,-1.8607604e-12,2.9719117e-12,-2.3563091,-1.3985538e-07,1.7118863e-11,-2.7318637e-11,-5.2860266e-09,1.4259209e-06,-2.6116802e-10,-1.1921004e-09,-1.6887765e-07,123.09657,7.4437065e-09,-1.2002397e-08,5.7526727,0,0
1194,1.193,0,0,0,0,-0,0,0,0,0,0,0,0,0,0,0,0,0,0,0.52,1.2875122,-0.2945345,-1.573373,-7.7347097e-13,3.3845968e-12,0.78293608,-1.8437192e-12,2.9447168e-12,-2.3563091,-1.3844146e-07,1.6963622e-11,-2.7071114e-11,-5.2314154e-09,1.4019268e-06,-4.9315142e-11,1.687148e-09,2.7810012e-07,123.09657,7.3678523e-09,-1.1880272e-08,5.7526727,0,0
1195,1.194,0,0,0,0,-0,0,0,0,0,0,0,0,0,0,0,0,0,0,0.52,1.2875122,-0.2945345,-1.573373,-7.6643256e-13,3.3535832e-12,0.78293608,-1.8268325e-12,2.9177683e-12,-2.3563091,-1.3704182e-07,1.6809791e-11,-2.6825822e-11,-5.1773741e-09,1.397334e-06,-2.5834517e-10,-1.1965649e-09,-1.700176e-07,123.09657,7.2926677e-09,-1.1759306e-08,5.7526727,0,0
1196,1.195,0,0,0,0,-0,0,0,0,0,0,0,0,0,0,0,0,0,0,0.52,1.2875122,-0.2945345,-1.573373,-7.5945785e-13,3.3228508e-12,0.78293608,-1.8100989e-12,2.8910641e-12,-2.3563091,-1.3565634e-07,1.6657322e-11,-2.6582714e-11,-5.1238863e-09,1.3736264e-06,-4.6593167e-11,1.6827813e-09,2.7699313e-07,123.09657,7.2183357e-09,-1.1639634e-08,5.7526727,0,0
1197,1.196,0,0,0,0,-0,0,0,0,0,0,0,0,0,0,0,0,0,0,0.52,1.2875122,-0.2945345,-1.573373,-7.5254626e-13,3.292397e-12,0.78293608,-1.7935172e-12,2.8646018e-12,-2.3563091,-1.3428487e-07,1.6506234e-11,-2.6341793e-11,-5.0709541e-09,1.3693187e-06,-2.5558319e-10,-1.2009399e-09,-1.7112866e-07,123.09657,7.1446877e-09,-1.1521125e-08,5.7526727,0,0
1198,1.197,0,0,0,0,-0,0,0,0,0,0,0,0,0,0,0,0,0,0,0.52,1.2875122,-0.2945345,-1.573373,-7.4569722e-13,3.2622192e-12,0.78293608,-1.7770858e-12,2.8383794e-12,-2.3563091,-1.3292726e-07,1.6356489e-11,-2.6103023e-11,-5.0185669e-09,1.3458961e-06,-4.3906295e-11,1.6784811e-09,2.75903e-07,123.09657,7.0718433e-09,-1.1403857e-08,5.7526726,0,0
1199,1.198,0,0,0,0,-0,0,0,0,0,0,0,0,0,0,0,0,0,0,0.52,1.2875122,-0.2945345,-1.573373,-7.3891018e-13,3.2323152e-12,0.78293608,-1.7608035e-12,2.8123947e-12,-2.3563091,-1.3158338e-07,1.6208092e-11,-2.5866392e-11,-4.9667209e-09,1.3418681e-06,-2.5288881e-10,-1.2052202e-09,-1.7221098e-07,123.09657,6.9997166e-09,-1.1287774e-08,5.7526726,0,0
1200,1.199,0,0,0,0,-0,0,0,0,0,0,0,0,0,0,0,0,0,0,0.52,1.2875122,-0.2945345,-1.573373,-7.3218459e-13,3.2026823e-12,0.78293608,-1.744669e-12,2.7866456e-12,-2.3563091,-1.3025309e-07,1.6061018e-11,-2.5631875e-11,-4.9154063e-09,1.3187228e-06,-4.1259586e-11,1.6742536e-09,2.7484013e-07,123.09657,6.9283599e-09,-1.1172901e-08,5.7526726,0,0
1201,1.2,0,0,0,0,-0,0,0,0,0,0,0,0,0,0,0,0,0,0,0.52,1.2875122,-0.2945345,-1.573373,-7.2551988e-13,3.1733181e-12,0.78293608,-1.7286808e-12,2.7611299e-12,-2.3563091,-1.2893624e-07,1.5915272e-11,-2.5399468e-11,-4.8646243e-09,1.3149705e-06,-2.5023205e-10,-1.2094396e-09,-1.7327603e-07,123.09657,6.8576817e-09,-1.1059152e-08,5.7526726,0,0
1202,1.201,0,0,0,0,-0,0,0,0,0,0,0,0,0,0,0,0,0,0,0.52,1.2875122,-0.2945345,-1.573373,-7.1891553e-13,3.1442204e-12,0.78293608,-1.7128378e-12,2.7358456e-12,-2.3563091,-1.2763271e-07,1.5770832e-11,-2.5169146e-11,-4.8143693e-09,1.2920951e-06,-3.8647082e-11,1.6700836e-09,2.7378592e-07,123.09657,6.7877269e-09,-1.0946547e-08,5.7526726,0,0
1203,1.202,0,0,0,0,-0,0,0,0,0,0,0,0,0,0,0,0,0,0,0.52,1.2875122,-0.2945345,-1.573373,-7.1237098e-13,3.1153865e-12,0.78293608,-1.6971385e-12,2.7107906e-12,-2.3563091,-1.2634235e-07,1.5627675e-11,-2.4940872e-11,-4.764627e-09,1.2886137e-06,-2.4766664e-10,-1.2135348e-09,-1.743013e-07,123.09657,6.7185485e-09,-1.0835168e-08,5.7526726,0,0
1204,1.203,0,0,0,0,-0,0,0,0,0,0,0,0,0,0,0,0,0,0,0.52,1.2875122,-0.2945345,-1.573373,-7.0588571e-13,3.0868143e-12,0.78293608,-1.6815818e-12,2.6859628e-12,-2.3563091,-1.2506504e-07,1.5485827e-11,-2.471467e-11,-4.7154091e-09,1.2660042e-06,-3.6029084e-11,1.6659391e-09,2.7273725e-07,123.09657,6.6499503e-09,-1.0724791e-08,5.7526726,0,0
1205,1.204,0,0,0,0,-0,0,0,0,0,0,0,0,0,0,0,0,0,0,0.52,1.2875122,-0.2945345,-1.573373,-6.9945917e-13,3.0585013e-12,0.78293608,-1.6661662e-12,2.6613602e-12,-2.3563091,-1.2380065e-07,1.534522e-11,-2.4490465e-11,-4.6666885e-09,1.2627848e-06,-2.451865e-10,-1.2175286e-09,-1.7529615e-07,123.09657,6.582213e-09,-1.0615688e-08,5.7526726,0,0
1206,1.205,0,0,0,0,-0,0,0,0,0,0,0,0,0,0,0,0,0,0,0.52,1.2875122,-0.2945345,-1.573373,-6.9309086e-13,3.0304453e-12,0.78293608,-1.6508907e-12,2.6369809e-12,-2.3563091,-1.2254904e-07,1.5205896e-11,-2.4268285e-11,-4.6184739e-09,1.240439e-06,-3.3460271e-11,1.6618871e-09,2.7172532e-07,123.09657,6.5150521e-09,-1.0507616e-08,5.7526726,0,0
1207,1.206,0,0,0,0,-0,0,0,0,0,0,0,0,0,0,0,0,0,0,0.52,1.2875122,-0.2945345,-1.573373,-6.8678024e-13,3.0026439e-12,0.78293608,-1.6357538e-12,2.6128227e-12,-2.3563091,-1.2131008e-07,1.5067817e-11,-2.40481e-11,-4.5707589e-09,1.2374775e-06,-2.4269891e-10,-1.2215153e-09,-1.7629518e-07,123.09657,6.4486072e-09,-1.0400636e-08,5.7526726,0,0
1208,1.207,0,0,0,0,-0,0,0,0,0,0,0,0,0,0,0,0,0,0,0.52,1.2875122,-0.2945345,-1.573373,-6.805268e-13,2.9750948e-12,0.78293608,-1.6207544e-12,2.5888837e-12,-2.3563091,-1.2008365e-07,1.493098e-11,-2.3829889e-11,-4.5235389e-09,1.2153864e-06,-3.0973921e-11,1.6579368e-09,2.7073507e-07,123.09657,6.3828193e-09,-1.029474e-08,5.7526725,0,0
1209,1.208,0,0,0,0,-0,0,0,0,0,0,0,0,0,0,0,0,0,0,0.52,1.2875122,-0.2945345,-1.573373,-6.7433003e-13,2.9477958e-12,0.78293608,-1.6058912e-12,2.5651619e-12,-2.3563091,-1.1886961e-07,1.4795357e-11,-2.3613619e-11,-4.4767995e-09,1.2126792e-06,-2.402723e-10,-1.225398e-09,-1.7725625e-07,123.09657,6.3177764e-09,-1.0189999e-08,5.7526725,0,0
1210,1.209,0,0,0,0,-0,0,0,0,0,0,0,0,0,0,0,0,0,0,0.52,1.2875122,-0.2945345,-1.573373,-6.6818942e-13,2.9207446e-12,0.78293608,-1.5911631e-12,2.5416555e-12,-2.3563091,-1.1766786e-07,1.4660971e-11,-2.3399309e-11,-4.4305473e-09,1.1908367e-06,-2.8500288e-11,1.6540199e-09,2.6976068e-07,123.09657,6.2532997e-09,-1.008623e-08,5.7526725,0,0
1211,1.21,0,0,0,0,-0,0,0,0,0,0,0,0,0,0,0,0,0,0,0.52,1.2875122,-0.2945345,-1.573373,-6.6210446e-13,2.8939391e-12,0.78293608,-1.5765687e-12,2.5183623e-12,-2.3563091,-1.1647825e-07,1.4527778e-11,-2.3186911e-11,-4.3847713e-09,1.1883802e-06,-2.3788509e-10,-1.229224e-09,-1.7820867e-07,123.09657,6.1895445e-09,-9.9835643e-09,5.7526725,0,0
1212,1.211,0,0,0,0,-0,0,0,0,0,0,0,0,0,0,0,0,0,0,0.52,1.2875122,-0.2945345,-1.573373,-6.5607466e-13,2.8673769e-12,0.78293608,-1.5621069e-12,2.4952807e-12,-2.3563091,-1.1530067e-07,1.4395785e-11,-2.2976418e-11,-4.3394677e-09,1.1667835e-06,-2.6100363e-11,1.6502092e-09,2.6881589e-07,123.09657,6.126419e-09,-9.881944e-09,5.7526725,0,0
1213,1.212,0,0,0,0,-0,0,0,0,0,0,0,0,0,0,0,0,0,0,0.52,1.2875122,-0.2945345,-1.573373,-6.5009953e-13,2.841056e-12,0.78293608,-1.5477765e-12,2.4724086e-12,-2.3563091,-1.1413499e-07,1.4264977e-11,-2.2767815e-11,-4.2946318e-09,1.16457e-06,-2.3551664e-10,-1.2330036e-09,-1.7914404e-07,123.09657,6.0639425e-09,-9.781352e-09,5.7526725,0,0
1214,1.213,0,0,0,0,-0,0,0,0,0,0,0,0,0,0,0,0,0,0,0.52,1.2875122,-0.2945345,-1.573373,-6.4417857e-13,2.8149741e-12,0.78293608,-1.5335764e-12,2.4497441e-12,-2.3563091,-1.129811e-07,1.4135343e-11,-2.2561083e-11,-4.250259e-09,1.1432157e-06,-2.3750704e-11,1.6464676e-09,2.6788958e-07,123.09657,6.0021028e-09,-9.6817897e-09,5.7526725,0,0
1215,1.214,0,0,0,0,-0,0,0,0,0,0,0,0,0,0,0,0,0,0,0.52,1.2875122,-0.2945345,-1.573373,-6.383113e-13,2.7891292e-12,0.78293608,-1.5195053e-12,2.4272855e-12,-2.3563091,-1.1183887e-07,1.4006875e-11,-2.2356208e-11,-4.2063447e-09,1.1412392e-06,-2.3318658e-10,-1.2367169e-09,-1.8006098e-07,123.09657,5.9408906e-09,-9.5832343e-09,5.7526725,0,0
1216,1.215,0,0,0,0,-0,0,0,0,0,0,0,0,0,0,0,0,0,0,0.52,1.2875122,-0.2945345,-1.573373,-6.3249724e-13,2.763519e-12,0.78293608,-1.5055621e-12,2.4050308e-12,-2.3563091,-1.1070819e-07,1.3879561e-11,-2.2153173e-11,-4.1628843e-09,1.120119e-06,-2.1440173e-11,1.6427864e-09,2.6698183e-07,123.09657,5.8802966e-09,-9.4856737e-09,5.7526725,0,0
1217,1.216,0,0,0,0,-0,0,0,0,0,0,0,0,0,0,0,0,0,0,0.52,1.2875122,-0.2945345,-1.573373,-6.2673591e-13,2.7381415e-12,0.78293608,-1.4917456e-12,2.3829782e-12,-2.3563091,-1.0958894e-07,1.3753392e-11,-2.1951962e-11,-4.1198731e-09,1.1183749e-06,-2.3089762e-10,-1.2403644e-09,-1.809596e-07,123.09657,5.8203172e-09,-9.3891005e-09,5.7526725,0,0
1218,1.217,0,0,0,0,-0,0,0,0,0,0,0,0,0,0,0,0,0,0,0.52,1.2875122,-0.2945345,-1.573373,-6.2102683e-13,2.7129946e-12,0.78293608,-1.4780547e-12,2.361126e-12,-2.3563091,-1.0848101e-07,1.362835e-11,-2.1752549e-11,-4.0773018e-09,1.0974872e-06,-1.9187655e-11,1.6391912e-09,2.6610232e-07,123.09657,5.7609868e-09,-9.2935547e-09,5.7526725,0,0
1219,1.218,0,0,0,0,-0,0,0,0,0,0,0,0,0,0,0,0,0,0,0.52,1.2875122,-0.2945345,-1.573373,-6.1536955e-13,2.6880762e-12,0.78293608,-1.4644883e-12,2.3394722e-12,-2.3563091,-1.0738428e-07,1.3504444e-11,-2.1554939e-11,-4.0351764e-09,1.0959764e-06,-2.2862386e-10,-1.2439713e-09,-1.8185152e-07,123.09657,5.7021958e-09,-9.1989171e-09,5.7526725,0,0
1220,1.219,0,0,0,0,-0,0,0,0,0,0,0,0,0,0,0,0,0,0,0.52,1.2875122,-0.2945345,-1.573373,-6.0976359e-13,2.6633842e-12,0.78293608,-1.4510453e-12,2.3180152e-12,-2.3563091,-1.0629864e-07,1.3381636e-11,-2.135909e-11,-3.9934806e-09,1.0753107e-06,-1.6991747e-11,1.6356693e-09,2.6524304e-07,123.09657,5.6440828e-09,-9.1053114e-09,5.7526725,0,0
1221,1.22,0,0,0,0,-0,0,0,0,0,0,0,0,0,0,0,0,0,0,0.52,1.2875122,-0.2945345,-1.573373,-6.042085e-13,2.6389167e-12,0.78293608,-1.4377245e-12,2.2967531e-12,-2.3563091,-1.0522397e-07,1.3259951e-11,-2.1165017e-11,-3.9522217e-09,1.0740239e-06,-2.2637809e-10,-1.2475233e-09,-1.8272513e-07,123.09657,5.5864677e-09,-9.0125737e-09,5.7526724,0,0
1222,1.221,0,0,0,0,-0,0,0,0,0,0,0,0,0,0,0,0,0,0,0.52,1.2875122,-0.2945345,-1.573373,-5.9870381e-13,2.6146716e-12,0.78293608,-1.4245248e-12,2.2756843e-12,-2.3563091,-1.0416017e-07,1.3139339e-11,-2.0972668e-11,-3.9113834e-09,1.053583e-06,-1.4845783e-11,1.6322202e-09,2.644017e-07,123.09657,5.5295452e-09,-8.9208739e-09,5.7526724,0,0
1223,1.222,0,0,0,0,-0,0,0,0,0,0,0,0,0,0,0,0,0,0,0.52,1.2875122,-0.2945345,-1.573373,-5.9324908e-13,2.5906469e-12,0.78293608,-1.4114453e-12,2.2548069e-12,-2.3563091,-1.0310712e-07,1.3019822e-11,-2.0782053e-11,-3.8709678e-09,1.0525195e-06,-2.2418812e-10,-1.250989e-09,-1.835705e-07,123.09657,5.4731509e-09,-8.8300839e-09,5.7526724,0,0
1224,1.223,0,0,0,0,-0,0,0,0,0,0,0,0,0,0,0,0,0,0,0.52,1.2875122,-0.2945345,-1.573373,-5.8784386e-13,2.5668407e-12,0.78293608,-1.3984847e-12,2.2341193e-12,-2.3563091,-1.0206471e-07,1.2901379e-11,-2.0593154e-11,-3.8309691e-09,1.0322897e-06,-1.2698298e-11,1.6287858e-09,2.6356783e-07,123.09657,5.4173369e-09,-8.7401957e-09,5.7526724,0,0
1225,1.224,0,0,0,0,-0,0,0,0,0,0,0,0,0,0,0,0,0,0,0.52,1.2875122,-0.2945345,-1.573373,-5.824877e-13,2.5432509e-12,0.78293608,-1.385642e-12,2.2136198e-12,-2.3563091,-1.0103285e-07,1.2784004e-11,-2.0405956e-11,-3.7913831e-09,1.0314382e-06,-2.2205165e-10,-1.2543883e-09,-1.8439572e-07,123.09657,5.3620772e-09,-8.6512117e-09,5.7526724,0,0
1226,1.225,0,0,0,0,-0,0,0,0,0,0,0,0,0,0,0,0,0,0,0.52,1.2875122,-0.2945345,-1.573373,-5.7718017e-13,2.5198756e-12,0.78293608,-1.3729161e-12,2.1933066e-12,-2.3563091,-1.0001142e-07,1.266769e-11,-2.0220445e-11,-3.7522102e-09,1.0114241e-06,-1.0577571e-11,1.6254087e-09,2.6274146e-07,123.09657,5.3073579e-09,-8.5631026e-09,5.7526724,0,0
1227,1.226,0,0,0,0,-0,0,0,0,0,0,0,0,0,0,0,0,0,0,0.52,1.2875122,-0.2945345,-1.573373,-5.7192082e-13,2.4967129e-12,0.78293608,-1.3603061e-12,2.1731781e-12,-2.3563091,-9.9000312e-08,1.2552406e-11,-2.0036585e-11,-3.7134351e-09,1.0107832e-06,-2.1998987e-10,-1.257689e-09,-1.8519134e-07,123.09657,5.2532741e-09,-8.4759762e-09,5.7526724,0,0
1228,1.227,0,0,0,0,-0,0,0,0,0,0,0,0,0,0,0,0,0,0,0.52,1.2875122,-0.2945345,-1.573373,-5.6670923e-13,2.4737609e-12,0.78293608,-1.3478108e-12,2.1532326e-12,-2.3563091,-9.799943e-08,1.2438175e-11,-1.9854392e-11,-3.6750649e-09,9.9098064e-07,-8.4714258e-12,1.6220752e-09,2.6193188e-07,123.09657,5.1996628e-09,-8.3896673e-09,5.7526724,0,0
1229,1.228,0,0,0,0,-0,0,0,0,0,0,0,0,0,0,0,0,0,0,0.52,1.2875122,-0.2945345,-1.573373,-5.6154497e-13,2.4510177e-12,0.78293608,-1.3354292e-12,2.1334685e-12,-2.3563091,-9.7008667e-08,1.2324961e-11,-1.9673829e-11,-3.6370881e-09,9.9054506e-07,-2.1795772e-10,-1.2609485e-09,-1.8597842e-07,123.09657,5.1466573e-09,-8.3042785e-09,5.7526724,0,0
1230,1.229,0,0,0,0,-0,0,0,0,0,0,0,0,0,0,0,0,0,0,0.52,1.2875122,-0.2945345,-1.573373,-5.564276e-13,2.4284814e-12,0.78293608,-1.3231603e-12,2.1138841e-12,-2.3563091,-9.6027921e-08,1.2212775e-11,-1.9494896e-11,-3.5995064e-09,9.7094784e-07,-6.4143572e-12,1.6188146e-09,2.6114199e-07,123.09657,5.0941441e-09,-8.2197255e-09,5.7526724,0,0
1231,1.23,0,0,0,0,-0,0,0,0,0,0,0,0,0,0,0,0,0,0,0.52,1.2875122,-0.2945345,-1.573373,-5.5135671e-13,2.4061502e-12,0.78293608,-1.3110032e-12,2.0944779e-12,-2.3563091,-9.5057088e-08,1.2101587e-11,-1.9317562e-11,-3.5623091e-09,9.7071639e-07,-2.1596145e-10,-1.2641466e-09,-1.8674756e-07,123.09657,5.0422246e-09,-8.136084e-09,5.7526724,0,0
1232,1.231,0,0,0,0,-0,0,0,0,0,0,0,0,0,0,0,0,0,0,0.52,1.2875122,-0.2945345,-1.573373,-5.4633189e-13,2.3840221e-12,0.78293608,-1.2989567e-12,2.0752482e-12,-2.3563091,-9.409607e-08,1.1991409e-11,-1.914183e-11,-3.5254977e-09,9.5131977e-07,-4.3941833e-12,1.6156109e-09,2.6037046e-07,123.09657,4.9907888e-09,-8.05326e-09,5.7526724,0,0
1233,1.232,0,0,0,0,-0,0,0,0,0,0,0,0,0,0,0,0,0,0,0.52,1.2875122,-0.2945345,-1.573373,-5.4135272e-13,2.3620954e-12,0.78293608,-1.2870198e-12,2.0561934e-12,-2.3563091,-9.3144767e-08,1.188222e-11,-1.8967678e-11,-3.4890667e-09,9.5128613e-07,-2.1398438e-10,-1.2673073e-09,-1.8750841e-07,123.09657,4.9398945e-09,-7.9712813e-09,5.7526724,0,0
1234,1.233,0,0,0,0,-0,0,0,0,0,0,0,0,0,0,0,0,0,0,0.52,1.2875122,-0.2945345,-1.573373,-5.3641878e-13,2.3403683e-12,0.78293608,-1.2751917e-12,2.037312e-12,-2.3563091,-9.2203081e-08,1.177402e-11,-1.8795099e-11,-3.4530166e-09,9.3208635e-07,-2.4139101e-12,1.6124647e-09,2.596085e-07,123.09657,4.8894842e-09,-7.8901055e-09,5.7526724,0,0
1235,1.234,0,0,0,0,-0,0,0,0,0,0,0,0,0,0,0,0,0,0,0.52,1.2875122,-0.2945345,-1.573373,-5.3152968e-13,2.318839e-12,0.78293608,-1.2634713e-12,2.0186025e-12,-2.3563091,-9.1270916e-08,1.1666781e-11,-1.8624058e-11,-3.4173322e-09,9.3224399e-07,-2.1206592e-10,-1.270383e-09,-1.8823962e-07,123.09657,4.8396637e-09,-7.809831e-09,5.7526723,0,0
1236,1.235,0,0,0,0,-0,0,0,0,0,0,0,0,0,0,0,0,0,0,0.52,1.2875122,-0.2945345,-1.573373,-5.2668501e-13,2.2975056e-12,0.78293608,-1.2518577e-12,2.0000631e-12,-2.3563091,-9.0348176e-08,1.1560524e-11,-1.8454573e-11,-3.3820204e-09,9.132363e-07,-4.4714275e-13,1.6093544e-09,2.5886327e-07,123.09657,4.7902638e-09,-7.7302938e-09,5.7526723,0,0
1237,1.236,0,0,0,0,-0,0,0,0,0,0,0,0,0,0,0,0,0,0,0.52,1.2875122,-0.2945345,-1.573373,-5.2188436e-13,2.2763665e-12,0.78293608,-1.2403498e-12,1.9816926e-12,-2.3563091,-8.9434764e-08,1.145521e-11,-1.8286601e-11,-3.3470701e-09,9.1358651e-07,-2.1017999e-10,-1.2734114e-09,-1.8896271e-07,123.09657,4.7414382e-09,-7.6516219e-09,5.7526723,0,0
1238,1.237,0,0,0,0,-0,0,0,0,0,0,0,0,0,0,0,0,0,0,0.52,1.2875122,-0.2945345,-1.573373,-5.1712735e-13,2.2554198e-12,0.78293608,-1.2289468e-12,1.9634892e-12,-2.3563091,-8.8530588e-08,1.1350855e-11,-1.8120148e-11,-3.3124826e-09,8.9476711e-07,1.4701076e-12,1.6063174e-09,2.5813765e-07,123.09657,4.6930613e-09,-7.5737182e-09,5.7526723,0,0
1239,1.238,0,0,0,0,-0,0,0,0,0,0,0,0,0,0,0,0,0,0,0.52,1.2875122,-0.2945345,-1.573373,-5.1241358e-13,2.2346639e-12,0.78293608,-1.2176476e-12,1.9454515e-12,-2.3563091,-8.7635553e-08,1.1247431e-11,-1.7955186e-11,-3.2782476e-09,8.953021e-07,-2.0831995e-10,-1.2763928e-09,-1.8966754e-07,123.09657,4.6452287e-09,-7.4966464e-09,5.7526723,0,0
1240,1.239,0,0,0,0,-0,0,0,0,0,0,0,0,0,0,0,0,0,0,0.52,1.2875122,-0.2945345,-1.573373,-5.0774267e-13,2.214097e-12,0.78293608,-1.2064514e-12,1.9275781e-12,-2.3563091,-8.6749569e-08,1.1144954e-11,-1.7791725e-11,-3.2443712e-09,8.7666594e-07,3.367163e-12,1.6033151e-09,2.5742031e-07,123.09657,4.5978011e-09,-7.4202795e-09,5.7526723,0,0
1241,1.24,0,0,0,0,-0,0,0,0,0,0,0,0,0,0,0,0,0,0,0.52,1.2875122,-0.2945345,-1.573373,-5.0311422e-13,2.1937174e-12,0.78293608,-1.1953573e-12,1.9098673e-12,-2.3563091,-8.5872542e-08,1.1043393e-11,-1.7629731e-11,-3.2108477e-09,8.7738794e-07,-2.0648892e-10,-1.279327e-09,-1.9037326e-07,123.09657,4.5508968e-09,-7.3447134e-09,5.7526723,0,0
1242,1.241,0,0,0,0,-0,0,0,0,0,0,0,0,0,0,0,0,0,0,0.52,1.2875122,-0.2945345,-1.573373,-4.9852786e-13,2.1735234e-12,0.78293608,-1.1843642e-12,1.8923179e-12,-2.3563091,-8.5004381e-08,1.0942734e-11,-1.7469175e-11,-3.1776625e-09,8.5893503e-07,5.1695189e-12,1.600438e-09,2.5674358e-07,123.09657,4.5045421e-09,-7.2700183e-09,5.7526723,0,0
1243,1.242,0,0,0,0,-0,0,0,0,0,0,0,0,0,0,0,0,0,0,0.52,1.2875122,-0.2945345,-1.573373,-4.9398321e-13,2.1535134e-12,0.78293608,-1.1734713e-12,1.8749283e-12,-2.3563091,-8.4144995e-08,1.0842997e-11,-1.7310082e-11,-3.1448224e-09,8.5983561e-07,-2.0464278e-10,-1.2822509e-09,-1.9106346e-07,123.09657,4.458582e-09,-7.1960046e-09,5.7526723,0,0
1244,1.243,0,0,0,0,-0,0,0,0,0,0,0,0,0,0,0,0,0,0,0.52,1.2875122,-0.2945345,-1.573373,-4.8947989e-13,2.1336857e-12,0.78293608,-1.1626778e-12,1.857697e-12,-2.3563091,-8.3294299e-08,1.0744162e-11,-1.715243e-11,-3.1123263e-09,8.4155633e-07,6.9737732e-12,1.5975543e-09,2.5605568e-07,123.09657,4.4130755e-09,-7.1227003e-09,5.7526723,0,0
1245,1.244,0,0,0,0,-0,0,0,0,0,0,0,0,0,0,0,0,0,0,0.52,1.2875122,-0.2945345,-1.573373,-4.8501752e-13,2.1140387e-12,0.78293608,-1.1519826e-12,1.8406227e-12,-2.3563091,-8.2452203e-08,1.0646202e-11,-1.6996178e-11,-3.0801593e-09,8.426356e-07,-2.0289372e-10,-1.2850502e-09,-1.9172171e-07,123.09657,4.3681163e-09,-7.0502453e-09,5.7526723,0,0
1246,1.245,0,0,0,0,-0,0,0,0,0,0,0,0,0,0,0,0,0,0,0.52,1.2875122,-0.2945345,-1.573373,-4.8059576e-13,2.0945707e-12,0.78293608,-1.1413849e-12,1.8237039e-12,-2.3563091,-8.161862e-08,1.0549141e-11,-1.6841348e-11,-3.0483283e-09,8.2453142e-07,8.7711536e-12,1.5947109e-09,2.5538381e-07,123.09657,4.3235391e-09,-6.9784589e-09,5.7526723,0,0
1247,1.246,0,0,0,0,-0,0,0,0,0,0,0,0,0,0,0,0,0,0,0.52,1.2875122,-0.2945345,-1.573373,-4.7621422e-13,2.0752801e-12,0.78293608,-1.1308839e-12,1.8069393e-12,-2.3563091,-8.0793463e-08,1.0452949e-11,-1.668791e-11,-3.0168271e-09,8.2578218e-07,-2.0115501e-10,-1.2878368e-09,-1.9238134e-07,123.09657,4.2794465e-09,-6.9074126e-09,5.7526723,0,0
1248,1.247,0,0,0,0,-0,0,0,0,0,0,0,0,0,0,0,0,0,0,0.52,1.2875122,-0.29453451,-1.573373,-4.7187254e-13,2.0561653e-12,0.78293608,-1.1204786e-12,1.7903274e-12,-2.3563091,-7.9976648e-08,1.0357619e-11,-1.6535846e-11,-2.9856463e-09,8.0784801e-07,1.0493964e-11,1.5919657e-09,2.5474292e-07,123.09657,4.2358349e-09,-6.8371408e-09,5.7526723,0,0
1249,1.248,0,0,0,0,-0,0,0,0,0,0,0,0,0,0,0,0,0,0,0.52,1.2875122,-0.29453451,-1.573373,-4.6757037e-13,2.0372248e-12,0.78293608,-1.1101682e-12,1.7738669e-12,-2.3563091,-7.9168091e-08,1.0263162e-11,-1.6385168e-11,-2.9547921e-09,8.0926578e-07,-1.9940664e-10,-1.2906103e-09,-1.9303449e-07,123.09657,4.192597e-09,-6.7675038e-09,5.7526723,0,0
1250,1.249,0,0,0,0,-0,0,0,0,0,0,0,0,0,0,0,0,0,0,0.52,1.2875122,-0.29453451,-1.573373,-4.6330735e-13,2.0184569e-12,0.78293608,-1.0999518e-12,1.7575564e-12,-2.3563091,-7.836771e-08,1.0169548e-11,-1.6235841e-11,-2.9242534e-09,7.9149549e-07,1.2176854e-11,1.5892658e-09,2.5411187e-07,123.09657,4.1498538e-09,-6.6986173e-09,5.7526723,0,0
1251,1.25,0,0,0,0,-0,0,0,0,0,0,0,0,0,0,0,0,0,0,0.52,1.2875122,-0.29453451,-1.573373,-4.5908313e-13,1.9998601e-12,0.78293608,-1.0898287e-12,1.7413946e-12,-2.3563091,-7.7575422e-08,1.0076785e-11,-1.6087864e-11,-2.8940317e-09,7.9308081e-07,-1.9770232e-10,-1.2933119e-09,-1.9366857e-07,123.09657,4.1075091e-09,-6.6304095e-09,5.7526722,0,0
1252,1.251,0,0,0,0,-0,0,0,0,0,0,0,0,0,0,0,0,0,0,0.52,1.2875122,-0.29453451,-1.573373,-4.5489736e-13,1.9814329e-12,0.78293608,-1.0797978e-12,1.72538e-12,-2.3563091,-7.6791144e-08,9.9848539e-12,-1.5941218e-11,-2.8641217e-09,7.7547518e-07,1.3840614e-11,1.5866037e-09,2.5348859e-07,123.09657,4.0656224e-09,-6.5629121e-09,5.7526722,0,0
1253,1.252,0,0,0,0,-0,0,0,0,0,0,0,0,0,0,0,0,0,0,0.52,1.2875122,-0.29453451,-1.573373,-4.5074968e-13,1.9631737e-12,0.78293608,-1.0698585e-12,1.7095115e-12,-2.3563091,-7.6014796e-08,9.8937594e-12,-1.57959e-11,-2.8345239e-09,7.7722214e-07,-1.9602977e-10,-1.295968e-09,-1.94293e-07,123.09657,4.02413e-09,-6.4960736e-09,5.7526722,0,0
1254,1.253,0,0,0,0,-0,0,0,0,0,0,0,0,0,0,0,0,0,0,0.52,1.2875122,-0.29453451,-1.573373,-4.4663977e-13,1.9450811e-12,0.78293608,-1.0600099e-12,1.6937876e-12,-2.3563091,-7.5246295e-08,9.8034679e-12,-1.5651872e-11,-2.8052231e-09,7.597795e-07,1.5446838e-11,1.5840237e-09,2.5289456e-07,123.09657,3.9831566e-09,-6.4300188e-09,5.7526722,0,0
1255,1.254,0,0,0,0,-0,0,0,0,0,0,0,0,0,0,0,0,0,0,0.52,1.2875122,-0.29453451,-1.573373,-4.4256728e-13,1.9271534e-12,0.78293608,-1.0502512e-12,1.6782071e-12,-2.3563091,-7.4485563e-08,9.7140154e-12,-1.5509166e-11,-2.7762312e-09,7.6168421e-07,-1.9435178e-10,-1.2986117e-09,-1.9491073e-07,123.09657,3.9424819e-09,-6.3645228e-09,5.7526722,0,0
1256,1.255,0,0,0,0,-0,0,0,0,0,0,0,0,0,0,0,0,0,0,0.52,1.2875122,-0.29453451,-1.573373,-4.3853187e-13,1.9093893e-12,0.78293608,-1.0405815e-12,1.6627686e-12,-2.3563091,-7.3732522e-08,9.6253619e-12,-1.5367745e-11,-2.7475414e-09,7.4439828e-07,1.7044677e-11,1.5814542e-09,2.5229027e-07,123.09657,3.9022652e-09,-6.2997063e-09,5.7526722,0,0
1257,1.256,0,0,0,0,-0,0,0,0,0,0,0,0,0,0,0,0,0,0,0.52,1.2875122,-0.29453451,-1.573373,-4.3453321e-13,1.8917872e-12,0.78293608,-1.0310001e-12,1.6474709e-12,-2.3563091,-7.2987094e-08,9.5375033e-12,-1.5227589e-11,-2.7191446e-09,7.4645789e-07,-1.9276193e-10,-1.301142e-09,-1.9549651e-07,123.09657,3.8624867e-09,-6.2356035e-09,5.7526722,0,0
1258,1.257,0,0,0,0,-0,0,0,0,0,0,0,0,0,0,0,0,0,0,0.52,1.2875122,-0.29453451,-1.573373,-4.3057096e-13,1.8743457e-12,0.78293608,-1.0215061e-12,1.6323128e-12,-2.3563091,-7.2249202e-08,9.450444e-12,-1.5088704e-11,-2.6910417e-09,7.2932546e-07,1.8643382e-11,1.5789114e-09,2.5170227e-07,123.09657,3.8230844e-09,-6.1721197e-09,5.7526722,0,0
1259,1.258,0,0,0,0,-0,0,0,0,0,0,0,0,0,0,0,0,0,0,0.52,1.2875122,-0.29453451,-1.573373,-4.2664481e-13,1.8570634e-12,0.78293608,-1.0120988e-12,1.6172929e-12,-2.3563091,-7.1518771e-08,9.3641674e-12,-1.495107e-11,-2.6632275e-09,7.3153704e-07,-1.9119661e-10,-1.3036434e-09,-1.9607393e-07,123.09657,3.7841022e-09,-6.1092954e-09,5.7526722,0,0
1260,1.259,0,0,0,0,-0,0,0,0,0,0,0,0,0,0,0,0,0,0,0.52,1.2875122,-0.29453451,-1.573373,-4.2275442e-13,1.8399387e-12,0.78293608,-1.0027774e-12,1.60241e-12,-2.3563091,-7.0795723e-08,9.2786743e-12,-1.4814681e-11,-2.6357027e-09,7.1455832e-07,2.0210428e-11,1.5764208e-09,2.5112347e-07,123.09657,3.7454966e-09,-6.0470952e-09,5.7526722,0,0
1261,1.26,0,0,0,0,-0,0,0,0,0,0,0,0,0,0,0,0,0,0,0.52,1.2875122,-0.29453451,-1.573373,-4.1889947e-13,1.8229704e-12,0.78293608,-9.9354105e-13,1.5876629e-12,-2.3563091,-7.0079985e-08,9.1939439e-12,-1.4679514e-11,-2.608457e-09,7.1691673e-07,-1.8967115e-10,-1.3060869e-09,-1.9663192e-07,123.09657,3.7073329e-09,-5.985575e-09,5.7526722,0,0
1262,1.261,0,0,0,0,-0,0,0,0,0,0,0,0,0,0,0,0,0,0,0.52,1.2875122,-0.29453451,-1.573373,-4.1507964e-13,1.8061569e-12,0.78293608,-9.8438908e-13,1.5730504e-12,-2.3563091,-6.9371484e-08,9.1100004e-12,-1.454559e-11,-2.5815016e-09,7.0008564e-07,2.1784029e-11,1.5739364e-09,2.5054275e-07,123.09657,3.6694521e-09,-5.9245711e-09,5.7526722,0,0
1263,1.262,0,0,0,0,-0,0,0,0,0,0,0,0,0,0,0,0,0,0,0.52,1.2875122,-0.29453451,-1.573373,-4.1129461e-13,1.7894968e-12,0.78293608,-9.7532069e-13,1.5585712e-12,-2.3563091,-6.8670146e-08,9.0267857e-12,-1.4412845e-11,-2.5548148e-09,7.0259154e-07,-1.8821328e-10,-1.3084479e-09,-1.9716931e-07,123.09657,3.6321056e-09,-5.8643314e-09,5.7526722,0,0
1264,1.263,0,0,0,0,-0,0,0,0,0,0,0,0,0,0,0,0,0,0,0.52,1.2875122,-0.29453451,-1.573373,-4.0754408e-13,1.7729889e-12,0.78293608,-9.6633512e-13,1.5442241e-12,-2.3563091,-6.7975897e-08,8.9443491e-12,-1.4281321e-11,-2.5284096e-09,6.8590601e-07,2.3340026e-11,1.5714969e-09,2.4997972e-07,123.09657,3.5950104e-09,-5.8045997e-09,5.7526722,0,0
1265,1.264,0,0,0,0,-0,0,0,0,0,0,0,0,0,0,0,0,0,0,0.52,1.2875122,-0.29453451,-1.573373,-4.0382773e-13,1.7566316e-12,0.78293608,-9.5743162e-13,1.5300079e-12,-2.3563091,-6.7288667e-08,8.862641e-12,-1.4150974e-11,-2.502274e-09,6.8855366e-07,-1.8675616e-10,-1.3108036e-09,-1.9770848e-07,123.09657,3.5583759e-09,-5.7455255e-09,5.7526722,0,0
1266,1.265,0,0,0,0,-0,0,0,0,0,0,0,0,0,0,0,0,0,0,0.52,1.2875122,-0.29453451,-1.573373,-4.0014525e-13,1.7404237e-12,0.78293608,-9.4860946e-13,1.5159215e-12,-2.3563091,-6.6608387e-08,8.7816899e-12,-1.402182e-11,-2.4764144e-09,6.7200679e-07,2.4853846e-11,1.569112e-09,2.494277e-07,123.09657,3.5220234e-09,-5.6869768e-09,5.7526722,0,0
1267,1.266,0,0,0,0,-0,0,0,0,0,0,0,0,0,0,0,0,0,0,0.52,1.2875122,-0.29453451,-1.573373,-3.9649634e-13,1.7243638e-12,0.78293608,-9.3986789e-13,1.5019637e-12,-2.3563091,-6.5934983e-08,8.7014529e-12,-1.3893817e-11,-2.4508201e-09,6.7480077e-07,-1.8532782e-10,-1.3131065e-09,-1.9823904e-07,123.09657,3.4861298e-09,-5.6290997e-09,5.7526722,0,0
1268,1.267,0,0,0,0,-0,0,0,0,0,0,0,0,0,0,0,0,0,0,0.52,1.2875122,-0.29453451,-1.573373,-3.9288069e-13,1.7084505e-12,0.78293608,-9.3120619e-13,1.4881333e-12,-2.3563091,-6.5268387e-08,8.6219366e-12,-1.3766959e-11,-2.4254821e-09,6.5839229e-07,2.6295302e-11,1.5668223e-09,2.4891495e-07,123.09657,3.4506263e-09,-5.5718697e-09,5.7526722,0,0
1269,1.268,0,0,0,0,-0,0,0,0,0,0,0,0,0,0,0,0,0,0,0.52,1.2875122,-0.29453451,-1.573373,-3.89298e-13,1.6926826e-12,0.78293608,-9.2262364e-13,1.4744292e-12,-2.3563091,-6.4608529e-08,8.5431651e-12,-1.3641278e-11,-2.4004167e-09,6.613234e-07,-1.8383839e-10,-1.3154601e-09,-1.9878411e-07,123.09657,3.4153565e-09,-5.5150693e-09,5.7526722,0,0
1270,1.269,0,0,0,0,-0,0,0,0,0,0,0,0,0,0,0,0,0,0,0.52,1.2875122,-0.29453451,-1.573373,-3.8574798e-13,1.6770587e-12,0.78293608,-9.1411952e-13,1.4608502e-12,-2.3563091,-6.3955342e-08,8.4650768e-12,-1.3516705e-11,-2.3756014e-09,6.4504941e-07,2.7661711e-11,1.564606e-09,2.4841472e-07,123.09657,3.3805922e-09,-5.4589845e-09,5.7526721,0,0
1271,1.27,0,0,0,0,-0,0,0,0,0,0,0,0,0,0,0,0,0,0,0.52,1.2875122,-0.29453451,-1.573373,-3.8223034e-13,1.6615775e-12,0.78293607,-9.0569312e-13,1.4473952e-12,-2.3563091,-6.330876e-08,8.3877208e-12,-1.3393279e-11,-2.3510492e-09,6.4811597e-07,-1.8237358e-10,-1.3177542e-09,-1.9931038e-07,123.09657,3.3460519e-09,-5.4033645e-09,5.7526721,0,0
1272,1.271,0,0,0,0,-0,0,0,0,0,0,0,0,0,0,0,0,0,0,0.52,1.2875122,-0.29453451,-1.573373,-3.7874477e-13,1.6462377e-12,0.78293607,-8.9734374e-13,1.4340631e-12,-2.3563091,-6.2668714e-08,8.3110471e-12,-1.3270958e-11,-2.3267483e-09,6.3197518e-07,2.9026136e-11,1.5623975e-09,2.4791225e-07,123.09657,3.3119513e-09,-5.3483668e-09,5.7526721,0,0
1273,1.272,0,0,0,0,-0,0,0,0,0,0,0,0,0,0,0,0,0,0,0.52,1.2875122,-0.29453451,-1.573373,-3.7529099e-13,1.6310381e-12,0.78293607,-8.8907068e-13,1.4208528e-12,-2.3563091,-6.203514e-08,8.2350701e-12,-1.3149738e-11,-2.302695e-09,6.3517324e-07,-1.8098018e-10,-1.3199588e-09,-1.9980575e-07,123.09657,3.2781835e-09,-5.293946e-09,5.7526721,0,0
1274,1.273,0,0,0,0,-0,0,0,0,0,0,0,0,0,0,0,0,0,0,0.52,1.2875122,-0.29453451,-1.573373,-3.7186872e-13,1.6159774e-12,0.78293607,-8.8087325e-13,1.4077631e-12,-2.3563091,-6.1407972e-08,8.1597899e-12,-1.3029629e-11,-2.2788949e-09,6.1916306e-07,3.0419829e-11,1.5601782e-09,2.4740609e-07,123.09657,3.2447129e-09,-5.2400102e-09,5.7526721,0,0
1275,1.274,0,0,0,0,-0,0,0,0,0,0,0,0,0,0,0,0,0,0,0.52,1.2875122,-0.29453451,-1.573373,-3.6847766e-13,1.6010543e-12,0.78293607,-8.7275076e-13,1.394793e-12,-2.3563091,-6.0787145e-08,8.0851792e-12,-1.2910593e-11,-2.2553369e-09,6.2249005e-07,-1.7964128e-10,-1.3221067e-09,-2.0029017e-07,123.09657,3.2116423e-09,-5.1866835e-09,5.7526721,0,0
1276,1.275,0,0,0,0,-0,0,0,0,0,0,0,0,0,0,0,0,0,0,0.52,1.2875122,-0.29453451,-1.573373,-3.6511754e-13,1.5862675e-12,0.78293607,-8.6470255e-13,1.3819413e-12,-2.3563091,-6.0172595e-08,8.0112503e-12,-1.2792638e-11,-2.2320225e-09,6.0660921e-07,3.1783439e-11,1.5580174e-09,2.4691888e-07,123.09657,3.1788762e-09,-5.1338795e-09,5.7526721,0,0
1277,1.276,0,0,0,0,-0,0,0,0,0,0,0,0,0,0,0,0,0,0,0.52,1.2875122,-0.29453451,-1.573373,-3.6178807e-13,1.5716159e-12,0.78293607,-8.5672793e-13,1.3692071e-12,-2.3563091,-5.9564259e-08,7.937992e-12,-1.2675753e-11,-2.2089515e-09,6.1006311e-07,-1.7829999e-10,-1.324249e-09,-2.0077677e-07,123.09657,3.1464365e-09,-5.0815905e-09,5.7526721,0,0
1278,1.277,0,0,0,0,-0,0,0,0,0,0,0,0,0,0,0,0,0,0,0.52,1.2875122,-0.29453451,-1.573373,-3.5848899e-13,1.5570983e-12,0.78293607,-8.4882624e-13,1.3565893e-12,-2.3563091,-5.8962073e-08,7.8653926e-12,-1.2559921e-11,-2.1861187e-09,5.9430973e-07,3.3101246e-11,1.5559142e-09,2.4644235e-07,123.09657,3.1143487e-09,-5.0298616e-09,5.7526721,0,0
1279,1.278,0,0,0,0,-0,0,0,0,0,0,0,0,0,0,0,0,0,0,0.52,1.2875122,-0.29453451,-1.573373,-3.5522001e-13,1.5427133e-12,0.78293607,-8.4099682e-13,1.3440868e-12,-2.3563091,-5.8365973e-08,7.7934473e-12,-1.2445131e-11,-2.1635197e-09,5.9788961e-07,-1.7699191e-10,-1.3263347e-09,-2.0124439e-07,123.09657,3.0826044e-09,-4.978684e-09,5.7526721,0,0
1280,1.279,0,0,0,0,-0,0,0,0,0,0,0,0,0,0,0,0,0,0,0.52,1.2875122,-0.29453451,-1.573373,-3.5198087e-13,1.5284599e-12,0.78293607,-8.3323901e-13,1.3316985e-12,-2.3563091,-5.77759e-08,7.7221584e-12,-1.2331385e-11,-2.141155e-09,5.8225761e-07,3.4414183e-11,1.5538259e-09,2.4597392e-07,123.09657,3.0511585e-09,-4.9279991e-09,5.7526721,0,0
1281,1.28,0,0,0,0,-0,0,0,0,0,0,0,0,0,0,0,0,0,0,0.52,1.2875122,-0.29453451,-1.573373,-3.4877129e-13,1.5143368e-12,0.78293607,-8.2555218e-13,1.3194235e-12,-2.3563091,-5.7191791e-08,7.6515109e-12,-1.2218666e-11,-2.1190193e-09,5.8595885e-07,-1.7570912e-10,-1.3283861e-09,-2.0170255e-07,123.09657,3.0200542e-09,-4.8778473e-09,5.7526721,0,0
1282,1.281,0,0,0,0,-0,0,0,0,0,0,0,0,0,0,0,0,0,0,0.52,1.2875122,-0.29453451,-1.573373,-3.4559101e-13,1.5003428e-12,0.78293607,-8.1793567e-13,1.3072607e-12,-2.3563091,-5.6613587e-08,7.5815142e-12,-1.2106977e-11,-2.0971184e-09,5.70449e-07,3.571571e-11,1.5517636e-09,2.4550439e-07,123.09657,2.989212e-09,-4.82815e-09,5.7526721,0,0
1283,1.282,0,0,0,0,-0,0,0,0,0,0,0,0,0,0,0,0,0,0,0.52,1.2875122,-0.29453451,-1.573373,-3.4243976e-13,1.4864768e-12,0.78293607,-8.1038884e-13,1.2952091e-12,-2.3563091,-5.604123e-08,7.5121335e-12,-1.1996282e-11,-2.0754361e-09,5.7426522e-07,-1.744772e-10,-1.3303732e-09,-2.0213985e-07,123.09657,2.9587746e-09,-4.7790446e-09,5.7526721,0,0
1284,1.283,0,0,0,0,-0,0,0,0,0,0,0,0,0,0,0,0,0,0,0.52,1.2875122,-0.29453451,-1.573373,-3.3931728e-13,1.4727376e-12,0.78293607,-8.0291107e-13,1.2832676e-12,-2.3563091,-5.547466e-08,7.4434035e-12,-1.1886609e-11,-2.0539848e-09,5.5887485e-07,3.7017254e-11,1.5497193e-09,2.450425e-07,123.09657,2.928536e-09,-4.7303377e-09,5.7526721,0,0
1285,1.284,0,0,0,0,-0,0,0,0,0,0,0,0,0,0,0,0,0,0,0.52,1.2875122,-0.29453451,-1.573373,-3.3622331e-13,1.4591241e-12,0.78293607,-7.9550174e-13,1.2714353e-12,-2.3563091,-5.4913818e-08,7.3752717e-12,-1.1777907e-11,-2.0327476e-09,5.6280928e-07,-1.7328082e-10,-1.3323156e-09,-2.0256809e-07,123.09657,2.8987281e-09,-4.6822343e-09,5.7526721,0,0
1286,1.285,0,0,0,0,-0,0,0,0,0,0,0,0,0,0,0,0,0,0,0.52,1.2875122,-0.29453451,-1.573373,-3.331576e-13,1.4456351e-12,0.78293607,-7.8816021e-13,1.2597113e-12,-2.3563091,-5.4358646e-08,7.3077813e-12,-1.1670209e-11,-2.0117367e-09,5.4753516e-07,3.8299852e-11,1.5477115e-09,2.4458987e-07,123.09657,2.8691042e-09,-4.6345212e-09,5.7526721,0,0
1287,1.286,0,0,0,0,-0,0,0,0,0,0,0,0,0,0,0,0,0,0,0.52,1.2875122,-0.29453451,-1.573373,-3.3011988e-13,1.4322695e-12,0.78293607,-7.8088588e-13,1.2480945e-12,-2.3563091,-5.3809086e-08,7.2408847e-12,-1.1563474e-11,-1.9909403e-09,5.5158427e-07,-1.7209296e-10,-1.3342412e-09,-2.0299717e-07,123.09657,2.8398703e-09,-4.5873549e-09,5.7526721,0,0
1288,1.287,0,0,0,0,-0,0,0,0,0,0,0,0,0,0,0,0,0,0,0.52,1.2875122,-0.29453451,-1.573373,-3.271099e-13,1.4190262e-12,0.78293607,-7.7367814e-13,1.2365839e-12,-2.3563091,-5.3265081e-08,7.1745954e-12,-1.1457699e-11,-1.970355e-09,5.364255e-07,3.9514406e-11,1.5457903e-09,2.4416776e-07,123.09657,2.8109296e-09,-4.5406984e-09,5.7526721,0,0
1289,1.288,0,0,0,0,-0,0,0,0,0,0,0,0,0,0,0,0,0,0,0.52,1.2875122,-0.29453451,-1.573373,-3.2412742e-13,1.4059041e-12,0.78293607,-7.6653638e-13,1.2251786e-12,-2.3563091,-5.2726575e-08,7.1089162e-12,-1.1352895e-11,-1.9499861e-09,5.4058633e-07,-1.7087286e-10,-1.3361832e-09,-2.0342989e-07,123.09657,2.782238e-09,-4.4944513e-09,5.7526721,0,0
1290,1.289,0,0,0,0,-0,0,0,0,0,0,0,0,0,0,0,0,0,0,0.52,1.2875122,-0.29453451,-1.573373,-3.2117219e-13,1.392902e-12,0.78293607,-7.5946001e-13,1.2138776e-12,-2.3563091,-5.2193514e-08,7.0438274e-12,-1.1249037e-11,-1.9298277e-09,5.2553736e-07,4.0695221e-11,1.5438996e-09,2.4374666e-07,123.09657,2.7538635e-09,-4.448694e-09,5.7526721,0,0
1291,1.29,0,0,0,0,-0,0,0,0,0,0,0,0,0,0,0,0,0,0,0.52,1.2875122,-0.29453451,-1.573373,-3.1824395e-13,1.380019e-12,0.78293607,-7.5244843e-13,1.20268e-12,-2.3563091,-5.1665843e-08,6.9793359e-12,-1.1146127e-11,-1.9098805e-09,5.2980374e-07,-1.696781e-10,-1.3380796e-09,-2.0385216e-07,123.09657,2.7257416e-09,-4.403365e-09,5.7526721,0,0
1292,1.291,0,0,0,0,-0,0,0,0,0,0,0,0,0,0,0,0,0,0,0.52,1.2875122,-0.29453451,-1.573373,-3.1534246e-13,1.3672538e-12,0.78293607,-7.4550105e-13,1.1915849e-12,-2.3563091,-5.1143508e-08,6.9154154e-12,-1.1044135e-11,-1.8901344e-09,5.1486726e-07,4.183701e-11,1.5420642e-09,2.433443e-07,123.09657,2.6979756e-09,-4.35857e-09,5.7526721,0,0
1293,1.292,0,0,0,0,-0,0,0,0,0,0,0,0,0,0,0,0,0,0,0.52,1.2875122,-0.29453451,-1.573373,-3.1246749e-13,1.3546055e-12,0.78293607,-7.386173e-13,1.1805913e-12,-2.3563091,-5.0626453e-08,6.8520802e-12,-1.0943069e-11,-1.8705906e-09,5.1924288e-07,-1.6850732e-10,-1.3399329e-09,-2.0425683e-07,123.09657,2.6704639e-09,-4.3142184e-09,5.7526721,0,0
1294,1.293,0,0,0,0,-0,0,0,0,0,0,0,0,0,0,0,0,0,0,0.52,1.2875122,-0.29453451,-1.573373,-3.0961879e-13,1.3420729e-12,0.78293607,-7.317966e-13,1.1696983e-12,-2.3563091,-5.0114624e-08,6.7893266e-12,-1.084293e-11,-1.851254e-09,5.0441454e-07,4.300006e-11,1.5402111e-09,2.4293002e-07,123.09657,2.6431969e-09,-4.2702638e-09,5.7526721,0,0
1295,1.294,0,0,0,0,-0,0,0,0,0,0,0,0,0,0,0,0,0,0,0.52,1.2875122,-0.29453451,-1.573373,-3.0679612e-13,1.3296551e-12,0.78293607,-7.2503837e-13,1.158905e-12,-2.3563091,-4.960797e-08,6.7271313e-12,-1.0743687e-11,-1.8321137e-09,5.0889278e-07,-1.6739066e-10,-1.3417257e-09,-2.046493e-07,123.09657,2.616262e-09,-4.2268119e-09,5.752672,0,0
1296,1.295,0,0,0,0,-0,0,0,0,0,0,0,0,0,0,0,0,0,0,0.52,1.2875122,-0.29453451,-1.573373,-3.0399925e-13,1.317351e-12,0.78293607,-7.1834205e-13,1.1482105e-12,-2.3563091,-4.9106439e-08,6.6655133e-12,-1.0645356e-11,-1.8131761e-09,4.9416959e-07,4.4154569e-11,1.538388e-09,2.4252454e-07,123.09657,2.5895361e-09,-4.1837417e-09,5.752672,0,0
1297,1.296,0,0,0,0,-0,0,0,0,0,0,0,0,0,0,0,0,0,0,0.52,1.2875122,-0.29453451,-1.573373,-3.0122795e-13,1.3051596e-12,0.78293607,-7.1170707e-13,1.1376138e-12,-2.3563091,-4.8609978e-08,6.6044389e-12,-1.0547902e-11,-1.7944302e-09,4.9875272e-07,-1.6630324e-10,-1.3434805e-09,-2.0503283e-07,123.09657,2.563159e-09,-4.1411791e-09,5.752672,0,0
1298,1.297,0,0,0,0,-0,0,0,0,0,0,0,0,0,0,0,0,0,0,0.52,1.2875122,-0.29453451,-1.573373,-2.9848198e-13,1.2930798e-12,0.78293607,-7.0513289e-13,1.1271142e-12,-2.3563091,-4.8118536e-08,6.5439262e-12,-1.0451336e-11,-1.7758774e-09,4.8413169e-07,4.5277717e-11,1.5366136e-09,2.4213835e-07,123.09657,2.5370136e-09,-4.0990309e-09,5.752672,0,0
1299,1.298,0,0,0,0,-0,0,0,0,0,0,0,0,0,0,0,0,0,0,0.52,1.2875122,-0.29453451,-1.573373,-2.9576111e-13,1.2811106e-12,0.78293607,-6.9861895e-13,1.1167107e-12,-2.3563091,-4.763206e-08,6.4839617e-12,-1.0355647e-11,-1.7575176e-09,4.8881882e-07,-1.6520663e-10,-1.3452354e-09,-2.0541871e-07,123.09657,2.5111387e-09,-4.0573017e-09,5.752672,0,0
1300,1.299,0,0,0,0,-0,0,0,0,0,0,0,0,0,0,0,0,0,0,0.52,1.2875122,-0.29453451,-1.573373,-2.9306513e-13,1.2692511e-12,0.78293607,-6.921647e-13,1.1064025e-12,-2.3563091,-4.7150504e-08,6.4245396e-12,-1.0260823e-11,-1.7393455e-09,4.7429464e-07,4.6362328e-11,1.5348836e-09,2.4176302e-07,123.09657,2.4855369e-09,-4.0160104e-09,5.752672,0,0
1301,1.3,0,0,0,0,-0,0,0,0,0,0,0,0,0,0,0,0,0,0,0.52,1.2875122,-0.29453451,-1.573373,-2.9039379e-13,1.2575002e-12,0.78293607,-6.8576959e-13,1.0961886e-12,-2.3563091,-4.6673817e-08,6.3656616e-12,-1.0166864e-11,-1.7213617e-09,4.790792e-07,-1.6411825e-10,-1.3469666e-09,-2.0579541e-07,123.09657,2.4601717e-09,-3.9751108e-09,5.752672,0,0
1302,1.301,0,0,0,0,-0,0,0,0,0,0,0,0,0,0,0,0,0,0,0.52,1.2875122,-0.29453451,-1.573373,-2.8774688e-13,1.2458569e-12,0.78293607,-6.794331e-13,1.0860683e-12,-2.3563091,-4.6201948e-08,6.3073178e-12,-1.0073758e-11,-1.7035662e-09,4.6465749e-07,4.7430582e-11,1.5331787e-09,2.4138631e-07,123.09657,2.4350664e-09,-3.9346257e-09,5.752672,0,0
1303,1.302,0,0,0,0,-0,0,0,0,0,0,0,0,0,0,0,0,0,0,0.52,1.2875122,-0.29453451,-1.573373,-2.8512418e-13,1.2343203e-12,0.78293607,-6.731547e-13,1.0760407e-12,-2.3563091,-4.573485e-08,6.2494995e-12,-9.9814915e-12,-1.6859539e-09,4.6953903e-07,-1.6306723e-10,-1.3486455e-09,-2.0616167e-07,123.09657,2.4102376e-09,-3.8945776e-09,5.752672,0,0
1304,1.303,0,0,0,0,-0,0,0,0,0,0,0,0,0,0,0,0,0,0,0.52,1.2875122,-0.29453451,-1.573373,-2.8252547e-13,1.2228894e-12,0.78293607,-6.6693384e-13,1.0661049e-12,-2.3563091,-4.5272474e-08,6.1922032e-12,-9.8900575e-12,-1.6685203e-09,4.552136e-07,4.8474754e-11,1.5315134e-09,2.4102884e-07,123.09657,2.3856762e-09,-3.8549587e-09,5.752672,0,0
1305,1.304,0,0,0,0,-0,0,0,0,0,0,0,0,0,0,0,0,0,0,0.52,1.2875122,-0.29453451,-1.573373,-2.7995053e-13,1.2115633e-12,0.78293607,-6.6077002e-13,1.0562602e-12,-2.3563091,-4.4814773e-08,6.1354392e-12,-9.7994671e-12,-1.6512709e-09,4.6018747e-07,-1.6200285e-10,-1.3503325e-09,-2.0653001e-07,123.09657,2.3613054e-09,-3.8156728e-09,5.752672,0,0
1306,1.305,0,0,0,0,-0,0,0,0,0,0,0,0,0,0,0,0,0,0,0.52,1.2875122,-0.29453451,-1.573373,-2.7739915e-13,1.2003409e-12,0.78293607,-6.5466271e-13,1.0465056e-12,-2.3563091,-4.43617e-08,6.0791829e-12,-9.7096924e-12,-1.6342e-09,4.4595817e-07,4.9490284e-11,1.529882e-09,2.4067184e-07,123.09657,2.3372212e-09,-3.7768174e-09,5.752672,0,0
1307,1.306,0,0,0,0,-0,0,0,0,0,0,0,0,0,0,0,0,0,0,0.52,1.2875122,-0.29453451,-1.573373,-2.748711e-13,1.1892214e-12,0.78293607,-6.486114e-13,1.0368404e-12,-2.3563091,-4.3913209e-08,6.0234359e-12,-9.6207278e-12,-1.6173032e-09,4.5102487e-07,-1.6098421e-10,-1.3519528e-09,-2.0687825e-07,123.09657,2.3133906e-09,-3.7383798e-09,5.752672,0,0
1308,1.307,0,0,0,0,-0,0,0,0,0,0,0,0,0,0,0,0,0,0,0.52,1.2875122,-0.29453451,-1.573373,-2.7236619e-13,1.1782038e-12,0.78293607,-6.4261559e-13,1.0272637e-12,-2.3563091,-4.3469252e-08,5.9681979e-12,-9.5325738e-12,-1.600581e-09,4.3688877e-07,5.0508074e-11,1.5282608e-09,2.4032259e-07,123.09657,2.2897901e-09,-3.7003172e-09,5.752672,0,0
1309,1.308,0,0,0,0,-0,0,0,0,0,0,0,0,0,0,0,0,0,0,0.52,1.2875122,-0.29453451,-1.573373,-2.698842e-13,1.1672872e-12,0.78293607,-6.3667476e-13,1.0177748e-12,-2.3563091,-4.3029784e-08,5.913456e-12,-9.4452138e-12,-1.5840284e-09,4.4204837e-07,-1.5999173e-10,-1.3535408e-09,-2.0721728e-07,123.09657,2.2664579e-09,-3.6626724e-09,5.752672,0,0
1310,1.309,0,0,0,0,-0,0,0,0,0,0,0,0,0,0,0,0,0,0,0.52,1.2875122,-0.29453451,-1.573373,-2.6742492e-13,1.1564706e-12,0.78293607,-6.3078842e-13,1.0083729e-12,-2.3563091,-4.2594757e-08,5.8592287e-12,-9.3586653e-12,-1.5676558e-09,4.28004e-07,5.1537005e-11,1.5266379e-09,2.3996234e-07,123.09657,2.2432775e-09,-3.6253182e-09,5.752672,0,0
1311,1.31,0,0,0,0,-0,0,0,0,0,0,0,0,0,0,0,0,0,0,0.52,1.2875122,-0.29453451,-1.573373,-2.6498814e-13,1.1457533e-12,0.78293607,-6.2495607e-13,9.9905712e-13,-2.3563091,-4.2164129e-08,5.8054717e-12,-9.2728812e-12,-1.5514469e-09,4.3325265e-07,-1.5905098e-10,-1.3550698e-09,-2.0754442e-07,123.09657,2.220445e-09,-3.58845e-09,5.752672,0,0
1312,1.311,0,0,0,0,-0,0,0,0,0,0,0,0,0,0,0,0,0,0,0.52,1.2875122,-0.29453451,-1.573373,-2.6257368e-13,1.1351342e-12,0.78293607,-6.1917722e-13,9.8982674e-13,-2.3563091,-4.1737855e-08,5.7522128e-12,-9.1878804e-12,-1.5354036e-09,4.1929606e-07,5.2533302e-11,1.5250714e-09,2.3963098e-07,123.09657,2.1977971e-09,-3.551935e-09,5.752672,0,0
1313,1.312,0,0,0,0,-0,0,0,0,0,0,0,0,0,0,0,0,0,0,0.52,1.2875122,-0.29453451,-1.573373,-2.6018131e-13,1.1246124e-12,0.78293607,-6.134514e-13,9.8068097e-13,-2.3563091,-4.131589e-08,5.6994374e-12,-9.103655e-12,-1.5195257e-09,4.2463276e-07,-1.5808422e-10,-1.3566207e-09,-2.0787513e-07,123.09657,2.1753831e-09,-3.5157734e-09,5.752672,0,0
1314,1.313,0,0,0,0,-0,0,0,0,0,0,0,0,0,0,0,0,0,0,0.52,1.2875122,-0.29453451,-1.573373,-2.5781084e-13,1.1141872e-12,0.78293607,-6.0777811e-13,9.7161904e-13,-2.3563091,-4.0898192e-08,5.6471441e-12,-9.0201959e-12,-1.5038131e-09,4.1076454e-07,5.3497615e-11,1.5235389e-09,2.3930024e-07,123.09657,2.1531851e-09,-3.4799727e-09,5.752672,0,0
1315,1.314,0,0,0,0,-0,0,0,0,0,0,0,0,0,0,0,0,0,0,0.52,1.2875122,-0.29453451,-1.573373,-2.5546208e-13,1.1038576e-12,0.78293607,-6.0215687e-13,9.626402e-13,-2.3563091,-4.0484715e-08,5.5953276e-12,-8.9374975e-12,-1.4882659e-09,4.1618773e-07,-1.5713066e-10,-1.3581421e-09,-2.082057e-07,123.09657,2.1312059e-09,-3.4445225e-09,5.752672,0,0
1316,1.315,0,0,0,0,-0,0,0,0,0,0,0,0,0,0,0,0,0,0,0.52,1.2875122,-0.29453451,-1.573373,-2.5313482e-13,1.0936227e-12,0.78293607,-5.9658722e-13,9.5374368e-13,-2.3563091,-4.0075419e-08,5.5439707e-12,-8.855537e-12,-1.4728737e-09,4.0240452e-07,5.4416933e-11,1.5220631e-09,2.3898993e-07,123.09657,2.1095078e-09,-3.4094991e-09,5.752672,0,0
1317,1.316,0,0,0,0,-0,0,0,0,0,0,0,0,0,0,0,0,0,0,0.52,1.2875122,-0.29453451,-1.573373,-2.5082887e-13,1.0834817e-12,0.78293607,-5.9106869e-13,9.4492874e-13,-2.3563091,-3.967026e-08,5.4930994e-12,-8.7743397e-12,-1.4576482e-09,4.0791337e-07,-1.5615957e-10,-1.3596686e-09,-2.0853875e-07,123.09657,2.0879376e-09,-3.3747384e-09,5.752672,0,0
1318,1.317,0,0,0,0,-0,0,0,0,0,0,0,0,0,0,0,0,0,0,0.52,1.2875122,-0.29453451,-1.573373,-2.4854404e-13,1.0734337e-12,0.78293607,-5.856008e-13,9.3619464e-13,-2.3563091,-3.9269199e-08,5.4426691e-12,-8.6938612e-12,-1.4425723e-09,3.9420986e-07,5.5299101e-11,1.5206257e-09,2.3869046e-07,123.09657,2.0666946e-09,-3.3404261e-09,5.752672,0,0
1319,1.318,0,0,0,0,-0,0,0,0,0,0,0,0,0,0,0,0,0,0,0.52,1.2875122,-0.29453451,-1.573373,-2.4628013e-13,1.0634779e-12,0.78293607,-5.8018311e-13,9.2754064e-13,-2.3563091,-3.8872192e-08,5.3927198e-12,-8.6141326e-12,-1.4276586e-09,3.9980284e-07,-1.5519782e-10,-1.3611685e-09,-2.08863e-07,123.09657,2.0455567e-09,-3.3063691e-09,5.752672,0,0
1320,1.319,0,0,0,0,-0,0,0,0,0,0,0,0,0,0,0,0,0,0,0.52,1.2875122,-0.29453451,-1.573373,-2.4403696e-13,1.0536135e-12,0.78293607,-5.7481515e-13,9.1896602e-13,-2.3563091,-3.8479198e-08,5.3432038e-12,-8.535111e-12,-1.4128953e-09,3.8618637e-07,5.6165926e-11,1.5192117e-09,2.3838954e-07,123.09657,2.0247383e-09,-3.2727459e-09,5.752672,0,0
1321,1.32,0,0,0,0,-0,0,0,0,0,0,0,0,0,0,0,0,0,0,0.52,1.2875122,-0.29453451,-1.573373,-2.4181434e-13,1.0438395e-12,0.78293607,-5.6949647e-13,9.1047006e-13,-2.3563091,-3.8090175e-08,5.2941533e-12,-8.456818e-12,-1.3982888e-09,3.9185998e-07,-1.5426704e-10,-1.3626257e-09,-2.0917656e-07,123.09657,2.0040572e-09,-3.2394127e-09,5.752672,0,0
1322,1.321,0,0,0,0,-0,0,0,0,0,0,0,0,0,0,0,0,0,0,0.52,1.2875122,-0.29453451,-1.573373,-2.3961208e-13,1.0341553e-12,0.78293607,-5.6422663e-13,9.0205204e-13,-2.3563091,-3.7705084e-08,5.2455344e-12,-8.3792259e-12,-1.3838281e-09,3.7832095e-07,5.7029396e-11,1.5178099e-09,2.380979e-07,123.09657,1.9836591e-09,-3.2064723e-09,5.752672,0,0
1323,1.322,0,0,0,0,-0,0,0,0,0,0,0,0,0,0,0,0,0,0,0.52,1.2875122,-0.29453451,-1.573373,-2.3742999e-13,1.02456e-12,0.78293607,-5.5900517e-13,8.9371125e-13,-2.3563091,-3.7323887e-08,5.197372e-12,-8.3023501e-12,-1.3695197e-09,3.8407388e-07,-1.5335437e-10,-1.3640584e-09,-2.0948111e-07,123.09657,1.9633989e-09,-3.1738117e-09,5.752672,0,0
1324,1.323,0,0,0,0,-0,0,0,0,0,0,0,0,0,0,0,0,0,0,0.52,1.2875122,-0.29453451,-1.573373,-2.352679e-13,1.0150527e-12,0.78293607,-5.5383167e-13,8.8544699e-13,-2.3563091,-3.6946544e-08,5.1496326e-12,-8.2261607e-12,-1.3553527e-09,3.7061257e-07,5.7875594e-11,1.5164373e-09,2.3781525e-07,123.09657,1.9434207e-09,-3.141546e-09,5.752672,0,0
1325,1.324,0,0,0,0,-0,0,0,0,0,0,0,0,0,0,0,0,0,0,0.52,1.2875122,-0.29453451,-1.573373,-2.3312562e-13,1.0056327e-12,0.78293607,-5.4870568e-13,8.7725856e-13,-2.3563091,-3.6573017e-08,5.1023566e-12,-8.1506931e-12,-1.3413433e-09,3.7644047e-07,-1.5242759e-10,-1.3655021e-09,-2.0979651e-07,123.09657,1.923501e-09,-3.1094625e-09,5.752672,0,0
1326,1.325,0,0,0,0,-0,0,0,0,0,0,0,0,0,0,0,0,0,0,0.52,1.2875122,-0.29453451,-1.573373,-2.3100297e-13,9.962991e-13,0.78293607,-5.4362676e-13,8.6914528e-13,-2.3563091,-3.6203268e-08,5.0554767e-12,-8.0758801e-12,-1.3274695e-09,3.6305847e-07,5.8667758e-11,1.5151281e-09,2.375442e-07,123.09657,1.9039547e-09,-3.0778632e-09,5.752672,0,0
1327,1.326,0,0,0,0,-0,0,0,0,0,0,0,0,0,0,0,0,0,0,0.52,1.2875122,-0.29453451,-1.573373,-2.2889978e-13,9.8705124e-13,0.78293607,-5.385945e-13,8.6110645e-13,-2.3563091,-3.5837258e-08,5.0090496e-12,-8.0017673e-12,-1.313744e-09,3.6896157e-07,-1.515219e-10,-1.3669024e-09,-2.1009329e-07,123.09657,1.8844769e-09,-3.0464863e-09,5.7526719,0,0
1328,1.327,0,0,0,0,-0,0,0,0,0,0,0,0,0,0,0,0,0,0,0.52,1.2875122,-0.29453451,-1.573373,-2.2681586e-13,9.7788829e-13,0.78293607,-5.3360846e-13,8.5314141e-13,-2.3563091,-3.5474949e-08,4.9630253e-12,-7.9283148e-12,-1.3001551e-09,3.5565569e-07,5.9473377e-11,1.5138073e-09,2.3727102e-07,123.09657,1.8652963e-09,-3.0154965e-09,5.7526719,0,0
1329,1.328,0,0,0,0,-0,0,0,0,0,0,0,0,0,0,0,0,0,0,0.52,1.2875122,-0.29453451,-1.573373,-2.2475104e-13,9.6880947e-13,0.78293607,-5.2866823e-13,8.4524948e-13,-2.3563091,-3.5116301e-08,4.9174389e-12,-7.855544e-12,-1.2867146e-09,3.6163967e-07,-1.5064625e-10,-1.3682656e-09,-2.1038996e-07,123.09657,1.8462169e-09,-2.9847542e-09,5.7526719,0,0
1330,1.329,0,0,0,0,-0,0,0,0,0,0,0,0,0,0,0,0,0,0,0.52,1.2875122,-0.29453451,-1.573373,-2.2270515e-13,9.5981402e-13,0.78293607,-5.2377338e-13,8.3743e-13,-2.3563091,-3.4761279e-08,4.8722445e-12,-7.7834159e-12,-1.2734054e-09,3.4840384e-07,6.0257483e-11,1.5125217e-09,2.3700831e-07,123.09657,1.8274468e-09,-2.9544205e-09,5.7526719,0,0
1331,1.33,0,0,0,0,-0,0,0,0,0,0,0,0,0,0,0,0,0,0,0.52,1.2875122,-0.29453451,-1.573373,-2.2067801e-13,9.5090118e-13,0.78293607,-5.1892352e-13,8.2968231e-13,-2.3563091,-3.4409848e-08,4.8274856e-12,-7.7119644e-12,-1.2602399e-09,3.5445966e-07,-1.4977537e-10,-1.3696186e-09,-2.1067727e-07,123.09657,1.8087482e-09,-2.9242939e-09,5.7526719,0,0
1332,1.331,0,0,0,0,-0,0,0,0,0,0,0,0,0,0,0,0,0,0,0.52,1.2875122,-0.29453451,-1.573373,-2.1866947e-13,9.4207021e-13,0.78293607,-5.1411822e-13,8.2200576e-13,-2.3563091,-3.4061969e-08,4.783108e-12,-7.6411402e-12,-1.2472014e-09,3.4129787e-07,6.1020244e-11,1.511267e-09,2.3675431e-07,123.09657,1.7903712e-09,-2.8945873e-09,5.7526719,0,0
1333,1.332,0,0,0,0,-0,0,0,0,0,0,0,0,0,0,0,0,0,0,0.52,1.2875122,-0.29453451,-1.573373,-2.1667934e-13,9.3332036e-13,0.78293607,-5.0935709e-13,8.143997e-13,-2.3563091,-3.3717606e-08,4.7391635e-12,-7.5709851e-12,-1.2343071e-09,3.4742795e-07,-1.4890922e-10,-1.3709568e-09,-2.1096579e-07,123.09657,1.7720369e-09,-2.8650595e-09,5.7526719,0,0
1334,1.333,0,0,0,0,-0,0,0,0,0,0,0,0,0,0,0,0,0,0,0.52,1.2875122,-0.29453451,-1.573373,-2.1470746e-13,9.2465087e-13,0.78293607,-5.0463971e-13,8.0686348e-13,-2.3563091,-3.3376724e-08,4.6955991e-12,-7.5014548e-12,-1.2215446e-09,3.3433652e-07,6.1780325e-11,1.5100174e-09,2.3649079e-07,123.09657,1.75399e-09,-2.8359e-09,5.7526719,0,0
1335,1.334,0,0,0,0,-0,0,0,0,0,0,0,0,0,0,0,0,0,0,0.52,1.2875122,-0.29453451,-1.573373,-2.1275366e-13,9.1606104e-13,0.78293607,-4.9996569e-13,7.9939648e-13,-2.3563091,-3.3039287e-08,4.6524332e-12,-7.4325515e-12,-1.2089105e-09,3.4053664e-07,-1.4811196e-10,-1.3722109e-09,-2.112225e-07,123.09657,1.7361183e-09,-2.8070661e-09,5.7526719,0,0
1336,1.335,0,0,0,0,-0,0,0,0,0,0,0,0,0,0,0,0,0,0,0.52,1.2875122,-0.29453451,-1.573373,-2.1081778e-13,9.0755012e-13,0.78293607,-4.9533464e-13,7.9199806e-13,-2.3563091,-3.2705262e-08,4.6096692e-12,-7.3642884e-12,-1.1964101e-09,3.2751307e-07,6.2583946e-11,1.5087372e-09,2.362233e-07,123.09657,1.7183858e-09,-2.7784607e-09,5.7526719,0,0
1337,1.336,0,0,0,0,-0,0,0,0,0,0,0,0,0,0,0,0,0,0,0.52,1.2875122,-0.29453451,-1.573373,-2.0889966e-13,8.9911741e-13,0.78293607,-4.9074616e-13,7.8466759e-13,-2.3563091,-3.2374614e-08,4.5672878e-12,-7.2966397e-12,-1.1840377e-09,3.3378293e-07,-1.4734686e-10,-1.3734397e-09,-2.1147851e-07,123.09657,1.7008692e-09,-2.7501812e-09,5.7526719,0,0
1338,1.337,0,0,0,0,-0,0,0,0,0,0,0,0,0,0,0,0,0,0,0.52,1.2875122,-0.29453451,-1.573373,-2.0699914e-13,8.9076219e-13,0.78293607,-4.8619987e-13,7.7740447e-13,-2.3563091,-3.204731e-08,4.5252906e-12,-7.2296027e-12,-1.1717889e-09,3.2082569e-07,6.3352422e-11,1.5075137e-09,2.35976e-07,123.09657,1.6835408e-09,-2.7222101e-09,5.7526719,0,0
1339,1.338,0,0,0,0,-0,0,0,0,0,0,0,0,0,0,0,0,0,0,0.52,1.2875122,-0.29453451,-1.573373,-2.0511605e-13,8.8248376e-13,0.78293607,-4.8169538e-13,7.7020808e-13,-2.3563091,-3.1723315e-08,4.4836847e-12,-7.163186e-12,-1.1596695e-09,3.2716443e-07,-1.4656419e-10,-1.3746803e-09,-2.1173706e-07,123.09657,1.6663458e-09,-2.6944738e-09,5.7526719,0,0
1340,1.339,0,0,0,0,-0,0,0,0,0,0,0,0,0,0,0,0,0,0,0.52,1.2875122,-0.29453451,-1.573373,-2.0325023e-13,8.742814e-13,0.78293607,-4.7723231e-13,7.630778e-13,-2.3563091,-3.1402596e-08,4.4424582e-12,-7.0973768e-12,-1.1476784e-09,3.1427271e-07,6.4111179e-11,1.5062987e-09,2.3571919e-07,123.09657,1.6493248e-09,-2.6670057e-09,5.7526719,0,0
1341,1.34,0,0,0,0,-0,0,0,0,0,0,0,0,0,0,0,0,0,0,0.52,1.2875122,-0.29453451,-1.573373,-2.0140154e-13,8.6615443e-13,0.78293607,-4.7281028e-13,7.5601303e-13,-2.3563091,-3.108512e-08,4.401602e-12,-7.0321597e-12,-1.1358108e-09,3.2067921e-07,-1.458235e-10,-1.3758645e-09,-2.1198408e-07,123.09657,1.6325041e-09,-2.6398528e-09,5.7526719,0,0
1342,1.341,0,0,0,0,-0,0,0,0,0,0,0,0,0,0,0,0,0,0,0.52,1.2875122,-0.29453451,-1.573373,-1.9956981e-13,8.5810217e-13,0.78293607,-4.6842892e-13,7.4901318e-13,-2.3563091,-3.0770854e-08,4.3611141e-12,-6.9675304e-12,-1.1240624e-09,3.0785372e-07,6.4847708e-11,1.5051231e-09,2.3548099e-07,123.09657,1.6158757e-09,-2.6130069e-09,5.7526719,0,0
1343,1.342,0,0,0,0,-0,0,0,0,0,0,0,0,0,0,0,0,0,0,0.52,1.2875122,-0.29453451,-1.573373,-1.9775489e-13,8.5012394e-13,0.78293607,-4.6408786e-13,7.4207767e-13,-2.3563091,-3.0459764e-08,4.3210044e-12,-6.9034996e-12,-1.1124386e-09,3.1432602e-07,-1.4506718e-10,-1.3770614e-09,-2.1223336e-07,123.09657,1.5993714e-09,-2.5863852e-09,5.7526719,0,0
1344,1.343,0,0,0,0,-0,0,0,0,0,0,0,0,0,0,0,0,0,0,0.52,1.2875122,-0.29453451,-1.573373,-1.9595663e-13,8.4221905e-13,0.78293607,-4.5978673e-13,7.3520589e-13,-2.3563091,-3.0151821e-08,4.2812552e-12,-6.8400493e-12,-1.1009334e-09,3.0156011e-07,6.556875e-11,1.5039621e-09,2.3524364e-07,123.09657,1.583061e-09,-2.5600482e-09,5.7526719,0,0
1345,1.344,0,0,0,0,-0,0,0,0,0,0,0,0,0,0,0,0,0,0,0.52,1.2875122,-0.29453451,-1.573373,-1.9417487e-13,8.3438684e-13,0.78293607,-4.5552517e-13,7.2839728e-13,-2.3563091,-2.984699e-08,4.2418696e-12,-6.7771754e-12,-1.089548e-09,3.0810147e-07,-1.4433982e-10,-1.3782144e-09,-2.1247279e-07,123.09657,1.5669106e-09,-2.5339869e-09,5.7526719,0,0
1346,1.345,0,0,0,0,-0,0,0,0,0,0,0,0,0,0,0,0,0,0,0.52,1.2875122,-0.29453451,-1.573373,-1.9240947e-13,8.2662666e-13,0.78293607,-4.5130282e-13,7.2165126e-13,-2.3563091,-2.954524e-08,4.202837e-12,-6.7148683e-12,-1.0782769e-09,2.9539815e-07,6.6274611e-11,1.5028286e-09,2.3501498e-07,123.09657,1.5509559e-09,-2.5082213e-09,5.7526719,0,0
1347,1.346,0,0,0,0,-0,0,0,0,0,0,0,0,0,0,0,0,0,0,0.52,1.2875122,-0.29453451,-1.573373,-1.9066027e-13,8.1893784e-13,0.78293607,-4.4711931e-13,7.1496725e-13,-2.3563091,-2.9246542e-08,4.1641721e-12,-6.6531412e-12,-1.0671258e-09,3.0199938e-07,-1.4360438e-10,-1.3793744e-09,-2.1271274e-07,123.09657,1.5351051e-09,-2.4826567e-09,5.7526719,0,0
1348,1.347,0,0,0,0,-0,0,0,0,0,0,0,0,0,0,0,0,0,0,0.52,1.2875122,-0.29453451,-1.573373,-1.8892713e-13,8.1131973e-13,0.78293607,-4.429743e-13,7.083447e-13,-2.3563091,-2.8950864e-08,4.1258525e-12,-6.5919716e-12,-1.0560889e-09,2.8935638e-07,6.6965222e-11,1.5017135e-09,2.3478663e-07,123.09657,1.5194524e-09,-2.4573768e-09,5.7526719,0,0
1349,1.348,0,0,0,0,-0,0,0,0,0,0,0,0,0,0,0,0,0,0,0.52,1.2875122,-0.29453451,-1.573373,-1.8720991e-13,8.0377168e-13,0.78293607,-4.3886743e-13,7.0178303e-13,-2.3563091,-2.8658176e-08,4.0878865e-12,-6.5313613e-12,-1.0451669e-09,2.9601904e-07,-1.4289722e-10,-1.380493e-09,-2.1294266e-07,123.09657,1.5039389e-09,-2.432345e-09,5.7526719,0,0
1350,1.349,0,0,0,0,-0,0,0,0,0,0,0,0,0,0,0,0,0,0,0.52,1.2875122,-0.29453451,-1.573373,-1.8550845e-13,7.9629307e-13,0.78293607,-4.3479836e-13,6.952817e-13,-2.3563091,-2.8368448e-08,4.0502598e-12,-6.4712968e-12,-1.0343547e-09,2.8343747e-07,6.7643736e-11,1.5006219e-09,2.3456704e-07,123.09657,1.488619e-09,-2.4076009e-09,5.7526719,0,0
1351,1.35,0,0,0,0,-0,0,0,0,0,0,0,0,0,0,0,0,0,0,0.52,1.2875122,-0.29453451,-1.573373,-1.8382262e-13,7.8888325e-13,0.78293607,-4.3076674e-13,6.8884016e-13,-2.3563091,-2.8081648e-08,4.0129856e-12,-6.4117881e-12,-1.023658e-09,2.9016238e-07,-1.4219219e-10,-1.3816044e-09,-2.1317368e-07,123.09657,1.4734089e-09,-2.3830675e-09,5.7526719,0,0
1352,1.351,0,0,0,0,-0,0,0,0,0,0,0,0,0,0,0,0,0,0,0.52,1.2875122,-0.29453451,-1.573373,-1.8215227e-13,7.815416e-13,0.78293607,-4.2677222e-13,6.8245786e-13,-2.3563091,-2.7797748e-08,3.9760441e-12,-6.3528166e-12,-1.0130709e-09,2.7763842e-07,6.8309251e-11,1.4995474e-09,2.3434793e-07,123.09657,1.4583905e-09,-2.35881e-09,5.7526719,0,0
1353,1.352,0,0,0,0,-0,0,0,0,0,0,0,0,0,0,0,0,0,0,0.52,1.2875122,-0.29453451,-1.573373,-1.8049726e-13,7.742675e-13,0.78293607,-4.2281448e-13,6.7613426e-13,-2.3563091,-2.7516717e-08,3.9394365e-12,-6.2943759e-12,-1.0025891e-09,2.8442305e-07,-1.4152457e-10,-1.3826661e-09,-2.1338438e-07,123.09657,1.4435418e-09,-2.3348336e-09,5.7526719,0,0
1354,1.353,0,0,0,0,-0,0,0,0,0,0,0,0,0,0,0,0,0,0,0.52,1.2875122,-0.29453451,-1.573373,-1.7885746e-13,7.6706033e-13,0.78293607,-4.1889317e-13,6.6986883e-13,-2.3563091,-2.7238526e-08,3.903178e-12,-6.2364856e-12,-9.9222327e-10,2.7195854e-07,6.9007609e-11,1.4984467e-09,2.3411603e-07,123.09657,1.4287689e-09,-2.3110137e-09,5.7526719,0,0
1355,1.354,0,0,0,0,-0,0,0,0,0,0,0,0,0,0,0,0,0,0,0.52,1.2875122,-0.29453451,-1.573373,-1.7723271e-13,7.5991948e-13,0.78293607,-4.1500797e-13,6.6366104e-13,-2.3563091,-2.6963148e-08,3.8672294e-12,-6.179103e-12,-9.8195668e-10,2.7879652e-07,-1.4090478e-10,-1.3836816e-09,-2.1358285e-07,123.09657,1.4142516e-09,-2.2875367e-09,5.7526719,0,0
1356,1.355,0,0,0,0,-0,0,0,0,0,0,0,0,0,0,0,0,0,0,0.52,1.2875122,-0.29453451,-1.573373,-1.756229e-13,7.5284434e-13,0.78293607,-4.1115854e-13,6.5751035e-13,-2.3563091,-2.6690556e-08,3.831631e-12,-6.1222631e-12,-9.7180169e-10,2.6638868e-07,6.970796e-11,1.4973616e-09,2.3389283e-07,123.09657,1.3997722e-09,-2.2642023e-09,5.7526719,0,0
1357,1.356,0,0,0,0,-0,0,0,0,0,0,0,0,0,0,0,0,0,0,0.52,1.2875122,-0.29453451,-1.573373,-1.7402787e-13,7.4583432e-13,0.78293607,-4.0734455e-13,6.5141625e-13,-2.3563091,-2.6420719e-08,3.7963448e-12,-6.0659337e-12,-9.6175164e-10,2.7328486e-07,-1.4028035e-10,-1.3847029e-09,-2.1379273e-07,123.09657,1.3855037e-09,-2.241144e-09,5.7526719,0,0
1358,1.357,0,0,0,0,-0,0,0,0,0,0,0,0,0,0,0,0,0,0,0.52,1.2875122,-0.29453451,-1.573373,-1.724475e-13,7.3888882e-13,0.78293607,-4.0356569e-13,6.4537823e-13,-2.3563091,-2.6153609e-08,3.7613781e-12,-6.0101096e-12,-9.5180235e-10,2.6093509e-07,7.0346947e-11,1.4963513e-09,2.336913e-07,123.09657,1.3713942e-09,-2.2183638e-09,5.7526719,0,0
1359,1.358,0,0,0,0,-0,0,0,0,0,0,0,0,0,0,0,0,0,0,0.52,1.2875122,-0.29453451,-1.573373,-1.7088165e-13,7.3200726e-13,0.78293607,-3.9982163e-13,6.3939577e-13,-2.3563091,-2.5889199e-08,3.7267394e-12,-5.9548058e-12,-9.4195928e-10,2.678856e-07,-1.3962439e-10,-1.3857439e-09,-2.1400517e-07,123.09657,1.3573848e-09,-2.1957595e-09,5.7526719,0,0
1360,1.359,0,0,0,0,-0,0,0,0,0,0,0,0,0,0,0,0,0,0,0.52,1.2875122,-0.29453451,-1.573373,-1.6933019e-13,7.2518906e-13,0.78293607,-3.9611206e-13,6.3346838e-13,-2.3563091,-2.5627462e-08,3.6924035e-12,-5.8999931e-12,-9.322116e-10,2.5558887e-07,7.0952615e-11,1.4953694e-09,2.3350054e-07,123.09657,1.3435857e-09,-2.1734532e-09,5.7526719,0,0
1361,1.36,0,0,0,0,-0,0,0,0,0,0,0,0,0,0,0,0,0,0,0.52,1.2875122,-0.29453451,-1.573373,-1.6779299e-13,7.1843362e-13,0.78293607,-3.9243666e-13,6.2759553e-13,-2.3563091,-2.536837e-08,3.6583998e-12,-5.8456982e-12,-9.2257081e-10,2.6259456e-07,-1.3895997e-10,-1.3867795e-09,-2.1421896e-07,123.09657,1.329834e-09,-2.1512857e-09,5.7526719,0,0
1362,1.361,0,0,0,0,-0,0,0,0,0,0,0,0,0,0,0,0,0,0,0.52,1.2875122,-0.29453451,-1.573373,-1.6626992e-13,7.1174038e-13,0.78293607,-3.8879511e-13,6.2177673e-13,-2.3563091,-2.5111898e-08,3.6246975e-12,-5.7918943e-12,-9.1303022e-10,2.5034826e-07,7.1555375e-11,1.4943872e-09,2.3330014e-07,123.09657,1.316268e-09,-2.1293652e-09,5.7526719,0,0
1363,1.362,0,0,0,0,-0,0,0,0,0,0,0,0,0,0,0,0,0,0,0.52,1.2875122,-0.29453451,-1.573373,-1.6476085e-13,7.0510876e-13,0.78293607,-3.8518711e-13,6.160115e-13,-2.3563091,-2.485802e-08,3.5913002e-12,-5.7385737e-12,-9.0358578e-10,2.5740875e-07,-1.3835002e-10,-1.387746e-09,-2.1441126e-07,123.09657,1.3028547e-09,-2.1077064e-09,5.7526719,0,0
1364,1.363,0,0,0,0,-0,0,0,0,0,0,0,0,0,0,0,0,0,0,0.52,1.2875122,-0.29453451,-1.573373,-1.6326565e-13,6.9853822e-13,0.78293607,-3.8161236e-13,6.1029934e-13,-2.3563091,-2.4606709e-08,3.5582101e-12,-5.685743e-12,-8.9423791e-10,2.4521375e-07,7.216985e-11,1.4934075e-09,2.33107e-07,123.09657,1.2895674e-09,-2.0862522e-09,5.7526719,0,0
1365,1.364,0,0,0,0,-0,0,0,0,0,0,0,0,0,0,0,0,0,0,0.52,1.2875122,-0.29453451,-1.573373,-1.6178419e-13,6.9202819e-13,0.78293607,-3.7807054e-13,6.0463977e-13,-2.3563091,-2.4357939e-08,3.5254233e-12,-5.633396e-12,-8.8498656e-10,2.5232637e-07,-1.3774344e-10,-1.3887135e-09,-2.146043e-07,123.09657,1.2764105e-09,-2.0650088e-09,5.7526719,0,0
1366,1.365,0,0,0,0,-0,0,0,0,0,0,0,0,0,0,0,0,0,0,0.52,1.2875122,-0.29453451,-1.573373,-1.6031636e-13,6.8557811e-13,0.78293607,-3.7456136e-13,5.9903231e-13,-2.3563091,-2.4111683e-08,3.4929434e-12,-5.5815353e-12,-8.7583677e-10,2.4018423e-07,7.2783599e-11,1.4924348e-09,2.3290389e-07,123.09657,1.2633509e-09,-2.0439386e-09,5.7526719,0,0
1367,1.366,0,0,0,0,-0,0,0,0,0,0,0,0,0,0,0,0,0,0,0.52,1.2875122,-0.29453451,-1.573373,-1.5886202e-13,6.7918745e-13,0.78293607,-3.7108452e-13,5.9347648e-13,-2.3563091,-2.3867918e-08,3.4607394e-12,-5.5301257e-12,-8.6677265e-10,2.4734687e-07,-1.3719161e-10,-1.3896155e-09,-2.1477565e-07,123.09657,1.2505289e-09,-2.0231952e-09,5.7526719,0,0
1368,1.367,0,0,0,0,-0,0,0,0,0,0,0,0,0,0,0,0,0,0,0.52,1.2875122,-0.29453451,-1.573373,-1.5742106e-13,6.7285566e-13,0.78293607,-3.6763972e-13,5.8797181e-13,-2.3563091,-2.3626617e-08,3.4288504e-12,-5.4792039e-12,-8.5780639e-10,2.3525553e-07,7.3413745e-11,1.4914591e-09,2.3270816e-07,123.09657,1.2377338e-09,-2.002571e-09,5.7526719,0,0
1369,1.368,0,0,0,0,-0,0,0,0,0,0,0,0,0,0,0,0,0,0,0.52,1.2875122,-0.29453451,-1.573373,-1.5599335e-13,6.6658219e-13,0.78293607,-3.6422667e-13,5.8251783e-13,-2.3563091,-2.3387755e-08,3.3972485e-12,-5.4287489e-12,-8.4893631e-10,2.4246738e-07,-1.3661759e-10,-1.3905492e-09,-2.1496799e-07,123.09657,1.2250909e-09,-1.982147e-09,5.7526719,0,0
1370,1.369,0,0,0,0,-0,0,0,0,0,0,0,0,0,0,0,0,0,0,0.52,1.2875122,-0.29453451,-1.573373,-1.5457876e-13,6.6036652e-13,0.78293607,-3.6084508e-13,5.7711409e-13,-2.3563091,-2.3151309e-08,3.3659255e-12,-5.3787401e-12,-8.4015252e-10,2.3042466e-07,7.3971453e-11,1.490567e-09,2.3253558e-07,123.09657,1.2126269e-09,-1.9620042e-09,5.7526719,0,0
1371,1.37,0,0,0,0,-0,0,0,0,0,0,0,0,0,0,0,0,0,0,0.52,1.2875122,-0.29453451,-1.573373,-1.5317719e-13,6.5420813e-13,0.78293607,-3.5749467e-13,5.7176012e-13,-2.3563091,-2.2917253e-08,3.334898e-12,-5.3291967e-12,-8.3146143e-10,2.3768798e-07,-1.3602633e-10,-1.3914802e-09,-2.151534e-07,123.09657,1.2002435e-09,-1.9420226e-09,5.7526719,0,0
1372,1.371,0,0,0,0,-0,0,0,0,0,0,0,0,0,0,0,0,0,0,0.52,1.2875122,-0.29453451,-1.573373,-1.5178852e-13,6.4810648e-13,0.78293607,-3.5417515e-13,5.6645547e-13,-2.3563091,-2.2685562e-08,3.3041528e-12,-5.2801072e-12,-8.2286206e-10,2.2569315e-07,7.4535899e-11,1.4896592e-09,2.3235213e-07,123.09657,1.1879933e-09,-1.9222373e-09,5.7526719,0,0
1373,1.372,0,0,0,0,-0,0,0,0,0,0,0,0,0,0,0,0,0,0,0.52,1.2875122,-0.29453451,-1.573373,-1.5041261e-13,6.4206105e-13,0.78293607,-3.5088623e-13,5.6119969e-13,-2.3563091,-2.2456214e-08,3.2736848e-12,-5.2314608e-12,-8.1434945e-10,2.330026e-07,-1.3547183e-10,-1.3923662e-09,-2.1532691e-07,123.09657,1.1758872e-09,-1.9026805e-09,5.7526719,0,0
1374,1.373,0,0,0,0,-0,0,0,0,0,0,0,0,0,0,0,0,0,0,0.52,1.2875122,-0.29453451,-1.573373,-1.4904937e-13,6.3607135e-13,0.78293607,-3.4762764e-13,5.5599232e-13,-2.3563091,-2.2229185e-08,3.2434978e-12,-5.1832607e-12,-8.0592427e-10,2.2105534e-07,7.5097816e-11,1.4887663e-09,2.3217727e-07,123.09657,1.1638927e-09,-1.8833126e-09,5.7526719,0,0
1375,1.374,0,0,0,0,-0,0,0,0,0,0,0,0,0,0,0,0,0,0,0.52,1.2875122,-0.29453451,-1.573373,-1.4769867e-13,6.3013684e-13,0.78293607,-3.4439909e-13,5.5083294e-13,-2.3563091,-2.2004451e-08,3.2135869e-12,-5.1355017e-12,-7.9758643e-10,2.2841286e-07,-1.3491979e-10,-1.3932482e-09,-2.1550159e-07,123.09657,1.1520205e-09,-1.8641387e-09,5.7526718,0,0
1376,1.375,0,0,0,0,-0,0,0,0,0,0,0,0,0,0,0,0,0,0,0.52,1.2875122,-0.29453451,-1.573373,-1.4636039e-13,6.2425704e-13,0.78293607,-3.4120033e-13,5.457211e-13,-2.3563091,-2.1781989e-08,3.1839507e-12,-5.0881803e-12,-7.8933587e-10,2.1651198e-07,7.5647416e-11,1.4878909e-09,2.3200271e-07,123.09657,1.140263e-09,-1.8451534e-09,5.7526718,0,0
1377,1.376,0,0,0,0,-0,0,0,0,0,0,0,0,0,0,0,0,0,0,0.52,1.2875122,-0.29453451,-1.573373,-1.4503443e-13,6.1843144e-13,0.78293607,-3.3803106e-13,5.4065637e-13,-2.3563091,-2.1561775e-08,3.1545867e-12,-5.0412933e-12,-7.8117255e-10,2.2391498e-07,-1.3437526e-10,-1.3941168e-09,-2.1567607e-07,123.09657,1.1286191e-09,-1.8263518e-09,5.7526718,0,0
1378,1.377,0,0,0,0,-0,0,0,0,0,0,0,0,0,0,0,0,0,0,0.52,1.2875122,-0.29453451,-1.573373,-1.4372068e-13,6.1265954e-13,0.78293607,-3.3489102e-13,5.356383e-13,-2.3563091,-2.1343788e-08,3.1254855e-12,-4.994828e-12,-7.7309144e-10,2.1205981e-07,7.6172761e-11,1.4870474e-09,2.318383e-07,123.09657,1.1171236e-09,-1.8077754e-09,5.7526718,0,0
1379,1.378,0,0,0,0,-0,0,0,0,0,0,0,0,0,0,0,0,0,0,0.52,1.2875122,-0.29453451,-1.573373,-1.4241901e-13,6.0694086e-13,0.78293607,-3.3177995e-13,5.306665e-13,-2.3563091,-2.1128005e-08,3.0966547e-12,-4.9487911e-12,-7.6509308e-10,2.1950516e-07,-1.3383437e-10,-1.3949738e-09,-2.1584159e-07,123.09657,1.1057241e-09,-1.789369e-09,5.7526718,0,0
1380,1.379,0,0,0,0,-0,0,0,0,0,0,0,0,0,0,0,0,0,0,0.52,1.2875122,-0.29453451,-1.573373,-1.4112933e-13,6.0127491e-13,0.78293607,-3.2869758e-13,5.2574051e-13,-2.3563091,-2.0914405e-08,3.0680871e-12,-4.9031757e-12,-7.5717751e-10,2.0769625e-07,7.669923e-11,1.4862047e-09,2.3167275e-07,123.09657,1.0944434e-09,-1.7711473e-09,5.7526718,0,0
1381,1.38,0,0,0,0,-0,0,0,0,0,0,0,0,0,0,0,0,0,0,0.52,1.2875122,-0.29453451,-1.573373,-1.3985151e-13,5.956612e-13,0.78293607,-3.2564365e-13,5.2085993e-13,-2.3563091,-2.0702964e-08,3.0397821e-12,-4.8579781e-12,-7.4934463e-10,2.1518595e-07,-1.3330925e-10,-1.3958096e-09,-2.16007e-07,123.09657,1.0832717e-09,-1.7531063e-09,5.7526718,0,0
1382,1.381,0,0,0,0,-0,0,0,0,0,0,0,0,0,0,0,0,0,0,0.52,1.2875122,-0.29453451,-1.573373,-1.3858546e-13,5.9009926e-13,0.78293607,-3.2261789e-13,5.1602435e-13,-2.3563091,-2.049366e-08,3.0117298e-12,-4.8131867e-12,-7.4158941e-10,2.0342117e-07,7.7204677e-11,1.4853923e-09,2.3151744e-07,123.09657,1.0722454e-09,-1.735284e-09,5.7526718,0,0
1383,1.382,0,0,0,0,-0,0,0,0,0,0,0,0,0,0,0,0,0,0,0.52,1.2875122,-0.29453451,-1.573373,-1.3733107e-13,5.8458861e-13,0.78293607,-3.1962005e-13,5.1123335e-13,-2.3563091,-2.0286472e-08,2.9839437e-12,-4.7688143e-12,-7.3391751e-10,2.1095458e-07,-1.3277685e-10,-1.3966474e-09,-2.1617366e-07,123.09657,1.0612839e-09,-1.7175963e-09,5.7526718,0,0
1384,1.383,0,0,0,0,-0,0,0,0,0,0,0,0,0,0,0,0,0,0,0.52,1.2875122,-0.29453451,-1.573373,-1.3608822e-13,5.7912879e-13,0.78293607,-3.1664988e-13,5.0648652e-13,-2.3563091,-2.0081379e-08,2.9564105e-12,-4.7248487e-12,-7.2632814e-10,1.9923251e-07,7.7710281e-11,1.4845785e-09,2.313524e-07,123.09657,1.0504415e-09,-1.7000824e-09,5.7526718,0,0
1385,1.384,0,0,0,0,-0,0,0,0,0,0,0,0,0,0,0,0,0,0,0.52,1.2875122,-0.29453451,-1.573373,-1.3485682e-13,5.7371932e-13,0.78293607,-3.1370711e-13,5.0178346e-13,-2.3563091,-1.9878359e-08,2.9291186e-12,-4.681272e-12,-7.1881124e-10,2.0680589e-07,-1.3229399e-10,-1.397425e-09,-2.1631859e-07,123.09657,1.0397626e-09,-1.6828129e-09,5.7526718,0,0
1386,1.385,0,0,0,0,-0,0,0,0,0,0,0,0,0,0,0,0,0,0,0.52,1.2875122,-0.29453451,-1.573373,-1.3363676e-13,5.6835976e-13,0.78293607,-3.1079151e-13,4.9712377e-13,-2.3563091,-1.9677393e-08,2.9020867e-12,-4.638103e-12,-7.1137327e-10,1.9512759e-07,7.8230127e-11,1.4837632e-09,2.3119453e-07,123.09657,1.0291421e-09,-1.6656738e-09,5.7526718,0,0
1387,1.386,0,0,0,0,-0,0,0,0,0,0,0,0,0,0,0,0,0,0,0.52,1.2875122,-0.29453451,-1.573373,-1.3242793e-13,5.6304964e-13,0.78293607,-3.0790281e-13,4.9250705e-13,-2.3563091,-1.9478459e-08,2.8753079e-12,-4.5953391e-12,-7.0401827e-10,2.0274084e-07,-1.3178761e-10,-1.3982354e-09,-2.1648455e-07,123.09657,1.0186009e-09,-1.6486573e-09,5.7526718,0,0
1388,1.387,0,0,0,0,-0,0,0,0,0,0,0,0,0,0,0,0,0,0,0.52,1.2875122,-0.29453451,-1.573373,-1.3123024e-13,5.5778851e-13,0.78293607,-3.0504078e-13,4.8793291e-13,-2.3563091,-1.9281536e-08,2.848754e-12,-4.552943e-12,-6.9673063e-10,1.9110352e-07,7.86798e-11,1.4830275e-09,2.3105984e-07,123.09657,1.0082689e-09,-1.6319306e-09,5.7526718,0,0
1389,1.388,0,0,0,0,-0,0,0,0,0,0,0,0,0,0,0,0,0,0,0.52,1.2875122,-0.29453451,-1.573373,-1.3004357e-13,5.5257592e-13,0.78293607,-3.0220517e-13,4.8340096e-13,-2.3563091,-1.9086604e-08,2.822462e-12,-4.5109509e-12,-6.8952256e-10,1.9876057e-07,-1.312639e-10,-1.3990434e-09,-2.1664371e-07,123.09657,9.9794873e-10,-1.6152936e-09,5.7526718,0,0
1390,1.389,0,0,0,0,-0,0,0,0,0,0,0,0,0,0,0,0,0,0,0.52,1.2875122,-0.29453451,-1.573373,-1.2886784e-13,5.4741143e-13,0.78293607,-2.9939574e-13,4.7891082e-13,-2.3563091,-1.8893643e-08,2.7964062e-12,-4.4693444e-12,-6.8239224e-10,1.8716264e-07,7.9152434e-11,1.4822565e-09,2.3090435e-07,123.09657,9.8775569e-10,-1.598819e-09,5.7526718,0,0
1391,1.39,0,0,0,0,-0,0,0,0,0,0,0,0,0,0,0,0,0,0,0.52,1.2875122,-0.29453451,-1.573373,-1.2770294e-13,5.4229459e-13,0.78293607,-2.9661224e-13,4.7446209e-13,-2.3563091,-1.8702633e-08,2.77058e-12,-4.4281052e-12,-6.7532985e-10,1.9485691e-07,-1.3080497e-10,-1.3997783e-09,-2.1677957e-07,123.09657,9.7771238e-10,-1.5825784e-09,5.7526718,0,0
1392,1.391,0,0,0,0,-0,0,0,0,0,0,0,0,0,0,0,0,0,0,0.52,1.2875122,-0.29453451,-1.573373,-1.2654877e-13,5.3722499e-13,0.78293607,-2.9385446e-13,4.7005441e-13,-2.3563091,-1.8513554e-08,2.7449997e-12,-4.3872527e-12,-6.6834177e-10,1.833002e-07,7.9644466e-11,1.4814833e-09,2.3075572e-07,123.09657,9.6772416e-10,-1.5664571e-09,5.7526718,0,0
1393,1.392,0,0,0,0,-0,0,0,0,0,0,0,0,0,0,0,0,0,0,0.52,1.2875122,-0.29453451,-1.573373,-1.2540523e-13,5.3220217e-13,0.78293607,-2.9112213e-13,4.656874e-13,-2.3563091,-1.8326386e-08,2.7196503e-12,-4.3467724e-12,-6.6142718e-10,1.9103675e-07,-1.303434e-10,-1.4005227e-09,-2.1692654e-07,123.09657,9.5785524e-10,-1.5505081e-09,5.7526718,0,0
1394,1.393,0,0,0,0,-0,0,0,0,0,0,0,0,0,0,0,0,0,0,0.52,1.2875122,-0.29453451,-1.573373,-1.2427224e-13,5.2722571e-13,0.78293607,-2.8841504e-13,4.6136068e-13,-2.3563091,-1.8141108e-08,2.6945346e-12,-4.3066627e-12,-6.5458609e-10,1.7951929e-07,8.011202e-11,1.480742e-09,2.3060873e-07,123.09657,9.4807907e-10,-1.5347205e-09,5.7526718,0,0
1395,1.394,0,0,0,0,-0,0,0,0,0,0,0,0,0,0,0,0,0,0,0.52,1.2875122,-0.29453451,-1.573373,-1.2314968e-13,5.2229518e-13,0.78293607,-2.8573295e-13,4.5707389e-13,-2.3563091,-1.7957704e-08,2.6696451e-12,-4.2669173e-12,-6.4781327e-10,1.8728911e-07,-1.2989086e-10,-1.4012512e-09,-2.1706308e-07,123.09657,9.3842169e-10,-1.519108e-09,5.7526718,0,0
1396,1.395,0,0,0,0,-0,0,0,0,0,0,0,0,0,0,0,0,0,0,0.52,1.2875122,-0.29453451,-1.573373,-1.2203746e-13,5.1741018e-13,0.78293607,-2.8307563e-13,4.5282667e-13,-2.3563091,-1.7776153e-08,2.6449857e-12,-4.2275364e-12,-6.4110958e-10,1.7581123e-07,8.0572055e-11,1.480013e-09,2.3047046e-07,123.09657,9.2885294e-10,-1.5036512e-09,5.7526718,0,0
1397,1.396,0,0,0,0,-0,0,0,0,0,0,0,0,0,0,0,0,0,0,0.52,1.2875122,-0.29453451,-1.573373,-1.209355e-13,5.1257028e-13,0.78293607,-2.8044286e-13,4.4861864e-13,-2.3563091,-1.7596438e-08,2.6205518e-12,-4.1885163e-12,-6.3447487e-10,1.8361972e-07,-1.294399e-10,-1.4019728e-09,-2.1720104e-07,123.09657,9.1938412e-10,-1.4883506e-09,5.7526718,0,0
1398,1.397,0,0,0,0,-0,0,0,0,0,0,0,0,0,0,0,0,0,0,0.52,1.2875122,-0.29453451,-1.573373,-1.198437e-13,5.0777506e-13,0.78293607,-2.7783441e-13,4.4444945e-13,-2.3563091,-1.7418539e-08,2.5963501e-12,-4.1498629e-12,-6.2791411e-10,1.721783e-07,8.1036515e-11,1.4792794e-09,2.3032256e-07,123.09657,9.0997003e-10,-1.4731578e-09,5.7526718,0,0
1399,1.398,0,0,0,0,-0,0,0,0,0,0,0,0,0,0,0,0,0,0,0.52,1.2875122,-0.29453451,-1.573373,-1.1876195e-13,5.0302413e-13,0.78293607,-2.7525006e-13,4.4031875e-13,-2.3563091,-1.7242439e-08,2.57235e-12,-4.1115424e-12,-6.2141147e-10,1.8002082e-07,-1.2903685e-10,-1.4026383e-09,-2.1731728e-07,123.09657,9.0075336e-10,-1.4582256e-09,5.7526718,0,0
1400,1.399,0,0,0,0,-0,0,0,0,0,0,0,0,0,0,0,0,0,0,0.52,1.2875122,-0.29453451,-1.573373,-1.1769018e-13,4.9831706e-13,0.78293607,-2.7268959e-13,4.3622618e-13,-2.3563091,-1.7068119e-08,2.5485953e-12,-4.0735962e-12,-6.1498427e-10,1.6861966e-07,8.1527491e-11,1.4785307e-09,2.3017166e-07,123.09657,8.9150313e-10,-1.4433281e-09,5.7526718,0,0
1401,1.4,0,0,0,0,-0,0,0,0,0,0,0,0,0,0,0,0,0,0,0.52,1.2875122,-0.29453451,-1.573373,-1.1662829e-13,4.9365346e-13,0.78293607,-2.7015277e-13,4.3217139e-13,-2.3563091,-1.6895562e-08,2.5250395e-12,-4.0359842e-12,-6.0861996e-10,1.7649486e-07,-1.2863905e-10,-1.4033067e-09,-2.1744304e-07,123.09657,8.8244115e-10,-1.4286485e-09,5.7526718,0,0
1402,1.401,0,0,0,0,-0,0,0,0,0,0,0,0,0,0,0,0,0,0,0.52,1.2875122,-0.29453451,-1.573373,-1.1557619e-13,4.8903293e-13,0.78293607,-2.676394e-13,4.2815403e-13,-2.3563091,-1.672475e-08,2.5017143e-12,-3.9987267e-12,-6.0232527e-10,1.6512854e-07,8.1988567e-11,1.4778216e-09,2.3003242e-07,123.09656,8.7339851e-10,-1.4140681e-09,5.7526718,0,0
1403,1.402,0,0,0,0,-0,0,0,0,0,0,0,0,0,0,0,0,0,0,0.52,1.2875122,-0.29453451,-1.573373,-1.1453379e-13,4.8445508e-13,0.78293607,-2.6514925e-13,4.2417377e-13,-2.3563091,-1.6555665e-08,2.478584e-12,-3.9617936e-12,-5.9608932e-10,1.7304205e-07,-1.2824905e-10,-1.4039555e-09,-2.1756052e-07,123.09656,8.6454226e-10,-1.3997204e-09,5.7526718,0,0
1404,1.403,0,0,0,0,-0,0,0,0,0,0,0,0,0,0,0,0,0,0,0.52,1.2875122,-0.29453451,-1.573373,-1.1350101e-13,4.7991952e-13,0.78293607,-2.6268211e-13,4.2023027e-13,-2.3563091,-1.638829e-08,2.4556867e-12,-3.9252174e-12,-5.8992347e-10,1.6170881e-07,8.2454385e-11,1.477108e-09,2.2989223e-07,123.09656,8.5567216e-10,-1.3854264e-09,5.7526718,0,0
1405,1.404,0,0,0,0,-0,0,0,0,0,0,0,0,0,0,0,0,0,0,0.52,1.2875122,-0.29453451,-1.573373,-1.1247774e-13,4.7542585e-13,0.78293607,-2.6023777e-13,4.1632317e-13,-2.3563091,-1.6222606e-08,2.4329871e-12,-3.8889688e-12,-5.8382121e-10,1.6965761e-07,-1.2785348e-10,-1.4046109e-09,-2.1768771e-07,123.09656,8.4695306e-10,-1.3713146e-09,5.7526718,0,0
1406,1.405,0,0,0,0,-0,0,0,0,0,0,0,0,0,0,0,0,0,0,0.52,1.2875122,-0.29453451,-1.573373,-1.1146391e-13,4.7097369e-13,0.78293607,-2.5781603e-13,4.1245217e-13,-2.3563091,-1.6058598e-08,2.4104935e-12,-3.8530447e-12,-5.7777834e-10,1.5835888e-07,8.2866251e-11,1.4764591e-09,2.2977345e-07,123.09656,8.3833413e-10,-1.3573848e-09,5.7526718,0,0
1407,1.406,0,0,0,0,-0,0,0,0,0,0,0,0,0,0,0,0,0,0,0.52,1.2875122,-0.29453451,-1.573373,-1.1045944e-13,4.6656267e-13,0.78293607,-2.5541668e-13,4.0861691e-13,-2.3563091,-1.5896249e-08,2.3882148e-12,-3.817461e-12,-5.7180038e-10,1.6634006e-07,-1.274236e-10,-1.4052916e-09,-2.1781753e-07,123.09656,8.2975979e-10,-1.3435409e-09,5.7526718,0,0
1408,1.407,0,0,0,0,-0,0,0,0,0,0,0,0,0,0,0,0,0,0,0.52,1.2875122,-0.29453451,-1.573373,-1.0946422e-13,4.6219241e-13,0.78293607,-2.5303951e-13,4.0481708e-13,-2.3563091,-1.5735542e-08,2.3661338e-12,-3.7821977e-12,-5.6588151e-10,1.5507256e-07,8.326147e-11,1.4758182e-09,2.2965527e-07,123.09656,8.2130641e-10,-1.3298658e-09,5.7526718,0,0
1409,1.408,0,0,0,0,-0,0,0,0,0,0,0,0,0,0,0,0,0,0,0.52,1.2875122,-0.29453451,-1.573373,-1.0847819e-13,4.5786253e-13,0.78293607,-2.5068431e-13,4.0105235e-13,-2.3563091,-1.557646e-08,2.3442625e-12,-3.7472629e-12,-5.6002775e-10,1.6309247e-07,-1.2700407e-10,-1.4059486e-09,-2.1794775e-07,123.09656,8.1290301e-10,-1.3163032e-09,5.7526718,0,0
1410,1.409,0,0,0,0,-0,0,0,0,0,0,0,0,0,0,0,0,0,0,0.52,1.2875122,-0.29453451,-1.573373,-1.0750126e-13,4.5357265e-13,0.78293607,-2.4835088e-13,3.973224e-13,-2.3563091,-1.5418985e-08,2.322583e-12,-3.7126407e-12,-5.5423306e-10,1.5185765e-07,8.3645144e-11,1.4751929e-09,2.2953712e-07,123.09656,8.046292e-10,-1.3029165e-09,5.7526718,0,0
1411,1.41,0,0,0,0,-0,0,0,0,0,0,0,0,0,0,0,0,0,0,0.52,1.2875122,-0.29453451,-1.573373,-1.0653333e-13,4.4932243e-13,0.78293607,-2.4603904e-13,3.9362691e-13,-2.3563091,-1.5263102e-08,2.3011077e-12,-3.6783396e-12,-5.4849815e-10,1.599068e-07,-1.2659574e-10,-1.4065907e-09,-2.1806729e-07,123.09656,7.9641341e-10,-1.2896476e-09,5.7526718,0,0
1412,1.411,0,0,0,0,-0,0,0,0,0,0,0,0,0,0,0,0,0,0,0.52,1.2875122,-0.29453451,-1.573373,-1.0557434e-13,4.4511149e-13,0.78293607,-2.4374857e-13,3.8996557e-13,-2.3563091,-1.5108796e-08,2.2798276e-12,-3.6443524e-12,-5.4282307e-10,1.4870703e-07,8.4035528e-11,1.4745651e-09,2.2941746e-07,123.09656,7.8829055e-10,-1.2765165e-09,5.7526718,0,0
1413,1.412,0,0,0,0,-0,0,0,0,0,0,0,0,0,0,0,0,0,0,0.52,1.2875122,-0.29453451,-1.573373,-1.046242e-13,4.4093947e-13,0.78293607,-2.4147929e-13,3.8633805e-13,-2.3563091,-1.4956048e-08,2.2587376e-12,-3.6106698e-12,-5.3720264e-10,1.5678714e-07,-1.2621562e-10,-1.4072001e-09,-2.1817661e-07,123.09656,7.8027664e-10,-1.2635536e-09,5.7526718,0,0
1414,1.413,0,0,0,0,-0,0,0,0,0,0,0,0,0,0,0,0,0,0,0.52,1.2875122,-0.29453451,-1.573373,-1.0368282e-13,4.3680602e-13,0.78293607,-2.3923099e-13,3.8274406e-13,-2.3563091,-1.4804844e-08,2.2378559e-12,-3.5773122e-12,-5.316477e-10,1.4562115e-07,8.4452365e-11,1.4739154e-09,2.292865e-07,123.09656,7.7226994e-10,-1.2506424e-09,5.7526718,0,0
1415,1.414,0,0,0,0,-0,0,0,0,0,0,0,0,0,0,0,0,0,0,0.52,1.2875122,-0.29453451,-1.573373,-1.0275013e-13,4.3271078e-13,0.78293607,-2.3700349e-13,3.7918329e-13,-2.3563091,-1.465517e-08,2.2171445e-12,-3.5442401e-12,-5.2614147e-10,1.5372746e-07,-1.2587524e-10,-1.4077714e-09,-2.1827405e-07,123.09656,7.644521e-10,-1.2379637e-09,5.7526718,0,0
1416,1.415,0,0,0,0,-0,0,0,0,0,0,0,0,0,0,0,0,0,0,0.52,1.2875122,-0.29453451,-1.573373,-1.0182605e-13,4.2865341e-13,0.78293607,-2.3479659e-13,3.7565542e-13,-2.3563091,-1.4507009e-08,2.1966503e-12,-3.5114961e-12,-5.2070145e-10,1.425945e-07,8.4886847e-11,1.4732595e-09,2.291541e-07,123.09656,7.565782e-10,-1.2252905e-09,5.7526718,0,0
1417,1.416,0,0,0,0,-0,0,0,0,0,0,0,0,0,0,0,0,0,0,0.52,1.2875122,-0.29453451,-1.573373,-1.009105e-13,4.2463354e-13,0.78293607,-2.3261011e-13,3.7216016e-13,-2.3563091,-1.4360345e-08,2.1763154e-12,-3.4790271e-12,-5.1531021e-10,1.5073328e-07,-1.2555674e-10,-1.4083215e-09,-2.1837162e-07,123.09656,7.4892881e-10,-1.2128724e-09,5.7526718,0,0
1418,1.417,0,0,0,0,-0,0,0,0,0,0,0,0,0,0,0,0,0,0,0.52,1.2875122,-0.29453451,-1.573373,-1.000034e-13,4.2065085e-13,0.78293607,-2.3044386e-13,3.6869721e-13,-2.3563091,-1.4215163e-08,2.15619e-12,-3.446873e-12,-5.0998004e-10,1.3963057e-07,8.5305961e-11,1.4726297e-09,2.2903196e-07,123.09656,7.4124313e-10,-1.2004953e-09,5.7526718,0,0
1419,1.418,0,0,0,0,-0,0,0,0,0,0,0,0,0,0,0,0,0,0,0.52,1.2875122,-0.29453451,-1.573373,-9.9104674e-14,4.1670498e-13,0.78293607,-2.2829765e-13,3.6526627e-13,-2.3563091,-1.4071448e-08,2.1362291e-12,-3.4149987e-12,-5.0469923e-10,1.4779979e-07,-1.252276e-10,-1.408881e-09,-2.1847035e-07,123.09656,7.3373675e-10,-1.1883203e-09,5.7526718,0,0
1420,1.419,0,0,0,0,-0,0,0,0,0,0,0,0,0,0,0,0,0,0,0.52,1.2875122,-0.29453451,-1.573373,-9.8214245e-14,4.1279561e-13,0.78293607,-2.261713e-13,3.6186705e-13,-2.3563091,-1.3929186e-08,2.1164738e-12,-3.3834357e-12,-4.994793e-10,1.367239e-07,8.5716969e-11,1.4720068e-09,2.2891021e-07,123.09656,7.2619575e-10,-1.1761741e-09,5.7526718,0,0
1421,1.42,0,0,0,0,-0,0,0,0,0,0,0,0,0,0,0,0,0,0,0.52,1.2875122,-0.29453451,-1.573373,-9.7332036e-14,4.0892239e-13,0.78293607,-2.2406462e-13,3.5849926e-13,-2.3563091,-1.3788364e-08,2.0968822e-12,-3.3521497e-12,-4.9430863e-10,1.4491973e-07,-1.2490019e-10,-1.4094347e-09,-2.1856887e-07,123.09656,7.188199e-10,-1.1642148e-09,5.7526718,0,0
1422,1.421,0,0,0,0,-0,0,0,0,0,0,0,0,0,0,0,0,0,0,0.52,1.2875122,-0.29453451,-1.573373,-9.6457971e-14,4.05085e-13,0.78293607,-2.2197744e-13,3.5516261e-13,-2.3563091,-1.3648967e-08,2.0774828e-12,-3.3211579e-12,-4.8919392e-10,1.3387535e-07,8.6101314e-11,1.4714181e-09,2.2879829e-07,123.09656,7.1145796e-10,-1.1523408e-09,5.7526718,0,0
1423,1.422,0,0,0,0,-0,0,0,0,0,0,0,0,0,0,0,0,0,0,0.52,1.2875122,-0.29453451,-1.573373,-9.5591978e-14,4.012831e-13,0.78293607,-2.1990957e-13,3.5185681e-13,-2.3563091,-1.3510979e-08,2.0582512e-12,-3.2904436e-12,-4.8412916e-10,1.4209983e-07,-1.2456439e-10,-1.4099896e-09,-2.1866877e-07,123.09656,7.042223e-10,-1.1406222e-09,5.7526718,0,0
1424,1.423,0,0,0,0,-0,0,0,0,0,0,0,0,0,0,0,0,0,0,0.52,1.2875122,-0.29453451,-1.573373,-9.4733981e-14,3.9751637e-13,0.78293607,-2.1786084e-13,3.4858158e-13,-2.3563091,-1.3374387e-08,2.0392068e-12,-3.2600194e-12,-4.7912018e-10,1.3108476e-07,8.6475559e-11,1.4708381e-09,2.2868672e-07,123.09656,6.9700792e-10,-1.1289819e-09,5.7526718,0,0
1425,1.424,0,0,0,0,-0,0,0,0,0,0,0,0,0,0,0,0,0,0,0.52,1.2875122,-0.29453451,-1.573373,-9.3883908e-14,3.9378448e-13,0.78293607,-2.1583108e-13,3.4533663e-13,-2.3563091,-1.3239174e-08,2.0203257e-12,-3.2298638e-12,-4.7416127e-10,1.393418e-07,-1.2423783e-10,-1.410527e-09,-2.1876889e-07,123.09656,6.899253e-10,-1.1175126e-09,5.7526718,0,0
1426,1.425,0,0,0,0,-0,0,0,0,0,0,0,0,0,0,0,0,0,0,0.52,1.2875122,-0.29453451,-1.573373,-9.3041687e-14,3.9008713e-13,0.78293607,-2.138201e-13,3.4212171e-13,-2.3563091,-1.3105327e-08,2.0016231e-12,-3.1999876e-12,-4.6925294e-10,1.2835188e-07,8.6832612e-11,1.4702795e-09,2.2858555e-07,123.09656,6.8288964e-10,-1.1061475e-09,5.7526718,0,0
1427,1.426,0,0,0,0,-0,0,0,0,0,0,0,0,0,0,0,0,0,0,0.52,1.2875122,-0.29453451,-1.573373,-9.2207244e-14,3.8642398e-13,0.78293607,-2.1182774e-13,3.3893652e-13,-2.3563091,-1.2972834e-08,1.9831005e-12,-3.170398e-12,-4.6440012e-10,1.3663292e-07,-1.2387773e-10,-1.4111004e-09,-2.1887992e-07,123.09656,6.7588433e-10,-1.0948357e-09,5.7526718,0,0
1428,1.427,0,0,0,0,-0,0,0,0,0,0,0,0,0,0,0,0,0,0,0.52,1.2875122,-0.29453451,-1.573373,-9.1380509e-14,3.8279472e-13,0.78293607,-2.0985382e-13,3.3578079e-13,-2.3563091,-1.2841682e-08,1.9647326e-12,-3.1410629e-12,-4.5959224e-10,1.2567247e-07,8.7141931e-11,1.4697706e-09,2.2849568e-07,123.09656,6.6902799e-10,-1.0837247e-09,5.7526718,0,0
1429,1.428,0,0,0,0,-0,0,0,0,0,0,0,0,0,0,0,0,0,0,0.52,1.2875122,-0.29453451,-1.573373,-9.0561411e-14,3.7919905e-13,0.78293607,-2.0789818e-13,3.3265425e-13,-2.3563091,-1.2711855e-08,1.9465446e-12,-3.1120058e-12,-4.5483569e-10,1.3398146e-07,-1.2351792e-10,-1.4116564e-09,-2.1898257e-07,123.09656,6.6218603e-10,-1.0726836e-09,5.7526718,0,0
1430,1.429,0,0,0,0,-0,0,0,0,0,0,0,0,0,0,0,0,0,0,0.52,1.2875122,-0.29453451,-1.573373,-8.974988e-14,3.7563666e-13,0.78293607,-2.0596065e-13,3.2955664e-13,-2.3563091,-1.2583341e-08,1.9285214e-12,-3.0832169e-12,-4.5012953e-10,1.2304702e-07,8.7471502e-11,1.4692342e-09,2.2839489e-07,123.09656,6.5542541e-10,-1.0617477e-09,5.7526718,0,0
1431,1.43,0,0,0,0,-0,0,0,0,0,0,0,0,0,0,0,0,0,0,0.52,1.2875122,-0.29453451,-1.573373,-8.8945847e-14,3.7210724e-13,0.78293607,-2.0404106e-13,3.2648769e-13,-2.3563091,-1.2456125e-08,1.9106581e-12,-3.0546835e-12,-4.4546892e-10,1.313841e-07,-1.231982e-10,-1.4121675e-09,-2.1907367e-07,123.09656,6.4876267e-10,-1.0509668e-09,5.7526718,0,0
1432,1.431,0,0,0,0,-0,0,0,0,0,0,0,0,0,0,0,0,0,0,0.52,1.2875122,-0.29453451,-1.573373,-8.8149243e-14,3.6861049e-13,0.78293607,-2.0213925e-13,3.2344714e-13,-2.3563091,-1.2330194e-08,1.8929668e-12,-3.0264203e-12,-4.4085951e-10,1.2047758e-07,8.781559e-11,1.4686941e-09,2.2829248e-07,123.09656,6.4212858e-10,-1.0402555e-09,5.7526718,0,0
1433,1.432,0,0,0,0,-0,0,0,0,0,0,0,0,0,0,0,0,0,0,0.52,1.2875122,-0.29453451,-1.573373,-8.7360001e-14,3.6514611e-13,0.78293607,-2.0025505e-13,3.2043472e-13,-2.3563091,-1.2205537e-08,1.8754312e-12,-2.9984114e-12,-4.3629536e-10,1.2883741e-07,-1.2288666e-10,-1.4126763e-09,-2.1916418e-07,123.09656,6.355963e-10,-1.0296792e-09,5.7526718,0,0
1434,1.433,0,0,0,0,-0,0,0,0,0,0,0,0,0,0,0,0,0,0,0.52,1.2875122,-0.29453451,-1.573373,-8.6578051e-14,3.6171379e-13,0.78293607,-1.983883e-13,3.1745018e-13,-2.3563091,-1.208214e-08,1.8580674e-12,-2.9706696e-12,-4.3178235e-10,1.1795598e-07,8.8158892e-11,1.4681599e-09,2.2819021e-07,123.09656,6.2907826e-10,-1.0191612e-09,5.7526718,0,0
1435,1.434,0,0,0,0,-0,0,0,0,0,0,0,0,0,0,0,0,0,0,0.52,1.2875122,-0.29453451,-1.573373,-8.5803328e-14,3.5831325e-13,0.78293607,-1.9653884e-13,3.1449326e-13,-2.3563091,-1.1959991e-08,1.8408542e-12,-2.9431755e-12,-4.2731464e-10,1.26341e-07,-1.2258529e-10,-1.4131717e-09,-2.1925479e-07,123.09656,6.2267122e-10,-1.0087856e-09,5.7526718,0,0
1436,1.435,0,0,0,0,-0,0,0,0,0,0,0,0,0,0,0,0,0,0,0.52,1.2875122,-0.29453451,-1.573373,-8.5035764e-14,3.5494419e-13,0.78293607,-1.9470651e-13,3.115637e-13,-2.3563091,-1.1839078e-08,1.8238022e-12,-2.9159341e-12,-4.2289305e-10,1.1548572e-07,8.8481419e-11,1.4676544e-09,2.2809796e-07,123.09656,6.163145e-10,-9.9851469e-10,5.7526718,0,0
1437,1.436,0,0,0,0,-0,0,0,0,0,0,0,0,0,0,0,0,0,0,0.52,1.2875122,-0.29453451,-1.573373,-8.4275295e-14,3.5160633e-13,0.78293607,-1.9289116e-13,3.0866127e-13,-2.3563091,-1.1719387e-08,1.8068996e-12,-2.8889359e-12,-4.1851241e-10,1.238958e-07,-1.2228669e-10,-1.413658e-09,-2.1933667e-07,123.09656,6.1006013e-10,-9.8838399e-10,5.7526718,0,0
1438,1.437,0,0,0,0,-0,0,0,0,0,0,0,0,0,0,0,0,0,0,0.52,1.2875122,-0.29453451,-1.573373,-8.3521857e-14,3.4829938e-13,0.78293607,-1.9109263e-13,3.057857e-13,-2.3563091,-1.1600906e-08,1.7901607e-12,-2.8621927e-12,-4.1417845e-10,1.1306782e-07,8.8808872e-11,1.4671444e-09,2.2800459e-07,123.09656,6.0382816e-10,-9.783217e-10,5.7526718,0,0
1439,1.438,0,0,0,0,-0,0,0,0,0,0,0,0,0,0,0,0,0,0,0.52,1.2875122,-0.29453451,-1.573373,-8.2775383e-14,3.4502304e-13,0.78293607,-1.8931076e-13,3.0293676e-13,-2.3563091,-1.1483622e-08,1.7735819e-12,-2.8357057e-12,-4.098953e-10,1.2149978e-07,-1.2196651e-10,-1.4141704e-09,-2.1943828e-07,123.09656,5.9762869e-10,-9.6830906e-10,5.7526718,0,0
1440,1.439,0,0,0,0,-0,0,0,0,0,0,0,0,0,0,0,0,0,0,0.52,1.2875122,-0.29453451,-1.573373,-8.2035809e-14,3.4177705e-13,0.78293607,-1.875454e-13,3.0011418e-13,-2.3563091,-1.1367524e-08,1.7571419e-12,-2.8094471e-12,-4.0565236e-10,1.1069512e-07,8.9086695e-11,1.4666878e-09,2.2792416e-07,123.09656,5.9156012e-10,-9.584736e-10,5.7526718,0,0
1441,1.44,0,0,0,0,-0,0,0,0,0,0,0,0,0,0,0,0,0,0,0.52,1.2875122,-0.29453451,-1.573373,-8.1303074e-14,3.3856113e-13,0.78293607,-1.857964e-13,2.9731774e-13,-2.3563091,-1.12526e-08,1.7408565e-12,-2.7834294e-12,-4.0145115e-10,1.1915346e-07,-1.2165764e-10,-1.4146525e-09,-2.1952174e-07,123.09656,5.8553753e-10,-9.4873987e-10,5.7526718,0,0
1442,1.441,0,0,0,0,-0,0,0,0,0,0,0,0,0,0,0,0,0,0,0.52,1.2875122,-0.29453451,-1.573373,-8.0577114e-14,3.3537499e-13,0.78293607,-1.8406361e-13,2.945472e-13,-2.3563091,-1.1138837e-08,1.7247268e-12,-2.7576599e-12,-3.9729637e-10,1.0837243e-07,8.9398217e-11,1.4661916e-09,2.2783129e-07,123.09656,5.7954652e-10,-9.390605e-10,5.7526718,0,0
1443,1.442,0,0,0,0,-0,0,0,0,0,0,0,0,0,0,0,0,0,0,0.52,1.2875122,-0.29453451,-1.573373,-7.9857866e-14,3.3221836e-13,0.78293607,-1.8234687e-13,2.918023e-13,-2.3563091,-1.1026223e-08,1.7087441e-12,-2.7321264e-12,-3.9318743e-10,1.168555e-07,-1.2136355e-10,-1.4151247e-09,-2.1961341e-07,123.09656,5.7362308e-10,-9.2948318e-10,5.7526718,0,0
1444,1.443,0,0,0,0,-0,0,0,0,0,0,0,0,0,0,0,0,0,0,0.52,1.2875122,-0.29453451,-1.573373,-7.914527e-14,3.2909098e-13,0.78293607,-1.8064605e-13,2.8908283e-13,-2.3563091,-1.0914749e-08,1.6928984e-12,-2.706816e-12,-3.8911415e-10,1.0609257e-07,8.9672143e-11,1.4657455e-09,2.2775996e-07,123.09656,5.6781054e-10,-9.2006153e-10,5.7526718,0,0
1445,1.444,0,0,0,0,-0,0,0,0,0,0,0,0,0,0,0,0,0,0,0.52,1.2875122,-0.29453451,-1.573373,-7.8439264e-14,3.2599257e-13,0.78293607,-1.7896099e-13,2.8638855e-13,-2.3563091,-1.0804402e-08,1.6772147e-12,-2.6817542e-12,-3.8508818e-10,1.1460161e-07,-1.2103962e-10,-1.4156219e-09,-2.1970802e-07,123.09656,5.619764e-10,-9.1065631e-10,5.7526718,0,0
1446,1.445,0,0,0,0,-0,0,0,0,0,0,0,0,0,0,0,0,0,0,0.52,1.2875122,-0.29453451,-1.573373,-7.7739787e-14,3.2292286e-13,0.78293607,-1.7729155e-13,2.8371921e-13,-2.3563091,-1.069517e-08,1.6616632e-12,-2.6569134e-12,-3.8110286e-10,1.0386309e-07,8.9936636e-11,1.4653035e-09,2.2767866e-07,123.09656,5.5626192e-10,-9.0139368e-10,5.7526718,0,0
1447,1.446,0,0,0,0,-0,0,0,0,0,0,0,0,0,0,0,0,0,0,0.52,1.2875122,-0.29453451,-1.573373,-7.704678e-14,3.198816e-13,0.78293607,-1.7563759e-13,2.8107461e-13,-2.3563091,-1.0587041e-08,1.6462593e-12,-2.6323021e-12,-3.7715899e-10,1.1239386e-07,-1.2074428e-10,-1.4160808e-09,-2.1979094e-07,123.09656,5.5058296e-10,-8.9221993e-10,5.7526718,0,0
1448,1.447,0,0,0,0,-0,0,0,0,0,0,0,0,0,0,0,0,0,0,0.52,1.2875122,-0.29453451,-1.573373,-7.6360184e-14,3.1686852e-13,0.78293607,-1.7399897e-13,2.784545e-13,-2.3563091,-1.0480007e-08,1.6309909e-12,-2.6079123e-12,-3.7325139e-10,1.0167499e-07,9.0207394e-11,1.4648604e-09,2.2760615e-07,123.09656,5.4499391e-10,-8.8316346e-10,5.7526718,0,0
1449,1.448,0,0,0,0,-0,0,0,0,0,0,0,0,0,0,0,0,0,0,0.52,1.2875122,-0.29453451,-1.573373,-7.5679939e-14,3.1388336e-13,0.78293607,-1.7237553e-13,2.7585866e-13,-2.3563091,-1.0374055e-08,1.6158788e-12,-2.5837628e-12,-3.6939087e-10,1.1022931e-07,-1.204315e-10,-1.4165614e-09,-2.198851e-07,123.09656,5.3938244e-10,-8.7411897e-10,5.7526718,0,0
1450,1.449,0,0,0,0,-0,0,0,0,0,0,0,0,0,0,0,0,0,0,0.52,1.2875122,-0.29453451,-1.573373,-7.5005986e-14,3.1092587e-13,0.78293607,-1.7076715e-13,2.7328687e-13,-2.3563091,-1.0269173e-08,1.6008871e-12,-2.5598179e-12,-3.6556596e-10,9.9534307e-08,9.0448071e-11,1.4644513e-09,2.2753492e-07,123.09656,5.3392186e-10,-8.6525404e-10,5.7526718,0,0
1451,1.45,0,0,0,0,-0,0,0,0,0,0,0,0,0,0,0,0,0,0,0.52,1.2875122,-0.29453451,-1.573373,-7.433827e-14,3.0799578e-13,0.78293607,-1.6917368e-13,2.7073891e-13,-2.3563091,-1.0165352e-08,1.5860475e-12,-2.5361041e-12,-3.6178306e-10,1.0810758e-07,-1.2012737e-10,-1.4170236e-09,-2.1996913e-07,123.09656,5.2844673e-10,-8.5642505e-10,5.7526718,0,0
1452,1.451,0,0,0,0,-0,0,0,0,0,0,0,0,0,0,0,0,0,0,0.52,1.2875122,-0.29453451,-1.573373,-7.3676731e-14,3.0509285e-13,0.78293607,-1.6759499e-13,2.6821456e-13,-2.3563091,-1.006258e-08,1.5713335e-12,-2.5126005e-12,-3.5803639e-10,9.7435395e-08,9.0699359e-11,1.4640309e-09,2.2746247e-07,123.09656,5.2308223e-10,-8.4772555e-10,5.7526718,0,0
1453,1.452,0,0,0,0,-0,0,0,0,0,0,0,0,0,0,0,0,0,0,0.52,1.2875122,-0.29453451,-1.573373,-7.3021313e-14,3.0221683e-13,0.78293607,-1.6603094e-13,2.657136e-13,-2.3563091,-9.9608488e-09,1.5567668e-12,-2.4893231e-12,-3.5433163e-10,1.0602773e-07,-1.1983273e-10,-1.4174762e-09,-2.2005296e-07,123.09656,5.1771314e-10,-8.3906419e-10,5.7526718,0,0
1454,1.453,0,0,0,0,-0,0,0,0,0,0,0,0,0,0,0,0,0,0,0.52,1.2875122,-0.29453451,-1.573373,-7.2371961e-14,2.9936747e-13,0.78293607,-1.644814e-13,2.6323581e-13,-2.3563091,-9.8601451e-09,1.5423231e-12,-2.4662505e-12,-3.5066312e-10,9.5379507e-08,9.0945398e-11,1.4636214e-09,2.2738997e-07,123.09656,5.1245421e-10,-8.3053777e-10,5.7526718,0,0
1455,1.454,0,0,0,0,-0,0,0,0,0,0,0,0,0,0,0,0,0,0,0.52,1.2875122,-0.29453451,-1.573373,-7.1728618e-14,2.9654453e-13,0.78293607,-1.6294623e-13,2.6078099e-13,-2.3563091,-9.7604603e-09,1.5280173e-12,-2.4433924e-12,-3.4703147e-10,1.0399024e-07,-1.1955712e-10,-1.417905e-09,-2.2012667e-07,123.09656,5.0722501e-10,-8.220875e-10,5.7526718,0,0
1456,1.455,0,0,0,0,-0,0,0,0,0,0,0,0,0,0,0,0,0,0,0.52,1.2875122,-0.29453451,-1.573373,-7.1091228e-14,2.9374775e-13,0.78293607,-1.6142529e-13,2.5834891e-13,-2.3563091,-9.661785e-09,1.5138504e-12,-2.4207556e-12,-3.4344157e-10,9.3360341e-08,9.1223402e-11,1.4631786e-09,2.2730647e-07,123.09656,5.0201262e-10,-8.1366779e-10,5.7526718,0,0
1457,1.456,0,0,0,0,-0,0,0,0,0,0,0,0,0,0,0,0,0,0,0.52,1.2875122,-0.29453451,-1.573373,-7.0459737e-14,2.909769e-13,0.78293607,-1.5991847e-13,2.5593938e-13,-2.3563091,-9.564107e-09,1.4998042e-12,-2.3983161e-12,-3.3988795e-10,1.0199566e-07,-1.1931586e-10,-1.4182996e-09,-2.2019921e-07,123.09656,4.969024e-10,-8.0538852e-10,5.7526718,0,0
1458,1.457,0,0,0,0,-0,0,0,0,0,0,0,0,0,0,0,0,0,0,0.52,1.2875122,-0.29453451,-1.573373,-6.9834091e-14,2.8823175e-13,0.78293607,-1.5842562e-13,2.5355218e-13,-2.3563091,-9.467417e-09,1.4858841e-12,-2.3760768e-12,-3.3636614e-10,9.1384286e-08,9.1475605e-11,1.4627782e-09,2.2724283e-07,123.09656,4.9186083e-10,-7.9722502e-10,5.7526718,0,0
1459,1.458,0,0,0,0,-0,0,0,0,0,0,0,0,0,0,0,0,0,0,0.52,1.2875122,-0.29453451,-1.573373,-6.9214238e-14,2.8551205e-13,0.78293607,-1.5694663e-13,2.5118711e-13,-2.3563091,-9.3717051e-09,1.4721072e-12,-2.3540597e-12,-3.3288677e-10,1.0003948e-07,-1.190293e-10,-1.418744e-09,-2.2028408e-07,123.09656,4.867953e-10,-7.8905701e-10,5.7526718,0,0
1460,1.459,0,0,0,0,-0,0,0,0,0,0,0,0,0,0,0,0,0,0,0.52,1.2875122,-0.29453451,-1.573373,-6.8600122e-14,2.8281758e-13,0.78293607,-1.5548135e-13,2.4884397e-13,-2.3563091,-9.2769604e-09,1.458439e-12,-2.3322275e-12,-3.2943844e-10,8.9449996e-08,9.1692972e-11,1.4624085e-09,2.2718072e-07,123.09656,4.8187247e-10,-7.8106102e-10,5.7526718,0,0
1461,1.46,0,0,0,0,-0,0,0,0,0,0,0,0,0,0,0,0,0,0,0.52,1.2875122,-0.29453451,-1.573373,-6.7991692e-14,2.8014809e-13,0.78293607,-1.5402968e-13,2.4652255e-13,-2.3563091,-9.1831729e-09,1.444909e-12,-2.3106048e-12,-3.2602764e-10,9.8125029e-08,-1.1875307e-10,-1.4191632e-09,-2.2035913e-07,123.09656,4.7693901e-10,-7.731035e-10,5.7526718,0,0
1462,1.461,0,0,0,0,-0,0,0,0,0,0,0,0,0,0,0,0,0,0,0.52,1.2875122,-0.29453451,-1.573373,-6.7388896e-14,2.7750337e-13,0.78293607,-1.5259147e-13,2.4422266e-13,-2.3563091,-9.0903328e-09,1.4315002e-12,-2.2891819e-12,-3.2265349e-10,8.7555109e-08,9.1935443e-11,1.4620091e-09,2.2710744e-07,123.09656,4.7207285e-10,-7.6522368e-10,5.7526718,0,0
1463,1.462,0,0,0,0,-0,0,0,0,0,0,0,0,0,0,0,0,0,0,0.52,1.2875122,-0.29453451,-1.573373,-6.6791681e-14,2.7488317e-13,0.78293607,-1.5116662e-13,2.4194409e-13,-2.3563091,-8.9984314e-09,1.4182108e-12,-2.2679494e-12,-3.19311e-10,9.6247674e-08,-1.1851416e-10,-1.4195442e-09,-2.2042248e-07,123.09656,4.6727686e-10,-7.5745767e-10,5.7526718,0,0
1464,1.463,0,0,0,0,-0,0,0,0,0,0,0,0,0,0,0,0,0,0,0.52,1.2875122,-0.29453451,-1.573373,-6.6199996e-14,2.7228729e-13,0.78293607,-1.4975499e-13,2.3968666e-13,-2.3563091,-8.9074591e-09,1.4050523e-12,-2.2469217e-12,-3.160059e-10,8.5696873e-08,9.2197143e-11,1.4615995e-09,2.2703269e-07,123.09656,4.6248782e-10,-7.4972423e-10,5.7526718,0,0
1465,1.464,0,0,0,0,-0,0,0,0,0,0,0,0,0,0,0,0,0,0,0.52,1.2875122,-0.29453451,-1.573373,-6.5613791e-14,2.6971548e-13,0.78293607,-1.4835645e-13,2.3745015e-13,-2.3563091,-8.8174064e-09,1.3920131e-12,-2.2260876e-12,-3.1273742e-10,9.4408644e-08,-1.182756e-10,-1.4199312e-09,-2.2049571e-07,123.09656,4.5775731e-10,-7.420697e-10,5.7526718,0,0
1466,1.465,0,0,0,0,-0,0,0,0,0,0,0,0,0,0,0,0,0,0,0.52,1.2875122,-0.29453451,-1.573373,-6.5033014e-14,2.6716752e-13,0.78293607,-1.469709e-13,2.3523439e-13,-2.3563091,-8.7282645e-09,1.3790891e-12,-2.2054386e-12,-3.0950057e-10,8.3875171e-08,9.2427594e-11,1.4612293e-09,2.269694e-07,123.09656,4.5309976e-10,-7.3452668e-10,5.7526718,0,0
1467,1.466,0,0,0,0,-0,0,0,0,0,0,0,0,0,0,0,0,0,0,0.52,1.2875122,-0.29453451,-1.573373,-6.4457617e-14,2.6464322e-13,0.78293607,-1.4559822e-13,2.3303918e-13,-2.3563091,-8.640023e-09,1.3662848e-12,-2.184979e-12,-3.0629612e-10,9.2607743e-08,-1.1803614e-10,-1.4203103e-09,-2.2056049e-07,123.09656,4.4848677e-10,-7.2706386e-10,5.7526718,0,0
1468,1.467,0,0,0,0,-0,0,0,0,0,0,0,0,0,0,0,0,0,0,0.52,1.2875122,-0.29453451,-1.573373,-6.3887549e-14,2.6214233e-13,0.78293607,-1.4423827e-13,2.3086434e-13,-2.3563091,-8.5526738e-09,1.3535994e-12,-2.1647098e-12,-3.0312383e-10,8.2090629e-08,9.266539e-11,1.4608488e-09,2.2690509e-07,123.09656,4.4391654e-10,-7.1966795e-10,5.7526718,0,0
1469,1.468,0,0,0,0,-0,0,0,0,0,0,0,0,0,0,0,0,0,0,0.52,1.2875122,-0.29453451,-1.573373,-6.3322763e-14,2.5966466e-13,0.78293607,-1.4289096e-13,2.2870967e-13,-2.3563091,-8.4662074e-09,1.3410311e-12,-2.1446272e-12,-2.9998378e-10,9.0842206e-08,-1.1780208e-10,-1.4206836e-09,-2.2062501e-07,123.09656,4.3939249e-10,-7.1234755e-10,5.7526718,0,0
1470,1.469,0,0,0,0,-0,0,0,0,0,0,0,0,0,0,0,0,0,0,0.52,1.2875122,-0.29453451,-1.573373,-6.2763208e-14,2.5720997e-13,0.78293607,-1.4155615e-13,2.2657499e-13,-2.3563091,-8.3806154e-09,1.3285865e-12,-2.124739e-12,-2.9688094e-10,8.0341726e-08,9.291285e-11,1.4604599e-09,2.268307e-07,123.09656,4.3487512e-10,-7.0505414e-10,5.7526718,0,0
1471,1.47,0,0,0,0,-0,0,0,0,0,0,0,0,0,0,0,0,0,0,0.52,1.2875122,-0.29453451,-1.573373,-6.2208837e-14,2.5477807e-13,0.78293607,-1.4023374e-13,2.2446011e-13,-2.3563091,-8.2958902e-09,1.3162427e-12,-2.10502e-12,-2.9380452e-10,8.910871e-08,-1.176005e-10,-1.4210218e-09,-2.2067787e-07,123.09656,4.3047351e-10,-6.9790527e-10,5.7526718,0,0
1472,1.471,0,0,0,0,-0,0,0,0,0,0,0,0,0,0,0,0,0,0,0.52,1.2875122,-0.29453451,-1.573373,-6.1659602e-14,2.5236873e-13,0.78293607,-1.389236e-13,2.2236485e-13,-2.3563091,-8.2120205e-09,1.3040284e-12,-2.0854962e-12,-2.9076623e-10,7.8630768e-08,9.3172076e-11,1.4600694e-09,2.2675445e-07,123.09656,4.2603779e-10,-6.9076123e-10,5.7526718,0,0
1473,1.472,0,0,0,0,-0,0,0,0,0,0,0,0,0,0,0,0,0,0,0.52,1.2875122,-0.29453451,-1.573373,-6.1115455e-14,2.4998176e-13,0.78293607,-1.3762563e-13,2.2028903e-13,-2.3563091,-8.1289991e-09,1.2919099e-12,-2.0661383e-12,-2.877542e-10,8.7411971e-08,-1.1740916e-10,-1.4213535e-09,-2.2073039e-07,123.09656,4.2173206e-10,-6.8376002e-10,5.7526718,0,0
1474,1.473,0,0,0,0,-0,0,0,0,0,0,0,0,0,0,0,0,0,0,0.52,1.2875122,-0.29453451,-1.573373,-6.0576351e-14,2.4761694e-13,0.78293607,-1.3633972e-13,2.1823248e-13,-2.3563091,-8.0468163e-09,1.2799146e-12,-2.0469659e-12,-2.8477519e-10,7.6953748e-08,9.3418535e-11,1.4596984e-09,2.2668841e-07,123.09656,4.1741301e-10,-6.7679461e-10,5.7526718,0,0
1475,1.474,0,0,0,0,-0,0,0,0,0,0,0,0,0,0,0,0,0,0,0.52,1.2875122,-0.29453451,-1.573373,-6.0042244e-14,2.4527408e-13,0.78293607,-1.3506575e-13,2.1619501e-13,-2.3563091,-7.9654637e-09,1.2680267e-12,-2.027971e-12,-2.8182821e-10,8.5751387e-08,-1.1719439e-10,-1.4217087e-09,-2.2079443e-07,123.09656,4.1315412e-10,-6.6989526e-10,5.7526718,0,0
1476,1.475,0,0,0,0,-0,0,0,0,0,0,0,0,0,0,0,0,0,0,0.52,1.2875122,-0.29453451,-1.573373,-5.9513085e-14,2.4295297e-13,0.78293607,-1.3380361e-13,2.1417645e-13,-2.3563091,-7.884934e-09,1.2562444e-12,-2.0091448e-12,-2.7890828e-10,7.5308008e-08,9.3629876e-11,1.4593613e-09,2.2663428e-07,123.09656,4.0895862e-10,-6.6309874e-10,5.7526717,0,0
1477,1.476,0,0,0,0,-0,0,0,0,0,0,0,0,0,0,0,0,0,0,0.52,1.2875122,-0.29453451,-1.573373,-5.8988832e-14,2.4065341e-13,0.78293607,-1.325532e-13,2.1217663e-13,-2.3563091,-7.8052178e-09,1.2445782e-12,-1.9904999e-12,-2.7602123e-10,8.4124308e-08,-1.1696224e-10,-1.4220715e-09,-2.2086016e-07,123.09656,4.0476896e-10,-6.5633216e-10,5.7526717,0,0
1478,1.477,0,0,0,0,-0,0,0,0,0,0,0,0,0,0,0,0,0,0,0.52,1.2875122,-0.29453451,-1.573373,-5.8469438e-14,2.383752e-13,0.78293607,-1.3131441e-13,2.1019537e-13,-2.3563091,-7.7263074e-09,1.2330114e-12,-1.9720193e-12,-2.7316113e-10,7.3696604e-08,9.3828505e-11,1.4590326e-09,2.2658036e-07,123.09656,4.0066355e-10,-6.4967201e-10,5.7526717,0,0
1479,1.478,0,0,0,0,-0,0,0,0,0,0,0,0,0,0,0,0,0,0,0.52,1.2875122,-0.29453451,-1.573373,-5.7954858e-14,2.3611815e-13,0.78293607,-1.3008712e-13,2.082325e-13,-2.3563091,-7.648195e-09,1.2215617e-12,-1.9537188e-12,-2.7033379e-10,8.2528071e-08,-1.167279e-10,-1.4224316e-09,-2.2092569e-07,123.09656,3.9654771e-10,-6.4303113e-10,5.7526717,0,0
1480,1.479,0,0,0,0,-0,0,0,0,0,0,0,0,0,0,0,0,0,0,0.52,1.2875122,-0.29453451,-1.573373,-5.7445047e-14,2.3388204e-13,0.78293607,-1.2887123e-13,2.0628785e-13,-2.3563091,-7.5708728e-09,1.2102152e-12,-1.9355876e-12,-2.6753847e-10,7.2116383e-08,9.4035041e-11,1.458694e-09,2.2651634e-07,123.09656,3.9248543e-10,-6.3645444e-10,5.7526717,0,0
1481,1.48,0,0,0,0,-0,0,0,0,0,0,0,0,0,0,0,0,0,0,0.52,1.2875122,-0.29453451,-1.573373,-5.6939962e-14,2.3166671e-13,0.78293607,-1.2766664e-13,2.0436125e-13,-2.3563091,-7.4943325e-09,1.198961e-12,-1.9176073e-12,-2.6476518e-10,8.0964194e-08,-1.1654353e-10,-1.4227333e-09,-2.2096978e-07,123.09656,3.8852726e-10,-6.3002614e-10,5.7526717,0,0
1482,1.481,0,0,0,0,-0,0,0,0,0,0,0,0,0,0,0,0,0,0,0.52,1.2875122,-0.29453451,-1.573373,-5.6439561e-14,2.2947196e-13,0.78293607,-1.2647325e-13,2.0245254e-13,-2.3563091,-7.4185657e-09,1.1878272e-12,-1.8998093e-12,-2.6202535e-10,7.0569505e-08,9.4276042e-11,1.4583292e-09,2.2644945e-07,123.09656,3.8452628e-10,-6.2358048e-10,5.7526717,0,0
1483,1.482,0,0,0,0,-0,0,0,0,0,0,0,0,0,0,0,0,0,0,0.52,1.2875122,-0.29453451,-1.573373,-5.5943799e-14,2.2729758e-13,0.78293607,-1.2529094e-13,2.0056155e-13,-2.3563091,-7.3435645e-09,1.176785e-12,-1.8821674e-12,-2.5931236e-10,7.9432792e-08,-1.1636045e-10,-1.4230455e-09,-2.2102347e-07,123.09656,3.8062199e-10,-6.172405e-10,5.7526717,0,0
1484,1.483,0,0,0,0,-0,0,0,0,0,0,0,0,0,0,0,0,0,0,0.52,1.2875122,-0.29453451,-1.573373,-5.5452634e-14,2.251434e-13,0.78293607,-1.2411963e-13,1.9868813e-13,-2.3563091,-7.2693222e-09,1.1658496e-12,-1.8646899e-12,-2.5662704e-10,6.9051943e-08,9.4489482e-11,1.4580006e-09,2.2639411e-07,123.09656,3.7673353e-10,-6.1095699e-10,5.7526717,0,0
1485,1.484,0,0,0,0,-0,0,0,0,0,0,0,0,0,0,0,0,0,0,0.52,1.2875122,-0.29453451,-1.573373,-5.4966023e-14,2.2300924e-13,0.78293607,-1.2295919e-13,1.9683209e-13,-2.3563091,-7.1958308e-09,1.1550138e-12,-1.8473744e-12,-2.5396933e-10,7.7930783e-08,-1.161609e-10,-1.4233697e-09,-2.2107869e-07,123.09656,3.728905e-10,-6.0473273e-10,5.7526717,0,0
1486,1.485,0,0,0,0,-0,0,0,0,0,0,0,0,0,0,0,0,0,0,0.52,1.2875122,-0.29453451,-1.573373,-5.4483925e-14,2.208949e-13,0.78293607,-1.2180955e-13,1.949933e-13,-2.3563091,-7.1230817e-09,1.1442778e-12,-1.830217e-12,-2.5133928e-10,6.7567483e-08,9.4688893e-11,1.4576845e-09,2.2633878e-07,123.09656,3.6908823e-10,-5.9858006e-10,5.7526717,0,0
1487,1.486,0,0,0,0,-0,0,0,0,0,0,0,0,0,0,0,0,0,0,0.52,1.2875122,-0.29453451,-1.573373,-5.4006297e-14,2.188002e-13,0.78293607,-1.2067059e-13,1.9317158e-13,-2.3563091,-7.0510679e-09,1.1336417e-12,-1.8132192e-12,-2.4873677e-10,7.6459956e-08,-1.1596108e-10,-1.423689e-09,-2.2113376e-07,123.09656,3.653207e-10,-5.9248291e-10,5.7526717,0,0
1488,1.487,0,0,0,0,-0,0,0,0,0,0,0,0,0,0,0,0,0,0,0.52,1.2875122,-0.29453451,-1.573373,-5.35331e-14,2.1672496e-13,0.78293607,-1.1954222e-13,1.9136678e-13,-2.3563091,-6.9797819e-09,1.123104e-12,-1.7963784e-12,-2.4616186e-10,6.6112125e-08,9.4885492e-11,1.4573707e-09,2.2628359e-07,123.09656,3.6159103e-10,-5.8644721e-10,5.7526717,0,0
1489,1.488,0,0,0,0,-0,0,0,0,0,0,0,0,0,0,0,0,0,0,0.52,1.2875122,-0.29453451,-1.573373,-5.3064291e-14,2.1466901e-13,0.78293607,-1.1842433e-13,1.8957874e-13,-2.3563091,-6.9092168e-09,1.1126644e-12,-1.7796942e-12,-2.4361448e-10,7.5018091e-08,-1.1576456e-10,-1.4240024e-09,-2.2118883e-07,123.09656,3.578945e-10,-5.8046614e-10,5.7526717,0,0
1490,1.489,0,0,0,0,-0,0,0,0,0,0,0,0,0,0,0,0,0,0,0.52,1.2875122,-0.29453451,-1.573373,-5.2599831e-14,2.1263216e-13,0.78293607,-1.1731684e-13,1.8780732e-13,-2.3563091,-6.8393655e-09,1.1023149e-12,-1.7631568e-12,-2.4108961e-10,6.4684444e-08,9.5065555e-11,1.4570773e-09,2.2623856e-07,123.09656,3.5426754e-10,-5.7458209e-10,5.7526717,0,0
1491,1.49,0,0,0,0,-0,0,0,0,0,0,0,0,0,0,0,0,0,0,0.52,1.2875122,-0.29453451,-1.573373,-5.213968e-14,2.1061423e-13,0.78293607,-1.1621965e-13,1.8605235e-13,-2.3563091,-6.770221e-09,1.0920701e-12,-1.7467809e-12,-2.3859297e-10,7.3604687e-08,-1.1555518e-10,-1.4243257e-09,-2.2124527e-07,123.09656,3.5063198e-10,-5.6871283e-10,5.7526717,0,0
1492,1.491,0,0,0,0,-0,0,0,0,0,0,0,0,0,0,0,0,0,0,0.52,1.2875122,-0.29453451,-1.573373,-5.1683797e-14,2.0861506e-13,0.78293607,-1.1513266e-13,1.8431368e-13,-2.3563091,-6.7017753e-09,1.0819171e-12,-1.7305555e-12,-2.3612381e-10,6.3286585e-08,9.5249091e-11,1.4567766e-09,2.2618359e-07,123.09656,3.4704752e-10,-5.6290673e-10,5.7526717,0,0
1493,1.492,0,0,0,0,-0,0,0,0,0,0,0,0,0,0,0,0,0,0,0.52,1.2875122,-0.29453451,-1.573373,-5.1232144e-14,2.0663447e-13,0.78293607,-1.1405577e-13,1.8259117e-13,-2.3563091,-6.634023e-09,1.0718536e-12,-1.7144739e-12,-2.3367708e-10,7.2218149e-08,-1.1537591e-10,-1.4246134e-09,-2.2129012e-07,123.09656,3.435203e-10,-5.5718906e-10,5.7526717,0,0
1494,1.493,0,0,0,0,-0,0,0,0,0,0,0,0,0,0,0,0,0,0,0.52,1.2875122,-0.29453451,-1.573373,-5.078468e-14,2.0467228e-13,0.78293607,-1.129889e-13,1.8088466e-13,-2.3563091,-6.566955e-09,1.0618898e-12,-1.6985471e-12,-2.3125865e-10,6.1917791e-08,9.5448238e-11,1.4564669e-09,2.2612697e-07,123.09656,3.3999589e-10,-5.5149739e-10,5.7526717,0,0
1495,1.494,0,0,0,0,-0,0,0,0,0,0,0,0,0,0,0,0,0,0,0.52,1.2875122,-0.29453451,-1.573373,-5.0341369e-14,2.0272834e-13,0.78293607,-1.1193195e-13,1.79194e-13,-2.3563091,-6.5005648e-09,1.0520095e-12,-1.6827595e-12,-2.2886259e-10,7.0862521e-08,-1.1520881e-10,-1.4248917e-09,-2.2133484e-07,123.09656,3.3654985e-10,-5.459026e-10,5.7526717,0,0
1496,1.495,0,0,0,0,-0,0,0,0,0,0,0,0,0,0,0,0,0,0,0.52,1.2875122,-0.29453451,-1.573373,-4.9902172e-14,2.0080246e-13,0.78293607,-1.1088483e-13,1.7751906e-13,-2.3563091,-6.4348446e-09,1.0422292e-12,-1.6671248e-12,-2.2649477e-10,6.0577957e-08,9.564818e-11,1.4561612e-09,2.2607048e-07,123.09656,3.3309547e-10,-5.4032913e-10,5.7526717,0,0
1497,1.496,0,0,0,0,-0,0,0,0,0,0,0,0,0,0,0,0,0,0,0.52,1.2875122,-0.29453451,-1.573373,-4.946705e-14,1.9889449e-13,0.78293607,-1.0984745e-13,1.7585968e-13,-2.3563091,-6.3697892e-09,1.0325317e-12,-1.6516291e-12,-2.2414921e-10,6.9532789e-08,-1.150432e-10,-1.4251698e-09,-2.2137937e-07,123.09656,3.29714e-10,-5.3483868e-10,5.7526717,0,0
1498,1.497,0,0,0,0,-0,0,0,0,0,0,0,0,0,0,0,0,0,0,0.52,1.2875122,-0.29453451,-1.573373,-4.9035967e-14,1.9700426e-13,0.78293607,-1.0881972e-13,1.7421573e-13,-2.3563091,-6.3053908e-09,1.0229257e-12,-1.6362754e-12,-2.2182688e-10,5.9264102e-08,9.5831147e-11,1.4558773e-09,2.2602404e-07,123.09656,3.2635771e-10,-5.2940958e-10,5.7526717,0,0
1499,1.498,0,0,0,0,-0,0,0,0,0,0,0,0,0,0,0,0,0,0,0.52,1.2875122,-0.29453451,-1.573373,-4.8608885e-14,1.951316e-13,0.78293607,-1.0780155e-13,1.7258706e-13,-2.3563091,-6.2416433e-09,1.0134152e-12,-1.621073e-12,-2.1953254e-10,6.8230838e-08,-1.1485205e-10,-1.4254725e-09,-2.2143536e-07,123.09656,3.2300145e-10,-5.2398771e-10,5.7526717,0,0
1500,1.499,0,0,0,0,-0,0,0,0,0,0,0,0,0,0,0,0,0,0,0.52,1.2875122,-0.29453451,-1.573373,-4.8185767e-14,1.9327636e-13,0.78293607,-1.0679285e-13,1.7097352e-13,-2.3563091,-6.1785404e-09,1.003978e-12,-1.6059953e-12,-2.1725555e-10,5.797493e-08,9.5977716e-11,1.4556281e-09,2.2598934e-07,123.09656,3.1975246e-10,-5.1869986e-10,5.7526717,0,0
1501,1.5,0,0,0,0,-0,0,0,0,0,0,0,0,0,0,0,0,0,0,0.52,1.2875122,-0.29453451,-1.573373,-4.7766576e-14,1.9143836e-13,0.78293607,-1.0579354e-13,1.6937499e-13,-2.3563091,-6.1160756e-09,9.9464617e-13,-1.5910738e-12,-2.1500737e-10,6.6954754e-08,-1.1464146e-10,-1.4257852e-09,-2.2149296e-07,123.09656,3.1644621e-10,-5.1338039e-10,5.7526717,0,0
1502,1.501,0,0,0,0,-0,0,0,0,0,0,0,0,0,0,0,0,0,0,0.52,1.2875122,-0.29453451,-1.573373,-4.7351277e-14,1.8961746e-13,0.78293607,-1.0480352e-13,1.6779131e-13,-2.3563091,-6.0542431e-09,9.8538965e-13,-1.5762834e-12,-2.1278137e-10,5.6710163e-08,9.6128411e-11,1.4553661e-09,2.2594496e-07,123.09656,3.1322793e-10,-5.0814873e-10,5.7526717,0,0
1503,1.502,0,0,0,0,-0,0,0,0,0,0,0,0,0,0,0,0,0,0,0.52,1.2875122,-0.29453451,-1.573373,-4.6939832e-14,1.8781348e-13,0.78293607,-1.0382272e-13,1.6622235e-13,-2.3563091,-5.9930353e-09,9.7622128e-13,-1.5616277e-12,-2.1057857e-10,6.5705559e-08,-1.1446515e-10,-1.4260547e-09,-2.2153936e-07,123.09656,3.100295e-10,-5.0297932e-10,5.7526717,0,0
1504,1.503,0,0,0,0,-0,0,0,0,0,0,0,0,0,0,0,0,0,0,0.52,1.2875122,-0.29453451,-1.573373,-4.6532208e-14,1.860263e-13,0.78293607,-1.0285104e-13,1.6466799e-13,-2.3563091,-5.9324464e-09,9.6713032e-13,-1.547101e-12,-2.0839368e-10,5.5472219e-08,9.6283236e-11,1.4551082e-09,2.2590914e-07,123.09656,3.069005e-10,-4.9789474e-10,5.7526717,0,0
1505,1.504,0,0,0,0,-0,0,0,0,0,0,0,0,0,0,0,0,0,0,0.52,1.2875122,-0.29453451,-1.573373,-4.6128369e-14,1.8425573e-13,0.78293607,-1.0188841e-13,1.6312808e-13,-2.3563091,-5.87247e-09,9.5813955e-13,-1.5327248e-12,-2.0623748e-10,6.4480556e-08,-1.1426478e-10,-1.4263559e-09,-2.2159674e-07,123.09656,3.0372261e-10,-4.9277984e-10,5.7526717,0,0
1506,1.505,0,0,0,0,-0,0,0,0,0,0,0,0,0,0,0,0,0,0,0.52,1.2875122,-0.29453451,-1.573373,-4.5728279e-14,1.8250162e-13,0.78293607,-1.0093473e-13,1.6160248e-13,-2.3563091,-5.8131e-09,9.492209e-13,-1.5184734e-12,-2.0410351e-10,5.4259494e-08,9.6427467e-11,1.4548587e-09,2.2586468e-07,123.09656,3.0063187e-10,-4.8775697e-10,5.7526717,0,0
1507,1.506,0,0,0,0,-0,0,0,0,0,0,0,0,0,0,0,0,0,0,0.52,1.2875122,-0.29453451,-1.573373,-4.5331904e-14,1.8076384e-13,0.78293607,-9.9989926e-14,1.6009107e-13,-2.3563091,-5.7543304e-09,9.4038179e-13,-1.5043461e-12,-2.0198756e-10,6.3279684e-08,-1.1410569e-10,-1.4266042e-09,-2.216328e-07,123.09656,2.9758735e-10,-4.8282285e-10,5.7526717,0,0
1508,1.507,0,0,0,0,-0,0,0,0,0,0,0,0,0,0,0,0,0,0,0.52,1.2875122,-0.29453451,-1.573373,-4.493921e-14,1.7904222e-13,0.78293607,-9.905392e-14,1.5859372e-13,-2.3563091,-5.6961532e-09,9.3162997e-13,-1.4903557e-12,-1.9989535e-10,5.3074613e-08,9.6602055e-11,1.454585e-09,2.2581722e-07,123.09656,2.9454614e-10,-4.7790749e-10,5.7526717,0,0
1509,1.508,0,0,0,0,-0,0,0,0,0,0,0,0,0,0,0,0,0,0,0.52,1.2875122,-0.29453451,-1.573373,-4.4550164e-14,1.7733662e-13,0.78293607,-9.8126626e-14,1.5711029e-13,-2.3563091,-5.6385638e-09,9.2295879e-13,-1.476496e-12,-1.9782593e-10,6.2104229e-08,-1.1394441e-10,-1.4268657e-09,-2.2167836e-07,123.09656,2.9153731e-10,-4.7303443e-10,5.7526717,0,0
1510,1.509,0,0,0,0,-0,0,0,0,0,0,0,0,0,0,0,0,0,0,0.52,1.2875122,-0.29453451,-1.573373,-4.4164731e-14,1.7564689e-13,0.78293607,-9.7207961e-14,1.5564066e-13,-2.3563091,-5.581557e-09,9.1436959e-13,-1.4627662e-12,-1.9577942e-10,5.1909399e-08,9.6766014e-11,1.4543254e-09,2.2577138e-07,123.09656,2.885501e-10,-4.68202e-10,5.7526717,0,0
1511,1.51,0,0,0,0,-0,0,0,0,0,0,0,0,0,0,0,0,0,0,0.52,1.2875122,-0.29453451,-1.573373,-4.3782877e-14,1.7397288e-13,0.78293607,-9.629785e-14,1.541847e-13,-2.3563091,-5.5251271e-09,9.0585319e-13,-1.4491561e-12,-1.9375081e-10,6.0950403e-08,-1.1379882e-10,-1.4271051e-09,-2.2171417e-07,123.09656,2.8562654e-10,-4.6345465e-10,5.7526717,0,0
1512,1.511,0,0,0,0,-0,0,0,0,0,0,0,0,0,0,0,0,0,0,0.52,1.2875122,-0.29453451,-1.573373,-4.3404571e-14,1.7231445e-13,0.78293607,-9.5396215e-14,1.5274229e-13,-2.3563091,-5.4692683e-09,8.974178e-13,-1.4356725e-12,-1.9174078e-10,5.0767086e-08,9.6928041e-11,1.4540723e-09,2.2573424e-07,123.09656,2.8272171e-10,-4.5875184e-10,5.7526717,0,0
1513,1.512,0,0,0,0,-0,0,0,0,0,0,0,0,0,0,0,0,0,0,0.52,1.2875122,-0.29453451,-1.573373,-4.3029779e-14,1.7067144e-13,0.78293607,-9.450297e-14,1.5131329e-13,-2.3563091,-5.4139729e-09,8.8907151e-13,-1.422327e-12,-1.8975941e-10,5.982387e-08,-1.1362063e-10,-1.4273812e-09,-2.2177151e-07,123.09656,2.7979094e-10,-4.5402949e-10,5.7526717,0,0
1514,1.513,0,0,0,0,-0,0,0,0,0,0,0,0,0,0,0,0,0,0,0.52,1.2875122,-0.29453451,-1.573373,-4.2658468e-14,1.6904373e-13,0.78293607,-9.3618043e-14,1.4989758e-13,-2.3563091,-5.3592375e-09,8.8078137e-13,-1.4090835e-12,-1.8778999e-10,4.9646918e-08,9.7040337e-11,1.4538681e-09,2.2571034e-07,123.09656,2.7699534e-10,-4.4946135e-10,5.7526717,0,0
1515,1.514,0,0,0,0,-0,0,0,0,0,0,0,0,0,0,0,0,0,0,0.52,1.2875122,-0.29453451,-1.573373,-4.2290607e-14,1.6743117e-13,0.78293607,-9.2741359e-14,1.4849505e-13,-2.3563091,-5.3050562e-09,8.725882e-13,-1.3959799e-12,-1.8584496e-10,5.8715582e-08,-1.1342667e-10,-1.4276608e-09,-2.2182026e-07,123.09656,2.7412692e-10,-4.4485296e-10,5.7526717,0,0
1516,1.515,0,0,0,0,-0,0,0,0,0,0,0,0,0,0,0,0,0,0,0.52,1.2875122,-0.29453451,-1.573373,-4.1926164e-14,1.6583361e-13,0.78293607,-9.1872832e-14,1.4710556e-13,-2.3563091,-5.2514232e-09,8.6446468e-13,-1.382997e-12,-1.8392264e-10,4.8550495e-08,9.7179631e-11,1.4536265e-09,2.256649e-07,123.09656,2.7131819e-10,-4.4029292e-10,5.7526717,0,0
1517,1.516,0,0,0,0,-0,0,0,0,0,0,0,0,0,0,0,0,0,0,0.52,1.2875122,-0.29453451,-1.573373,-4.1565106e-14,1.6425092e-13,0.78293607,-9.1012394e-14,1.45729e-13,-2.3563091,-5.1983327e-09,8.5641189e-13,-1.3701255e-12,-1.8201823e-10,5.7630523e-08,-1.1328521e-10,-1.4278834e-09,-2.2185609e-07,123.09656,2.6856023e-10,-4.3582265e-10,5.7526717,0,0
1518,1.517,0,0,0,0,-0,0,0,0,0,0,0,0,0,0,0,0,0,0,0.52,1.2875122,-0.29453451,-1.573373,-4.1207403e-14,1.6268297e-13,0.78293607,-9.0159972e-14,1.4436525e-13,-2.3563091,-5.1457769e-09,8.4843228e-13,-1.3573705e-12,-1.8013248e-10,4.7480943e-08,9.732599e-11,1.4533934e-09,2.2562759e-07,123.09656,2.6583717e-10,-4.3141016e-10,5.7526717,0,0
1519,1.518,0,0,0,0,-0,0,0,0,0,0,0,0,0,0,0,0,0,0,0.52,1.2875122,-0.29453451,-1.573373,-4.0853025e-14,1.6112961e-13,0.78293607,-8.9315488e-14,1.4301419e-13,-2.3563091,-5.0937521e-09,8.4053501e-13,-1.3447438e-12,-1.7827007e-10,5.6568651e-08,-1.1312054e-10,-1.42814e-09,-2.2190277e-07,123.09656,2.6309937e-10,-4.2699088e-10,5.7526717,0,0
1520,1.519,0,0,0,0,-0,0,0,0,0,0,0,0,0,0,0,0,0,0,0.52,1.2875122,-0.29453451,-1.573373,-4.050194e-14,1.5959071e-13,0.78293607,-8.8478873e-14,1.4167571e-13,-2.3563091,-5.042253e-09,8.3269573e-13,-1.3322182e-12,-1.7642042e-10,4.6429574e-08,9.7441982e-11,1.4531911e-09,2.2560206e-07,123.09656,2.6046499e-10,-4.2269463e-10,5.7526717,0,0
1521,1.52,0,0,0,0,-0,0,0,0,0,0,0,0,0,0,0,0,0,0,0.52,1.2875122,-0.29453451,-1.573373,-4.0154119e-14,1.5806615e-13,0.78293607,-8.7650051e-14,1.4034969e-13,-2.3563091,-4.9912752e-09,8.2494821e-13,-1.3198268e-12,-1.7459494e-10,5.5526074e-08,-1.1293702e-10,-1.4284083e-09,-2.2195109e-07,123.09656,2.5776149e-10,-4.1835031e-10,5.7526717,0,0
1522,1.521,0,0,0,0,-0,0,0,0,0,0,0,0,0,0,0,0,0,0,0.52,1.2875122,-0.29453451,-1.573373,-3.980953e-14,1.5655578e-13,0.78293607,-8.682895e-14,1.3903601e-13,-2.3563091,-4.9408138e-09,8.1725409e-13,-1.3075348e-12,-1.7278207e-10,4.5396761e-08,9.7548777e-11,1.4529925e-09,2.2557683e-07,123.09656,2.5517704e-10,-4.1412668e-10,5.7526717,0,0
1523,1.522,0,0,0,0,-0,0,0,0,0,0,0,0,0,0,0,0,0,0,0.52,1.2875122,-0.29453451,-1.573373,-3.9468144e-14,1.5505947e-13,0.78293607,-8.6015498e-14,1.3773456e-13,-2.3563091,-4.8908616e-09,8.0964863e-13,-1.2953699e-12,-1.7099351e-10,5.4507706e-08,-1.1275969e-10,-1.4286627e-09,-2.2199971e-07,123.09656,2.5253175e-10,-4.0987862e-10,5.7526717,0,0
1524,1.523,0,0,0,0,-0,0,0,0,0,0,0,0,0,0,0,0,0,0,0.52,1.2875122,-0.29453451,-1.573373,-3.9129931e-14,1.5357709e-13,0.78293607,-8.5209623e-14,1.3644522e-13,-2.3563091,-4.841415e-09,8.0210292e-13,-1.2833118e-12,-1.6922249e-10,4.4385448e-08,9.7668259e-11,1.4527788e-09,2.2554175e-07,123.09656,2.4996653e-10,-4.0570178e-10,5.7526717,0,0
1525,1.524,0,0,0,0,-0,0,0,0,0,0,0,0,0,0,0,0,0,0,0.52,1.2875122,-0.29453451,-1.573373,-3.8794862e-14,1.5210851e-13,0.78293607,-8.4411255e-14,1.3516788e-13,-2.3563091,-4.7924689e-09,7.9463124e-13,-1.2713656e-12,-1.6747e-10,5.3506633e-08,-1.1261161e-10,-1.4288863e-09,-2.2203676e-07,123.09656,2.4740655e-10,-4.0156591e-10,5.7526717,0,0
1526,1.525,0,0,0,0,-0,0,0,0,0,0,0,0,0,0,0,0,0,0,0.52,1.2875122,-0.29453451,-1.573373,-3.8462908e-14,1.5065361e-13,0.78293607,-8.3620327e-14,1.3390243e-13,-2.3563091,-4.7440176e-09,7.8722666e-13,-1.2595296e-12,-1.6573593e-10,4.3395951e-08,9.7802443e-11,1.4525584e-09,2.255049e-07,123.09656,2.4488302e-10,-3.974737e-10,5.7526717,0,0
1527,1.526,0,0,0,0,-0,0,0,0,0,0,0,0,0,0,0,0,0,0,0.52,1.2875122,-0.29453451,-1.573373,-3.813404e-14,1.4921226e-13,0.78293607,-8.2836767e-14,1.3264876e-13,-2.3563091,-4.6960569e-09,7.7989237e-13,-1.2478042e-12,-1.6402019e-10,5.2525477e-08,-1.1247103e-10,-1.4291077e-09,-2.2207344e-07,123.09656,2.4237652e-10,-3.9341724e-10,5.7526717,0,0
1528,1.527,0,0,0,0,-0,0,0,0,0,0,0,0,0,0,0,0,0,0,0.52,1.2875122,-0.29453451,-1.573373,-3.7808229e-14,1.4778434e-13,0.78293607,-8.2060508e-14,1.3140677e-13,-2.3563091,-4.6485815e-09,7.7262555e-13,-1.2361874e-12,-1.6232287e-10,4.24254e-08,9.7937395e-11,1.4523413e-09,2.2546808e-07,123.09656,2.3989767e-10,-3.8940162e-10,5.7526717,0,0
1529,1.528,0,0,0,0,-0,0,0,0,0,0,0,0,0,0,0,0,0,0,0.52,1.2875122,-0.29453451,-1.573373,-3.7485447e-14,1.4636971e-13,0.78293607,-8.1291485e-14,1.3017634e-13,-2.3563091,-4.6015865e-09,7.6541962e-13,-1.2246703e-12,-1.6063888e-10,5.1564491e-08,-1.1234924e-10,-1.4293071e-09,-2.2210011e-07,123.09656,2.3747615e-10,-3.8546564e-10,5.7526717,0,0
1530,1.529,0,0,0,0,-0,0,0,0,0,0,0,0,0,0,0,0,0,0,0.52,1.2875122,-0.29453451,-1.573373,-3.7165667e-14,1.4496827e-13,0.78293607,-8.0529631e-14,1.2895737e-13,-2.3563091,-4.5550672e-09,7.5828925e-13,-1.2132685e-12,-1.5897396e-10,4.147418e-08,9.8088492e-11,1.4521107e-09,2.2542997e-07,123.09656,2.350353e-10,-3.8152599e-10,5.7526717,0,0
1531,1.53,0,0,0,0,-0,0,0,0,0,0,0,0,0,0,0,0,0,0,0.52,1.2875122,-0.29453451,-1.573373,-3.6848862e-14,1.4357987e-13,0.78293607,-7.9774876e-14,1.2774975e-13,-2.3563091,-4.509017e-09,7.5122081e-13,-1.2019696e-12,-1.5732738e-10,5.0626323e-08,-1.1222537e-10,-1.4295129e-09,-2.2213681e-07,123.09656,2.3263975e-10,-3.776395e-10,5.7526717,0,0
1532,1.531,0,0,0,0,-0,0,0,0,0,0,0,0,0,0,0,0,0,0,0.52,1.2875122,-0.29453451,-1.573373,-3.6535002e-14,1.4220442e-13,0.78293607,-7.9027157e-14,1.2655338e-13,-2.3563091,-4.4634302e-09,7.4421813e-13,-1.1907737e-12,-1.5569922e-10,4.054723e-08,9.8220006e-11,1.4519047e-09,2.2539313e-07,123.09656,2.3026718e-10,-3.7380039e-10,5.7526717,0,0
1533,1.532,0,0,0,0,-0,0,0,0,0,0,0,0,0,0,0,0,0,0,0.52,1.2875122,-0.29453451,-1.573373,-3.6224062e-14,1.4084177e-13,0.78293607,-7.8286406e-14,1.2536815e-13,-2.3563091,-4.4183043e-09,7.3728231e-13,-1.179685e-12,-1.5408926e-10,4.970448e-08,-1.1209164e-10,-1.4297273e-09,-2.2217322e-07,123.09656,2.2790876e-10,-3.6998239e-10,5.7526717,0,0
1534,1.533,0,0,0,0,-0,0,0,0,0,0,0,0,0,0,0,0,0,0,0.52,1.2875122,-0.29453451,-1.573373,-3.5916014e-14,1.3949183e-13,0.78293607,-7.7552566e-14,1.2419397e-13,-2.3563091,-4.3736347e-09,7.303974e-13,-1.1686835e-12,-1.5248764e-10,3.963477e-08,9.8321824e-11,1.4517304e-09,2.2537647e-07,123.09656,2.2564131e-10,-3.6628095e-10,5.7526717,0,0
1535,1.534,0,0,0,0,-0,0,0,0,0,0,0,0,0,0,0,0,0,0,0.52,1.2875122,-0.29453451,-1.573373,-3.5610833e-14,1.3815447e-13,0.78293607,-7.6825567e-14,1.2303072e-13,-2.3563091,-4.3294166e-09,7.2360056e-13,-1.1578088e-12,-1.5091072e-10,4.8801392e-08,-1.119155e-10,-1.429981e-09,-2.2222263e-07,123.09656,2.2327557e-10,-3.6249217e-10,5.7526717,0,0
1536,1.535,0,0,0,0,-0,0,0,0,0,0,0,0,0,0,0,0,0,0,0.52,1.2875122,-0.29453451,-1.573373,-3.5308489e-14,1.3682957e-13,0.78293607,-7.6105343e-14,1.218783e-13,-2.3563091,-4.2856467e-09,7.1684765e-13,-1.1470199e-12,-1.493462e-10,3.8738483e-08,9.8409685e-11,1.4515587e-09,2.2535167e-07,123.09656,2.2102891e-10,-3.5881576e-10,5.7526717,0,0
1537,1.536,0,0,0,0,-0,0,0,0,0,0,0,0,0,0,0,0,0,0,0.52,1.2875122,-0.29453451,-1.573373,-3.5008958e-14,1.3551701e-13,0.78293607,-7.5391835e-14,1.2073663e-13,-2.3563091,-4.2423196e-09,7.1016967e-13,-1.1363382e-12,-1.4780082e-10,4.7915713e-08,-1.1176564e-10,-1.4301954e-09,-2.2226091e-07,123.09656,2.1874337e-10,-3.5514005e-10,5.7526717,0,0
1538,1.537,0,0,0,0,-0,0,0,0,0,0,0,0,0,0,0,0,0,0,0.52,1.2875122,-0.29453451,-1.573373,-3.4712213e-14,1.3421669e-13,0.78293607,-7.4684979e-14,1.1960558e-13,-2.3563091,-4.1994297e-09,7.0354156e-13,-1.1257462e-12,-1.462687e-10,3.7864068e-08,9.8509427e-11,1.4513795e-09,2.2532515e-07,123.09656,2.1654113e-10,-3.5154826e-10,5.7526717,0,0
1539,1.538,0,0,0,0,-0,0,0,0,0,0,0,0,0,0,0,0,0,0,0.52,1.2875122,-0.29453451,-1.573373,-3.4418229e-14,1.3292848e-13,0.78293607,-7.3984715e-14,1.1848508e-13,-2.3563091,-4.1569732e-09,6.9698595e-13,-1.115261e-12,-1.4475554e-10,4.7048999e-08,-1.1162065e-10,-1.4304091e-09,-2.2229883e-07,123.09656,2.1430601e-10,-3.4794913e-10,5.7526717,0,0
1540,1.539,0,0,0,0,-0,0,0,0,0,0,0,0,0,0,0,0,0,0,0.52,1.2875122,-0.29453451,-1.573373,-3.4126981e-14,1.3165229e-13,0.78293607,-7.3290982e-14,1.1737502e-13,-2.3563091,-4.1149456e-09,6.9048127e-13,-1.1048653e-12,-1.4325557e-10,3.7006055e-08,9.8611293e-11,1.4512004e-09,2.2529877e-07,123.09656,2.1214273e-10,-3.4442421e-10,5.7526717,0,0
1541,1.54,0,0,0,0,-0,0,0,0,0,0,0,0,0,0,0,0,0,0,0.52,1.2875122,-0.29453451,-1.573373,-3.3838443e-14,1.3038799e-13,0.78293607,-7.2603721e-14,1.162753e-13,-2.3563091,-4.0733431e-09,6.8404045e-13,-1.0945666e-12,-1.4176954e-10,4.6199059e-08,-1.1149294e-10,-1.430603e-09,-2.2232671e-07,123.09656,2.0998381e-10,-3.40932e-10,5.7526717,0,0
1542,1.541,0,0,0,0,-0,0,0,0,0,0,0,0,0,0,0,0,0,0,0.52,1.2875122,-0.29453451,-1.573373,-3.3552591e-14,1.2913548e-13,0.78293607,-7.1922869e-14,1.1518583e-13,-2.3563091,-4.0321597e-09,6.7766359e-13,-1.0843697e-12,-1.4030249e-10,3.6167769e-08,9.8739231e-11,1.4509968e-09,2.2526082e-07,123.09656,2.0782549e-10,-3.3744314e-10,5.7526717,0,0
1543,1.542,0,0,0,0,-0,0,0,0,0,0,0,0,0,0,0,0,0,0,0.52,1.2875122,-0.29453451,-1.573373,-3.3269399e-14,1.2789464e-13,0.78293607,-7.1248367e-14,1.1410652e-13,-2.3563091,-3.9913925e-09,6.7133922e-13,-1.0742606e-12,-1.3884853e-10,4.5366627e-08,-1.1138797e-10,-1.4307785e-09,-2.223529e-07,123.09656,2.0572227e-10,-3.3402309e-10,5.7526717,0,0
1544,1.543,0,0,0,0,-0,0,0,0,0,0,0,0,0,0,0,0,0,0,0.52,1.2875122,-0.29453451,-1.573373,-3.2988842e-14,1.2666537e-13,0.78293607,-7.058016e-14,1.1303726e-13,-2.3563091,-3.9510377e-09,6.6507639e-13,-1.0642466e-12,-1.3740851e-10,3.534288e-08,9.8862308e-11,1.4508064e-09,2.2523294e-07,123.09656,2.0362603e-10,-3.3063022e-10,5.7526717,0,0
1545,1.544,0,0,0,0,-0,0,0,0,0,0,0,0,0,0,0,0,0,0,0.52,1.2875122,-0.29453451,-1.573373,-3.2710897e-14,1.2544757e-13,0.78293607,-6.9918183e-14,1.1197797e-13,-2.3563091,-3.9110912e-09,6.5887782e-13,-1.0543339e-12,-1.3598733e-10,4.4550065e-08,-1.1125946e-10,-1.4309811e-09,-2.2239058e-07,123.09656,2.0152005e-10,-3.2722909e-10,5.7526717,0,0
1546,1.545,0,0,0,0,-0,0,0,0,0,0,0,0,0,0,0,0,0,0,0.52,1.2875122,-0.29453451,-1.573373,-3.2435538e-14,1.2424111e-13,0.78293607,-6.9262379e-14,1.1092855e-13,-2.3563091,-3.871549e-09,6.527287e-13,-1.0445049e-12,-1.3457933e-10,3.4534405e-08,9.8961226e-11,1.450639e-09,2.2520657e-07,123.09656,1.9947547e-10,-3.2390304e-10,5.7526717,0,0
1547,1.546,0,0,0,0,-0,0,0,0,0,0,0,0,0,0,0,0,0,0,0.52,1.2875122,-0.29453451,-1.573373,-3.2162742e-14,1.230459e-13,0.78293607,-6.8612696e-14,1.0988892e-13,-2.3563091,-3.8324066e-09,6.4663875e-13,-1.0347671e-12,-1.3318525e-10,4.3750312e-08,-1.1114111e-10,-1.4311633e-09,-2.2241842e-07,123.09656,1.97441e-10,-3.2061064e-10,5.7526717,0,0
1548,1.547,0,0,0,0,-0,0,0,0,0,0,0,0,0,0,0,0,0,0,0.52,1.2875122,-0.29453451,-1.573373,-3.1892486e-14,1.2186185e-13,0.78293607,-6.7969074e-14,1.0885898e-13,-2.3563091,-3.7936598e-09,6.4060429e-13,-1.0251194e-12,-1.3180504e-10,3.3743426e-08,9.9072187e-11,1.4504587e-09,2.2517884e-07,123.09656,1.9543225e-10,-3.1735195e-10,5.7526717,0,0
1549,1.548,0,0,0,0,-0,0,0,0,0,0,0,0,0,0,0,0,0,0,0.52,1.2875122,-0.29453451,-1.573373,-3.1624746e-14,1.2068883e-13,0.78293607,-6.7331459e-14,1.0783864e-13,-2.3563091,-3.755304e-09,6.3462581e-13,-1.0155604e-12,-1.3043866e-10,4.2968127e-08,-1.1102916e-10,-1.4313407e-09,-2.2244607e-07,123.09656,1.9344391e-10,-3.1412977e-10,5.7526717,0,0
1550,1.549,0,0,0,0,-0,0,0,0,0,0,0,0,0,0,0,0,0,0,0.52,1.2875122,-0.29453451,-1.573373,-3.1359498e-14,1.1952676e-13,0.78293607,-6.6699794e-14,1.0682781e-13,-2.3563091,-3.7173374e-09,6.2870498e-13,-1.0060934e-12,-1.2908598e-10,3.2965075e-08,9.9187508e-11,1.4502747e-09,2.2515143e-07,123.09656,1.9146477e-10,-3.1092336e-10,5.7526717,0,0
1551,1.55,0,0,0,0,-0,0,0,0,0,0,0,0,0,0,0,0,0,0,0.52,1.2875122,-0.29453451,-1.573373,-3.109672e-14,1.1837552e-13,0.78293607,-6.6074022e-14,1.058264e-13,-2.3563091,-3.6797554e-09,6.2283865e-13,-9.9671382e-13,-1.2774718e-10,4.2198882e-08,-1.1092017e-10,-1.4315155e-09,-2.2247383e-07,123.09656,1.8950782e-10,-3.0775113e-10,5.7526717,0,0
1552,1.551,0,0,0,0,-0,0,0,0,0,0,0,0,0,0,0,0,0,0,0.52,1.2875122,-0.29453451,-1.573373,-3.0836388e-14,1.1723502e-13,0.78293607,-6.5454086e-14,1.0483433e-13,-2.3563091,-3.6425534e-09,6.1703296e-13,-9.8742808e-13,-1.2642722e-10,3.2205073e-08,9.9308774e-11,1.450087e-09,2.2511374e-07,123.09656,1.8753951e-10,-3.0457628e-10,5.7526717,0,0
1553,1.552,0,0,0,0,-0,0,0,0,0,0,0,0,0,0,0,0,0,0,0.52,1.2875122,-0.29453451,-1.573373,-3.057848e-14,1.1610515e-13,0.78293607,-6.4839937e-14,1.0385151e-13,-2.3563091,-3.6057263e-09,6.1126436e-13,-9.7821004e-13,-1.2511546e-10,4.1449209e-08,-1.1084597e-10,-1.4316509e-09,-2.2249021e-07,123.09656,1.8567507e-10,-3.0152554e-10,5.7526717,0,0
1554,1.553,0,0,0,0,-0,0,0,0,0,0,0,0,0,0,0,0,0,0,0.52,1.2875122,-0.29453451,-1.573373,-3.0322974e-14,1.1498583e-13,0.78293607,-6.4231524e-14,1.0287787e-13,-2.3563091,-3.5692713e-09,6.0556167e-13,-9.6908765e-13,-1.2381818e-10,3.1460877e-08,9.9440602e-11,1.4498957e-09,2.2508477e-07,123.09656,1.8376784e-10,-2.9845502e-10,5.7526717,0,0
1555,1.554,0,0,0,0,-0,0,0,0,0,0,0,0,0,0,0,0,0,0,0.52,1.2875122,-0.29453451,-1.573373,-3.0069848e-14,1.1387695e-13,0.78293607,-6.3628786e-14,1.0191329e-13,-2.3563091,-3.5331844e-09,5.9991532e-13,-9.6005816e-13,-1.2253965e-10,4.0712904e-08,-1.107333e-10,-1.4318367e-09,-2.225277e-07,123.09656,1.8186267e-10,-2.9537383e-10,5.7526717,0,0
1556,1.555,0,0,0,0,-0,0,0,0,0,0,0,0,0,0,0,0,0,0,0.52,1.2875122,-0.29453451,-1.573373,-2.9819078e-14,1.1277841e-13,0.78293607,-6.3031673e-14,1.0095771e-13,-2.3563091,-3.4974643e-09,5.9430984e-13,-9.5109927e-13,-1.2126907e-10,3.0727206e-08,9.9522333e-11,1.4497545e-09,2.2506886e-07,123.09656,1.8003446e-10,-2.9238935e-10,5.7526717,0,0
1557,1.556,0,0,0,0,-0,0,0,0,0,0,0,0,0,0,0,0,0,0,0.52,1.2875122,-0.29453451,-1.573373,-2.9570644e-14,1.1169013e-13,0.78293607,-6.2440139e-14,1.0001105e-13,-2.3563091,-3.4621051e-09,5.8875782e-13,-9.4222138e-13,-1.2000816e-10,3.999126e-08,-1.1062637e-10,-1.4319987e-09,-2.2254704e-07,123.09656,1.7821787e-10,-2.894458e-10,5.7526717,0,0
1558,1.557,0,0,0,0,-0,0,0,0,0,0,0,0,0,0,0,0,0,0,0.52,1.2875122,-0.29453451,-1.573373,-2.9324525e-14,1.10612e-13,0.78293607,-6.1854125e-14,9.9073222e-14,-2.3563091,-3.4271037e-09,5.8327058e-13,-9.3344295e-13,-1.1876657e-10,3.0011557e-08,9.9651886e-11,1.4495556e-09,2.2503021e-07,123.09656,1.7635338e-10,-2.8644633e-10,5.7526717,0,0
1559,1.558,0,0,0,0,-0,0,0,0,0,0,0,0,0,0,0,0,0,0,0.52,1.2875122,-0.29453451,-1.573373,-2.9080698e-14,1.0954392e-13,0.78293607,-6.1273578e-14,9.8144132e-14,-2.3563091,-3.3924553e-09,5.778232e-13,-9.2473556e-13,-1.1753809e-10,3.928514e-08,-1.1054665e-10,-1.4321408e-09,-2.2257324e-07,123.09656,1.7456293e-10,-2.8352884e-10,5.7526717,0,0
1560,1.559,0,0,0,0,-0,0,0,0,0,0,0,0,0,0,0,0,0,0,0.52,1.2875122,-0.29453451,-1.573373,-2.8839141e-14,1.0848581e-13,0.78293607,-6.0698455e-14,9.7223713e-14,-2.3563091,-3.3581579e-09,5.7242409e-13,-9.161031e-13,-1.1631835e-10,2.930975e-08,9.9748433e-11,1.4494057e-09,2.2501273e-07,123.09656,1.7280228e-10,-2.8067017e-10,5.7526717,0,0
1561,1.56,0,0,0,0,-0,0,0,0,0,0,0,0,0,0,0,0,0,0,0.52,1.2875122,-0.29453451,-1.573373,-2.8599836e-14,1.0743758e-13,0.78293607,-6.0128702e-14,9.6311883e-14,-2.3563091,-3.3242059e-09,5.670808e-13,-9.075571e-13,-1.1511315e-10,3.8594191e-08,-1.1043501e-10,-1.4323137e-09,-2.2260234e-07,123.09656,1.710311e-10,-2.7780867e-10,5.7526717,0,0
1562,1.561,0,0,0,0,-0,0,0,0,0,0,0,0,0,0,0,0,0,0,0.52,1.2875122,-0.29453451,-1.573373,-2.836276e-14,1.0639913e-13,0.78293607,-5.9564268e-14,9.5408558e-14,-2.3563091,-3.2905986e-09,5.617881e-13,-8.9909385e-13,-1.1392146e-10,2.8620432e-08,9.9849597e-11,1.4492402e-09,2.2498573e-07,123.09656,1.692729e-10,-2.749586e-10,5.7526717,0,0
1563,1.562,0,0,0,0,-0,0,0,0,0,0,0,0,0,0,0,0,0,0,0.52,1.2875122,-0.29453451,-1.573373,-2.8127892e-14,1.0537038e-13,0.78293607,-5.9005105e-14,9.4513661e-14,-2.3563091,-3.2573306e-09,5.5653652e-13,-8.9069876e-13,-1.1273864e-10,3.7915594e-08,-1.1035275e-10,-1.43245e-09,-2.2262009e-07,123.09656,1.6757267e-10,-2.7218926e-10,5.7526717,0,0
1564,1.563,0,0,0,0,-0,0,0,0,0,0,0,0,0,0,0,0,0,0,0.52,1.2875122,-0.29453451,-1.573373,-2.7895213e-14,1.0435122e-13,0.78293607,-5.8451163e-14,9.3627114e-14,-2.3563091,-3.224397e-09,5.5134771e-13,-8.8239578e-13,-1.1157533e-10,2.795147e-08,9.9975131e-11,1.4490559e-09,2.249467e-07,123.09656,1.6581961e-10,-2.6937682e-10,5.7526717,0,0
1565,1.564,0,0,0,0,-0,0,0,0,0,0,0,0,0,0,0,0,0,0,0.52,1.2875122,-0.29453451,-1.573373,-2.7664703e-14,1.0334158e-13,0.78293607,-5.7902397e-14,9.2748842e-14,-2.3563091,-3.1917965e-09,5.4618435e-13,-8.7414792e-13,-1.1041482e-10,3.7249587e-08,-1.1030184e-10,-1.4325602e-09,-2.2262569e-07,123.09656,1.6419809e-10,-2.6670252e-10,5.7526717,0,0
1566,1.565,0,0,0,0,-0,0,0,0,0,0,0,0,0,0,0,0,0,0,0.52,1.2875122,-0.29453451,-1.573373,-2.743634e-14,1.0234137e-13,0.78293607,-5.7358756e-14,9.1878767e-14,-2.3563091,-3.1595264e-09,5.4109751e-13,-8.6600319e-13,-1.0927452e-10,2.7290721e-08,1.0012815e-10,1.4488497e-09,2.2490631e-07,123.09656,1.6245028e-10,-2.6392237e-10,5.7526717,0,0
1567,1.566,0,0,0,0,-0,0,0,0,0,0,0,0,0,0,0,0,0,0,0.52,1.2875122,-0.29453451,-1.573373,-2.7210106e-14,1.0135049e-13,0.78293607,-5.682019e-14,9.1016806e-14,-2.3563091,-3.1275829e-09,5.3603582e-13,-8.5791721e-13,-1.0814208e-10,3.6596307e-08,-1.1025153e-10,-1.4326777e-09,-2.2264143e-07,123.09656,1.608304e-10,-2.6125428e-10,5.7526717,0,0
1568,1.567,0,0,0,0,-0,0,0,0,0,0,0,0,0,0,0,0,0,0,0.52,1.2875122,-0.29453451,-1.573373,-2.6985979e-14,1.0036886e-13,0.78293607,-5.6286654e-14,9.0162891e-14,-2.3563091,-3.0959625e-09,5.3103462e-13,-8.4991387e-13,-1.0702415e-10,2.6644451e-08,1.0024913e-10,1.4486844e-09,2.2487727e-07,123.09656,1.5915964e-10,-2.5857521e-10,5.7526717,0,0
1569,1.568,0,0,0,0,-0,0,0,0,0,0,0,0,0,0,0,0,0,0,0.52,1.2875122,-0.29453451,-1.573373,-2.6763941e-14,9.9396394e-14,0.78293607,-5.5758106e-14,8.9316949e-14,-2.3563091,-3.0646627e-09,5.2606268e-13,-8.4197055e-13,-1.0590977e-10,3.5955035e-08,-1.1019301e-10,-1.4327978e-09,-2.2264852e-07,123.09656,1.575919e-10,-2.5599469e-10,5.7526717,0,0
1570,1.569,0,0,0,0,-0,0,0,0,0,0,0,0,0,0,0,0,0,0,0.52,1.2875122,-0.29453451,-1.573373,-2.6543973e-14,9.8433012e-14,0.78293607,-5.5234494e-14,8.8478902e-14,-2.3563091,-3.0336786e-09,5.2116108e-13,-8.3412274e-13,-1.0481561e-10,2.6013255e-08,1.0038983e-10,1.4484934e-09,2.2483686e-07,123.09656,1.5591927e-10,-2.5333141e-10,5.7526717,0,0
1571,1.57,0,0,0,0,-0,0,0,0,0,0,0,0,0,0,0,0,0,0,0.52,1.2875122,-0.29453451,-1.573373,-2.6326056e-14,9.7478625e-14,0.78293607,-5.4715774e-14,8.7648678e-14,-2.3563091,-3.0030081e-09,5.162784e-13,-8.2632488e-13,-1.0372417e-10,3.5327733e-08,-1.101552e-10,-1.4328977e-09,-2.2265399e-07,123.09656,1.5439672e-10,-2.5080951e-10,5.7526717,0,0
1572,1.571,0,0,0,0,-0,0,0,0,0,0,0,0,0,0,0,0,0,0,0.52,1.2875122,-0.29453451,-1.573373,-2.6110169e-14,9.6533148e-14,0.78293607,-5.4201899e-14,8.6826203e-14,-2.3563091,-2.9726494e-09,5.1147136e-13,-8.1862621e-13,-1.0265285e-10,2.5389746e-08,1.0054112e-10,1.448295e-09,2.2479662e-07,123.09656,1.5273819e-10,-2.481791e-10,5.7526717,0,0
1573,1.572,0,0,0,0,-0,0,0,0,0,0,0,0,0,0,0,0,0,0,0.52,1.2875122,-0.29453451,-1.573373,-2.5896295e-14,9.5596493e-14,0.78293607,-5.3692821e-14,8.6011399e-14,-2.3563091,-2.942598e-09,5.0668559e-13,-8.1098134e-13,-1.0158945e-10,3.4712902e-08,-1.1011266e-10,-1.4330053e-09,-2.2266982e-07,123.09656,1.512131e-10,-2.4566324e-10,5.7526717,0,0
1574,1.573,0,0,0,0,-0,0,0,0,0,0,0,0,0,0,0,0,0,0,0.52,1.2875122,-0.29453451,-1.573373,-2.5684413e-14,9.466859e-14,0.78293607,-5.3188503e-14,8.5204206e-14,-2.3563091,-2.9128494e-09,5.019496e-13,-8.0340453e-13,-1.0053559e-10,2.4784346e-08,1.0064068e-10,1.4481589e-09,2.2477754e-07,123.09656,1.4967715e-10,-2.4318767e-10,5.7526717,0,0
1575,1.574,0,0,0,0,-0,0,0,0,0,0,0,0,0,0,0,0,0,0,0.52,1.2875122,-0.29453451,-1.573373,-2.5474509e-14,9.3749358e-14,0.78293607,-5.26889e-14,8.4404553e-14,-2.3563091,-2.8834019e-09,4.9725665e-13,-7.9590123e-13,-9.9490888e-11,3.4110579e-08,-1.1002659e-10,-1.4331523e-09,-2.2268813e-07,123.09656,1.4816177e-10,-2.407215e-10,5.7526717,0,0
1576,1.575,0,0,0,0,-0,0,0,0,0,0,0,0,0,0,0,0,0,0,0.52,1.2875122,-0.29453451,-1.573373,-2.5266561e-14,9.2838704e-14,0.78293607,-5.2193961e-14,8.3612361e-14,-2.3563091,-2.8542516e-09,4.9262112e-13,-7.8848207e-13,-9.846556e-11,2.41902e-08,1.0075554e-10,1.4479907e-09,2.2473879e-07,123.09656,1.4659247e-10,-2.3820774e-10,5.7526717,0,0
1577,1.576,0,0,0,0,-0,0,0,0,0,0,0,0,0,0,0,0,0,0,0.52,1.2875122,-0.29453451,-1.573373,-2.5060551e-14,9.1936558e-14,0.78293607,-5.1703649e-14,8.2827567e-14,-2.3563091,-2.8253946e-09,4.8800353e-13,-7.8110612e-13,-9.744316e-11,3.3523676e-08,-1.0999072e-10,-1.4332388e-09,-2.2269399e-07,123.09656,1.4516482e-10,-2.3584777e-10,5.7526717,0,0
1578,1.577,0,0,0,0,-0,0,0,0,0,0,0,0,0,0,0,0,0,0,0.52,1.2875122,-0.29453451,-1.573373,-2.4856464e-14,9.1042844e-14,0.78293607,-5.1217922e-14,8.2050106e-14,-2.3563091,-2.7968285e-09,4.8344993e-13,-7.73816e-13,-9.6435869e-11,2.3608625e-08,1.0088353e-10,1.447819e-09,2.2470857e-07,123.09656,1.4364646e-10,-2.334253e-10,5.7526717,0,0
1579,1.578,0,0,0,0,-0,0,0,0,0,0,0,0,0,0,0,0,0,0,0.52,1.2875122,-0.29453451,-1.573373,-2.465428e-14,9.0157482e-14,0.78293607,-5.0736737e-14,8.1279908e-14,-2.3563091,-2.7685522e-09,4.7892096e-13,-7.6658086e-13,-9.54319e-11,3.2943875e-08,-1.0994147e-10,-1.4333487e-09,-2.2270063e-07,123.09656,1.4223203e-10,-2.310911e-10,5.7526717,0,0
1580,1.579,0,0,0,0,-0,0,0,0,0,0,0,0,0,0,0,0,0,0,0.52,1.2875122,-0.29453451,-1.573373,-2.4453981e-14,8.9280386e-14,0.78293607,-5.0260046e-14,8.0516899e-14,-2.3563091,-2.7405627e-09,4.7446063e-13,-7.5943723e-13,-9.4448047e-11,2.3035162e-08,1.0102079e-10,1.447636e-09,2.2466834e-07,123.09656,1.4069917e-10,-2.2865877e-10,5.7526717,0,0
1581,1.58,0,0,0,0,-0,0,0,0,0,0,0,0,0,0,0,0,0,0,0.52,1.2875122,-0.29453451,-1.573373,-2.4255549e-14,8.841148e-14,0.78293607,-4.9787809e-14,7.9761012e-14,-2.3563091,-2.7128575e-09,4.7001399e-13,-7.5233617e-13,-9.3466931e-11,3.2375278e-08,-1.0991407e-10,-1.4334338e-09,-2.227061e-07,123.09656,1.3932049e-10,-2.2636973e-10,5.7526717,0,0
1582,1.581,0,0,0,0,-0,0,0,0,0,0,0,0,0,0,0,0,0,0,0.52,1.2875122,-0.29453451,-1.573373,-2.4058969e-14,8.75507e-14,0.78293607,-4.9319991e-14,7.9012191e-14,-2.3563091,-2.6854311e-09,4.6562136e-13,-7.4530565e-13,-9.249607e-11,2.2477412e-08,1.011288e-10,1.4474949e-09,2.2464783e-07,123.09656,1.3789277e-10,-2.2408133e-10,5.7526717,0,0
1583,1.582,0,0,0,0,-0,0,0,0,0,0,0,0,0,0,0,0,0,0,0.52,1.2875122,-0.29453451,-1.573373,-2.3864223e-14,8.6697959e-14,0.78293607,-4.8856544e-14,7.8270363e-14,-2.3563091,-2.6582823e-09,4.6127304e-13,-7.3835099e-13,-9.1539263e-11,3.1820308e-08,-1.0982545e-10,-1.4335856e-09,-2.2273421e-07,123.09656,1.3646201e-10,-2.2176319e-10,5.7526717,0,0
1584,1.583,0,0,0,0,-0,0,0,0,0,0,0,0,0,0,0,0,0,0,0.52,1.2875122,-0.29453451,-1.573373,-2.3671292e-14,8.5853182e-14,0.78293607,-4.8397427e-14,7.753546e-14,-2.3563091,-2.6314099e-09,4.5696037e-13,-7.3145498e-13,-9.059094e-11,2.1924503e-08,1.0120012e-10,1.4473776e-09,2.2463086e-07,123.09656,1.3506949e-10,-2.1949809e-10,5.7526717,0,0
1585,1.584,0,0,0,0,-0,0,0,0,0,0,0,0,0,0,0,0,0,0,0.52,1.2875122,-0.29453451,-1.573373,-2.348016e-14,8.5016299e-14,0.78293607,-4.7942603e-14,7.6807422e-14,-2.3563091,-2.6048092e-09,4.5268758e-13,-7.2462105e-13,-8.9652066e-11,3.1276883e-08,-1.0974571e-10,-1.4337097e-09,-2.2275311e-07,123.09656,1.3369227e-10,-2.1726584e-10,5.7526717,0,0
1586,1.585,0,0,0,0,-0,0,0,0,0,0,0,0,0,0,0,0,0,0,0.52,1.2875122,-0.29453451,-1.573373,-2.3290812e-14,8.418724e-14,0.78293607,-4.7492033e-14,7.6086188e-14,-2.3563091,-2.5784756e-09,4.4845209e-13,-7.1784764e-13,-8.8722486e-11,2.1390196e-08,1.0127475e-10,1.4472566e-09,2.2461227e-07,123.09656,1.3234119e-10,-2.1507118e-10,5.7526717,0,0
1587,1.586,0,0,0,0,-0,0,0,0,0,0,0,0,0,0,0,0,0,0,0.52,1.2875122,-0.29453451,-1.573373,-2.3103231e-14,8.3365933e-14,0.78293607,-4.7045679e-14,7.5371695e-14,-2.3563091,-2.5524067e-09,4.4425653e-13,-7.1113726e-13,-8.7802113e-11,3.0747597e-08,-1.0966588e-10,-1.4338358e-09,-2.2277152e-07,123.09656,1.3100131e-10,-2.1289847e-10,5.7526717,0,0
1588,1.587,0,0,0,0,-0,0,0,0,0,0,0,0,0,0,0,0,0,0,0.52,1.2875122,-0.29453451,-1.573373,-2.2917401e-14,8.25523e-14,0.78293607,-4.6603497e-14,7.4663877e-14,-2.3563091,-2.526601e-09,4.4010807e-13,-7.0449936e-13,-8.6895904e-11,2.0863899e-08,1.0136897e-10,1.4471116e-09,2.2458394e-07,123.09656,1.2963448e-10,-2.1069705e-10,5.7526717,0,0
1589,1.588,0,0,0,0,-0,0,0,0,0,0,0,0,0,0,0,0,0,0,0.52,1.2875122,-0.29453451,-1.573373,-2.2733304e-14,8.1746273e-14,0.78293607,-4.6165451e-14,7.3962673e-14,-2.3563091,-2.5010559e-09,4.359831e-13,-6.9790738e-13,-8.5993237e-11,3.0226208e-08,-1.0961892e-10,-1.4339276e-09,-2.2277861e-07,123.09656,1.2835706e-10,-2.0859676e-10,5.7526717,0,0
1590,1.589,0,0,0,0,-0,0,0,0,0,0,0,0,0,0,0,0,0,0,0.52,1.2875122,-0.29453451,-1.573373,-2.2550926e-14,8.0947786e-14,0.78293607,-4.5731505e-14,7.3268026e-14,-2.3563091,-2.4757703e-09,4.3190914e-13,-6.9138752e-13,-8.510044e-11,2.0345001e-08,1.01471e-10,1.4469674e-09,2.245642e-07,123.09656,1.2702954e-10,-2.0646372e-10,5.7526717,0,0
1591,1.59,0,0,0,0,-0,0,0,0,0,0,0,0,0,0,0,0,0,0,0.52,1.2875122,-0.29453451,-1.573373,-2.237025e-14,8.0156761e-14,0.78293607,-4.5301616e-14,7.2579869e-14,-2.3563091,-2.4507402e-09,4.2786837e-13,-6.8492663e-13,-8.4216866e-11,2.9715343e-08,-1.0955254e-10,-1.4340456e-09,-2.2279705e-07,123.09656,1.2573896e-10,-2.0436029e-10,5.7526717,0,0
1592,1.591,0,0,0,0,-0,0,0,0,0,0,0,0,0,0,0,0,0,0,0.52,1.2875122,-0.29453451,-1.573373,-2.2191259e-14,7.9373126e-14,0.78293607,-4.4875745e-14,7.1898139e-14,-2.3563091,-2.4259626e-09,4.2387315e-13,-6.7853278e-13,-8.3347511e-11,1.9839823e-08,1.015621e-10,1.4468333e-09,2.2453576e-07,123.09656,1.2442153e-10,-2.0224307e-10,5.7526717,0,0
1593,1.592,0,0,0,0,-0,0,0,0,0,0,0,0,0,0,0,0,0,0,0.52,1.2875122,-0.29453451,-1.573373,-2.2013938e-14,7.8596818e-14,0.78293607,-4.4453859e-14,7.1222781e-14,-2.3563091,-2.4014359e-09,4.1990004e-13,-6.7218363e-13,-8.2481623e-11,2.9213544e-08,-1.0950832e-10,-1.434135e-09,-2.2280399e-07,123.09656,1.2319275e-10,-2.002209e-10,5.7526717,0,0
1594,1.593,0,0,0,0,-0,0,0,0,0,0,0,0,0,0,0,0,0,0,0.52,1.2875122,-0.29453451,-1.573373,-2.1838273e-14,7.7827772e-14,0.78293607,-4.4035922e-14,7.0553739e-14,-2.3563091,-2.3771568e-09,4.1597453e-13,-6.6590108e-13,-8.1625755e-11,1.9344688e-08,1.0165731e-10,1.4467001e-09,2.2451572e-07,123.09656,1.2192341e-10,-1.9818152e-10,5.7526717,0,0
1595,1.594,0,0,0,0,-0,0,0,0,0,0,0,0,0,0,0,0,0,0,0.52,1.2875122,-0.29453451,-1.573373,-2.1664247e-14,7.7065911e-14,0.78293607,-4.3621889e-14,6.9890945e-14,-2.3563091,-2.3531235e-09,4.1208976e-13,-6.5968616e-13,-8.0783942e-11,2.8721949e-08,-1.0942685e-10,-1.4342703e-09,-2.228321e-07,123.09656,1.2064568e-10,-1.9611644e-10,5.7526717,0,0
1596,1.595,0,0,0,0,-0,0,0,0,0,0,0,0,0,0,0,0,0,0,0.52,1.2875122,-0.29453451,-1.573373,-2.1491845e-14,7.6311172e-14,0.78293607,-4.3211731e-14,6.9234346e-14,-2.3563091,-2.3293333e-09,4.082269e-13,-6.5351218e-13,-7.9945656e-11,1.8858351e-08,1.0170114e-10,1.4466182e-09,2.2450867e-07,123.09656,1.1945204e-10,-1.9415638e-10,5.7526717,0,0
1597,1.596,0,0,0,0,-0,0,0,0,0,0,0,0,0,0,0,0,0,0,0.52,1.2875122,-0.29453451,-1.573373,-2.1321053e-14,7.5563497e-14,0.78293607,-4.2805413e-14,6.8583888e-14,-2.3563091,-2.3057825e-09,4.0440923e-13,-6.4740242e-13,-7.91174e-11,2.8243311e-08,-1.0933649e-10,-1.4343987e-09,-2.2285216e-07,123.09656,1.1822449e-10,-1.9218233e-10,5.7526717,0,0
1598,1.597,0,0,0,0,-0,0,0,0,0,0,0,0,0,0,0,0,0,0,0.52,1.2875122,-0.29453451,-1.573373,-2.1151856e-14,7.4822816e-14,0.78293607,-4.2402898e-14,6.7939515e-14,-2.3563091,-2.2824712e-09,4.0061987e-13,-6.4134524e-13,-7.8293043e-11,1.8379324e-08,1.0175776e-10,1.446513e-09,2.2450087e-07,123.09656,1.1704558e-10,-1.9024952e-10,5.7526717,0,0
1599,1.598,0,0,0,0,-0,0,0,0,0,0,0,0,0,0,0,0,0,0,0.52,1.2875122,-0.29453451,-1.573373,-2.0984238e-14,7.4089057e-14,0.78293607,-4.2004147e-14,6.7301161e-14,-2.3563091,-2.2593971e-09,3.9688273e-13,-6.3536131e-13,-7.748358e-11,2.7768883e-08,-1.0923204e-10,-1.4345452e-09,-2.2288195e-07,123.09656,1.1579372e-10,-1.8825154e-10,5.7526717,0,0
1600,1.599,0,0,0,0,-0,0,0,0,0,0,0,0,0,0,0,0,0,0,0.52,1.2875122,-0.29453451,-1.573373,-2.0818183e-14,7.3362151e-14,0.78293607,-4.1609121e-14,6.6668768e-14,-2.3563091,-2.2365578e-09,3.9316893e-13,-6.2942476e-13,-7.6682543e-11,1.7909607e-08,1.0180445e-10,1.4464183e-09,2.2448402e-07,123.09656,1.1461141e-10,-1.8631462e-10,5.7526717,0,0
1601,1.6,0,0,0,0,-0,0,0,0,0,0,0,0,0,0,0,0,0,0,0.52,1.2875122,-0.29453451,-1.573373,-2.0653678e-14,7.2642048e-14,0.78293607,-4.1217795e-14,6.604229e-14,-2.3563091,-2.2139486e-09,3.8948388e-13,-6.2353149e-13,-7.5885901e-11,2.730887e-08,-1.0917456e-10,-1.4346317e-09,-2.2289074e-07,123.09656,1.1347035e-10,-1.8445705e-10,5.7526717,0,0
1602,1.601,0,0,0,0,-0,0,0,0,0,0,0,0,0,0,0,0,0,0,0.52,1.2875122,-0.29453451,-1.573373,-2.049071e-14,7.1928685e-14,0.78293607,-4.0830133e-14,6.5421675e-14,-2.3563091,-2.191566e-09,3.8583936e-13,-6.1769994e-13,-7.5099124e-11,1.7456356e-08,1.0188553e-10,1.4462948e-09,2.2446429e-07,123.09656,1.1230985e-10,-1.8258404e-10,5.7526717,0,0
1603,1.602,0,0,0,0,-0,0,0,0,0,0,0,0,0,0,0,0,0,0,0.52,1.2875122,-0.29453451,-1.573373,-2.0329265e-14,7.1221993e-14,0.78293607,-4.0446099e-14,6.4806862e-14,-2.3563091,-2.1694098e-09,3.8222915e-13,-6.119254e-13,-7.432131e-11,2.6856035e-08,-1.0910596e-10,-1.4347458e-09,-2.2290867e-07,123.09656,1.1115922e-10,-1.8071611e-10,5.7526717,0,0
1604,1.603,0,0,0,0,-0,0,0,0,0,0,0,0,0,0,0,0,0,0,0.52,1.2875122,-0.29453451,-1.573373,-2.0169326e-14,7.0521911e-14,0.78293607,-4.0065658e-14,6.4197797e-14,-2.3563091,-2.1474778e-09,3.7865348e-13,-6.0620517e-13,-7.3552678e-11,1.7007791e-08,1.0195463e-10,1.4461862e-09,2.2444593e-07,123.09656,1.1001548e-10,-1.7886397e-10,5.7526717,0,0
1605,1.604,0,0,0,0,-0,0,0,0,0,0,0,0,0,0,0,0,0,0,0.52,1.2875122,-0.29453451,-1.573373,-2.0010882e-14,6.982838e-14,0.78293607,-3.9688779e-14,6.3594429e-14,-2.3563091,-2.1257672e-09,3.7510326e-13,-6.0052908e-13,-7.2788226e-11,2.641359e-08,-1.0905508e-10,-1.434834e-09,-2.2291703e-07,123.09656,1.0892269e-10,-1.7707607e-10,5.7526717,0,0
1606,1.605,0,0,0,0,-0,0,0,0,0,0,0,0,0,0,0,0,0,0,0.52,1.2875122,-0.29453451,-1.573373,-1.9853917e-14,6.9141341e-14,0.78293607,-3.931543e-14,6.2996708e-14,-2.3563091,-2.1042758e-09,3.7159528e-13,-5.9491463e-13,-7.2033579e-11,1.656919e-08,1.0203913e-10,1.4460629e-09,2.2442632e-07,123.09656,1.0779512e-10,-1.7526225e-10,5.7526717,0,0
1607,1.606,0,0,0,0,-0,0,0,0,0,0,0,0,0,0,0,0,0,0,0.52,1.2875122,-0.29453451,-1.573373,-1.9698419e-14,6.8460727e-14,0.78293607,-3.8945574e-14,6.2404575e-14,-2.3563091,-2.0830003e-09,3.6811627e-13,-5.893506e-13,-7.128808e-11,2.5981813e-08,-1.0899714e-10,-1.4349349e-09,-2.2293532e-07,123.09656,1.0669736e-10,-1.7347574e-10,5.7526717,0,0
1608,1.607,0,0,0,0,-0,0,0,0,0,0,0,0,0,0,0,0,0,0,0.52,1.2875122,-0.29453451,-1.573373,-1.9544373e-14,6.7786485e-14,0.78293607,-3.8579183e-14,6.1817983e-14,-2.3563091,-2.0619404e-09,3.6466587e-13,-5.8383283e-13,-7.0546601e-11,1.613794e-08,1.0209633e-10,1.4459704e-09,2.2441828e-07,123.09656,1.0562982e-10,-1.71735e-10,5.7526717,0,0
1609,1.608,0,0,0,0,-0,0,0,0,0,0,0,0,0,0,0,0,0,0,0.52,1.2875122,-0.29453451,-1.573373,-1.9391766e-14,6.7118547e-14,0.78293607,-3.8216219e-14,6.1236875e-14,-2.3563091,-2.0410941e-09,3.6126296e-13,-5.7838379e-13,-6.9819963e-11,2.5554603e-08,-1.0890215e-10,-1.4350724e-09,-2.22965e-07,123.09656,1.0449614e-10,-1.6992479e-10,5.7526717,0,0
1610,1.609,0,0,0,0,-0,0,0,0,0,0,0,0,0,0,0,0,0,0,0.52,1.2875122,-0.29453451,-1.573373,-1.9240584e-14,6.6456855e-14,0.78293607,-3.785665e-14,6.0661199e-14,-2.3563091,-2.0204594e-09,3.5787412e-13,-5.7296891e-13,-6.9096692e-11,1.5714901e-08,1.0212448e-10,1.4459021e-09,2.2441154e-07,123.09656,1.0346189e-10,-1.6821539e-10,5.7526717,0,0
1611,1.61,0,0,0,0,-0,0,0,0,0,0,0,0,0,0,0,0,0,0,0.52,1.2875122,-0.29453451,-1.573373,-1.9090814e-14,6.5801362e-14,0.78293607,-3.7500453e-14,6.0090913e-14,-2.3563091,-2.0000327e-09,3.5452066e-13,-5.6760284e-13,-6.8378389e-11,2.5138464e-08,-1.0883142e-10,-1.43517e-09,-2.2297494e-07,123.09656,1.0241936e-10,-1.6653146e-10,5.7526717,0,0
1612,1.611,0,0,0,0,-0,0,0,0,0,0,0,0,0,0,0,0,0,0,0.52,1.2875122,-0.29453451,-1.573373,-1.8942444e-14,6.5152004e-14,0.78293607,-3.7147591e-14,5.9525964e-14,-2.3563091,-1.9798121e-09,3.5120355e-13,-5.6229538e-13,-6.7669776e-11,1.5302719e-08,1.021972e-10,1.4457849e-09,2.2439216e-07,123.09656,1.0136179e-10,-1.6482127e-10,5.7526717,0,0
1613,1.612,0,0,0,0,-0,0,0,0,0,0,0,0,0,0,0,0,0,0,0.52,1.2875122,-0.29453451,-1.573373,-1.879546e-14,6.4508724e-14,0.78293607,-3.6798034e-14,5.8966301e-14,-2.3563091,-1.9597968e-09,3.4791086e-13,-5.5703067e-13,-6.6965131e-11,2.472793e-08,-1.0878259e-10,-1.4352555e-09,-2.2298287e-07,123.09656,1.003474e-10,-1.6316168e-10,5.7526717,0,0
1614,1.613,0,0,0,0,-0,0,0,0,0,0,0,0,0,0,0,0,0,0,0.52,1.2875122,-0.29453451,-1.573373,-1.8649849e-14,6.387146e-14,0.78293607,-3.6451746e-14,5.841187e-14,-2.3563091,-1.9399839e-09,3.4466398e-13,-5.5183057e-13,-6.6275379e-11,1.4897887e-08,1.0228884e-10,1.4456557e-09,2.2436238e-07,123.09656,9.9267415e-11,-1.6144063e-10,5.7526717,0,0
1615,1.614,0,0,0,0,-0,0,0,0,0,0,0,0,0,0,0,0,0,0,0.52,1.2875122,-0.29453451,-1.573373,-1.8505598e-14,6.324016e-14,0.78293607,-3.6108702e-14,5.7862626e-14,-2.3563091,-1.9203729e-09,3.4142419e-13,-5.4665666e-13,-6.5583883e-11,2.4323937e-08,-1.0876841e-10,-1.4353078e-09,-2.2297939e-07,123.09656,9.8314137e-11,-1.5984802e-10,5.7526717,0,0
1616,1.615,0,0,0,0,-0,0,0,0,0,0,0,0,0,0,0,0,0,0,0.52,1.2875122,-0.29453451,-1.573373,-1.8362695e-14,6.2614769e-14,0.78293607,-3.576887e-14,5.7318522e-14,-2.3563091,-1.9009595e-09,3.382396e-13,-5.4155221e-13,-6.4908107e-11,1.4502951e-08,1.0239922e-10,1.4455167e-09,2.2433094e-07,123.09656,9.7245519e-11,-1.5816505e-10,5.7526717,0,0
1617,1.616,0,0,0,0,-0,0,0,0,0,0,0,0,0,0,0,0,0,0,0.52,1.2875122,-0.29453451,-1.573373,-1.8221127e-14,6.1995234e-14,0.78293607,-3.5432222e-14,5.6779511e-14,-2.3563091,-1.8817414e-09,3.3505598e-13,-5.3647016e-13,-6.4230546e-11,2.3933335e-08,-1.0876646e-10,-1.4353526e-09,-2.2297582e-07,123.09656,9.6331227e-11,-1.5662473e-10,5.7526717,0,0
1618,1.617,0,0,0,0,-0,0,0,0,0,0,0,0,0,0,0,0,0,0,0.52,1.2875122,-0.29453451,-1.573373,-1.8080883e-14,6.1381502e-14,0.78293607,-3.5098729e-14,5.6245546e-14,-2.3563091,-1.862716e-09,3.3193058e-13,-5.3145908e-13,-6.3568628e-11,1.4117372e-08,1.0251566e-10,1.4453748e-09,2.2429965e-07,123.09656,9.5283562e-11,-1.549819e-10,5.7526717,0,0
1619,1.618,0,0,0,0,-0,0,0,0,0,0,0,0,0,0,0,0,0,0,0.52,1.2875122,-0.29453451,-1.573373,-1.794195e-14,6.0773512e-14,0.78293607,-3.4768357e-14,5.5716576e-14,-2.3563091,-1.8438828e-09,3.2881333e-13,-5.2648044e-13,-6.2909868e-11,2.3549095e-08,-1.0875016e-10,-1.4354175e-09,-2.2298213e-07,123.09656,9.4351216e-11,-1.5342661e-10,5.7526717,0,0
1620,1.619,0,0,0,0,-0,0,0,0,0,0,0,0,0,0,0,0,0,0,0.52,1.2875122,-0.29453451,-1.573373,-1.7804315e-14,6.0171219e-14,0.78293607,-3.4441084e-14,5.5192561e-14,-2.3563091,-1.8252405e-09,3.2573295e-13,-5.2154934e-13,-6.2255961e-11,1.373553e-08,1.025894e-10,1.4452797e-09,2.2428995e-07,123.09656,9.3389449e-11,-1.518814e-10,5.7526717,0,0
1621,1.62,0,0,0,0,-0,0,0,0,0,0,0,0,0,0,0,0,0,0,0.52,1.2875122,-0.29453451,-1.573373,-1.7667967e-14,5.9574563e-14,0.78293607,-3.4116874e-14,5.4673449e-14,-2.3563091,-1.8067883e-09,3.2268675e-13,-5.1667512e-13,-6.1611655e-11,2.3168728e-08,-1.086818e-10,-1.4355313e-09,-2.2300133e-07,123.09656,9.2409947e-11,-1.5029689e-10,5.7526717,0,0
1622,1.621,0,0,0,0,-0,0,0,0,0,0,0,0,0,0,0,0,0,0,0.52,1.2875122,-0.29453451,-1.573373,-1.7532892e-14,5.8983493e-14,0.78293607,-3.3795702e-14,5.4159195e-14,-2.3563091,-1.7885212e-09,3.1965811e-13,-5.1183275e-13,-6.0971584e-11,1.3365492e-08,1.0262452e-10,1.445216e-09,2.2428147e-07,123.09656,9.1494528e-11,-1.4879601e-10,5.7526717,0,0
1623,1.622,0,0,0,0,-0,0,0,0,0,0,0,0,0,0,0,0,0,0,0.52,1.2875122,-0.29453451,-1.573373,-1.7399081e-14,5.8397959e-14,0.78293607,-3.3477539e-14,5.3649757e-14,-2.3563091,-1.770438e-09,3.1666738e-13,-5.0704453e-13,-6.0341199e-11,2.2800877e-08,-1.0860598e-10,-1.4356396e-09,-2.230207e-07,123.09656,9.0540041e-11,-1.472652e-10,5.7526717,0,0
1624,1.623,0,0,0,0,-0,0,0,0,0,0,0,0,0,0,0,0,0,0,0.52,1.2875122,-0.29453451,-1.573373,-1.7266521e-14,5.7817909e-14,0.78293607,-3.3162357e-14,5.3145087e-14,-2.3563091,-1.7525379e-09,3.1369633e-13,-5.022947e-13,-5.9714797e-11,1.2999293e-08,1.0266387e-10,1.4451392e-09,2.2427351e-07,123.09656,8.9636219e-11,-1.4578087e-10,5.7526717,0,0
1625,1.624,0,0,0,0,-0,0,0,0,0,0,0,0,0,0,0,0,0,0,0.52,1.2875122,-0.29453451,-1.573373,-1.71352e-14,5.724329e-14,0.78293607,-3.2850128e-14,5.2645142e-14,-2.3563091,-1.7348182e-09,3.1076172e-13,-4.9759607e-13,-5.9098235e-11,2.2440155e-08,-1.0853308e-10,-1.435742e-09,-2.2304038e-07,123.09656,8.8697798e-11,-1.4427675e-10,5.7526717,0,0
1626,1.625,0,0,0,0,-0,0,0,0,0,0,0,0,0,0,0,0,0,0,0.52,1.2875122,-0.29453451,-1.573373,-1.7005107e-14,5.6674056e-14,0.78293607,-3.2540828e-14,5.214988e-14,-2.3563091,-1.7172783e-09,3.0783925e-13,-4.9292685e-13,-5.8480557e-11,1.2639764e-08,1.0268813e-10,1.4450804e-09,2.2427574e-07,123.09656,8.7845151e-11,-1.4285977e-10,5.7526717,0,0
1627,1.626,0,0,0,0,-0,0,0,0,0,0,0,0,0,0,0,0,0,0,0.52,1.2875122,-0.29453451,-1.573373,-1.687623e-14,5.6110152e-14,0.78293607,-3.2234424e-14,5.1659254e-14,-2.3563091,-1.6999156e-09,3.0496868e-13,-4.88325e-13,-5.7878404e-11,2.2085594e-08,-1.0842926e-10,-1.4358767e-09,-2.2307143e-07,123.09656,8.6877779e-11,-1.4133772e-10,5.7526717,0,0
1628,1.627,0,0,0,0,-0,0,0,0,0,0,0,0,0,0,0,0,0,0,0.52,1.2875122,-0.29453451,-1.573373,-1.6748558e-14,5.5551528e-14,0.78293607,-3.193089e-14,5.1173221e-14,-2.3563091,-1.6827291e-09,3.0209794e-13,-4.8374233e-13,-5.72744e-11,1.2287318e-08,1.0268778e-10,1.445042e-09,2.2427944e-07,123.09656,8.6054823e-11,-1.399494e-10,5.7526717,0,0
1629,1.628,0,0,0,0,-0,0,0,0,0,0,0,0,0,0,0,0,0,0,0.52,1.2875122,-0.29453451,-1.573373,-1.6622079e-14,5.4998134e-14,0.78293607,-3.16302e-14,5.0691736e-14,-2.3563091,-1.665717e-09,2.9928266e-13,-4.7922691e-13,-5.6686007e-11,2.1736966e-08,-1.0831833e-10,-1.4360112e-09,-2.2310266e-07,123.09656,8.5096698e-11,-1.3845225e-10,5.7526717,0,0
1630,1.629,0,0,0,0,-0,0,0,0,0,0,0,0,0,0,0,0,0,0,0.52,1.2875122,-0.29453451,-1.573373,-1.6496782e-14,5.4449921e-14,0.78293607,-3.1332326e-14,5.0214758e-14,-2.3563091,-1.6488774e-09,2.9646456e-13,-4.7472929e-13,-5.6095776e-11,1.1942126e-08,1.0268213e-10,1.4450064e-09,2.2428312e-07,123.09656,8.4293536e-11,-1.3709142e-10,5.7526717,0,0
1631,1.63,0,0,0,0,-0,0,0,0,0,0,0,0,0,0,0,0,0,0,0.52,1.2875122,-0.29453451,-1.573373,-1.6372658e-14,5.3906847e-14,0.78293607,-3.1037247e-14,4.9742249e-14,-2.3563091,-1.6322073e-09,2.9369378e-13,-4.7028771e-13,-5.5516177e-11,2.1398081e-08,-1.0822368e-10,-1.4361233e-09,-2.2312392e-07,123.09656,8.3393472e-11,-1.3567393e-10,5.7526717,0,0
1632,1.631,0,0,0,0,-0,0,0,0,0,0,0,0,0,0,0,0,0,0,0.52,1.2875122,-0.29453451,-1.573373,-1.6249694e-14,5.3368863e-14,0.78293607,-3.0744935e-14,4.9274168e-14,-2.3563091,-1.615707e-09,2.9093037e-13,-4.6587474e-13,-5.4935305e-11,1.1602531e-08,1.0269688e-10,1.4449492e-09,2.2428567e-07,123.09656,8.2594886e-11,-1.3433469e-10,5.7526717,0,0
1633,1.632,0,0,0,0,-0,0,0,0,0,0,0,0,0,0,0,0,0,0,0.52,1.2875122,-0.29453451,-1.573373,-1.612788e-14,5.2835916e-14,0.78293607,-3.0455361e-14,4.8810468e-14,-2.3563091,-1.5993735e-09,2.8821837e-13,-4.6152541e-13,-5.4370014e-11,2.1064489e-08,-1.0812089e-10,-1.4362505e-09,-2.2315508e-07,123.09656,8.1676189e-11,-1.3289633e-10,5.7526717,0,0
1634,1.633,0,0,0,0,-0,0,0,0,0,0,0,0,0,0,0,0,0,0,0.52,1.2875122,-0.29453451,-1.573373,-1.6007205e-14,5.230796e-14,0.78293607,-3.01685e-14,4.8351109e-14,-2.3563091,-1.583206e-09,2.8550416e-13,-4.5719323e-13,-5.3802827e-11,1.127058e-08,1.0269245e-10,1.4449149e-09,2.2428946e-07,123.09656,8.0904201e-11,-1.3158928e-10,5.7526717,0,0
1635,1.634,0,0,0,0,-0,0,0,0,0,0,0,0,0,0,0,0,0,0,0.52,1.2875122,-0.29453451,-1.573373,-1.5887659e-14,5.1784953e-14,0.78293607,-2.988433e-14,4.7896054e-14,-2.3563091,-1.5672013e-09,2.8283593e-13,-4.5291574e-13,-5.3246291e-11,2.073888e-08,-1.0802891e-10,-1.4363599e-09,-2.2317638e-07,123.09656,8.0036843e-11,-1.30224e-10,5.7526717,0,0
1636,1.635,0,0,0,0,-0,0,0,0,0,0,0,0,0,0,0,0,0,0,0.52,1.2875122,-0.29453451,-1.573373,-1.5769231e-14,5.1266845e-14,0.78293607,-2.9602822e-14,4.7445261e-14,-2.3563091,-1.5513586e-09,2.8017982e-13,-4.4867141e-13,-5.2693545e-11,1.0946533e-08,1.027167e-10,1.4448486e-09,2.2428187e-07,123.09656,7.9241987e-11,-1.2890597e-10,5.7526717,0,0
1637,1.636,0,0,0,0,-0,0,0,0,0,0,0,0,0,0,0,0,0,0,0.52,1.2875122,-0.29453451,-1.573373,-1.5651911e-14,5.0753589e-14,0.78293607,-2.9323952e-14,4.6998688e-14,-2.3563091,-1.5356756e-09,2.7755928e-13,-4.4447359e-13,-5.2150633e-11,2.0419289e-08,-1.0795777e-10,-1.4364529e-09,-2.2319605e-07,123.09656,7.8401203e-11,-1.2756647e-10,5.7526717,0,0
1638,1.637,0,0,0,0,-0,0,0,0,0,0,0,0,0,0,0,0,0,0,0.52,1.2875122,-0.29453451,-1.573373,-1.5535688e-14,5.0245147e-14,0.78293607,-2.9047699e-14,4.6556302e-14,-2.3563091,-1.5201512e-09,2.7494622e-13,-4.402994e-13,-5.1606616e-11,1.062959e-08,1.0273166e-10,1.4448013e-09,2.2428408e-07,123.09656,7.7653856e-11,-1.263181e-10,5.7526717,0,0
1639,1.638,0,0,0,0,-0,0,0,0,0,0,0,0,0,0,0,0,0,0,0.52,1.2875122,-0.29453451,-1.573373,-1.5420553e-14,4.9741472e-14,0.78293607,-2.8774038e-14,4.6118062e-14,-2.3563091,-1.5047835e-09,2.7237622e-13,-4.3618043e-13,-5.1073053e-11,2.0105861e-08,-1.0787166e-10,-1.4365634e-09,-2.2321696e-07,123.09656,7.6820792e-11,-1.2500092e-10,5.7526717,0,0
1640,1.639,0,0,0,0,-0,0,0,0,0,0,0,0,0,0,0,0,0,0,0.52,1.2875122,-0.29453451,-1.573373,-1.5306495e-14,4.9242514e-14,0.78293607,-2.8502941e-14,4.5683925e-14,-2.3563091,-1.4895719e-09,2.6981896e-13,-4.320933e-13,-5.0543292e-11,1.0317223e-08,1.0275712e-10,1.4447377e-09,2.2427648e-07,123.09656,7.605225e-11,-1.2372973e-10,5.7526717,0,0
1641,1.64,0,0,0,0,-0,0,0,0,0,0,0,0,0,0,0,0,0,0,0.52,1.2875122,-0.29453451,-1.573373,-1.5193504e-14,4.8748234e-14,0.78293607,-2.8234387e-14,4.5253857e-14,-2.3563091,-1.4745141e-09,2.6728859e-13,-4.2804287e-13,-5.0018334e-11,1.9798468e-08,-1.0781786e-10,-1.4366368e-09,-2.2322656e-07,123.09656,7.52764e-11,-1.2247851e-10,5.7526717,0,0
1642,1.641,0,0,0,0,-0,0,0,0,0,0,0,0,0,0,0,0,0,0,0.52,1.2875122,-0.29453451,-1.573373,-1.508157e-14,4.8258588e-14,0.78293607,-2.7968352e-14,4.482782e-14,-2.3563091,-1.4596086e-09,2.647806e-13,-4.2403096e-13,-4.9497975e-11,1.001247e-08,1.0280189e-10,1.4446606e-09,2.2426728e-07,123.09656,7.4514588e-11,-1.2123618e-10,5.7526717,0,0
1643,1.642,0,0,0,0,-0,0,0,0,0,0,0,0,0,0,0,0,0,0,0.52,1.2875122,-0.29453451,-1.573373,-1.4970684e-14,4.7773528e-14,0.78293607,-2.770481e-14,4.4405772e-14,-2.3563091,-1.4448547e-09,2.623043e-13,-4.2006546e-13,-4.898725e-11,1.9495425e-08,-1.077545e-10,-1.4367296e-09,-2.2324583e-07,123.09656,7.3718977e-11,-1.1996128e-10,5.7526717,0,0
1644,1.643,0,0,0,0,-0,0,0,0,0,0,0,0,0,0,0,0,0,0,0.52,1.2875122,-0.29453451,-1.573373,-1.4860834e-14,4.7293011e-14,0.78293607,-2.7443737e-14,4.3987675e-14,-2.3563091,-1.43025e-09,2.5984149e-13,-4.1612776e-13,-4.8480529e-11,9.713862e-09,1.0282888e-10,1.444605e-09,2.2425927e-07,123.09656,7.297938e-11,-1.1874497e-10,5.7526717,0,0
1645,1.644,0,0,0,0,-0,0,0,0,0,0,0,0,0,0,0,0,0,0,0.52,1.2875122,-0.29453451,-1.573373,-1.4752012e-14,4.6817005e-14,0.78293607,-2.7185117e-14,4.3573502e-14,-2.3563091,-1.4157934e-09,2.5739772e-13,-4.1221917e-13,-4.7973475e-11,1.9199313e-08,-1.0771642e-10,-1.4367878e-09,-2.2324517e-07,123.09656,7.2267261e-11,-1.1757922e-10,5.7526717,0,0
1646,1.645,0,0,0,0,-0,0,0,0,0,0,0,0,0,0,0,0,0,0,0.52,1.2875122,-0.29453451,-1.573373,-1.464421e-14,4.6345457e-14,0.78293607,-2.692892e-14,4.3163207e-14,-2.3563091,-1.4014817e-09,2.5499649e-13,-4.0836949e-13,-4.7481871e-11,9.4240717e-09,1.0291396e-10,1.4444872e-09,2.2422837e-07,123.09656,7.1463557e-11,-1.1631289e-10,5.7526717,0,0
1647,1.646,0,0,0,0,-0,0,0,0,0,0,0,0,0,0,0,0,0,0,0.52,1.2875122,-0.29453451,-1.573373,-1.4537416e-14,4.5878335e-14,0.78293607,-2.6675129e-14,4.2756761e-14,-2.3563091,-1.3873141e-09,2.5258521e-13,-4.0452305e-13,-4.6983347e-11,1.8911194e-08,-1.0773653e-10,-1.4367943e-09,-2.2323132e-07,123.09656,7.0830437e-11,-1.1522278e-10,5.7526717,0,0
1648,1.647,0,0,0,0,-0,0,0,0,0,0,0,0,0,0,0,0,0,0,0.52,1.2875122,-0.29453451,-1.573373,-1.4431623e-14,4.5415594e-14,0.78293607,-2.642372e-14,4.2354127e-14,-2.3563091,-1.373289e-09,2.5023324e-13,-4.0074586e-13,-4.6501055e-11,9.1390068e-09,1.030326e-10,1.4443487e-09,2.2419591e-07,123.09656,7.0019805e-11,-1.1397704e-10,5.7526717,0,0
1649,1.648,0,0,0,0,-0,0,0,0,0,0,0,0,0,0,0,0,0,0,0.52,1.2875122,-0.29453451,-1.573373,-1.4326819e-14,4.495719e-14,0.78293607,-2.6174668e-14,4.1955264e-14,-2.3563091,-1.3594046e-09,2.4787147e-13,-3.9697861e-13,-4.601683e-11,1.8629867e-08,-1.0775614e-10,-1.4368142e-09,-2.2322746e-07,123.09656,6.9376046e-11,-1.1287015e-10,5.7526717,0,0
1650,1.649,0,0,0,0,-0,0,0,0,0,0,0,0,0,0,0,0,0,0,0.52,1.2875122,-0.29453451,-1.573373,-1.4222997e-14,4.4503086e-14,0.78293607,-2.5927954e-14,4.1560143e-14,-2.3563091,-1.3456611e-09,2.4555685e-13,-3.9326505e-13,-4.5543018e-11,8.8571642e-09,1.031269e-10,1.4442413e-09,2.2417509e-07,123.09656,6.8613435e-11,-1.1168188e-10,5.7526717,0,0
1651,1.65,0,0,0,0,-0,0,0,0,0,0,0,0,0,0,0,0,0,0,0.52,1.2875122,-0.29453451,-1.573373,-1.4120147e-14,4.405324e-14,0.78293607,-2.5683554e-14,4.1168724e-14,-2.3563091,-1.3320572e-09,2.4324302e-13,-3.8957115e-13,-4.5068041e-11,1.8350607e-08,-1.0775456e-10,-1.4368536e-09,-2.2322513e-07,123.09656,6.7962578e-11,-1.1058046e-10,5.7526717,0,0
1652,1.651,0,0,0,0,-0,0,0,0,0,0,0,0,0,0,0,0,0,0,0.52,1.2875122,-0.29453451,-1.573373,-1.401826e-14,4.3607619e-14,0.78293607,-2.5441451e-14,4.078098e-14,-2.3563091,-1.3185898e-09,2.4096234e-13,-3.8591681e-13,-4.4598535e-11,8.5842001e-09,1.0319319e-10,1.4441622e-09,2.2416415e-07,123.09656,6.7260857e-11,-1.0946495e-10,5.7526717,0,0
1653,1.652,0,0,0,0,-0,0,0,0,0,0,0,0,0,0,0,0,0,0,0.52,1.2875122,-0.29453451,-1.573373,-1.3917327e-14,4.3166172e-14,0.78293607,-2.5201616e-14,4.0396868e-14,-2.3563091,-1.3052592e-09,2.387074e-13,-3.8230757e-13,-4.4138469e-11,1.8076951e-08,-1.0770307e-10,-1.4369438e-09,-2.2324401e-07,123.09656,6.6543812e-11,-1.0830555e-10,5.7526717,0,0
1654,1.653,0,0,0,0,-0,0,0,0,0,0,0,0,0,0,0,0,0,0,0.52,1.2875122,-0.29453451,-1.573373,-1.3817337e-14,4.2728861e-14,0.78293607,-2.4964029e-14,4.0016353e-14,-2.3563091,-1.2920639e-09,2.364663e-13,-3.7872303e-13,-4.3682366e-11,8.3137335e-09,1.0322087e-10,1.4441128e-09,2.2415622e-07,123.09656,6.586996e-11,-1.0720251e-10,5.7526717,0,0
1655,1.654,0,0,0,0,-0,0,0,0,0,0,0,0,0,0,0,0,0,0,0.52,1.2875122,-0.29453451,-1.573373,-1.3718285e-14,4.2295657e-14,0.78293607,-2.4728676e-14,3.963941e-14,-2.3563091,-1.2790013e-09,2.342401e-13,-3.7516283e-13,-4.3226022e-11,1.7811297e-08,-1.0767328e-10,-1.4369924e-09,-2.2324353e-07,123.09656,6.5233305e-11,-1.0615637e-10,5.7526717,0,0
1656,1.655,0,0,0,0,-0,0,0,0,0,0,0,0,0,0,0,0,0,0,0.52,1.2875122,-0.29453451,-1.573373,-1.362016e-14,4.1866516e-14,0.78293607,-2.4495531e-14,3.9266002e-14,-2.3563091,-1.2660705e-09,2.3204973e-13,-3.7165256e-13,-4.2779941e-11,8.0504119e-09,1.0329254e-10,1.444013e-09,2.2413569e-07,123.09656,6.4527898e-11,-1.0503732e-10,5.7526717,0,0
1657,1.656,0,0,0,0,-0,0,0,0,0,0,0,0,0,0,0,0,0,0,0.52,1.2875122,-0.29453451,-1.573373,-1.3522954e-14,4.1441402e-14,0.78293607,-2.4264575e-14,3.8896096e-14,-2.3563091,-1.2532707e-09,2.2986288e-13,-3.6815949e-13,-4.2332637e-11,1.7549207e-08,-1.0766625e-10,-1.4370268e-09,-2.2324108e-07,123.09656,6.3914347e-11,-1.0400737e-10,5.7526717,0,0
1658,1.657,0,0,0,0,-0,0,0,0,0,0,0,0,0,0,0,0,0,0,0.52,1.2875122,-0.29453451,-1.573373,-1.3426659e-14,4.1020275e-14,0.78293607,-2.4035786e-14,3.8529659e-14,-2.3563091,-1.2406005e-09,2.2771531e-13,-3.647156e-13,-4.1895756e-11,7.7911062e-09,1.0337111e-10,1.4439146e-09,2.2411485e-07,123.09656,6.3212731e-11,-1.0290492e-10,5.7526717,0,0
1659,1.658,0,0,0,0,-0,0,0,0,0,0,0,0,0,0,0,0,0,0,0.52,1.2875122,-0.29453451,-1.573373,-1.3331264e-14,4.0603091e-14,0.78293607,-2.380914e-14,3.8166652e-14,-2.3563091,-1.2280597e-09,2.2557645e-13,-3.6129718e-13,-4.1462648e-11,1.7290546e-08,-1.0764883e-10,-1.4370778e-09,-2.2324863e-07,123.09656,6.2574726e-11,-1.0184671e-10,5.7526717,0,0
1660,1.659,0,0,0,0,-0,0,0,0,0,0,0,0,0,0,0,0,0,0,0.52,1.2875122,-0.29453451,-1.573373,-1.3236762e-14,4.0189826e-14,0.78293607,-2.3584625e-14,3.7807053e-14,-2.3563091,-1.215646e-09,2.2345371e-13,-3.5790111e-13,-4.102929e-11,7.5369357e-09,1.0340334e-10,1.4438699e-09,2.2411535e-07,123.09656,6.1962692e-11,-1.0084709e-10,5.7526717,0,0
1661,1.66,0,0,0,0,-0,0,0,0,0,0,0,0,0,0,0,0,0,0,0.52,1.2875122,-0.29453451,-1.573373,-1.3143146e-14,3.9780437e-14,0.78293607,-2.3362216e-14,3.7450826e-14,-2.3563091,-1.2033577e-09,2.2136449e-13,-3.5455311e-13,-4.0606203e-11,1.7039543e-08,-1.0758177e-10,-1.4371739e-09,-2.2326917e-07,123.09656,6.1288311e-11,-9.9775746e-11,5.7526717,0,0
1662,1.661,0,0,0,0,-0,0,0,0,0,0,0,0,0,0,0,0,0,0,0.52,1.2875122,-0.29453451,-1.573373,-1.3050407e-14,3.9374885e-14,0.78293607,-2.3141892e-14,3.7097937e-14,-2.3563091,-1.1911925e-09,2.1928311e-13,-3.5122571e-13,-4.0187041e-11,7.2908566e-09,1.0341899e-10,1.4438287e-09,2.241075e-07,123.09656,6.0679064e-11,-9.8768274e-11,5.7526717,0,0
1663,1.662,0,0,0,0,-0,0,0,0,0,0,0,0,0,0,0,0,0,0,0.52,1.2875122,-0.29453451,-1.573373,-1.2958536e-14,3.8973145e-14,0.78293607,-2.2923642e-14,3.6748363e-14,-2.3563091,-1.179149e-09,2.172173e-13,-3.4792095e-13,-3.9767546e-11,1.679626e-08,-1.0755061e-10,-1.4372192e-09,-2.2326851e-07,123.09656,6.0095601e-11,-9.7813404e-11,5.7526717,0,0
1664,1.663,0,0,0,0,-0,0,0,0,0,0,0,0,0,0,0,0,0,0,0.52,1.2875122,-0.29453451,-1.573373,-1.2867527e-14,3.8575175e-14,0.78293607,-2.2707439e-14,3.6402069e-14,-2.3563091,-1.1672279e-09,2.1518738e-13,-3.4466722e-13,-3.9358194e-11,7.0458086e-09,1.0349077e-10,1.4437266e-09,2.2408721e-07,123.09656,5.9435084e-11,-9.6767381e-11,5.7526717,0,0
1665,1.664,0,0,0,0,-0,0,0,0,0,0,0,0,0,0,0,0,0,0,0.52,1.2875122,-0.29453451,-1.573373,-1.2777369e-14,3.8180937e-14,0.78293607,-2.2493266e-14,3.6059022e-14,-2.3563091,-1.1554284e-09,2.1315926e-13,-3.4142784e-13,-3.8947685e-11,1.6553219e-08,-1.0754699e-10,-1.4372479e-09,-2.2326619e-07,123.09656,5.8866975e-11,-9.5811867e-11,5.7526717,0,0
1666,1.665,0,0,0,0,-0,0,0,0,0,0,0,0,0,0,0,0,0,0,0.52,1.2875122,-0.29453451,-1.573373,-1.2688057e-14,3.7790403e-14,0.78293607,-2.2281106e-14,3.5719195e-14,-2.3563091,-1.1437479e-09,2.1116068e-13,-3.3822522e-13,-3.8542592e-11,6.8077169e-09,1.0354982e-10,1.4436532e-09,2.2407638e-07,123.09656,5.825191e-11,-9.4833662e-11,5.7526717,0,0
1667,1.666,0,0,0,0,-0,0,0,0,0,0,0,0,0,0,0,0,0,0,0.52,1.2875122,-0.29453451,-1.573373,-1.2599581e-14,3.7403533e-14,0.78293607,-2.2070938e-14,3.5382557e-14,-2.3563091,-1.1321843e-09,2.091761e-13,-3.3505105e-13,-3.814204e-11,1.631949e-08,-1.0751898e-10,-1.4373048e-09,-2.2327528e-07,123.09656,5.7666393e-11,-9.3872607e-11,5.7526717,0,0
1668,1.667,0,0,0,0,-0,0,0,0,0,0,0,0,0,0,0,0,0,0,0.52,1.2875122,-0.29453451,-1.573373,-1.2511935e-14,3.7020291e-14,0.78293607,-2.186274e-14,3.5049075e-14,-2.3563091,-1.1207363e-09,2.0721824e-13,-3.3191377e-13,-3.7751123e-11,6.5766589e-09,1.0360327e-10,1.4435794e-09,2.2405711e-07,123.09656,5.7045819e-11,-9.2884886e-11,5.7526717,0,0
1669,1.668,0,0,0,0,-0,0,0,0,0,0,0,0,0,0,0,0,0,0,0.52,1.2875122,-0.29453451,-1.573373,-1.2425109e-14,3.6640646e-14,0.78293607,-2.1656499e-14,3.4718722e-14,-2.3563091,-1.1094044e-09,2.0526447e-13,-3.2879238e-13,-3.7358972e-11,1.608714e-08,-1.0751081e-10,-1.4373366e-09,-2.2327281e-07,123.09656,5.6502618e-11,-9.1974155e-11,5.7526717,0,0
1670,1.669,0,0,0,0,-0,0,0,0,0,0,0,0,0,0,0,0,0,0,0.52,1.2875122,-0.29453451,-1.573373,-1.2339097e-14,3.6264568e-14,0.78293607,-2.1452196e-14,3.439147e-14,-2.3563091,-1.0981881e-09,2.0334112e-13,-3.2571006e-13,-3.6972175e-11,6.3454417e-09,1.0366411e-10,1.4435013e-09,2.240464e-07,123.09656,5.590423e-11,-9.1023219e-11,5.7526717,0,0
1671,1.67,0,0,0,0,-0,0,0,0,0,0,0,0,0,0,0,0,0,0,0.52,1.2875122,-0.29453451,-1.573373,-1.2253891e-14,3.5892022e-14,0.78293607,-2.1249814e-14,3.4067292e-14,-2.3563091,-1.0870854e-09,2.0142446e-13,-3.2264734e-13,-3.6584865e-11,1.5859933e-08,-1.0749742e-10,-1.4373758e-09,-2.2327178e-07,123.09656,5.5368358e-11,-9.0127898e-11,5.7526717,0,0
1672,1.671,0,0,0,0,-0,0,0,0,0,0,0,0,0,0,0,0,0,0,0.52,1.2875122,-0.29453451,-1.573373,-1.2169484e-14,3.5522971e-14,0.78293607,-2.104933e-14,3.3746154e-14,-2.3563091,-1.0760948e-09,1.9954236e-13,-3.1962862e-13,-3.6207873e-11,6.1212499e-09,1.037332e-10,1.4434132e-09,2.2402577e-07,123.09656,5.4754729e-11,-8.9164565e-11,5.7526717,0,0
1673,1.672,0,0,0,0,-0,0,0,0,0,0,0,0,0,0,0,0,0,0,0.52,1.2875122,-0.29453451,-1.573373,-1.2085867e-14,3.5157383e-14,0.78293607,-2.0850729e-14,3.3428028e-14,-2.3563091,-1.065216e-09,1.9766014e-13,-3.1662297e-13,-3.5829621e-11,1.5636317e-08,-1.0749764e-10,-1.4374019e-09,-2.2326926e-07,123.09656,5.4235765e-11,-8.8286569e-11,5.7526717,0,0
1674,1.673,0,0,0,0,-0,0,0,0,0,0,0,0,0,0,0,0,0,0,0.52,1.2875122,-0.29453451,-1.573373,-1.2003034e-14,3.4795225e-14,0.78293607,-2.0653992e-14,3.3112887e-14,-2.3563091,-1.0544463e-09,1.958131e-13,-3.1365946e-13,-3.546185e-11,5.9030708e-09,1.0380357e-10,1.4433289e-09,2.2400481e-07,123.09656,5.3634102e-11,-8.7347012e-11,5.7526717,0,0
1675,1.674,0,0,0,0,-0,0,0,0,0,0,0,0,0,0,0,0,0,0,0.52,1.2875122,-0.29453451,-1.573373,-1.1920977e-14,3.4436468e-14,0.78293607,-2.0459104e-14,3.2800703e-14,-2.3563091,-1.0437848e-09,1.9396409e-13,-3.1070741e-13,-3.5092819e-11,1.5419996e-08,-1.075016e-10,-1.4374248e-09,-2.2326674e-07,123.09656,5.3134737e-11,-8.6498092e-11,5.7526717,0,0
1676,1.675,0,0,0,0,-0,0,0,0,0,0,0,0,0,0,0,0,0,0,0.52,1.2875122,-0.29453451,-1.573373,-1.1839689e-14,3.4081084e-14,0.78293607,-2.0266049e-14,3.2491454e-14,-2.3563091,-1.0332305e-09,1.9214526e-13,-3.0779145e-13,-3.4729144e-11,5.6886394e-09,1.0386394e-10,1.4432568e-09,2.2399409e-07,123.09656,5.2576153e-11,-8.5615458e-11,5.7526717,0,0
1677,1.676,0,0,0,0,-0,0,0,0,0,0,0,0,0,0,0,0,0,0,0.52,1.2875122,-0.29453451,-1.573373,-1.1759165e-14,3.372904e-14,0.78293607,-2.007481e-14,3.218511e-14,-2.3563091,-1.0227831e-09,1.9033348e-13,-3.0489642e-13,-3.436488e-11,1.5206012e-08,-1.0748749e-10,-1.4374667e-09,-2.2326557e-07,123.09656,5.207306e-11,-8.4773407e-11,5.7526717,0,0
1678,1.677,0,0,0,0,-0,0,0,0,0,0,0,0,0,0,0,0,0,0,0.52,1.2875122,-0.29453451,-1.573373,-1.1679395e-14,3.3380299e-14,0.78293607,-1.9885365e-14,3.1881639e-14,-2.3563091,-1.0124423e-09,1.8855639e-13,-3.0204539e-13,-3.4010861e-11,5.475697e-09,1.0393329e-10,1.4431687e-09,2.239736e-07,123.09656,5.1486304e-11,-8.3854984e-11,5.7526717,0,0
1679,1.678,0,0,0,0,-0,0,0,0,0,0,0,0,0,0,0,0,0,0,0.52,1.2875122,-0.29453451,-1.573373,-1.1600371e-14,3.3034824e-14,0.78293607,-1.9697695e-14,3.158101e-14,-2.3563091,-1.002206e-09,1.8678334e-13,-2.9921162e-13,-3.3660715e-11,1.499682e-08,-1.0747938e-10,-1.4375012e-09,-2.2327331e-07,123.09656,5.0968031e-11,-8.2992427e-11,5.7526717,0,0
1680,1.679,0,0,0,0,-0,0,0,0,0,0,0,0,0,0,0,0,0,0,0.52,1.2875122,-0.29453451,-1.573373,-1.1522088e-14,3.2692598e-14,0.78293607,-1.9511791e-14,3.1283207e-14,-2.3563091,-9.9207328e-10,1.8502366e-13,-2.9639585e-13,-3.3310196e-11,5.2686827e-09,1.0396003e-10,1.4431327e-09,2.2397435e-07,123.09656,5.0471241e-11,-8.2181068e-11,5.7526717,0,0
1681,1.68,0,0,0,0,-0,0,0,0,0,0,0,0,0,0,0,0,0,0,0.52,1.2875122,-0.29453451,-1.573373,-1.144454e-14,3.2353587e-14,0.78293607,-1.9327635e-14,3.0988201e-14,-2.3563091,-9.8204372e-10,1.8328851e-13,-2.9361654e-13,-3.2964875e-11,1.4790434e-08,-1.0743034e-10,-1.4375741e-09,-2.2328371e-07,123.09656,4.9939225e-11,-8.1327325e-11,5.7526717,0,0
1682,1.681,0,0,0,0,-0,0,0,0,0,0,0,0,0,0,0,0,0,0,0.52,1.2875122,-0.29453451,-1.573373,-1.1367718e-14,3.2017758e-14,0.78293607,-1.9145208e-14,3.0695963e-14,-2.3563091,-9.7211381e-10,1.8156508e-13,-2.9085904e-13,-3.2624179e-11,5.0693882e-09,1.0398348e-10,1.4430891e-09,2.239651e-07,123.09656,4.9435038e-11,-8.0502914e-11,5.7526717,0,0
1683,1.682,0,0,0,0,-0,0,0,0,0,0,0,0,0,0,0,0,0,0,0.52,1.2875122,-0.29453451,-1.573373,-1.1291617e-14,3.1685088e-14,0.78293607,-1.8964499e-14,3.0406472e-14,-2.3563091,-9.6228522e-10,1.7985448e-13,-2.8812281e-13,-3.2282861e-11,1.4587783e-08,-1.0740467e-10,-1.4376166e-09,-2.2328247e-07,123.09656,4.8952515e-11,-7.9709541e-11,5.7526717,0,0
1684,1.683,0,0,0,0,-0,0,0,0,0,0,0,0,0,0,0,0,0,0,0.52,1.2875122,-0.29453451,-1.573373,-1.121623e-14,3.1355543e-14,0.78293607,-1.8785487e-14,3.01197e-14,-2.3563091,-9.5255662e-10,1.7816793e-13,-2.8542082e-13,-3.1946817e-11,4.8694161e-09,1.0403156e-10,1.4430206e-09,2.2395456e-07,123.09656,4.8434722e-11,-7.8880891e-11,5.7526717,0,0
1685,1.684,0,0,0,0,-0,0,0,0,0,0,0,0,0,0,0,0,0,0,0.52,1.2875122,-0.29453451,-1.573373,-1.1141549e-14,3.1029085e-14,0.78293607,-1.8608153e-14,2.9835614e-14,-2.3563091,-9.429263e-10,1.7650105e-13,-2.8275072e-13,-3.1620311e-11,1.4391237e-08,-1.0736532e-10,-1.4376804e-09,-2.2330154e-07,123.09656,4.7902396e-11,-7.802713e-11,5.7526717,0,0
1686,1.685,0,0,0,0,-0,0,0,0,0,0,0,0,0,0,0,0,0,0,0.52,1.2875122,-0.29453451,-1.573373,-1.1067568e-14,3.0705696e-14,0.78293607,-1.8432488e-14,2.9554198e-14,-2.3563091,-9.3339378e-10,1.748288e-13,-2.8008156e-13,-3.1287633e-11,4.6737854e-09,1.0402081e-10,1.4430187e-09,2.239669e-07,123.09656,4.7480419e-11,-7.7302127e-11,5.7526717,0,0
1687,1.686,0,0,0,0,-0,0,0,0,0,0,0,0,0,0,0,0,0,0,0.52,1.2875122,-0.29453451,-1.573373,-1.0994281e-14,3.0385347e-14,0.78293607,-1.8258475e-14,2.9275426e-14,-2.3563091,-9.2395756e-10,1.7319798e-13,-2.7746191e-13,-3.0966007e-11,1.4198665e-08,-1.0728245e-10,-1.4377794e-09,-2.2332365e-07,123.09656,4.6933847e-11,-7.6461773e-11,5.7526717,0,0
1688,1.687,0,0,0,0,-0,0,0,0,0,0,0,0,0,0,0,0,0,0,0.52,1.2875122,-0.29453451,-1.573373,-1.0921681e-14,3.0068006e-14,0.78293607,-1.8086095e-14,2.8999271e-14,-2.3563091,-9.1461598e-10,1.7156046e-13,-2.7484896e-13,-3.0643079e-11,4.4844905e-09,1.0400742e-10,1.4430053e-09,2.2396951e-07,123.09656,4.6502466e-11,-7.5718767e-11,5.7526717,0,0
1689,1.688,0,0,0,0,-0,0,0,0,0,0,0,0,0,0,0,0,0,0,0.52,1.2875122,-0.29453451,-1.573373,-1.0849762e-14,2.975365e-14,0.78293607,-1.791534e-14,2.8725713e-14,-2.3563091,-9.0536769e-10,1.6995125e-13,-2.7226773e-13,-3.0325521e-11,1.401209e-08,-1.0722585e-10,-1.4378429e-09,-2.2333439e-07,123.09656,4.601075e-11,-7.4946958e-11,5.7526717,0,0
1690,1.689,0,0,0,0,-0,0,0,0,0,0,0,0,0,0,0,0,0,0,0.52,1.2875122,-0.29453451,-1.573373,-1.0778519e-14,2.9442246e-14,0.78293607,-1.7746187e-14,2.8454722e-14,-2.3563091,-8.9621313e-10,1.6835424e-13,-2.6971322e-13,-3.0012331e-11,4.2970269e-09,1.0403185e-10,1.4429519e-09,2.2396077e-07,123.09656,4.5538123e-11,-7.4170009e-11,5.7526717,0,0
1691,1.69,0,0,0,0,-0,0,0,0,0,0,0,0,0,0,0,0,0,0,0.52,1.2875122,-0.29453451,-1.573373,-1.0707943e-14,2.9133769e-14,0.78293607,-1.7578626e-14,2.8186278e-14,-2.3563091,-8.8715214e-10,1.667679e-13,-2.6717544e-13,-2.9698651e-11,1.3824951e-08,-1.0720454e-10,-1.4378764e-09,-2.2333341e-07,123.09656,4.50918e-11,-7.3436686e-11,5.7526717,0,0
1692,1.691,0,0,0,0,-0,0,0,0,0,0,0,0,0,0,0,0,0,0,0.52,1.2875122,-0.29453451,-1.573373,-1.0638029e-14,2.8828189e-14,0.78293607,-1.7412639e-14,2.7920354e-14,-2.3563091,-8.7818438e-10,1.6520507e-13,-2.6467123e-13,-2.9390179e-11,4.1105758e-09,1.0407889e-10,1.4428848e-09,2.2395035e-07,123.09656,4.4606607e-11,-7.2661595e-11,5.7526717,0,0
1693,1.692,0,0,0,0,-0,0,0,0,0,0,0,0,0,0,0,0,0,0,0.52,1.2875122,-0.29453451,-1.573373,-1.056877e-14,2.8525476e-14,0.78293607,-1.724821e-14,2.7656925e-14,-2.3563091,-8.6930781e-10,1.6365351e-13,-2.6218847e-13,-2.9086218e-11,1.3642575e-08,-1.07182e-10,-1.4379193e-09,-2.2334243e-07,123.09656,4.4142935e-11,-7.1903886e-11,5.7526717,0,0
1694,1.693,0,0,0,0,-0,0,0,0,0,0,0,0,0,0,0,0,0,0,0.52,1.2875122,-0.29453451,-1.573373,-1.050016e-14,2.8225608e-14,0.78293607,-1.7085328e-14,2.739597e-14,-2.3563091,-8.605214e-10,1.6211042e-13,-2.5972039e-13,-2.8781816e-11,3.9302316e-09,1.0409582e-10,1.4428554e-09,2.2395123e-07,123.09656,4.3714291e-11,-7.1196562e-11,5.7526717,0,0
1695,1.694,0,0,0,0,-0,0,0,0,0,0,0,0,0,0,0,0,0,0,0.52,1.2875122,-0.29453451,-1.573373,-1.0432194e-14,2.7928554e-14,0.78293607,-1.6923974e-14,2.7137464e-14,-2.3563091,-8.5182424e-10,1.605969e-13,-2.5729198e-13,-2.8487646e-11,1.3464089e-08,-1.0712286e-10,-1.4379986e-09,-2.233629e-07,123.09656,4.3214208e-11,-7.0413313e-11,5.7526717,0,0
1696,1.695,0,0,0,0,-0,0,0,0,0,0,0,0,0,0,0,0,0,0,0.52,1.2875122,-0.29453451,-1.573373,-1.0364865e-14,2.7634289e-14,0.78293607,-1.6764137e-14,2.6881384e-14,-2.3563091,-8.4321434e-10,1.5907859e-13,-2.5486789e-13,-2.8192297e-11,3.7557214e-09,1.0408623e-10,1.4428468e-09,2.2395359e-07,123.09656,4.2813898e-11,-6.9729743e-11,5.7526717,0,0
1697,1.696,0,0,0,0,-0,0,0,0,0,0,0,0,0,0,0,0,0,0,0.52,1.2875122,-0.29453451,-1.573373,-1.0298169e-14,2.7342799e-14,0.78293607,-1.6605808e-14,2.6627717e-14,-2.3563091,-8.3469029e-10,1.5757917e-13,-2.5246591e-13,-2.7897295e-11,1.3292379e-08,-1.0708506e-10,-1.4380428e-09,-2.2336359e-07,123.09656,4.2394516e-11,-6.905631e-11,5.7526717,0,0
1698,1.697,0,0,0,0,-0,0,0,0,0,0,0,0,0,0,0,0,0,0,0.52,1.2875122,-0.29453451,-1.573373,-1.0232099e-14,2.7054051e-14,0.78293607,-1.6448969e-14,2.6376436e-14,-2.3563091,-8.2625175e-10,1.560992e-13,-2.5009575e-13,-2.7607352e-11,3.5846913e-09,1.041251e-10,1.4427831e-09,2.2394348e-07,123.09656,4.1952447e-11,-6.8343052e-11,5.7526717,0,0
1699,1.698,0,0,0,0,-0,0,0,0,0,0,0,0,0,0,0,0,0,0,0.52,1.2875122,-0.29453451,-1.573373,-1.0166649e-14,2.6768016e-14,0.78293607,-1.6293603e-14,2.6127515e-14,-2.3563091,-8.1789717e-10,1.5463144e-13,-2.477462e-13,-2.7321936e-11,1.3124475e-08,-1.0706061e-10,-1.438084e-09,-2.2337265e-07,123.09656,4.1522942e-11,-6.764476e-11,5.7526717,0,0
1700,1.699,0,0,0,0,-0,0,0,0,0,0,0,0,0,0,0,0,0,0,0.52,1.2875122,-0.29453451,-1.573373,-1.0101814e-14,2.6484672e-14,0.78293607,-1.6139701e-14,2.5880936e-14,-2.3563091,-8.096273e-10,1.5317261e-13,-2.4541294e-13,-2.7035953e-11,3.415268e-09,1.0414294e-10,1.4427505e-09,2.2394461e-07,123.09656,4.1122e-11,-6.6982084e-11,5.7526717,0,0
1701,1.7,0,0,0,0,-0,0,0,0,0,0,0,0,0,0,0,0,0,0,0.52,1.2875122,-0.29453451,-1.573373,-1.0037586e-14,2.6203987e-14,0.78293607,-1.5987243e-14,2.563667e-14,-2.3563091,-8.0144166e-10,1.5174325e-13,-2.4311895e-13,-2.6760175e-11,1.2956001e-08,-1.0700167e-10,-1.4381626e-09,-2.2339306e-07,123.09656,4.0645914e-11,-6.6238756e-11,5.7526717,0,0
1702,1.701,0,0,0,0,-0,0,0,0,0,0,0,0,0,0,0,0,0,0,0.52,1.2875122,-0.29453451,-1.573373,-9.9739607e-15,2.5925935e-14,0.78293607,-1.5836216e-14,2.5394695e-14,-2.3563091,-7.9334054e-10,1.5031065e-13,-2.408316e-13,-2.648313e-11,3.246235e-09,1.0413646e-10,1.4427373e-09,2.2394715e-07,123.09656,4.0257572e-11,-6.5576736e-11,5.7526717,0,0
1703,1.702,0,0,0,0,-0,0,0,0,0,0,0,0,0,0,0,0,0,0,0.52,1.2875122,-0.29453451,-1.573373,-9.9109319e-15,2.5650501e-14,0.78293607,-1.5686613e-14,2.5154997e-14,-2.3563091,-7.8532177e-10,1.488952e-13,-2.3856409e-13,-2.620644e-11,1.2791305e-08,-1.0696737e-10,-1.4382022e-09,-2.2339377e-07,123.09656,3.9854685e-11,-6.4929394e-11,5.7526717,0,0
1704,1.703,0,0,0,0,-0,0,0,0,0,0,0,0,0,0,0,0,0,0,0.52,1.2875122,-0.29453451,-1.573373,-9.8484953e-15,2.5377657e-14,0.78293607,-1.5538417e-14,2.4917552e-14,-2.3563091,-7.7738409e-10,1.4749752e-13,-2.3632555e-13,-2.5934874e-11,3.0840563e-09,1.0417201e-10,1.4426793e-09,2.239369e-07,123.09656,3.9433262e-11,-6.4249847e-11,5.7526717,0,0
1705,1.704,0,0,0,0,-0,0,0,0,0,0,0,0,0,0,0,0,0,0,0.52,1.2875122,-0.29453451,-1.573373,-9.786644e-15,2.5107374e-14,0.78293607,-1.5391612e-14,2.4682335e-14,-2.3563091,-7.6952694e-10,1.4611218e-13,-2.3410763e-13,-2.5667751e-11,1.2630256e-08,-1.0694269e-10,-1.4382435e-09,-2.2340266e-07,123.09656,3.9019734e-11,-6.3578595e-11,5.7526717,0,0
1706,1.705,0,0,0,0,-0,0,0,0,0,0,0,0,0,0,0,0,0,0,0.52,1.2875122,-0.29453451,-1.573373,-9.7253736e-15,2.483964e-14,0.78293607,-1.5246194e-14,2.4449335e-14,-2.3563091,-7.6174822e-10,1.4472513e-13,-2.3189252e-13,-2.5395227e-11,2.9271891e-09,1.0416861e-10,1.4426737e-09,2.239477e-07,123.09656,3.868401e-11,-6.3004154e-11,5.7526717,0,0
1707,1.706,0,0,0,0,-0,0,0,0,0,0,0,0,0,0,0,0,0,0,0.52,1.2875122,-0.29453451,-1.573373,-9.6646797e-15,2.4574426e-14,0.78293607,-1.5102144e-14,2.4218528e-14,-2.3563091,-7.5404616e-10,1.433741e-13,-2.297213e-13,-2.5133623e-11,1.2476928e-08,-1.0687068e-10,-1.4383313e-09,-2.2342449e-07,123.09656,3.8236699e-11,-6.2319921e-11,5.7526717,0,0
1708,1.707,0,0,0,0,-0,0,0,0,0,0,0,0,0,0,0,0,0,0,0.52,1.2875122,-0.29453451,-1.573373,-9.6045548e-15,2.4311698e-14,0.78293607,-1.4959444e-14,2.3989885e-14,-2.3563091,-7.4642286e-10,1.4202526e-13,-2.2756594e-13,-2.487555e-11,2.7696645e-09,1.04173e-10,1.442642e-09,2.2394064e-07,123.09656,3.7845902e-11,-6.1664537e-11,5.7526717,0,0
1709,1.708,0,0,0,0,-0,0,0,0,0,0,0,0,0,0,0,0,0,0,0.52,1.2875122,-0.29453451,-1.573373,-9.5449937e-15,2.4051443e-14,0.78293607,-1.4818089e-14,2.3763392e-14,-2.3563091,-7.3887589e-10,1.4068479e-13,-2.2542042e-13,-2.4617217e-11,1.2324285e-08,-1.0685395e-10,-1.4383509e-09,-2.2342398e-07,123.09656,3.7480518e-11,-6.1067454e-11,5.7526717,0,0
1710,1.709,0,0,0,0,-0,0,0,0,0,0,0,0,0,0,0,0,0,0,0.52,1.2875122,-0.29453451,-1.573373,-9.4859928e-15,2.3793641e-14,0.78293607,-1.4678068e-14,2.3539033e-14,-2.3563091,-7.3140529e-10,1.3935794e-13,-2.2329685e-13,-2.4358976e-11,2.6168965e-09,1.0420025e-10,1.4425981e-09,2.2394046e-07,123.09656,3.7113706e-11,-6.0467392e-11,5.7526717,0,0
1711,1.71,0,0,0,0,-0,0,0,0,0,0,0,0,0,0,0,0,0,0,0.52,1.2875122,-0.29453451,-1.573373,-9.4275457e-15,2.3538259e-14,0.78293607,-1.453936e-14,2.331678e-14,-2.3563091,-7.240104e-10,1.3805736e-13,-2.2120953e-13,-2.4110884e-11,1.2172896e-08,-1.068014e-10,-1.4384235e-09,-2.2344427e-07,123.09656,3.6681205e-11,-5.9791333e-11,5.7526717,0,0
1712,1.711,0,0,0,0,-0,0,0,0,0,0,0,0,0,0,0,0,0,0,0.52,1.2875122,-0.29453451,-1.573373,-9.3696469e-15,2.328528e-14,0.78293607,-1.440196e-14,2.3096617e-14,-2.3563091,-7.1668943e-10,1.3674375e-13,-2.1911537e-13,-2.3856598e-11,2.4690428e-09,1.0417419e-10,1.4426118e-09,2.2395285e-07,123.09656,3.6379211e-11,-5.9254019e-11,5.7526717,0,0
1713,1.712,0,0,0,0,-0,0,0,0,0,0,0,0,0,0,0,0,0,0,0.52,1.2875122,-0.29453451,-1.573373,-9.3122924e-15,2.3034682e-14,0.78293607,-1.4265852e-14,2.2878526e-14,-2.3563091,-7.0944264e-10,1.3547087e-13,-2.1706712e-13,-2.3613242e-11,1.202454e-08,-1.0671996e-10,-1.4385153e-09,-2.2346614e-07,123.09656,3.5938266e-11,-5.859072e-11,5.7526717,0,0
1714,1.713,0,0,0,0,-0,0,0,0,0,0,0,0,0,0,0,0,0,0,0.52,1.2875122,-0.29453451,-1.573373,-9.2554759e-15,2.278644e-14,0.78293607,-1.4131025e-14,2.2662484e-14,-2.3563091,-7.0227098e-10,1.3418313e-13,-2.1501632e-13,-2.3363398e-11,2.3187783e-09,1.0414447e-10,1.4426169e-09,2.2396582e-07,123.09656,3.5635639e-11,-5.8042621e-11,5.7526717,0,0
1715,1.714,0,0,0,0,-0,0,0,0,0,0,0,0,0,0,0,0,0,0,0.52,1.2875122,-0.29453451,-1.573373,-9.199193e-15,2.2540536e-14,0.78293607,-1.399747e-14,2.2448477e-14,-2.3563091,-6.9517226e-10,1.3292825e-13,-2.1299918e-13,-2.3119659e-11,1.1878654e-08,-1.0665421e-10,-1.4385826e-09,-2.2347835e-07,123.09656,3.5232211e-11,-5.7427925e-11,5.7526717,0,0
1716,1.715,0,0,0,0,-0,0,0,0,0,0,0,0,0,0,0,0,0,0,0.52,1.2875122,-0.29453451,-1.573373,-9.1434381e-15,2.2296934e-14,0.78293607,-1.3865163e-14,2.2236473e-14,-2.3563091,-6.881455e-10,1.3168482e-13,-2.1100853e-13,-2.2885249e-11,2.1748599e-09,1.0416734e-10,1.4425639e-09,2.2394716e-07,123.09656,3.4834044e-11,-5.6780962e-11,5.7526717,0,0
1717,1.716,0,0,0,0,-0,0,0,0,0,0,0,0,0,0,0,0,0,0,0.52,1.2875122,-0.29453451,-1.573373,-9.0882053e-15,2.2055624e-14,0.78293607,-1.3734104e-14,2.2026462e-14,-2.3563091,-6.8119062e-10,1.3043407e-13,-2.0901219e-13,-2.2644672e-11,1.1734918e-08,-1.0666884e-10,-1.4385712e-09,-2.2346601e-07,123.09656,3.453482e-11,-5.6262185e-11,5.7526717,0,0
1718,1.717,0,0,0,0,-0,0,0,0,0,0,0,0,0,0,0,0,0,0,0.52,1.2875122,-0.29453451,-1.573373,-9.0334923e-15,2.181659e-14,0.78293607,-1.3604281e-14,2.1818431e-14,-2.3563091,-6.7430538e-10,1.2921214e-13,-2.0704985e-13,-2.2410122e-11,2.0355454e-09,1.0422497e-10,1.4424959e-09,2.2393511e-07,123.09656,3.4153337e-11,-5.5672314e-11,5.7526717,0,0
1719,1.718,0,0,0,0,-0,0,0,0,0,0,0,0,0,0,0,0,0,0,0.52,1.2875122,-0.29453451,-1.573373,-8.9792935e-15,2.1579801e-14,0.78293607,-1.3475677e-14,2.1612355e-14,-2.3563091,-6.6748743e-10,1.2799455e-13,-2.0510272e-13,-2.2180002e-11,1.160037e-08,-1.0666016e-10,-1.4386016e-09,-2.2347487e-07,123.09656,3.3811125e-11,-5.5104125e-11,5.7526717,0,0
1720,1.719,0,0,0,0,-0,0,0,0,0,0,0,0,0,0,0,0,0,0,0.52,1.2875122,-0.29453451,-1.573373,-8.9256036e-15,2.1345244e-14,0.78293607,-1.3348287e-14,2.1408219e-14,-2.3563091,-6.6073902e-10,1.2678665e-13,-2.0316946e-13,-2.1949214e-11,1.8964502e-09,1.0424435e-10,1.4424681e-09,2.2393644e-07,123.09656,3.3481104e-11,-5.4563636e-11,5.7526717,0,0
1721,1.72,0,0,0,0,-0,0,0,0,0,0,0,0,0,0,0,0,0,0,0.52,1.2875122,-0.29453451,-1.573373,-8.8724187e-15,2.1112898e-14,0.78293607,-1.3222098e-14,2.1206007e-14,-2.3563091,-6.5405876e-10,1.2559033e-13,-2.0125461e-13,-2.1718658e-11,1.1464069e-08,-1.0663697e-10,-1.4386384e-09,-2.2347533e-07,123.09656,3.3153232e-11,-5.402729e-11,5.7526717,0,0
1722,1.721,0,0,0,0,-0,0,0,0,0,0,0,0,0,0,0,0,0,0,0.52,1.2875122,-0.29453451,-1.573373,-8.8197338e-15,2.0882738e-14,0.78293607,-1.3097097e-14,2.1005697e-14,-2.3563091,-6.474458e-10,1.2441171e-13,-1.9936531e-13,-2.1493209e-11,1.7618524e-09,1.0427972e-10,1.442417e-09,2.2392623e-07,123.09656,3.2796309e-11,-5.3458299e-11,5.7526717,0,0
1723,1.722,0,0,0,0,-0,0,0,0,0,0,0,0,0,0,0,0,0,0,0.52,1.2875122,-0.29453451,-1.573373,-8.7675432e-15,2.0654739e-14,0.78293607,-1.297327e-14,2.0807268e-14,-2.3563091,-6.4089929e-10,1.2324226e-13,-1.9749311e-13,-2.1272221e-11,1.133116e-08,-1.0661861e-10,-1.4386726e-09,-2.2348426e-07,123.09656,3.2452184e-11,-5.2897812e-11,5.7526717,0,0
1724,1.723,0,0,0,0,-0,0,0,0,0,0,0,0,0,0,0,0,0,0,0.52,1.2875122,-0.29453451,-1.573373,-8.7158424e-15,2.0428886e-14,0.78293607,-1.2850609e-14,2.0610705e-14,-2.3563091,-6.3442038e-10,1.2207948e-13,-1.9563304e-13,-2.105064e-11,1.6266562e-09,1.0429305e-10,1.4423928e-09,2.2392742e-07,123.09656,3.2133042e-11,-5.2370052e-11,5.7526717,0,0
1725,1.724,0,0,0,0,-0,0,0,0,0,0,0,0,0,0,0,0,0,0,0.52,1.2875122,-0.29453451,-1.573373,-8.664627e-15,2.0205155e-14,0.78293607,-1.2729102e-14,2.0415989e-14,-2.3563091,-6.2800794e-10,1.2093553e-13,-1.9379854e-13,-2.0834269e-11,1.1198225e-08,-1.0658096e-10,-1.4387238e-09,-2.2349468e-07,123.09656,3.1777435e-11,-5.1806726e-11,5.7526717,0,0
1726,1.725,0,0,0,0,-0,0,0,0,0,0,0,0,0,0,0,0,0,0,0.52,1.2875122,-0.29453451,-1.573373,-8.6138923e-15,1.9983529e-14,0.78293607,-1.2608738e-14,2.0223104e-14,-2.3563091,-6.2166062e-10,1.1979245e-13,-1.9197181e-13,-2.0617346e-11,1.4964149e-09,1.042948e-10,1.4423773e-09,2.2392852e-07,123.09656,3.1474634e-11,-5.1296129e-11,5.7526717,0,0
1727,1.726,0,0,0,0,-0,0,0,0,0,0,0,0,0,0,0,0,0,0,0.52,1.2875122,-0.29453451,-1.573373,-8.5636348e-15,1.9763995e-14,0.78293607,-1.2489511e-14,2.0032038e-14,-2.3563091,-6.1537602e-10,1.1866092e-13,-1.9015954e-13,-2.0400697e-11,1.1072783e-08,-1.0655785e-10,-1.4387527e-09,-2.2349522e-07,123.09656,3.1170935e-11,-5.0804206e-11,5.7526717,0,0
1728,1.727,0,0,0,0,-0,0,0,0,0,0,0,0,0,0,0,0,0,0,0.52,1.2875122,-0.29453451,-1.573373,-8.5138504e-15,1.9546528e-14,0.78293607,-1.2371407e-14,1.9842771e-14,-2.3563091,-6.0915474e-10,1.1754716e-13,-1.8837422e-13,-2.0189058e-11,1.3697756e-09,1.0433034e-10,1.4423234e-09,2.239185e-07,123.09656,3.0834531e-11,-5.0267432e-11,5.7526717,0,0
1729,1.728,0,0,0,0,-0,0,0,0,0,0,0,0,0,0,0,0,0,0,0.52,1.2875122,-0.29453451,-1.573373,-8.4645333e-15,1.9331103e-14,0.78293607,-1.2254413e-14,1.9655282e-14,-2.3563091,-6.0299523e-10,1.1644152e-13,-1.8660403e-13,-1.9981931e-11,1.0949251e-08,-1.0654163e-10,-1.438783e-09,-2.2350425e-07,123.09656,3.0513045e-11,-4.9743943e-11,5.7526717,0,0
1730,1.729,0,0,0,0,-0,0,0,0,0,0,0,0,0,0,0,0,0,0,0.52,1.2875122,-0.29453451,-1.573373,-8.4156793e-15,1.9117708e-14,0.78293607,-1.2138521e-14,1.9469558e-14,-2.3563091,-5.9689825e-10,1.1534137e-13,-1.8484422e-13,-1.9774209e-11,1.2447159e-09,1.0434133e-10,1.4423026e-09,2.2391969e-07,123.09656,3.0219208e-11,-4.9256792e-11,5.7526717,0,0
1731,1.73,0,0,0,0,-0,0,0,0,0,0,0,0,0,0,0,0,0,0,0.52,1.2875122,-0.29453451,-1.573373,-8.3672846e-15,1.890632e-14,0.78293607,-1.202372e-14,1.9285581e-14,-2.3563091,-5.9086344e-10,1.1426031e-13,-1.8311016e-13,-1.9571663e-11,1.0824896e-08,-1.0650345e-10,-1.4388345e-09,-2.235146e-07,123.09656,2.9884465e-11,-4.8728242e-11,5.7526717,0,0
1732,1.731,0,0,0,0,-0,0,0,0,0,0,0,0,0,0,0,0,0,0,0.52,1.2875122,-0.29453451,-1.573373,-8.3193448e-15,1.8696927e-14,0.78293607,-1.1910004e-14,1.9103338e-14,-2.3563091,-5.8488903e-10,1.1317213e-13,-1.8137427e-13,-1.9363572e-11,1.1239306e-09,1.0432708e-10,1.4423063e-09,2.2393078e-07,123.09656,2.9639579e-11,-4.8295591e-11,5.7526717,0,0
1733,1.732,0,0,0,0,-0,0,0,0,0,0,0,0,0,0,0,0,0,0,0.52,1.2875122,-0.29453451,-1.573373,-8.2718561e-15,1.8489505e-14,0.78293607,-1.1797358e-14,1.8922811e-14,-2.3563091,-5.7897537e-10,1.1212029e-13,-1.7968059e-13,-1.9166308e-11,1.0703377e-08,-1.0643076e-10,-1.4389189e-09,-2.2353625e-07,123.09656,2.9266449e-11,-4.7737587e-11,5.7526717,0,0
1734,1.733,0,0,0,0,-0,0,0,0,0,0,0,0,0,0,0,0,0,0,0.52,1.2875122,-0.29453451,-1.573373,-8.2248124e-15,1.8284027e-14,0.78293607,-1.1685768e-14,1.8743976e-14,-2.3563091,-5.7312387e-10,1.1105954e-13,-1.7798935e-13,-1.8967553e-11,9.9963174e-10,1.0430926e-10,1.4423014e-09,2.2393376e-07,123.09656,2.8990693e-11,-4.7252073e-11,5.7526717,0,0
1735,1.734,0,0,0,0,-0,0,0,0,0,0,0,0,0,0,0,0,0,0,0.52,1.2875122,-0.29453451,-1.573373,-8.1782103e-15,1.8080487e-14,0.78293607,-1.1575232e-14,1.8566826e-14,-2.3563091,-5.6733142e-10,1.1001259e-13,-1.7631055e-13,-1.8769261e-11,1.058526e-08,-1.0640317e-10,-1.4389438e-09,-2.2353718e-07,123.09656,2.8698663e-11,-4.6788549e-11,5.7526717,0,0
1736,1.735,0,0,0,0,-0,0,0,0,0,0,0,0,0,0,0,0,0,0,0.52,1.2875122,-0.29453451,-1.573373,-8.1320467e-15,1.7878861e-14,0.78293607,-1.1465736e-14,1.8391343e-14,-2.3563091,-5.6159779e-10,1.0898017e-13,-1.7465629e-13,-1.8575972e-11,8.8199953e-10,1.0433835e-10,1.4422523e-09,2.2392376e-07,123.09656,2.8385905e-11,-4.6285703e-11,5.7526717,0,0
1737,1.736,0,0,0,0,-0,0,0,0,0,0,0,0,0,0,0,0,0,0,0.52,1.2875122,-0.29453451,-1.573373,-8.0863164e-15,1.7679133e-14,0.78293607,-1.135727e-14,1.821751e-14,-2.3563091,-5.5592258e-10,1.0795005e-13,-1.7300922e-13,-1.8382121e-11,1.0468434e-08,-1.0639859e-10,-1.4389582e-09,-2.2353605e-07,123.09656,2.811327e-11,-4.5829394e-11,5.7526717,0,0
1738,1.737,0,0,0,0,-0,0,0,0,0,0,0,0,0,0,0,0,0,0,0.52,1.2875122,-0.29453451,-1.573373,-8.0410157e-15,1.7481284e-14,0.78293607,-1.1249826e-14,1.8045312e-14,-2.3563091,-5.5030579e-10,1.0693911e-13,-1.7138695e-13,-1.819341e-11,7.6514107e-10,1.0437672e-10,1.4422028e-09,2.2391348e-07,123.09656,2.7795736e-11,-4.5330854e-11,5.7526717,0,0
1739,1.738,0,0,0,0,-0,0,0,0,0,0,0,0,0,0,0,0,0,0,0.52,1.2875122,-0.29453451,-1.573373,-7.9961411e-15,1.7285303e-14,0.78293607,-1.1143397e-14,1.7874738e-14,-2.3563091,-5.4474433e-10,1.0591874e-13,-1.6975986e-13,-1.7999211e-11,1.0357783e-08,-1.0641746e-10,-1.4389486e-09,-2.2352508e-07,123.09656,2.7576146e-11,-4.4937604e-11,5.7526717,0,0
1740,1.739,0,0,0,0,-0,0,0,0,0,0,0,0,0,0,0,0,0,0,0.52,1.2875122,-0.29453451,-1.573373,-7.9516894e-15,1.7091168e-14,0.78293607,-1.1037971e-14,1.7705773e-14,-2.3563091,-5.3923734e-10,1.0493288e-13,-1.6817177e-13,-1.7815906e-11,6.5619482e-10,1.0444574e-10,1.4421248e-09,2.2389169e-07,123.09656,2.7234146e-11,-4.4429773e-11,5.7526717,0,0
1741,1.74,0,0,0,0,-0,0,0,0,0,0,0,0,0,0,0,0,0,0,0.52,1.2875122,-0.29453451,-1.573373,-7.9076555e-15,1.689886e-14,0.78293607,-1.0933537e-14,1.7538396e-14,-2.3563091,-5.3378454e-10,1.039356e-13,-1.6658229e-13,-1.7631197e-11,1.0249396e-08,-1.0644031e-10,-1.4389458e-09,-2.2352227e-07,123.09656,2.6998855e-11,-4.4008314e-11,5.7526717,0,0
1742,1.741,0,0,0,0,-0,0,0,0,0,0,0,0,0,0,0,0,0,0,0.52,1.2875122,-0.29453451,-1.573373,-7.864036e-15,1.670837e-14,0.78293607,-1.0830092e-14,1.73726e-14,-2.3563091,-5.2838596e-10,1.0295473e-13,-1.6500868e-13,-1.7446747e-11,5.4777645e-10,1.0447857e-10,1.442093e-09,2.2389117e-07,123.09656,2.6730957e-11,-4.35866e-11,5.7526717,0,0
1743,1.742,0,0,0,0,-0,0,0,0,0,0,0,0,0,0,0,0,0,0,0.52,1.2875122,-0.29453451,-1.573373,-7.8208275e-15,1.6519673e-14,0.78293607,-1.072762e-14,1.7208366e-14,-2.3563091,-5.2304202e-10,1.0198848e-13,-1.6346029e-13,-1.7267307e-11,1.0140105e-08,-1.0641105e-10,-1.4389963e-09,-2.2353229e-07,123.09656,2.6438595e-11,-4.3116812e-11,5.7526717,0,0
1744,1.743,0,0,0,0,-0,0,0,0,0,0,0,0,0,0,0,0,0,0,0.52,1.2875122,-0.29453451,-1.573373,-7.7780246e-15,1.6332753e-14,0.78293607,-1.0626114e-14,1.7045676e-14,-2.3563091,-5.1775271e-10,1.0102426e-13,-1.6191859e-13,-1.7087241e-11,4.3851294e-10,1.0448262e-10,1.4420797e-09,2.2389242e-07,123.09656,2.6184371e-11,-4.2690881e-11,5.7526717,0,0
1745,1.744,0,0,0,0,-0,0,0,0,0,0,0,0,0,0,0,0,0,0,0.52,1.2875122,-0.29453451,-1.573373,-7.7356244e-15,1.6147596e-14,0.78293607,-1.0525566e-14,1.6884521e-14,-2.3563091,-5.1251736e-10,1.0007106e-13,-1.6039168e-13,-1.6907347e-11,1.0032178e-08,-1.0638903e-10,-1.4390259e-09,-2.2353264e-07,123.09656,2.5923028e-11,-4.2267669e-11,5.7526717,0,0
1746,1.745,0,0,0,0,-0,0,0,0,0,0,0,0,0,0,0,0,0,0,0.52,1.2875122,-0.29453451,-1.573373,-7.6936229e-15,1.596418e-14,0.78293607,-1.0425964e-14,1.6724881e-14,-2.3563091,-5.0733553e-10,9.9133018e-14,-1.5888745e-13,-1.6732532e-11,3.3149311e-10,1.0451296e-10,1.4420343e-09,2.2388227e-07,123.09656,2.5633114e-11,-4.1806803e-11,5.7526717,0,0
1747,1.746,0,0,0,0,-0,0,0,0,0,0,0,0,0,0,0,0,0,0,0.52,1.2875122,-0.29453451,-1.573373,-7.6520156e-15,1.5782487e-14,0.78293607,-1.0327297e-14,1.6566741e-14,-2.3563091,-5.0220507e-10,9.8200634e-14,-1.5739447e-13,-1.6562245e-11,9.9294122e-09,-1.0637772e-10,-1.4390483e-09,-2.2354169e-07,123.09656,2.536169e-11,-4.1364686e-11,5.7526717,0,0
1748,1.747,0,0,0,0,-0,0,0,0,0,0,0,0,0,0,0,0,0,0,0.52,1.2875122,-0.29453451,-1.573373,-7.6107991e-15,1.5602505e-14,0.78293607,-1.0229561e-14,1.6410089e-14,-2.3563091,-4.9712695e-10,9.7272208e-14,-1.5590926e-13,-1.6391341e-11,2.2684409e-10,1.0452087e-10,1.4420188e-09,2.238835e-07,123.09656,2.5117e-11,-4.0958123e-11,5.7526717,0,0
1749,1.748,0,0,0,0,-0,0,0,0,0,0,0,0,0,0,0,0,0,0,0.52,1.2875122,-0.29453451,-1.573373,-7.5699708e-15,1.5424227e-14,0.78293607,-1.0132751e-14,1.6254918e-14,-2.3563091,-4.9210165e-10,9.6348298e-14,-1.544323e-13,-1.6215504e-11,9.823753e-09,-1.0636869e-10,-1.4390648e-09,-2.2353183e-07,123.09656,2.4896038e-11,-4.0584405e-11,5.7526717,0,0
1750,1.749,0,0,0,0,-0,0,0,0,0,0,0,0,0,0,0,0,0,0,0.52,1.2875122,-0.29453451,-1.573373,-7.5295268e-15,1.5247624e-14,0.78293607,-1.003685e-14,1.6101206e-14,-2.3563091,-4.8712697e-10,9.5453211e-14,-1.5299146e-13,-1.6050559e-11,1.2560157e-10,1.0457852e-10,1.4419465e-09,2.2386171e-07,123.09656,2.4576435e-11,-4.0103001e-11,5.7526717,0,0
1751,1.75,0,0,0,0,-0,0,0,0,0,0,0,0,0,0,0,0,0,0,0.52,1.2875122,-0.29453451,-1.573373,-7.4894621e-15,1.5072679e-14,0.78293607,-9.9418498e-15,1.5948937e-14,-2.3563091,-4.8220236e-10,9.4546864e-14,-1.5154659e-13,-1.5884228e-11,9.7236175e-09,-1.0639121e-10,-1.4390568e-09,-2.2352905e-07,123.09656,2.4358167e-11,-3.9713908e-11,5.7526717,0,0
1752,1.751,0,0,0,0,-0,0,0,0,0,0,0,0,0,0,0,0,0,0,0.52,1.2875122,-0.29453451,-1.573373,-7.4497744e-15,1.4899388e-14,0.78293607,-9.847749e-15,1.5798106e-14,-2.3563091,-4.773272e-10,9.3654742e-14,-1.5011539e-13,-1.5718183e-11,2.6697518e-11,1.0460697e-10,1.4419191e-09,2.2386114e-07,123.09656,2.4113737e-11,-3.9328338e-11,5.7526717,0,0
1753,1.752,0,0,0,0,-0,0,0,0,0,0,0,0,0,0,0,0,0,0,0.52,1.2875122,-0.29453451,-1.573373,-7.4104605e-15,1.4727728e-14,0.78293607,-9.7545338e-15,1.5648695e-14,-2.3563091,-4.7250108e-10,9.2775708e-14,-1.4870644e-13,-1.5557191e-11,9.6255525e-09,-1.0636504e-10,-1.4391013e-09,-2.2353916e-07,123.09656,2.3848148e-11,-3.8902541e-11,5.7526717,0,0
1754,1.753,0,0,0,0,-0,0,0,0,0,0,0,0,0,0,0,0,0,0,0.52,1.2875122,-0.29453451,-1.573373,-7.371516e-15,1.4557685e-14,0.78293607,-9.662197e-15,1.550069e-14,-2.3563091,-4.67724e-10,9.189773e-14,-1.4730272e-13,-1.5395562e-11,-7.1393102e-11,1.0460908e-10,1.4419087e-09,2.2386241e-07,123.09656,2.3621203e-11,-3.8520912e-11,5.7526717,0,0
1755,1.754,0,0,0,0,-0,0,0,0,0,0,0,0,0,0,0,0,0,0,0.52,1.2875122,-0.29453451,-1.573373,-7.332938e-15,1.4389247e-14,0.78293607,-9.5707329e-15,1.5354083e-14,-2.3563091,-4.6299582e-10,9.1030485e-14,-1.4591323e-13,-1.5234069e-11,9.5277397e-09,-1.0634357e-10,-1.4391297e-09,-2.2353943e-07,123.09656,2.3384222e-11,-3.8137988e-11,5.7526717,0,0
1756,1.755,0,0,0,0,-0,0,0,0,0,0,0,0,0,0,0,0,0,0,0.52,1.2875122,-0.29453451,-1.573373,-7.2947232e-15,1.4222398e-14,0.78293607,-9.4801321e-15,1.5208857e-14,-2.3563091,-4.583165e-10,9.0171096e-14,-1.4453771e-13,-1.5072615e-11,-1.6908228e-10,1.0462479e-10,1.4418807e-09,2.2386234e-07,123.09656,2.3151129e-11,-3.7754323e-11,5.7526717,0,0
1757,1.756,0,0,0,0,-0,0,0,0,0,0,0,0,0,0,0,0,0,0,0.52,1.2875122,-0.29453451,-1.573373,-7.2568674e-15,1.4057114e-14,0.78293607,-9.3903806e-15,1.5064994e-14,-2.3563091,-4.5368374e-10,8.9331942e-14,-1.4318841e-13,-1.492137e-11,9.434592e-09,-1.063031e-10,-1.4391822e-09,-2.2355985e-07,123.09656,2.2859321e-11,-3.7307653e-11,5.7526717,0,0
1758,1.757,0,0,0,0,-0,0,0,0,0,0,0,0,0,0,0,0,0,0,0.52,1.2875122,-0.29453451,-1.573373,-7.2193671e-15,1.3893388e-14,0.78293607,-9.3014766e-15,1.4922487e-14,-2.3563091,-4.4909693e-10,8.8476197e-14,-1.4182639e-13,-1.4763818e-11,-2.6097976e-10,1.0459161e-10,1.4419062e-09,2.2387495e-07,123.09656,2.2692844e-11,-3.6992387e-11,5.7526717,0,0
1759,1.758,0,0,0,0,-0,0,0,0,0,0,0,0,0,0,0,0,0,0,0.52,1.2875122,-0.29453451,-1.573373,-7.1822207e-15,1.3731212e-14,0.78293607,-9.2134142e-15,1.4781327e-14,-2.3563091,-4.4455506e-10,8.7648442e-14,-1.4049322e-13,-1.4612239e-11,9.3447261e-09,-1.0624712e-10,-1.4392398e-09,-2.235718e-07,123.09656,2.2428502e-11,-3.6600254e-11,5.7526717,0,0
1760,1.759,0,0,0,0,-0,0,0,0,0,0,0,0,0,0,0,0,0,0,0.52,1.2875122,-0.29453451,-1.573373,-7.1454244e-15,1.3570564e-14,0.78293607,-9.1261821e-15,1.4641498e-14,-2.3563091,-4.4005801e-10,8.6815799e-14,-1.3916493e-13,-1.4459907e-11,-3.5062792e-10,1.0458183e-10,1.4418964e-09,2.2387646e-07,123.09656,2.223011e-11,-3.6250248e-11,5.7526717,0,0
1761,1.76,0,0,0,0,-0,0,0,0,0,0,0,0,0,0,0,0,0,0,0.52,1.2875122,-0.29453451,-1.573373,-7.1089745e-15,1.3411435e-14,0.78293607,-9.0397754e-15,1.4502989e-14,-2.3563091,-4.3560755e-10,8.5997533e-14,-1.3785224e-13,-1.4307614e-11,9.2515484e-09,-1.0621836e-10,-1.4392711e-09,-2.2357187e-07,123.09656,2.2001107e-11,-3.5888264e-11,5.7526717,0,0
1762,1.761,0,0,0,0,-0,0,0,0,0,0,0,0,0,0,0,0,0,0,0.52,1.2875122,-0.29453451,-1.573373,-7.0728675e-15,1.3253801e-14,0.78293607,-8.9541807e-15,1.4365783e-14,-2.3563091,-4.3120304e-10,8.5192026e-14,-1.365607e-13,-1.4160422e-11,-4.4253167e-10,1.0460735e-10,1.4418541e-09,2.2386626e-07,123.09656,2.1748902e-11,-3.548565e-11,5.7526717,0,0
1763,1.762,0,0,0,0,-0,0,0,0,0,0,0,0,0,0,0,0,0,0,0.52,1.2875122,-0.29453451,-1.573373,-7.0370994e-15,1.3097651e-14,0.78293607,-8.8693922e-15,1.4229867e-14,-2.3563091,-4.2684289e-10,8.4384948e-14,-1.3527072e-13,-1.4012684e-11,9.1628416e-09,-1.0622151e-10,-1.4392742e-09,-2.2357078e-07,123.09656,2.1544869e-11,-3.5139732e-11,5.7526717,0,0
1764,1.763,0,0,0,0,-0,0,0,0,0,0,0,0,0,0,0,0,0,0,0.52,1.2875122,-0.29453451,-1.573373,-7.0016678e-15,1.2942971e-14,0.78293607,-8.785402e-15,1.409523e-14,-2.3563091,-4.2252745e-10,8.3595345e-14,-1.3400232e-13,-1.3870067e-11,-5.3196583e-10,1.046423e-10,1.441811e-09,2.2385602e-07,123.09656,2.1293375e-11,-3.4749914e-11,5.7526717,0,0
1765,1.764,0,0,0,0,-0,0,0,0,0,0,0,0,0,0,0,0,0,0,0.52,1.2875122,-0.29453451,-1.573373,-6.9665693e-15,1.2789748e-14,0.78293607,-8.7022034e-15,1.3961862e-14,-2.3563091,-4.1825469e-10,8.2801974e-14,-1.3273534e-13,-1.3726911e-11,9.0774892e-09,-1.0622905e-10,-1.439277e-09,-2.2356971e-07,123.09656,2.1100301e-11,-3.4416368e-11,5.7526717,0,0
1766,1.765,0,0,0,0,-0,0,0,0,0,0,0,0,0,0,0,0,0,0,0.52,1.2875122,-0.29453451,-1.573373,-6.9318018e-15,1.2637979e-14,0.78293607,-8.6197957e-15,1.3829757e-14,-2.3563091,-4.1402546e-10,8.2013445e-14,-1.3147399e-13,-1.357882e-11,-6.1902264e-10,1.0465199e-10,1.4417997e-09,2.2386589e-07,123.09656,2.092256e-11,-3.4117914e-11,5.7526717,0,0
1767,1.766,0,0,0,0,-0,0,0,0,0,0,0,0,0,0,0,0,0,0,0.52,1.2875122,-0.29453451,-1.573373,-6.8973621e-15,1.2487636e-14,0.78293607,-8.5381619e-15,1.3698895e-14,-2.3563091,-4.0983975e-10,8.1254006e-14,-1.3025025e-13,-1.3441452e-11,8.9904376e-09,-1.0617087e-10,-1.4393523e-09,-2.2359115e-07,123.09656,2.0638069e-11,-3.3693477e-11,5.7526717,0,0
1768,1.767,0,0,0,0,-0,0,0,0,0,0,0,0,0,0,0,0,0,0,0.52,1.2875122,-0.29453451,-1.573373,-6.8632452e-15,1.2338704e-14,0.78293607,-8.4572945e-15,1.356926e-14,-2.3563091,-4.0569571e-10,8.0480963e-14,-1.2901871e-13,-1.3302809e-11,-7.0236981e-10,1.0462478e-10,1.4418154e-09,2.2386844e-07,123.09656,2.0459905e-11,-3.3369475e-11,5.7526717,0,0
1769,1.768,0,0,0,0,-0,0,0,0,0,0,0,0,0,0,0,0,0,0,0.52,1.2875122,-0.29453451,-1.573373,-6.8294494e-15,1.2191182e-14,0.78293607,-8.3771932e-15,1.3440851e-14,-2.3563091,-4.0159352e-10,7.9721471e-14,-1.2779959e-13,-1.3164364e-11,8.9067574e-09,-1.0614377e-10,-1.4393771e-09,-2.2359155e-07,123.09656,2.0252305e-11,-3.3044633e-11,5.7526717,0,0
1770,1.769,0,0,0,0,-0,0,0,0,0,0,0,0,0,0,0,0,0,0,0.52,1.2875122,-0.29453451,-1.573373,-6.7959728e-15,1.2045053e-14,0.78293607,-8.2978495e-15,1.3313656e-14,-2.3563091,-3.9753179e-10,7.8965922e-14,-1.2659127e-13,-1.3026004e-11,-7.8329931e-10,1.0463267e-10,1.4417938e-09,2.2386827e-07,123.09656,2.0062867e-11,-3.2726442e-11,5.7526717,0,0
1771,1.77,0,0,0,0,-0,0,0,0,0,0,0,0,0,0,0,0,0,0,0.52,1.2875122,-0.29453451,-1.573373,-6.7628116e-15,1.1900303e-14,0.78293607,-8.2192539e-15,1.3187659e-14,-2.3563091,-3.9351016e-10,7.8225353e-14,-1.2540189e-13,-1.2892727e-11,8.8265573e-09,-1.061138e-10,-1.439415e-09,-2.2360172e-07,123.09656,1.9835929e-11,-3.2373496e-11,5.7526717,0,0
1772,1.771,0,0,0,0,-0,0,0,0,0,0,0,0,0,0,0,0,0,0,0.52,1.2875122,-0.29453451,-1.573373,-6.7299621e-15,1.1756915e-14,0.78293607,-8.1413986e-15,1.3062849e-14,-2.3563091,-3.8953068e-10,7.7485233e-14,-1.2421925e-13,-1.2758683e-11,-8.6758986e-10,1.0463356e-10,1.4417803e-09,2.2386981e-07,123.09656,1.9643766e-11,-3.2046184e-11,5.7526717,0,0
1773,1.772,0,0,0,0,-0,0,0,0,0,0,0,0,0,0,0,0,0,0,0.52,1.2875122,-0.29453451,-1.573373,-6.6974216e-15,1.1614881e-14,0.78293607,-8.0642789e-15,1.2939215e-14,-2.3563091,-3.8559231e-10,7.6754125e-14,-1.2304739e-13,-1.2624841e-11,8.7443246e-09,-1.0609578e-10,-1.4394366e-09,-2.2360212e-07,123.09656,1.9443323e-11,-3.1723805e-11,5.7526717,0,0
1774,1.773,0,0,0,0,-0,0,0,0,0,0,0,0,0,0,0,0,0,0,0.52,1.2875122,-0.29453451,-1.573373,-6.6651876e-15,1.1474184e-14,0.78293607,-7.9878852e-15,1.2816746e-14,-2.3563091,-3.8169239e-10,7.6033388e-14,-1.2189124e-13,-1.2496177e-11,-9.4448012e-10,1.0465431e-10,1.4417489e-09,2.2385945e-07,123.09656,1.9227321e-11,-3.1381084e-11,5.7526717,0,0
1775,1.774,0,0,0,0,-0,0,0,0,0,0,0,0,0,0,0,0,0,0,0.52,1.2875122,-0.29453451,-1.573373,-6.6332573e-15,1.1334819e-14,0.78293607,-7.9122159e-15,1.2695435e-14,-2.3563091,-3.7783133e-10,7.5305171e-14,-1.207302e-13,-1.2361828e-11,8.6666041e-09,-1.0611074e-10,-1.4394268e-09,-2.2359075e-07,123.09656,1.9084942e-11,-3.1120762e-11,5.7526717,0,0
1776,1.775,0,0,0,0,-0,0,0,0,0,0,0,0,0,0,0,0,0,0,0.52,1.2875122,-0.29453451,-1.573373,-6.6016284e-15,1.1196771e-14,0.78293607,-7.8372619e-15,1.2575271e-14,-2.3563091,-3.7400983e-10,7.4602735e-14,-1.1959869e-13,-1.2233246e-11,-1.0236085e-09,1.0470587e-10,1.4416898e-09,2.2384791e-07,123.09656,1.884942e-11,-3.0770075e-11,5.7526717,0,0
1777,1.776,0,0,0,0,-0,0,0,0,0,0,0,0,0,0,0,0,0,0,0.52,1.2875122,-0.29453451,-1.573373,-6.5702964e-15,1.1060015e-14,0.78293607,-7.7630091e-15,1.2456232e-14,-2.3563091,-3.7022858e-10,7.3902994e-14,-1.1847938e-13,-1.2108925e-11,8.5860983e-09,-1.0610535e-10,-1.4394512e-09,-2.2359927e-07,123.09656,1.8635483e-11,-3.0414664e-11,5.7526717,0,0
1778,1.777,0,0,0,0,-0,0,0,0,0,0,0,0,0,0,0,0,0,0,0.52,1.2875122,-0.29453451,-1.573373,-6.5392578e-15,1.0924545e-14,0.78293607,-7.6894552e-15,1.2338311e-14,-2.3563091,-3.6648705e-10,7.3204762e-14,-1.1736191e-13,-1.1984101e-11,-1.1030236e-09,1.0470889e-10,1.4416861e-09,2.2384892e-07,123.09656,1.8448951e-11,-3.0106027e-11,5.7526717,0,0
1779,1.778,0,0,0,0,-0,0,0,0,0,0,0,0,0,0,0,0,0,0,0.52,1.2875122,-0.29453451,-1.573373,-6.5085115e-15,1.0790355e-14,0.78293607,-7.6165966e-15,1.2221504e-14,-2.3563091,-3.6278329e-10,7.251251e-14,-1.1625323e-13,-1.1859489e-11,8.5105383e-09,-1.0609339e-10,-1.4394688e-09,-2.235997e-07,123.09656,1.8267278e-11,-2.9809049e-11,5.7526717,0,0
1780,1.779,0,0,0,0,-0,0,0,0,0,0,0,0,0,0,0,0,0,0,0.52,1.2875122,-0.29453451,-1.573373,-6.4780552e-15,1.0657433e-14,0.78293607,-7.5444272e-15,1.21058e-14,-2.3563091,-3.5911677e-10,7.1826247e-14,-1.1515443e-13,-1.1734911e-11,-1.177499e-09,1.0472087e-10,1.4416664e-09,2.2384886e-07,123.09656,1.8090126e-11,-2.9517841e-11,5.7526717,0,0
1781,1.78,0,0,0,0,-0,0,0,0,0,0,0,0,0,0,0,0,0,0,0.52,1.2875122,-0.29453451,-1.573373,-6.447886e-15,1.0525765e-14,0.78293607,-7.4729382e-15,1.1991187e-14,-2.3563091,-3.5548557e-10,7.1151814e-14,-1.1407165e-13,-1.1615506e-11,8.4399068e-09,-1.0606973e-10,-1.4395008e-09,-2.2361005e-07,123.09656,1.7887836e-11,-2.9201086e-11,5.7526717,0,0
1782,1.781,0,0,0,0,-0,0,0,0,0,0,0,0,0,0,0,0,0,0,0.52,1.2875122,-0.29453451,-1.573373,-6.4180009e-15,1.0395338e-14,0.78293607,-7.4021242e-15,1.1877655e-14,-2.3563091,-3.5189039e-10,7.0476127e-14,-1.12992e-13,-1.1495399e-11,-1.2495533e-09,1.0471836e-10,1.4416601e-09,2.2385026e-07,123.09656,1.7725575e-11,-2.892275e-11,5.7526717,0,0
1783,1.782,0,0,0,0,-0,0,0,0,0,0,0,0,0,0,0,0,0,0,0.52,1.2875122,-0.29453451,-1.573373,-6.3883979e-15,1.0266147e-14,0.78293607,-7.3319814e-15,1.1765197e-14,-2.3563091,-3.4833097e-10,6.9809393e-14,-1.1192311e-13,-1.1375433e-11,8.3683955e-09,-1.0605182e-10,-1.4395223e-09,-2.2361033e-07,123.09656,1.7552107e-11,-2.8644306e-11,5.7526717,0,0
1784,1.783,0,0,0,0,-0,0,0,0,0,0,0,0,0,0,0,0,0,0,0.52,1.2875122,-0.29453451,-1.573373,-6.3590742e-15,1.0138178e-14,0.78293607,-7.2625023e-15,1.1653803e-14,-2.3563091,-3.4480767e-10,6.9148796e-14,-1.1086566e-13,-1.1255454e-11,-1.3218085e-09,1.0473063e-10,1.4416372e-09,2.2385029e-07,123.09656,1.7381136e-11,-2.8361826e-11,5.7526717,0,0
1785,1.784,0,0,0,0,-0,0,0,0,0,0,0,0,0,0,0,0,0,0,0.52,1.2875122,-0.29453451,-1.573373,-6.3300269e-15,1.0011414e-14,0.78293607,-7.1936776e-15,1.1543458e-14,-2.3563091,-3.4131909e-10,6.8500588e-14,-1.0982463e-13,-1.1140626e-11,8.2989768e-09,-1.0602705e-10,-1.4395552e-09,-2.2362064e-07,123.09656,1.7180944e-11,-2.8049763e-11,5.7526717,0,0
1786,1.785,0,0,0,0,-0,0,0,0,0,0,0,0,0,0,0,0,0,0,0.52,1.2875122,-0.29453451,-1.573373,-6.3012531e-15,9.8858492e-15,0.78293607,-7.1255052e-15,1.1434156e-14,-2.3563091,-3.3786632e-10,6.7844318e-14,-1.0877899e-13,-1.1020056e-11,-1.3934369e-09,1.0471451e-10,1.4416464e-09,2.2386178e-07,123.09656,1.7053671e-11,-2.7812873e-11,5.7526717,0,0
1787,1.786,0,0,0,0,-0,0,0,0,0,0,0,0,0,0,0,0,0,0,0.52,1.2875122,-0.29453451,-1.573373,-6.2727505e-15,9.7614661e-15,0.78293607,-7.0579738e-15,1.1325883e-14,-2.3563091,-3.3444831e-10,6.7218423e-14,-1.0776713e-13,-1.0910383e-11,8.2294504e-09,-1.059663e-10,-1.4396227e-09,-2.2364243e-07,123.09656,1.6806574e-11,-2.7458507e-11,5.7526717,0,0
1788,1.787,0,0,0,0,-0,0,0,0,0,0,0,0,0,0,0,0,0,0,0.52,1.2875122,-0.29453451,-1.573373,-6.2445153e-15,9.6382525e-15,0.78293607,-6.9910778e-15,1.1218627e-14,-2.3563091,-3.3106731e-10,6.657355e-14,-1.0674379e-13,-1.0794136e-11,-1.4674348e-09,1.0467655e-10,1.4416694e-09,2.2387493e-07,123.09656,1.6686142e-11,-2.7212423e-11,5.7526717,0,0
1789,1.788,0,0,0,0,-0,0,0,0,0,0,0,0,0,0,0,0,0,0,0.52,1.2875122,-0.29453451,-1.573373,-6.2165457e-15,9.5162019e-15,0.78293607,-6.9248139e-15,1.1112384e-14,-2.3563091,-3.277208e-10,6.5954315e-14,-1.0574378e-13,-1.0683977e-11,8.1604431e-09,-1.0591502e-10,-1.4396694e-09,-2.2365461e-07,123.09656,1.6469118e-11,-2.6900273e-11,5.7526717,0,0
1790,1.789,0,0,0,0,-0,0,0,0,0,0,0,0,0,0,0,0,0,0,0.52,1.2875122,-0.29453451,-1.573373,-6.1888395e-15,9.3952998e-15,0.78293607,-6.8591734e-15,1.100714e-14,-2.3563091,-3.244079e-10,6.5326777e-14,-1.0474397e-13,-1.0573085e-11,-1.5346404e-09,1.0465994e-10,1.441669e-09,2.2387639e-07,123.09656,1.6324783e-11,-2.6637115e-11,5.7526717,0,0
1791,1.79,0,0,0,0,-0,0,0,0,0,0,0,0,0,0,0,0,0,0,0.52,1.2875122,-0.29453451,-1.573373,-6.1613944e-15,9.275543e-15,0.78293607,-6.7941557e-15,1.0902892e-14,-2.3563091,-3.2112742e-10,6.4708619e-14,-1.0375175e-13,-1.046239e-11,8.0956065e-09,-1.0589626e-10,-1.4396846e-09,-2.23655e-07,123.09656,1.6164686e-11,-2.6385838e-11,5.7526717,0,0
1792,1.791,0,0,0,0,-0,0,0,0,0,0,0,0,0,0,0,0,0,0,0.52,1.2875122,-0.29453451,-1.573373,-6.1342083e-15,9.156914e-15,0.78293607,-6.7297498e-15,1.0799626e-14,-2.3563091,-3.1788062e-10,6.4103118e-14,-1.0277987e-13,-1.0356654e-11,-1.6020177e-09,1.0468525e-10,1.4416283e-09,2.2386647e-07,123.09656,1.5971901e-11,-2.6081971e-11,5.7526717,0,0
1793,1.792,0,0,0,0,-0,0,0,0,0,0,0,0,0,0,0,0,0,0,0.52,1.2875122,-0.29453451,-1.573373,-6.1072779e-15,9.0394073e-15,0.78293607,-6.6659543e-15,1.0697336e-14,-2.3563091,-3.1466657e-10,6.3487834e-14,-1.0179971e-13,-1.0245307e-11,8.0301228e-09,-1.0591582e-10,-1.439668e-09,-2.2364378e-07,123.09656,1.5858547e-11,-2.5868291e-11,5.7526717,0,0
1794,1.793,0,0,0,0,-0,0,0,0,0,0,0,0,0,0,0,0,0,0,0.52,1.2875122,-0.29453451,-1.573373,-6.0806021e-15,8.9230126e-15,0.78293607,-6.6027627e-15,1.0596014e-14,-2.3563091,-3.1148421e-10,6.2895371e-14,-1.0084436e-13,-1.013983e-11,-1.6654103e-09,1.047309e-10,1.4415787e-09,2.2385474e-07,123.09656,1.5661278e-11,-2.557892e-11,5.7526717,0,0
1795,1.794,0,0,0,0,-0,0,0,0,0,0,0,0,0,0,0,0,0,0,0.52,1.2875122,-0.29453451,-1.573373,-6.0541774e-15,8.807713e-15,0.78293607,-6.5401656e-15,1.0495646e-14,-2.3563091,-3.0833542e-10,6.2298792e-14,-9.9892842e-14,-1.003349e-11,7.9629958e-09,-1.0592405e-10,-1.4396757e-09,-2.2364206e-07,123.09656,1.5514321e-11,-2.5318076e-11,5.7526717,0,0
1796,1.795,0,0,0,0,-0,0,0,0,0,0,0,0,0,0,0,0,0,0,0.52,1.2875122,-0.29453451,-1.573373,-6.0280012e-15,8.6935029e-15,0.78293607,-6.4781609e-15,1.0396225e-14,-2.3563091,-3.0521902e-10,6.171073e-14,-9.8949237e-14,-9.9273733e-12,-1.7301917e-09,1.0474793e-10,1.4415629e-09,2.2385429e-07,123.09656,1.5354393e-11,-2.5065049e-11,5.7526717,0,0
1797,1.796,0,0,0,0,-0,0,0,0,0,0,0,0,0,0,0,0,0,0,0.52,1.2875122,-0.29453451,-1.573373,-6.0020717e-15,8.580367e-15,0.78293607,-6.4167389e-15,1.0297739e-14,-2.3563091,-3.0213429e-10,6.1133186e-14,-9.8022192e-14,-9.8263045e-12,7.8996541e-09,-1.0590302e-10,-1.4397088e-09,-2.2365215e-07,123.09656,1.5171016e-11,-2.4775985e-11,5.7526717,0,0
1798,1.797,0,0,0,0,-0,0,0,0,0,0,0,0,0,0,0,0,0,0,0.52,1.2875122,-0.29453451,-1.573373,-5.9763856e-15,8.4682962e-15,0.78293607,-6.3558957e-15,1.020018e-14,-2.3563091,-2.9908107e-10,6.0553202e-14,-9.7095445e-14,-9.7246093e-12,-1.7932247e-09,1.0474305e-10,1.4415623e-09,2.2385554e-07,123.09656,1.5028777e-11,-2.4531781e-11,5.7526717,0,0
1799,1.798,0,0,0,0,-0,0,0,0,0,0,0,0,0,0,0,0,0,0,0.52,1.2875122,-0.29453451,-1.573373,-5.9509418e-15,8.357286e-15,0.78293607,-6.2956289e-15,1.0103544e-14,-2.3563091,-2.9605864e-10,5.9980446e-14,-9.6177119e-14,-9.6230706e-12,7.8380927e-09,-1.0588856e-10,-1.4397256e-09,-2.2365246e-07,123.09656,1.4879213e-11,-2.4291596e-11,5.7526717,0,0
1800,1.799,0,0,0,0,-0,0,0,0,0,0,0,0,0,0,0,0,0,0,0.52,1.2875122,-0.29453451,-1.573373,-5.925738e-15,8.2473247e-15,0.78293607,-6.2359318e-15,1.000782e-14,-2.3563091,-2.9306811e-10,5.9413762e-14,-9.5269757e-14,-9.5214683e-12,-1.8570292e-09,1.0475519e-10,1.4415403e-09,2.2385567e-07,123.09656,1.4727781e-11,-2.4042235e-11,5.7526717,0,0
1801,1.8,0,0,0,0,-0,0,0,0,0,0,0,0,0,0,0,0,0,0,0.52,1.2875122,-0.29453451,-1.573373,-5.9007715e-15,8.1383984e-15,0.78293607,-6.1767965e-15,9.912998e-15,-2.3563091,-2.9010646e-10,5.8856798e-14,-9.4375022e-14,-9.425113e-12,7.7803292e-09,-1.0586912e-10,-1.4397509e-09,-2.2366296e-07,123.09656,1.4555833e-11,-2.3774792e-11,5.7526717,0,0
1802,1.801,0,0,0,0,-0,0,0,0,0,0,0,0,0,0,0,0,0,0,0.52,1.2875122,-0.29453451,-1.573373,-5.8760403e-15,8.0305011e-15,0.78293607,-6.1182203e-15,9.8190711e-15,-2.3563091,-2.871728e-10,5.829564e-14,-9.3478864e-14,-9.3281305e-12,-1.9130128e-09,1.047468e-10,1.4415432e-09,2.2385692e-07,123.09656,1.4432812e-11,-2.3559236e-11,5.7526717,0,0
1803,1.802,0,0,0,0,-0,0,0,0,0,0,0,0,0,0,0,0,0,0,0.52,1.2875122,-0.29453451,-1.573373,-5.851543e-15,7.9236277e-15,0.78293607,-6.0602005e-15,9.7260347e-15,-2.3563091,-2.8426849e-10,5.7743997e-14,-9.2593838e-14,-9.2311786e-12,7.7216283e-09,-1.0585009e-10,-1.4397731e-09,-2.2366302e-07,123.09656,1.4290039e-11,-2.3332543e-11,5.7526717,0,0
1804,1.803,0,0,0,0,-0,0,0,0,0,0,0,0,0,0,0,0,0,0,0.52,1.2875122,-0.29453451,-1.573373,-5.827277e-15,7.817765e-15,0.78293607,-6.0027296e-15,9.6338781e-15,-2.3563091,-2.813943e-10,5.7197737e-14,-9.1719382e-14,-9.1342026e-12,-1.9732432e-09,1.0475757e-10,1.4415221e-09,2.2385697e-07,123.09656,1.4147797e-11,-2.3096995e-11,5.7526717,0,0
1805,1.804,0,0,0,0,-0,0,0,0,0,0,0,0,0,0,0,0,0,0,0.52,1.2875122,-0.29453451,-1.573373,-5.8032395e-15,7.7129015e-15,0.78293607,-5.9458016e-15,9.5425909e-15,-2.3563091,-2.7855114e-10,5.6658344e-14,-9.0855033e-14,-9.0372037e-12,7.6595605e-09,-1.0583635e-10,-1.4397934e-09,-2.2366297e-07,123.09656,1.3998357e-11,-2.2854378e-11,5.7526717,0,0
1806,1.805,0,0,0,0,-0,0,0,0,0,0,0,0,0,0,0,0,0,0,0.52,1.2875122,-0.29453451,-1.573373,-5.7794282e-15,7.6090237e-15,0.78293607,-5.8894085e-15,9.452162e-15,-2.3563091,-2.7573589e-10,5.6127779e-14,-9.0002848e-14,-8.9454472e-12,-2.0290514e-09,1.0477522e-10,1.4414977e-09,2.2384649e-07,123.09656,1.3831529e-11,-2.259386e-11,5.7526717,0,0
1807,1.806,0,0,0,0,-0,0,0,0,0,0,0,0,0,0,0,0,0,0,0.52,1.2875122,-0.29453451,-1.573373,-5.7558409e-15,7.5061256e-15,0.78293607,-5.8335476e-15,9.3625854e-15,-2.3563091,-2.7294859e-10,5.5593966e-14,-8.9150166e-14,-8.8530154e-12,7.603649e-09,-1.0584285e-10,-1.4397924e-09,-2.2366162e-07,123.09656,1.3707553e-11,-2.237844e-11,5.7526717,0,0
1808,1.807,0,0,0,0,-0,0,0,0,0,0,0,0,0,0,0,0,0,0,0.52,1.2875122,-0.29453451,-1.573373,-5.7324761e-15,7.4042013e-15,0.78293607,-5.778216e-15,9.2738562e-15,-2.3563091,-2.7019063e-10,5.5069313e-14,-8.8308426e-14,-8.7606125e-12,-2.0877242e-09,1.0479355e-10,1.4414758e-09,2.2384643e-07,123.09656,1.3564235e-11,-2.215068e-11,5.7526717,0,0
1809,1.808,0,0,0,0,-0,0,0,0,0,0,0,0,0,0,0,0,0,0,0.52,1.2875122,-0.29453451,-1.573373,-5.7093317e-15,7.3032401e-15,0.78293607,-5.7234075e-15,9.1859651e-15,-2.3563091,-2.6746076e-10,5.4547755e-14,-8.747374e-14,-8.6683183e-12,7.5474616e-09,-1.0583666e-10,-1.4398065e-09,-2.2366184e-07,123.09656,1.3431598e-11,-2.1929555e-11,5.7526717,0,0
1810,1.809,0,0,0,0,-0,0,0,0,0,0,0,0,0,0,0,0,0,0,0.52,1.2875122,-0.29453451,-1.573373,-5.6864052e-15,7.2032288e-15,0.78293607,-5.6691144e-15,9.0989009e-15,-2.3563091,-2.647587e-10,5.4038315e-14,-8.6654534e-14,-8.5810563e-12,-2.1433397e-09,1.0481778e-10,1.4414449e-09,2.2383636e-07,123.09656,1.3264143e-11,-2.1672377e-11,5.7526717,0,0
1811,1.81,0,0,0,0,-0,0,0,0,0,0,0,0,0,0,0,0,0,0,0.52,1.2875122,-0.29453451,-1.573373,-5.6636944e-15,7.1041601e-15,0.78293607,-5.6153334e-15,9.0126571e-15,-2.3563091,-2.6208302e-10,5.352368e-14,-8.5833041e-14,-8.4932443e-12,7.4946843e-09,-1.0584705e-10,-1.4398019e-09,-2.2366074e-07,123.09656,1.3148269e-11,-2.1467651e-11,5.7526717,0,0
1812,1.811,0,0,0,0,-0,0,0,0,0,0,0,0,0,0,0,0,0,0,0.52,1.2875122,-0.29453451,-1.573373,-5.641198e-15,7.0060306e-15,0.78293607,-5.5620629e-15,8.9272304e-15,-2.3563091,-2.5943433e-10,5.3017297e-14,-8.5020498e-14,-8.4054762e-12,-2.1973001e-09,1.0483429e-10,1.441427e-09,2.2383628e-07,123.09656,1.3016661e-11,-2.1259031e-11,5.7526717,0,0
1813,1.812,0,0,0,0,-0,0,0,0,0,0,0,0,0,0,0,0,0,0,0.52,1.2875122,-0.29453451,-1.573373,-5.6189143e-15,6.9088299e-15,0.78293607,-5.5092968e-15,8.842612e-15,-2.3563091,-2.5681245e-10,5.2514868e-14,-8.4216306e-14,-8.3177513e-12,7.4410703e-09,-1.0583914e-10,-1.4398186e-09,-2.2366083e-07,123.09656,1.28905e-11,-2.1049069e-11,5.7526717,0,0
1814,1.813,0,0,0,0,-0,0,0,0,0,0,0,0,0,0,0,0,0,0,0.52,1.2875122,-0.29453451,-1.573373,-5.5968411e-15,6.8125538e-15,0.78293607,-5.4570336e-15,8.7587975e-15,-2.3563091,-2.5421789e-10,5.2011567e-14,-8.3412678e-14,-8.225007e-12,-2.2519675e-09,1.0483254e-10,1.4414259e-09,2.2384631e-07,123.09656,1.2793845e-11,-2.0876483e-11,5.7526717,0,0
1815,1.814,0,0,0,0,-0,0,0,0,0,0,0,0,0,0,0,0,0,0,0.52,1.2875122,-0.29453451,-1.573373,-5.5749765e-15,6.7171828e-15,0.78293607,-5.405261e-15,8.6757716e-15,-2.3563091,-2.5164897e-10,5.1533684e-14,-8.2639128e-14,-8.1430812e-12,7.3898219e-09,-1.0578831e-10,-1.4398788e-09,-2.2368246e-07,123.09656,1.2594631e-11,-2.0592938e-11,5.7526717,0,0
1816,1.815,0,0,0,0,-0,0,0,0,0,0,0,0,0,0,0,0,0,0,0.52,1.2875122,-0.29453451,-1.573373,-5.5533166e-15,6.6227046e-15,0.78293607,-5.3539731e-15,8.5935231e-15,-2.3563091,-2.4910691e-10,5.1042216e-14,-8.1857862e-14,-8.0596738e-12,-2.3057025e-09,1.0480537e-10,1.4414413e-09,2.2384928e-07,123.09656,1.2487571e-11,-2.0386842e-11,5.7526717,0,0
1817,1.816,0,0,0,0,-0,0,0,0,0,0,0,0,0,0,0,0,0,0,0.52,1.2875122,-0.29453451,-1.573373,-5.5318604e-15,6.5291204e-15,0.78293607,-5.3031713e-15,8.5120519e-15,-2.3563091,-2.4659154e-10,5.0561282e-14,-8.1084564e-14,-7.976497e-12,7.3364298e-09,-1.0576724e-10,-1.4398947e-09,-2.2368292e-07,123.09656,1.2352157e-11,-2.0179773e-11,5.7526717,0,0
1818,1.817,0,0,0,0,-0,0,0,0,0,0,0,0,0,0,0,0,0,0,0.52,1.2875122,-0.29453451,-1.573373,-5.510607e-15,6.4364215e-15,0.78293607,-5.2528503e-15,8.4313513e-15,-2.3563091,-2.4410085e-10,5.0080823e-14,-8.0316496e-14,-7.8934298e-12,-2.3550329e-09,1.0480632e-10,1.4414308e-09,2.2384906e-07,123.09656,1.2238396e-11,-1.9985085e-11,5.7526717,0,0
1819,1.818,0,0,0,0,-0,0,0,0,0,0,0,0,0,0,0,0,0,0,0.52,1.2875122,-0.29453451,-1.573373,-5.4895546e-15,6.3446026e-15,0.78293607,-5.2030074e-15,8.3514163e-15,-2.3563091,-2.4163368e-10,4.9604862e-14,-7.9553579e-14,-7.8104338e-12,7.2893737e-09,-1.0575825e-10,-1.439905e-09,-2.2368307e-07,123.09656,1.2126061e-11,-1.9802919e-11,5.7526717,0,0
1820,1.819,0,0,0,0,-0,0,0,0,0,0,0,0,0,0,0,0,0,0,0.52,1.2875122,-0.29453451,-1.573373,-5.4687012e-15,6.2536495e-15,0.78293607,-5.1536343e-15,8.2722354e-15,-2.3563091,-2.3919131e-10,4.9141448e-14,-7.8808316e-14,-7.7323946e-12,-2.4046496e-09,1.0483142e-10,1.4413955e-09,2.2383914e-07,123.09656,1.1974475e-11,-1.9570187e-11,5.7526717,0,0
1821,1.82,0,0,0,0,-0,0,0,0,0,0,0,0,0,0,0,0,0,0,0.52,1.2875122,-0.29453451,-1.573373,-5.4480441e-15,6.1635575e-15,0.78293607,-5.1047293e-15,8.1938033e-15,-2.3563091,-2.3677482e-10,4.8668453e-14,-7.8055882e-14,-7.6486488e-12,7.2376404e-09,-1.0577741e-10,-1.4398907e-09,-2.2367165e-07,123.09656,1.1894201e-11,-1.9410752e-11,5.7526717,0,0
1822,1.821,0,0,0,0,-0,0,0,0,0,0,0,0,0,0,0,0,0,0,0.52,1.2875122,-0.29453451,-1.573373,-5.4275821e-15,6.0743171e-15,0.78293607,-5.0562868e-15,8.1161125e-15,-2.3563091,-2.3438275e-10,4.8216616e-14,-7.7325604e-14,-7.5707883e-12,-2.4535038e-09,1.0487373e-10,1.4413512e-09,2.2382737e-07,123.09656,1.173126e-11,-1.9177607e-11,5.7526717,0,0
1823,1.822,0,0,0,0,-0,0,0,0,0,0,0,0,0,0,0,0,0,0,0.52,1.2875122,-0.29453451,-1.573373,-5.4073131e-15,5.985918e-15,0.78293607,-5.0083008e-15,8.0391542e-15,-2.3563091,-2.3201324e-10,4.77553e-14,-7.6591114e-14,-7.492272e-12,7.1925209e-09,-1.0579637e-10,-1.4398822e-09,-2.2367034e-07,123.09656,1.1638542e-11,-1.9002137e-11,5.7526717,0,0
1824,1.823,0,0,0,0,-0,0,0,0,0,0,0,0,0,0,0,0,0,0,0.52,1.2875122,-0.29453451,-1.573373,-5.3872357e-15,5.8983593e-15,0.78293607,-4.9607718e-15,7.9629267e-15,-2.3563091,-2.296666e-10,4.7302655e-14,-7.5863879e-14,-7.4138447e-12,-2.4992322e-09,1.0489108e-10,1.4413367e-09,2.238272e-07,123.09656,1.1525318e-11,-1.8826936e-11,5.7526717,0,0
1825,1.824,0,0,0,0,-0,0,0,0,0,0,0,0,0,0,0,0,0,0,0.52,1.2875122,-0.29453451,-1.573373,-5.3673488e-15,5.8116317e-15,0.78293607,-4.9136942e-15,7.8874227e-15,-2.3563091,-2.273425e-10,4.6852712e-14,-7.5144039e-14,-7.3354431e-12,7.1474181e-09,-1.0579096e-10,-1.439897e-09,-2.2367039e-07,123.09656,1.1421149e-11,-1.8650941e-11,5.7526717,0,0
1826,1.825,0,0,0,0,-0,0,0,0,0,0,0,0,0,0,0,0,0,0,0.52,1.2875122,-0.29453451,-1.573373,-5.3476493e-15,5.7257203e-15,0.78293607,-4.8670592e-15,7.8126294e-15,-2.3563091,-2.2504318e-10,4.6417101e-14,-7.4442501e-14,-7.2619472e-12,-2.5487743e-09,1.0491974e-10,1.4413001e-09,2.2381738e-07,123.09656,1.1267458e-11,-1.8418965e-11,5.7526717,0,0
1827,1.826,0,0,0,0,-0,0,0,0,0,0,0,0,0,0,0,0,0,0,0.52,1.2875122,-0.29453451,-1.573373,-5.3281352e-15,5.6406218e-15,0.78293607,-4.8208664e-15,7.7385432e-15,-2.3563091,-2.227672e-10,4.5968593e-14,-7.3729932e-14,-7.1828965e-12,7.1007347e-09,-1.0581676e-10,-1.439875e-09,-2.2365928e-07,123.09656,1.1200357e-11,-1.8277499e-11,5.7526717,0,0
1828,1.827,0,0,0,0,-0,0,0,0,0,0,0,0,0,0,0,0,0,0,0.52,1.2875122,-0.29453451,-1.573373,-5.3088057e-15,5.5563298e-15,0.78293607,-4.7751114e-15,7.6651589e-15,-2.3563091,-2.2051326e-10,4.5541319e-14,-7.3038721e-14,-7.1097017e-12,-2.592849e-09,1.0496221e-10,1.4412574e-09,2.2380567e-07,123.09656,1.1048977e-11,-1.8064339e-11,5.7526717,0,0
1829,1.828,0,0,0,0,-0,0,0,0,0,0,0,0,0,0,0,0,0,0,0.52,1.2875122,-0.29453451,-1.573373,-5.2896583e-15,5.47283e-15,0.78293607,-4.7297863e-15,7.5924645e-15,-2.3563091,-2.1828408e-10,4.5109016e-14,-7.2350085e-14,-7.0355872e-12,7.0512118e-09,-1.0582682e-10,-1.4398801e-09,-2.2365744e-07,123.09656,1.0944234e-11,-1.7872797e-11,5.7526717,0,0
1830,1.829,0,0,0,0,-0,0,0,0,0,0,0,0,0,0,0,0,0,0,0.52,1.2875122,-0.29453451,-1.573373,-5.2706907e-15,5.3901188e-15,0.78293607,-4.68489e-15,7.520456e-15,-2.3563091,-2.1607847e-10,4.4683621e-14,-7.1666819e-14,-6.9616832e-12,-2.6399908e-09,1.0497603e-10,1.4412466e-09,2.2380525e-07,123.09656,1.0826393e-11,-1.7688707e-11,5.7526717,0,0
1831,1.83,0,0,0,0,-0,0,0,0,0,0,0,0,0,0,0,0,0,0,0.52,1.2875122,-0.29453451,-1.573373,-5.2519021e-15,5.3081892e-15,0.78293607,-4.640418e-15,7.4491278e-15,-2.3563091,-2.1389579e-10,4.4260391e-14,-7.098964e-14,-6.8878247e-12,7.0053478e-09,-1.0582249e-10,-1.4398923e-09,-2.2365754e-07,123.09656,1.0718942e-11,-1.750819e-11,5.7526717,0,0
1832,1.831,0,0,0,0,-0,0,0,0,0,0,0,0,0,0,0,0,0,0,0.52,1.2875122,-0.29453451,-1.573373,-5.2332903e-15,5.2270293e-15,0.78293607,-4.5963636e-15,7.3784699e-15,-2.3563091,-2.1173558e-10,4.3848288e-14,-7.0326174e-14,-6.819008e-12,-2.6849381e-09,1.0499828e-10,1.4412192e-09,2.2379517e-07,123.09656,1.0576741e-11,-1.7292623e-11,5.7526717,0,0
1833,1.832,0,0,0,0,-0,0,0,0,0,0,0,0,0,0,0,0,0,0,0.52,1.2875122,-0.29453451,-1.573373,-5.2148537e-15,5.1466345e-15,0.78293607,-4.5527248e-15,7.3084778e-15,-2.3563091,-2.0959584e-10,4.3429343e-14,-6.9657949e-14,-6.7496725e-12,6.9644203e-09,-1.0583617e-10,-1.4398828e-09,-2.236565e-07,123.09656,1.0489524e-11,-1.7134148e-11,5.7526717,0,0
1834,1.833,0,0,0,0,-0,0,0,0,0,0,0,0,0,0,0,0,0,0,0.52,1.2875122,-0.29453451,-1.573373,-5.1965914e-15,5.0670036e-15,0.78293607,-4.5095012e-15,7.2391502e-15,-2.3563091,-2.0747732e-10,4.3017889e-14,-6.8997283e-14,-6.6803757e-12,-2.7273739e-09,1.0501326e-10,1.4412041e-09,2.2379509e-07,123.09656,1.0385612e-11,-1.6971097e-11,5.7526717,0,0
1835,1.834,0,0,0,0,-0,0,0,0,0,0,0,0,0,0,0,0,0,0,0.52,1.2875122,-0.29453451,-1.573373,-5.1785019e-15,4.9881272e-15,0.78293607,-4.4666872e-15,7.1704794e-15,-2.3563091,-2.0538045e-10,4.2610009e-14,-6.8344376e-14,-6.6110554e-12,6.9211039e-09,-1.0582902e-10,-1.4398983e-09,-2.2365645e-07,123.09656,1.0284316e-11,-1.6802089e-11,5.7526717,0,0
1836,1.835,0,0,0,0,-0,0,0,0,0,0,0,0,0,0,0,0,0,0,0.52,1.2875122,-0.29453451,-1.573373,-5.1605835e-15,4.909999e-15,0.78293607,-4.4242798e-15,7.1024596e-15,-2.3563091,-2.0330346e-10,4.2204822e-14,-6.7695201e-14,-6.5418846e-12,-2.7671202e-09,1.0501865e-10,1.4411966e-09,2.2379479e-07,123.09656,1.0189882e-11,-1.6646975e-11,5.7526717,0,0
1837,1.836,0,0,0,0,-0,0,0,0,0,0,0,0,0,0,0,0,0,0,0.52,1.2875122,-0.29453451,-1.573373,-5.1428349e-15,4.8326123e-15,0.78293607,-4.3822751e-15,7.0350851e-15,-2.3563091,-2.0124739e-10,4.1804541e-14,-6.7053788e-14,-6.4726403e-12,6.8792684e-09,-1.0581921e-10,-1.4399138e-09,-2.236563e-07,123.09656,1.0091052e-11,-1.6485316e-11,5.7526717,0,0
1838,1.837,0,0,0,0,-0,0,0,0,0,0,0,0,0,0,0,0,0,0,0.52,1.2875122,-0.29453451,-1.573373,-5.1252539e-15,4.7559583e-15,0.78293607,-4.3406684e-15,6.9683483e-15,-2.3563091,-1.992128e-10,4.1408939e-14,-6.6419888e-14,-6.4033874e-12,-2.8100894e-09,1.0502801e-10,1.4411816e-09,2.2379481e-07,123.09656,9.9887241e-12,-1.6317974e-11,5.7526717,0,0
1839,1.838,0,0,0,0,-0,0,0,0,0,0,0,0,0,0,0,0,0,0,0.52,1.2875122,-0.29453451,-1.573373,-5.1078382e-15,4.6800231e-15,0.78293607,-4.2994515e-15,6.9022375e-15,-2.3563091,-1.9720038e-10,4.1024915e-14,-6.5801557e-14,-6.3391515e-12,6.8349256e-09,-1.0579605e-10,-1.4399449e-09,-2.2366634e-07,123.09656,9.8479968e-12,-1.6104091e-11,5.7526717,0,0
1840,1.839,0,0,0,0,-0,0,0,0,0,0,0,0,0,0,0,0,0,0,0.52,1.2875122,-0.29453451,-1.573373,-5.0905864e-15,4.6048073e-15,0.78293607,-4.2586259e-15,6.8367524e-15,-2.3563091,-1.9520738e-10,4.0626295e-14,-6.5168817e-14,-6.2694005e-12,-2.8489261e-09,1.0499881e-10,1.4412104e-09,2.2380584e-07,123.09656,9.7998163e-12,-1.5993534e-11,5.7526717,0,0
1841,1.84,0,0,0,0,-0,0,0,0,0,0,0,0,0,0,0,0,0,0,0.52,1.2875122,-0.29453451,-1.573373,-5.0734979e-15,4.5303008e-15,0.78293607,-4.2181848e-15,6.7718852e-15,-2.3563091,-1.9323315e-10,4.0255827e-14,-6.4565549e-14,-6.2104665e-12,6.7973834e-09,-1.0573975e-10,-1.4400039e-09,-2.2368797e-07,123.09656,9.6301072e-12,-1.5766514e-11,5.7526717,0,0
1842,1.841,0,0,0,0,-0,0,0,0,0,0,0,0,0,0,0,0,0,0,0.52,1.2875122,-0.29453451,-1.573373,-5.0565705e-15,4.4565017e-15,0.78293607,-4.1781285e-15,6.7076331e-15,-2.3563091,-1.9127976e-10,3.9856773e-14,-6.3938649e-14,-6.1399744e-12,-2.8906023e-09,1.0494164e-10,1.4412577e-09,2.2382896e-07,123.09656,9.6225585e-12,-1.568841e-11,5.7526717,0,0
1843,1.842,0,0,0,0,-0,0,0,0,0,0,0,0,0,0,0,0,0,0,0.52,1.2875122,-0.29453451,-1.573373,-5.0398035e-15,4.3834018e-15,0.78293607,-4.1384516e-15,6.6439896e-15,-2.3563091,-1.8934525e-10,3.9496934e-14,-6.3348234e-14,-6.0811809e-12,6.7596186e-09,-1.0566132e-10,-1.4400769e-09,-2.2371137e-07,123.09656,9.4379106e-12,-1.5458312e-11,5.7526717,0,0
1844,1.843,0,0,0,0,-0,0,0,0,0,0,0,0,0,0,0,0,0,0,0.52,1.2875122,-0.29453451,-1.573373,-5.0231947e-15,4.3109908e-15,0.78293607,-4.0991486e-15,6.5809462e-15,-2.3563091,-1.8742954e-10,3.9109103e-14,-6.2738685e-14,-6.0158261e-12,-2.9281874e-09,1.0488566e-10,1.441296e-09,2.2384208e-07,123.09656,9.4119144e-12,-1.5353885e-11,5.7526717,0,0
1845,1.844,0,0,0,0,-0,0,0,0,0,0,0,0,0,0,0,0,0,0,0.52,1.2875122,-0.29453451,-1.573373,-5.0067425e-15,4.2392664e-15,0.78293607,-4.0602189e-15,6.5184999e-15,-2.3563091,-1.8553435e-10,3.8750293e-14,-6.2153858e-14,-5.9562991e-12,6.7185553e-09,-1.0560328e-10,-1.4401263e-09,-2.2372302e-07,123.09656,9.2594802e-12,-1.5155705e-11,5.7526717,0,0
1846,1.845,0,0,0,0,-0,0,0,0,0,0,0,0,0,0,0,0,0,0,0.52,1.2875122,-0.29453451,-1.573373,-4.990446e-15,4.168221e-15,0.78293607,-4.0216578e-15,6.4566447e-15,-2.3563091,-1.8365771e-10,3.8371898e-14,-6.15565e-14,-5.8910899e-12,-2.9652664e-09,1.0484649e-10,1.441321e-09,2.2385344e-07,123.09656,9.2234032e-12,-1.5049734e-11,5.7526717,0,0
1847,1.846,0,0,0,0,-0,0,0,0,0,0,0,0,0,0,0,0,0,0,0.52,1.2875122,-0.29453451,-1.573373,-4.9743036e-15,4.0978501e-15,0.78293607,-3.9834632e-15,6.3953763e-15,-2.3563091,-1.8179947e-10,3.8017426e-14,-6.098035e-14,-5.8316971e-12,6.6817489e-09,-1.0555543e-10,-1.4401687e-09,-2.2373466e-07,123.09656,9.0860273e-12,-1.4867062e-11,5.7526717,0,0
1848,1.847,0,0,0,0,-0,0,0,0,0,0,0,0,0,0,0,0,0,0,0.52,1.2875122,-0.29453451,-1.573373,-4.9583134e-15,4.0281399e-15,0.78293607,-3.9456268e-15,6.3346837e-15,-2.3563091,-1.7996149e-10,3.7655372e-14,-6.0404911e-14,-5.7714386e-12,-3.0057896e-09,1.0483132e-10,1.4413196e-09,2.2385517e-07,123.09656,9.0044765e-12,-1.4709628e-11,5.7526717,0,0
1849,1.848,0,0,0,0,-0,0,0,0,0,0,0,0,0,0,0,0,0,0,0.52,1.2875122,-0.29453451,-1.573373,-4.9424738e-15,3.9590945e-15,0.78293607,-3.9081525e-15,6.2745685e-15,-2.3563091,-1.7814273e-10,3.7293219e-14,-5.9825497e-14,-5.7063522e-12,6.6433143e-09,-1.0555563e-10,-1.4401608e-09,-2.23725e-07,123.09656,8.9415278e-12,-1.4600941e-11,5.7526717,0,0
1850,1.849,0,0,0,0,-0,0,0,0,0,0,0,0,0,0,0,0,0,0,0.52,1.2875122,-0.29453451,-1.573373,-4.9267842e-15,3.8906968e-15,0.78293607,-3.8710287e-15,6.2150181e-15,-2.3563091,-1.7634214e-10,3.6954341e-14,-5.9275135e-14,-5.6520254e-12,-3.0421412e-09,1.0487787e-10,1.4412615e-09,2.2383366e-07,123.09656,8.7797311e-12,-1.4375232e-11,5.7526717,0,0
1851,1.85,0,0,0,0,-0,0,0,0,0,0,0,0,0,0,0,0,0,0,0.52,1.2875122,-0.29453451,-1.573373,-4.9112416e-15,3.8229431e-15,0.78293607,-3.834255e-15,6.156028e-15,-2.3563091,-1.7455994e-10,3.6593073e-14,-5.8705063e-14,-5.5912471e-12,6.6065376e-09,-1.0560041e-10,-1.4401214e-09,-2.237121e-07,123.09656,8.7473863e-12,-1.4276087e-11,5.7526717,0,0
1852,1.851,0,0,0,0,-0,0,0,0,0,0,0,0,0,0,0,0,0,0,0.52,1.2875122,-0.29453451,-1.573373,-4.8958464e-15,3.7558373e-15,0.78293607,-3.7978339e-15,6.0976012e-15,-2.3563091,-1.7279566e-10,3.6249169e-14,-5.8148694e-14,-5.5313707e-12,-3.0779718e-09,1.049126e-10,1.4412341e-09,2.2383185e-07,123.09656,8.6458504e-12,-1.4136589e-11,5.7526717,0,0
1853,1.852,0,0,0,0,-0,0,0,0,0,0,0,0,0,0,0,0,0,0,0.52,1.2875122,-0.29453451,-1.573373,-4.8805969e-15,3.6893617e-15,0.78293607,-3.7617539e-15,6.0397238e-15,-2.3563091,-1.7104911e-10,3.5910798e-14,-5.7606036e-14,-5.4764354e-12,6.5710626e-09,-1.0558934e-10,-1.4401488e-09,-2.2372198e-07,123.09656,8.533702e-12,-1.3956008e-11,5.7526717,0,0
1854,1.853,0,0,0,0,-0,0,0,0,0,0,0,0,0,0,0,0,0,0,0.52,1.2875122,-0.29453451,-1.573373,-4.8654904e-15,3.6235118e-15,0.78293607,-3.7260139e-15,5.9823908e-15,-2.3563091,-1.6932044e-10,3.5569077e-14,-5.7059914e-14,-5.4208468e-12,-3.1137219e-09,1.049059e-10,1.441241e-09,2.2383316e-07,123.09656,8.4553117e-12,-1.381997e-11,5.7526717,0,0
1855,1.854,0,0,0,0,-0,0,0,0,0,0,0,0,0,0,0,0,0,0,0.52,1.2875122,-0.29453451,-1.573373,-4.8505266e-15,3.5582862e-15,0.78293607,-3.6906132e-15,5.925601e-15,-2.3563091,-1.6760956e-10,3.5232393e-14,-5.6519663e-14,-5.365353e-12,6.5354916e-09,-1.0557927e-10,-1.4401605e-09,-2.2372217e-07,123.09656,8.3686954e-12,-1.3681735e-11,5.7526717,0,0
1856,1.855,0,0,0,0,-0,0,0,0,0,0,0,0,0,0,0,0,0,0,0.52,1.2875122,-0.29453451,-1.573373,-4.8357047e-15,3.4936833e-15,0.78293607,-3.6555511e-15,5.8693527e-15,-2.3563091,-1.6591656e-10,3.4891745e-14,-5.5977058e-14,-5.3048481e-12,-3.1495015e-09,1.0489797e-10,1.4412457e-09,2.2384318e-07,123.09656,8.3188324e-12,-1.3582345e-11,5.7526717,0,0
1857,1.856,0,0,0,0,-0,0,0,0,0,0,0,0,0,0,0,0,0,0,0.52,1.2875122,-0.29453451,-1.573373,-4.8210227e-15,3.4296859e-15,0.78293607,-3.6208169e-15,5.8136323e-15,-2.3563091,-1.6424101e-10,3.4576648e-14,-5.5463615e-14,-5.2550934e-12,6.5006022e-09,-1.0552817e-10,-1.4402188e-09,-2.2374367e-07,123.09656,8.1576091e-12,-1.3363544e-11,5.7526717,0,0
1858,1.857,0,0,0,0,-0,0,0,0,0,0,0,0,0,0,0,0,0,0,0.52,1.2875122,-0.29453451,-1.573373,-4.8064789e-15,3.3662967e-15,0.78293607,-3.5864138e-15,5.7584405e-15,-2.3563091,-1.6258156e-10,3.4229688e-14,-5.4920095e-14,-5.1939713e-12,-3.1816916e-09,1.0483425e-10,1.4413059e-09,2.2386592e-07,123.09656,8.1722496e-12,-1.3321548e-11,5.7526717,0,0
1859,1.858,0,0,0,0,-0,0,0,0,0,0,0,0,0,0,0,0,0,0,0.52,1.2875122,-0.29453451,-1.573373,-4.7920734e-15,3.3035095e-15,0.78293607,-3.5523373e-15,5.7037729e-15,-2.3563091,-1.609384e-10,3.3923319e-14,-5.4415044e-14,-5.1443928e-12,6.4680113e-09,-1.0544699e-10,-1.4402958e-09,-2.2376676e-07,123.09656,8.0002688e-12,-1.3113424e-11,5.7526717,0,0
1860,1.859,0,0,0,0,-0,0,0,0,0,0,0,0,0,0,0,0,0,0,0.52,1.2875122,-0.29453451,-1.573373,-4.7778035e-15,3.2413118e-15,0.78293607,-3.5185805e-15,5.6496189e-15,-2.3563091,-1.5931312e-10,3.3590287e-14,-5.3893019e-14,-5.0881773e-12,-3.2174532e-09,1.0478092e-10,1.4413398e-09,2.2387919e-07,123.09656,7.9775883e-12,-1.3015847e-11,5.7526717,0,0
1861,1.86,0,0,0,0,-0,0,0,0,0,0,0,0,0,0,0,0,0,0,0.52,1.2875122,-0.29453451,-1.573373,-4.7636681e-15,3.1797052e-15,0.78293607,-3.4851452e-15,5.5959787e-15,-2.3563091,-1.5770234e-10,3.3280358e-14,-5.3387263e-14,-5.0380899e-12,6.4390056e-09,-1.0540078e-10,-1.4403283e-09,-2.2377901e-07,123.09656,7.8554696e-12,-1.2862623e-11,5.7526717,0,0
1862,1.861,0,0,0,0,-0,0,0,0,0,0,0,0,0,0,0,0,0,0,0.52,1.2875122,-0.29453451,-1.573373,-4.7496671e-15,3.1186839e-15,0.78293607,-3.4520276e-15,5.5428483e-15,-2.3563091,-1.5610832e-10,3.2954839e-14,-5.287369e-14,-4.9820506e-12,-3.25096e-09,1.0474974e-10,1.4413555e-09,2.2389109e-07,123.09656,7.8271808e-12,-1.2773961e-11,5.7526717,0,0
1863,1.862,0,0,0,0,-0,0,0,0,0,0,0,0,0,0,0,0,0,0,0.52,1.2875122,-0.29453451,-1.573373,-4.7357983e-15,3.0582403e-15,0.78293607,-3.4192237e-15,5.4902205e-15,-2.3563091,-1.5453121e-10,3.2652883e-14,-5.2381857e-14,-4.9318264e-12,6.4051784e-09,-1.0535366e-10,-1.4403718e-09,-2.2379065e-07,123.09656,7.6967704e-12,-1.2601741e-11,5.7526717,0,0
1864,1.863,0,0,0,0,-0,0,0,0,0,0,0,0,0,0,0,0,0,0,0.52,1.2875122,-0.29453451,-1.573373,-4.7220601e-15,2.9983642e-15,0.78293607,-3.3867275e-15,5.4380872e-15,-2.3563091,-1.5296954e-10,3.2339481e-14,-5.1884701e-14,-4.8809148e-12,-3.2818411e-09,1.0472685e-10,1.4413661e-09,2.2389247e-07,123.09656,7.6389684e-12,-1.2480856e-11,5.7526717,0,0
1865,1.864,0,0,0,0,-0,0,0,0,0,0,0,0,0,0,0,0,0,0,0.52,1.2875122,-0.29453451,-1.573373,-4.7084517e-15,2.9390584e-15,0.78293607,-3.3545416e-15,5.3864497e-15,-2.3563091,-1.5142233e-10,3.2032352e-14,-5.1390347e-14,-4.8301771e-12,6.376273e-09,-1.0534111e-10,-1.4403774e-09,-2.2379099e-07,123.09656,7.5653172e-12,-1.2370751e-11,5.7526717,0,0
1866,1.865,0,0,0,0,-0,0,0,0,0,0,0,0,0,0,0,0,0,0,0.52,1.2875122,-0.29453451,-1.573373,-4.6949727e-15,2.8803159e-15,0.78293607,-3.3226613e-15,5.3353027e-15,-2.3563091,-1.4989105e-10,3.1728181e-14,-5.0903644e-14,-4.7793597e-12,-3.3137148e-09,1.0473277e-10,1.4413508e-09,2.2389263e-07,123.09656,7.4921635e-12,-1.2246914e-11,5.7526717,0,0
1867,1.866,0,0,0,0,-0,0,0,0,0,0,0,0,0,0,0,0,0,0,0.52,1.2875122,-0.29453451,-1.573373,-4.6816207e-15,2.8221288e-15,0.78293607,-3.2910827e-15,5.284639e-15,-2.3563091,-1.4837702e-10,3.1429088e-14,-5.0423779e-14,-4.7284723e-12,6.3417592e-09,-1.0533095e-10,-1.4403911e-09,-2.2379085e-07,123.09656,7.4086967e-12,-1.2113053e-11,5.7526717,0,0
1868,1.867,0,0,0,0,-0,0,0,0,0,0,0,0,0,0,0,0,0,0,0.52,1.2875122,-0.29453451,-1.573373,-4.6683945e-15,2.7644873e-15,0.78293607,-3.2597999e-15,5.2344508e-15,-2.3563091,-1.4687734e-10,3.1136575e-14,-4.9952684e-14,-4.6827992e-12,-3.3423943e-09,1.0474593e-10,1.4413333e-09,2.238822e-07,123.09656,7.3071181e-12,-1.1959119e-11,5.7526717,0,0
1869,1.868,0,0,0,0,-0,0,0,0,0,0,0,0,0,0,0,0,0,0,0.52,1.2875122,-0.29453451,-1.573373,-4.655293e-15,2.7073946e-15,0.78293607,-3.2288156e-15,5.1847396e-15,-2.3563091,-1.4539229e-10,3.0831873e-14,-4.9469627e-14,-4.631407e-12,6.3124951e-09,-1.0535533e-10,-1.4403672e-09,-2.2377941e-07,123.09656,7.2814162e-12,-1.1888844e-11,5.7526717,0,0
1870,1.869,0,0,0,0,-0,0,0,0,0,0,0,0,0,0,0,0,0,0,0.52,1.2875122,-0.29453451,-1.573373,-4.6423163e-15,2.650845e-15,0.78293607,-3.1981261e-15,5.1355013e-15,-2.3563091,-1.43921e-10,3.0547195e-14,-4.9006889e-14,-4.5858711e-12,-3.369904e-09,1.0478598e-10,1.4412926e-09,2.2387049e-07,123.09656,7.170332e-12,-1.1740621e-11,5.7526717,0,0
1871,1.87,0,0,0,0,-0,0,0,0,0,0,0,0,0,0,0,0,0,0,0.52,1.2875122,-0.29453451,-1.573373,-4.6294623e-15,2.5948289e-15,0.78293607,-3.1677259e-15,5.0867278e-15,-2.3563091,-1.4246341e-10,3.0253284e-14,-4.8540147e-14,-4.5395708e-12,6.2850748e-09,-1.053738e-10,-1.4403591e-09,-2.2377789e-07,123.09656,7.1198749e-12,-1.1635656e-11,5.7526717,0,0
1872,1.871,0,0,0,0,-0,0,0,0,0,0,0,0,0,0,0,0,0,0,0.52,1.2875122,-0.29453451,-1.573373,-4.6167301e-15,2.5393505e-15,0.78293607,-3.1376186e-15,5.0384214e-15,-2.3563091,-1.4102145e-10,2.9961227e-14,-4.8072751e-14,-4.4882542e-12,-3.4011569e-09,1.0478968e-10,1.4412939e-09,2.2388052e-07,123.09656,7.0747973e-12,-1.1557314e-11,5.7526717,0,0
1873,1.872,0,0,0,0,-0,0,0,0,0,0,0,0,0,0,0,0,0,0,0.52,1.2875122,-0.29453451,-1.573373,-4.6041187e-15,2.484395e-15,0.78293607,-3.1077946e-15,4.9905708e-15,-2.3563091,-1.3959582e-10,2.9686878e-14,-4.7628415e-14,-4.4425834e-12,6.2524201e-09,-1.0533838e-10,-1.4404053e-09,-2.2378918e-07,123.09656,6.9553401e-12,-1.1386466e-11,5.7526717,0,0
1874,1.873,0,0,0,0,-0,0,0,0,0,0,0,0,0,0,0,0,0,0,0.52,1.2875122,-0.29453451,-1.573373,-4.5916252e-15,2.4299534e-15,0.78293607,-3.0782493e-15,4.9431676e-15,-2.3563091,-1.381853e-10,2.9403565e-14,-4.717792e-14,-4.3962591e-12,-3.4313744e-09,1.0477176e-10,1.4413063e-09,2.2388183e-07,123.09656,6.894641e-12,-1.1268781e-11,5.7526717,0,0
1875,1.874,0,0,0,0,-0,0,0,0,0,0,0,0,0,0,0,0,0,0,0.52,1.2875122,-0.29453451,-1.573373,-4.5792494e-15,2.376028e-15,0.78293607,-3.0489849e-15,4.8962134e-15,-2.3563091,-1.3678905e-10,2.9125312e-14,-4.6730427e-14,-4.3500822e-12,6.2238753e-09,-1.0532826e-10,-1.4404113e-09,-2.2378947e-07,123.09656,6.8226834e-12,-1.1158537e-11,5.7526717,0,0
1876,1.875,0,0,0,0,-0,0,0,0,0,0,0,0,0,0,0,0,0,0,0.52,1.2875122,-0.29453451,-1.573373,-4.566991e-15,2.3226143e-15,0.78293607,-3.0199982e-15,4.8497047e-15,-2.3563091,-1.3540664e-10,2.8848174e-14,-4.6287013e-14,-4.3039373e-12,-3.4590521e-09,1.0477399e-10,1.4412981e-09,2.2388176e-07,123.09656,6.759036e-12,-1.1050174e-11,5.7526717,0,0
1877,1.876,0,0,0,0,-0,0,0,0,0,0,0,0,0,0,0,0,0,0,0.52,1.2875122,-0.29453451,-1.573373,-4.5548481e-15,2.2697024e-15,0.78293607,-2.9912834e-15,4.8036332e-15,-2.3563091,-1.340382e-10,2.8581264e-14,-4.5855964e-14,-4.2627963e-12,6.1959146e-09,-1.0530781e-10,-1.440436e-09,-2.2379948e-07,123.09656,6.6578506e-12,-1.0901842e-11,5.7526717,0,0
1878,1.877,0,0,0,0,-0,0,0,0,0,0,0,0,0,0,0,0,0,0,0.52,1.2875122,-0.29453451,-1.573373,-4.5428199e-15,2.2172942e-15,0.78293607,-2.9628427e-15,4.7579996e-15,-2.3563091,-1.3268269e-10,2.830021e-14,-4.5411306e-14,-4.2160438e-12,-3.4848929e-09,1.047457e-10,1.4413253e-09,2.2389298e-07,123.09656,6.6410838e-12,-1.0843449e-11,5.7526717,0,0
1879,1.878,0,0,0,0,-0,0,0,0,0,0,0,0,0,0,0,0,0,0,0.52,1.2875122,-0.29453451,-1.573373,-4.5309061e-15,2.1653842e-15,0.78293607,-2.9346724e-15,4.7127999e-15,-2.3563091,-1.3134051e-10,2.8040478e-14,-4.4988129e-14,-4.1750581e-12,6.1692629e-09,-1.0526516e-10,-1.440479e-09,-2.2381101e-07,123.09656,6.531229e-12,-1.0699352e-11,5.7526717,0,0
1880,1.879,0,0,0,0,-0,0,0,0,0,0,0,0,0,0,0,0,0,0,0.52,1.2875122,-0.29453451,-1.573373,-4.519105e-15,2.1139673e-15,0.78293607,-2.9067698e-15,4.6680292e-15,-2.3563091,-1.3001191e-10,2.7764594e-14,-4.4553279e-14,-4.128267e-12,-3.5120618e-09,1.047134e-10,1.4413487e-09,2.239046e-07,123.09656,6.51552e-12,-1.0635067e-11,5.7526717,0,0
1881,1.88,0,0,0,0,-0,0,0,0,0,0,0,0,0,0,0,0,0,0,0.52,1.2875122,-0.29453451,-1.573373,-4.5074158e-15,2.0630384e-15,0.78293607,-2.8791323e-15,4.6236833e-15,-2.3563091,-1.2869649e-10,2.7510459e-14,-4.4138463e-14,-4.087319e-12,6.1428894e-09,-1.0522167e-10,-1.440519e-09,-2.238227e-07,123.09656,6.4043219e-12,-1.0491852e-11,5.7526717,0,0
1882,1.881,0,0,0,0,-0,0,0,0,0,0,0,0,0,0,0,0,0,0,0.52,1.2875122,-0.29453451,-1.573373,-4.4958368e-15,2.0125872e-15,0.78293607,-2.8517536e-15,4.5797537e-15,-2.3563091,-1.2739498e-10,2.7246947e-14,-4.3720688e-14,-4.0455611e-12,-3.5398564e-09,1.0469465e-10,1.4413546e-09,2.2390622e-07,123.09656,6.3529429e-12,-1.0384245e-11,5.7526717,0,0
1883,1.882,0,0,0,0,-0,0,0,0,0,0,0,0,0,0,0,0,0,0,0.52,1.2875122,-0.29453451,-1.573373,-4.4843668e-15,1.9626154e-15,0.78293607,-2.8246357e-15,4.5362409e-15,-2.3563091,-1.2610606e-10,2.6988752e-14,-4.3304907e-14,-4.0039977e-12,6.1176881e-09,-1.0521104e-10,-1.440523e-09,-2.2382309e-07,123.09656,6.2880272e-12,-1.0287511e-11,5.7526717,0,0
1884,1.883,0,0,0,0,-0,0,0,0,0,0,0,0,0,0,0,0,0,0,0.52,1.2875122,-0.29453451,-1.573373,-4.4730057e-15,1.9131177e-15,0.78293607,-2.7977751e-15,4.4931411e-15,-2.3563091,-1.2483057e-10,2.6732424e-14,-4.289483e-14,-3.9623722e-12,-3.5667046e-09,1.0469838e-10,1.4413432e-09,2.2390634e-07,123.09656,6.2266386e-12,-1.0182901e-11,5.7526717,0,0
1885,1.884,0,0,0,0,-0,0,0,0,0,0,0,0,0,0,0,0,0,0,0.52,1.2875122,-0.29453451,-1.573373,-4.4617519e-15,1.8640891e-15,0.78293607,-2.7711693e-15,4.4504493e-15,-2.3563091,-1.2356844e-10,2.6479229e-14,-4.2488662e-14,-3.9207689e-12,6.0909645e-09,-1.0520477e-10,-1.4405308e-09,-2.2382313e-07,123.09656,6.1623234e-12,-1.0079155e-11,5.7526717,0,0
1886,1.885,0,0,0,0,-0,0,0,0,0,0,0,0,0,0,0,0,0,0,0.52,1.2875122,-0.29453451,-1.573373,-4.4506045e-15,1.8155247e-15,0.78293607,-2.7448156e-15,4.4081617e-15,-2.3563091,-1.2231965e-10,2.6228303e-14,-4.2086616e-14,-3.8791778e-12,-3.5933825e-09,1.0470292e-10,1.4413349e-09,2.2390632e-07,123.09656,6.0992626e-12,-9.9750028e-12,5.7526717,0,0
1887,1.886,0,0,0,0,-0,0,0,0,0,0,0,0,0,0,0,0,0,0,0.52,1.2875122,-0.29453451,-1.573373,-4.4395623e-15,1.7674195e-15,0.78293607,-2.7187112e-15,4.3662737e-15,-2.3563091,-1.2108468e-10,2.5980498e-14,-4.168928e-14,-3.837565e-12,6.0633098e-09,-1.0519853e-10,-1.4405402e-09,-2.2382309e-07,123.09656,6.0330667e-12,-9.8672863e-12,5.7526717,0,0
1888,1.887,0,0,0,0,-0,0,0,0,0,0,0,0,0,0,0,0,0,0,0.52,1.2875122,-0.29453451,-1.573373,-4.4286239e-15,1.7197644e-15,0.78293607,-2.6928506e-15,4.3247781e-15,-2.3563091,-1.1986219e-10,2.574059e-14,-4.1302027e-14,-3.8010807e-12,-3.6183117e-09,1.0471871e-10,1.4413148e-09,2.2389606e-07,123.09656,5.9395821e-12,-9.7287673e-12,5.7526717,0,0
1889,1.888,0,0,0,0,-0,0,0,0,0,0,0,0,0,0,0,0,0,0,0.52,1.2875122,-0.29453451,-1.573373,-4.4177885e-15,1.6725626e-15,0.78293607,-2.6672367e-15,4.2836764e-15,-2.3563091,-1.1865178e-10,2.5487139e-14,-4.0901279e-14,-3.7589089e-12,6.0391207e-09,-1.0522561e-10,-1.4405133e-09,-2.2381171e-07,123.09656,5.9261437e-12,-9.6774291e-12,5.7526717,0,0
1890,1.889,0,0,0,0,-0,0,0,0,0,0,0,0,0,0,0,0,0,0,0.52,1.2875122,-0.29453451,-1.573373,-4.4070563e-15,1.6258097e-15,0.78293607,-2.6418664e-15,4.2429657e-15,-2.3563091,-1.1745274e-10,2.5253464e-14,-4.0520094e-14,-3.7225849e-12,-3.6410383e-09,1.0475826e-10,1.4412756e-09,2.2388436e-07,123.09656,5.8260041e-12,-9.547817e-12,5.7526717,0,0
1891,1.89,0,0,0,0,-0,0,0,0,0,0,0,0,0,0,0,0,0,0,0.52,1.2875122,-0.29453451,-1.573373,-4.3964253e-15,1.5794956e-15,0.78293607,-2.6167339e-15,4.2026374e-15,-2.3563091,-1.162666e-10,2.5011618e-14,-4.0136542e-14,-3.6853865e-12,6.0133221e-09,-1.0524196e-10,-1.4405085e-09,-2.2380997e-07,123.09656,5.7786057e-12,-9.4491605e-12,5.7526717,0,0
1892,1.891,0,0,0,0,-0,0,0,0,0,0,0,0,0,0,0,0,0,0,0.52,1.2875122,-0.29453451,-1.573373,-4.3858949e-15,1.5336271e-15,0.78293607,-2.5918444e-15,4.162696e-15,-2.3563091,-1.1509163e-10,2.4767366e-14,-3.9746266e-14,-3.6434092e-12,-3.6633907e-09,1.0475345e-10,1.4412891e-09,2.2389392e-07,123.09656,5.7553915e-12,-9.4034705e-12,5.7526717,0,0
1893,1.892,0,0,0,0,-0,0,0,0,0,0,0,0,0,0,0,0,0,0,0.52,1.2875122,-0.29453451,-1.573373,-4.3754651e-15,1.4881939e-15,0.78293607,-2.5671906e-15,4.1231341e-15,-2.3563091,-1.1392855e-10,2.4540329e-14,-3.9377539e-14,-3.6070569e-12,5.9895533e-09,-1.0520753e-10,-1.4405516e-09,-2.2382122e-07,123.09656,5.6578848e-12,-9.2690128e-12,5.7526717,0,0
1894,1.893,0,0,0,0,-0,0,0,0,0,0,0,0,0,0,0,0,0,0,0.52,1.2875122,-0.29453451,-1.573373,-4.3651332e-15,1.4431862e-15,0.78293607,-2.5427675e-15,4.0839428e-15,-2.3563091,-1.1277815e-10,2.4305853e-14,-3.9005037e-14,-3.5699199e-12,-3.6887462e-09,1.0473857e-10,1.4412966e-09,2.2389549e-07,123.09656,5.6091092e-12,-9.1719553e-12,5.7526717,0,0
1895,1.894,0,0,0,0,-0,0,0,0,0,0,0,0,0,0,0,0,0,0,0.52,1.2875122,-0.29453451,-1.573373,-4.3548986e-15,1.3986057e-15,0.78293607,-2.5185767e-15,4.0451231e-15,-2.3563091,-1.1163918e-10,2.4075605e-14,-3.8634529e-14,-3.5329687e-12,5.9666816e-09,-1.0519907e-10,-1.4405556e-09,-2.2382159e-07,123.09656,5.5508139e-12,-9.0835083e-12,5.7526717,0,0
1896,1.895,0,0,0,0,-0,0,0,0,0,0,0,0,0,0,0,0,0,0,0.52,1.2875122,-0.29453451,-1.573373,-4.3447616e-15,1.3544505e-15,0.78293607,-2.4946169e-15,4.0066735e-15,-2.3563091,-1.1050949e-10,2.3844147e-14,-3.8264513e-14,-3.4961143e-12,-3.7072954e-09,1.0473615e-10,1.4412956e-09,2.238953e-07,123.09656,5.5101097e-12,-9.0111104e-12,5.7526717,0,0
1897,1.896,0,0,0,0,-0,0,0,0,0,0,0,0,0,0,0,0,0,0,0.52,1.2875122,-0.29453451,-1.573373,-4.3347209e-15,1.3107161e-15,0.78293607,-2.4708856e-15,3.9685903e-15,-2.3563091,-1.0939189e-10,2.3618496e-14,-3.7901986e-14,-3.4591179e-12,5.9424805e-09,-1.0518746e-10,-1.4405706e-09,-2.238213e-07,123.09656,5.4517971e-12,-8.919582e-12,5.7526717,0,0
1898,1.897,0,0,0,0,-0,0,0,0,0,0,0,0,0,0,0,0,0,0,0.52,1.2875122,-0.29453451,-1.573373,-4.3247752e-15,1.2673961e-15,0.78293607,-2.4473791e-15,3.9308678e-15,-2.3563091,-1.0828594e-10,2.3394332e-14,-3.7543018e-14,-3.4221662e-12,-3.7305715e-09,1.0473913e-10,1.4412885e-09,2.2389521e-07,123.09656,5.3972965e-12,-8.8283004e-12,5.7526717,0,0
1899,1.898,0,0,0,0,-0,0,0,0,0,0,0,0,0,0,0,0,0,0,0.52,1.2875122,-0.29453451,-1.573373,-4.3149236e-15,1.2244869e-15,0.78293607,-2.4240958e-15,3.8935027e-15,-2.3563091,-1.0719138e-10,2.3172348e-14,-3.7187061e-14,-3.3852317e-12,5.9196959e-09,-1.051831e-10,-1.4405766e-09,-2.2382134e-07,123.09656,5.3430515e-12,-8.7398329e-12,5.7526717,0,0
1900,1.899,0,0,0,0,-0,0,0,0,0,0,0,0,0,0,0,0,0,0,0.52,1.2875122,-0.29453451,-1.573373,-4.3051651e-15,1.1819813e-15,0.78293607,-2.4010311e-15,3.8564896e-15,-2.3563091,-1.0610594e-10,2.2956979e-14,-3.6839261e-14,-3.3534683e-12,-3.7488136e-09,1.0475236e-10,1.4412722e-09,2.2388486e-07,123.09656,5.2666606e-12,-8.6281744e-12,5.7526717,0,0
1901,1.9,0,0,0,0,-0,0,0,0,0,0,0,0,0,0,0,0,0,0,0.52,1.2875122,-0.29453451,-1.573373,-4.2954989e-15,1.1398812e-15,0.78293607,-2.3781871e-15,3.8198289e-15,-2.3563091,-1.0503227e-10,2.2731014e-14,-3.6482042e-14,-3.3158372e-12,5.89615e-09,-1.0520429e-10,-1.4405578e-09,-2.238096e-07,123.09656,5.2542881e-12,-8.5812348e-12,5.7526717,0,0
1902,1.901,0,0,0,0,-0,0,0,0,0,0,0,0,0,0,0,0,0,0,0.52,1.2875122,-0.29453451,-1.573373,-4.2859242e-15,1.0981788e-15,0.78293607,-2.3555588e-15,3.7835147e-15,-2.3563091,-1.0397079e-10,2.252575e-14,-3.6146324e-14,-3.2840076e-12,-3.7731925e-09,1.0479376e-10,1.4412292e-09,2.2387326e-07,123.09656,5.1491889e-12,-8.4441159e-12,5.7526717,0,0
1903,1.902,0,0,0,0,-0,0,0,0,0,0,0,0,0,0,0,0,0,0,0.52,1.2875122,-0.29453451,-1.573373,-4.2764397e-15,1.0568709e-15,0.78293607,-2.3331447e-15,3.7475438e-15,-2.3563091,-1.0292028e-10,2.2302358e-14,-3.5795653e-14,-3.2464523e-12,5.8742148e-09,-1.0524055e-10,-1.4405279e-09,-2.2379815e-07,123.09656,5.1454439e-12,-8.3989219e-12,5.7526717,0,0
1904,1.903,0,0,0,0,-0,0,0,0,0,0,0,0,0,0,0,0,0,0,0.52,1.2875122,-0.29453451,-1.573373,-4.267045e-15,1.0159552e-15,0.78293607,-2.3109436e-15,3.7119142e-15,-2.3563091,-1.0188001e-10,2.2099765e-14,-3.546341e-14,-3.2147446e-12,-3.7936686e-09,1.0483536e-10,1.4411923e-09,2.2386157e-07,123.09656,5.0483558e-12,-8.2786611e-12,5.7526717,0,0
1905,1.904,0,0,0,0,-0,0,0,0,0,0,0,0,0,0,0,0,0,0,0.52,1.2875122,-0.29453451,-1.573373,-4.2577393e-15,9.7542483e-16,0.78293607,-2.2889513e-15,3.6766205e-15,-2.3563091,-1.0084851e-10,2.1884989e-14,-3.5124009e-14,-3.1823503e-12,5.8566652e-09,-1.0526491e-10,-1.4405135e-09,-2.2379678e-07,123.09656,5.0226169e-12,-8.2109831e-12,5.7526717,0,0
1906,1.905,0,0,0,0,-0,0,0,0,0,0,0,0,0,0,0,0,0,0,0.52,1.2875122,-0.29453451,-1.573373,-4.2485223e-15,9.3528803e-16,0.78293607,-2.2671737e-15,3.6416684e-15,-2.3563091,-9.9826426e-11,2.167018e-14,-3.4780291e-14,-3.1449849e-12,-3.8125041e-09,1.0483529e-10,1.441201e-09,2.2387151e-07,123.09656,5.0077847e-12,-8.1819629e-12,5.7526717,0,0
1907,1.906,0,0,0,0,-0,0,0,0,0,0,0,0,0,0,0,0,0,0,0.52,1.2875122,-0.29453451,-1.573373,-4.2393936e-15,8.9553201e-16,0.78293607,-2.2456021e-15,3.6070484e-15,-2.3563091,-9.8815263e-11,2.1473071e-14,-3.4459556e-14,-3.1132518e-12,5.8348317e-09,-1.0522951e-10,-1.4405595e-09,-2.2380804e-07,123.09656,4.9147462e-12,-8.0546406e-12,5.7526717,0,0
1908,1.907,0,0,0,0,-0,0,0,0,0,0,0,0,0,0,0,0,0,0,0.52,1.2875122,-0.29453451,-1.573373,-4.2303502e-15,8.5614621e-16,0.78293607,-2.2242312e-15,3.5727511e-15,-2.3563091,-9.7816256e-11,2.1268718e-14,-3.4135211e-14,-3.0806772e-12,-3.8368178e-09,1.048208e-10,1.4412082e-09,2.2387319e-07,123.09656,4.867968e-12,-7.9614956e-12,5.7526717,0,0
1909,1.908,0,0,0,0,-0,0,0,0,0,0,0,0,0,0,0,0,0,0,0.52,1.2875122,-0.29453451,-1.573373,-4.2213911e-15,8.1712753e-16,0.78293607,-2.2030594e-15,3.5387734e-15,-2.3563091,-9.682777e-11,2.1074812e-14,-3.3820023e-14,-3.0533667e-12,5.8137891e-09,-1.0520862e-10,-1.4405778e-09,-2.2381857e-07,123.09656,4.7789091e-12,-7.8385572e-12,5.7526717,0,0
1910,1.909,0,0,0,0,-0,0,0,0,0,0,0,0,0,0,0,0,0,0,0.52,1.2875122,-0.29453451,-1.573373,-4.2125164e-15,7.7847947e-16,0.78293607,-2.1820892e-15,3.5051181e-15,-2.3563091,-9.584932e-11,2.0865521e-14,-3.349074e-14,-3.0203566e-12,-3.8568887e-09,1.0479003e-10,1.4412364e-09,2.2388459e-07,123.09656,4.776855e-12,-7.8022044e-12,5.7526717,0,0
1911,1.91,0,0,0,0,-0,0,0,0,0,0,0,0,0,0,0,0,0,0,0.52,1.2875122,-0.29453451,-1.573373,-4.2037265e-15,7.402041e-16,0.78293607,-2.1613218e-15,3.4717867e-15,-2.3563091,-9.488022e-11,2.0669236e-14,-3.3172062e-14,-2.9881552e-12,5.7950888e-09,-1.051826e-10,-1.440599e-09,-2.2382019e-07,123.09656,4.7199144e-12,-7.7290253e-12,5.7526717,0,0
1912,1.911,0,0,0,0,-0,0,0,0,0,0,0,0,0,0,0,0,0,0,0.52,1.2875122,-0.29453451,-1.573373,-4.1950206e-15,7.0229269e-16,0.78293607,-2.1407517e-15,3.4387725e-15,-2.3563091,-9.3920276e-11,2.0471079e-14,-3.2856309e-14,-2.9558662e-12,-3.8752003e-09,1.0478629e-10,1.4412305e-09,2.2388477e-07,123.09656,4.6821872e-12,-7.6570797e-12,5.7526717,0,0
1913,1.912,0,0,0,0,-0,0,0,0,0,0,0,0,0,0,0,0,0,0,0.52,1.2875122,-0.29453451,-1.573373,-4.1863968e-15,6.6473769e-16,0.78293607,-2.1203747e-15,3.4060689e-15,-2.3563091,-9.2969236e-11,2.0282922e-14,-3.25509e-14,-2.9286428e-12,5.7772805e-09,-1.0516261e-10,-1.4406197e-09,-2.2383032e-07,123.09656,4.6041257e-12,-7.5489431e-12,5.7526717,0,0
1914,1.913,0,0,0,0,-0,0,0,0,0,0,0,0,0,0,0,0,0,0,0.52,1.2875122,-0.29453451,-1.573373,-4.1778546e-15,6.275414e-16,0.78293607,-2.1001929e-15,3.3736771e-15,-2.3563091,-9.2027337e-11,2.0080751e-14,-3.223262e-14,-2.8957051e-12,-3.8934833e-09,1.0475827e-10,1.4412563e-09,2.2389619e-07,123.09656,4.6058892e-12,-7.5207541e-12,5.7526717,0,0
1915,1.914,0,0,0,0,-0,0,0,0,0,0,0,0,0,0,0,0,0,0,0.52,1.2875122,-0.29453451,-1.573373,-4.169394e-15,5.9070284e-16,0.78293607,-2.0802056e-15,3.3415964e-15,-2.3563091,-9.1096308e-11,1.9893829e-14,-3.1928738e-14,-2.8634384e-12,5.7555404e-09,-1.0513211e-10,-1.4406485e-09,-2.2383166e-07,123.09656,4.5411318e-12,-7.4361303e-12,5.7526717,0,0
1916,1.915,0,0,0,0,-0,0,0,0,0,0,0,0,0,0,0,0,0,0,0.52,1.2875122,-0.29453451,-1.573373,-4.1610131e-15,5.5420651e-16,0.78293607,-2.0604031e-15,3.3098146e-15,-2.3563091,-9.0175145e-11,1.9711098e-14,-3.1634884e-14,-2.8361835e-12,-3.9132137e-09,1.0476665e-10,1.4412362e-09,2.2388617e-07,123.09656,4.4646638e-12,-7.3163112e-12,5.7526717,0,0
1917,1.916,0,0,0,0,-0,0,0,0,0,0,0,0,0,0,0,0,0,0,0.52,1.2875122,-0.29453451,-1.573373,-4.1527107e-15,5.1805696e-16,0.78293607,-2.0407896e-15,3.2783339e-15,-2.3563091,-8.9263643e-11,1.9515813e-14,-3.1326452e-14,-2.8032445e-12,5.736217e-09,-1.0515722e-10,-1.4406194e-09,-2.2382029e-07,123.09656,4.4604186e-12,-7.2844355e-12,5.7526717,0,0
1918,1.917,0,0,0,0,-0,0,0,0,0,0,0,0,0,0,0,0,0,0,0.52,1.2875122,-0.29453451,-1.573373,-4.1444874e-15,4.8225041e-16,0.78293607,-2.0213621e-15,3.2471522e-15,-2.3563091,-8.836118e-11,1.9339268e-14,-3.1037105e-14,-2.7761425e-12,-3.9312908e-09,1.0480413e-10,1.4411981e-09,2.238745e-07,123.09656,4.3717656e-12,-7.172086e-12,5.7526717,0,0
1919,1.918,0,0,0,0,-0,0,0,0,0,0,0,0,0,0,0,0,0,0,0.52,1.2875122,-0.29453451,-1.573373,-4.1363414e-15,4.4677901e-16,0.78293607,-2.0021161e-15,3.2162625e-15,-2.3563091,-8.7467829e-11,1.9152706e-14,-3.0742156e-14,-2.7482641e-12,5.7179934e-09,-1.0517725e-10,-1.4406082e-09,-2.2381874e-07,123.09656,4.3422763e-12,-7.102349e-12,5.7526717,0,0
1920,1.919,0,0,0,0,-0,0,0,0,0,0,0,0,0,0,0,0,0,0,0.52,1.2875122,-0.29453451,-1.573373,-4.1282722e-15,4.1164545e-16,0.78293607,-1.983054e-15,3.1856666e-15,-2.3563091,-8.6583457e-11,1.8971565e-14,-3.0449805e-14,-2.7205062e-12,-3.9492487e-09,1.0481497e-10,1.4411929e-09,2.2387426e-07,123.09656,4.2948762e-12,-7.0343046e-12,5.7526717,0,0
1921,1.92,0,0,0,0,-0,0,0,0,0,0,0,0,0,0,0,0,0,0,0.52,1.2875122,-0.29453451,-1.573373,-4.1202802e-15,3.7685076e-16,0.78293607,-1.9641762e-15,3.1553652e-15,-2.3563091,-8.5708139e-11,1.8784011e-14,-3.0152893e-14,-2.6877152e-12,5.6998838e-09,-1.0519008e-10,-1.440599e-09,-2.2380867e-07,123.09656,4.2887561e-12,-7.0037963e-12,5.7526717,0,0
1922,1.921,0,0,0,0,-0,0,0,0,0,0,0,0,0,0,0,0,0,0,0.52,1.2875122,-0.29453451,-1.573373,-4.1123639e-15,3.4238084e-16,0.78293607,-1.9454738e-15,3.1253475e-15,-2.3563091,-8.4841418e-11,1.8620834e-14,-2.9882516e-14,-2.6656699e-12,-3.9664416e-09,1.0486372e-10,1.4411398e-09,2.2385276e-07,123.09656,4.1695176e-12,-6.8547968e-12,5.7526717,0,0
1923,1.922,0,0,0,0,-0,0,0,0,0,0,0,0,0,0,0,0,0,0,0.52,1.2875122,-0.29453451,-1.573373,-4.1045214e-15,3.0823355e-16,0.78293607,-1.9269466e-15,3.0956106e-15,-2.3563091,-8.3984328e-11,1.843347e-14,-2.9591391e-14,-2.637118e-12,5.6806216e-09,-1.0523845e-10,-1.4405575e-09,-2.2379566e-07,123.09656,4.1799813e-12,-6.8235726e-12,5.7526717,0,0
1924,1.923,0,0,0,0,-0,0,0,0,0,0,0,0,0,0,0,0,0,0,0.52,1.2875122,-0.29453451,-1.573373,-4.0967535e-15,2.7441624e-16,0.78293607,-1.9085994e-15,3.0661601e-15,-2.3563091,-8.3135338e-11,1.8261021e-14,-2.9309529e-14,-2.6095304e-12,-3.9826426e-09,1.0489356e-10,1.4411213e-09,2.2385084e-07,123.09656,4.1248628e-12,-6.7603585e-12,5.7526717,0,0
1925,1.924,0,0,0,0,-0,0,0,0,0,0,0,0,0,0,0,0,0,0,0.52,1.2875122,-0.29453451,-1.573373,-4.0890599e-15,2.4091956e-16,0.78293607,-1.8904256e-15,3.0369893e-15,-2.3563091,-8.229533e-11,1.8086457e-14,-2.9032031e-14,-2.5817713e-12,5.6626601e-09,-1.0524268e-10,-1.4405663e-09,-2.2379532e-07,123.09656,4.0889982e-12,-6.6893116e-12,5.7526717,0,0
1926,1.925,0,0,0,0,-0,0,0,0,0,0,0,0,0,0,0,0,0,0,0.52,1.2875122,-0.29453451,-1.573373,-4.0814387e-15,2.0774069e-16,0.78293607,-1.8724247e-15,3.0080949e-15,-2.3563091,-8.1464243e-11,1.7915435e-14,-2.8756754e-14,-2.5540457e-12,-4.0004866e-09,1.0490064e-10,1.4411168e-09,2.2385077e-07,123.09656,4.0440597e-12,-6.6209738e-12,5.7526717,0,0
1927,1.926,0,0,0,0,-0,0,0,0,0,0,0,0,0,0,0,0,0,0,0.52,1.2875122,-0.29453451,-1.573373,-4.0738902e-15,1.7487847e-16,0.78293607,-1.8545956e-15,2.9794762e-15,-2.3563091,-8.0639545e-11,1.7742709e-14,-2.8480651e-14,-2.5264689e-12,5.6498823e-09,-1.0524609e-10,-1.4405646e-09,-2.2379562e-07,123.09656,4.016236e-12,-6.5705534e-12,5.7526717,0,0
1928,1.927,0,0,0,0,-0,0,0,0,0,0,0,0,0,0,0,0,0,0,0.52,1.2875122,-0.29453451,-1.573373,-4.0664135e-15,1.4232992e-16,0.78293607,-1.8369369e-15,2.9511305e-15,-2.3563091,-7.9823871e-11,1.7574783e-14,-2.8210706e-14,-2.4987258e-12,-4.018535e-09,1.0491024e-10,1.4411045e-09,2.238511e-07,123.09656,3.9729303e-12,-6.5029955e-12,5.7526717,0,0
1929,1.928,0,0,0,0,-0,0,0,0,0,0,0,0,0,0,0,0,0,0,0.52,1.2875122,-0.29453451,-1.573373,-4.0590074e-15,1.1008572e-16,0.78293607,-1.8194428e-15,2.9230504e-15,-2.3563091,-7.9015516e-11,1.7413459e-14,-2.7949569e-14,-2.4761453e-12,5.6352453e-09,-1.0523289e-10,-1.4405822e-09,-2.2380594e-07,123.09656,3.9048444e-12,-6.4046748e-12,5.7526717,0,0
1930,1.929,0,0,0,0,-0,0,0,0,0,0,0,0,0,0,0,0,0,0,0.52,1.2875122,-0.29453451,-1.573373,-4.0516711e-15,7.8149037e-17,0.78293607,-1.8021161e-15,2.8952374e-15,-2.3563091,-7.8215947e-11,1.7239848e-14,-2.7676336e-14,-2.4477626e-12,-4.0361062e-09,1.0488567e-10,1.4411287e-09,2.2386271e-07,123.09656,3.9065634e-12,-6.3801904e-12,5.7526717,0,0
1931,1.93,0,0,0,0,-0,0,0,0,0,0,0,0,0,0,0,0,0,0,0.52,1.2875122,-0.29453451,-1.573373,-4.0444045e-15,4.651475e-17,0.78293607,-1.7849533e-15,2.867688e-15,-2.3563091,-7.7424917e-11,1.708568e-14,-2.7422536e-14,-2.4252102e-12,5.618166e-09,-1.05194e-10,-1.4406211e-09,-2.238176e-07,123.09656,3.8192668e-12,-6.271721e-12,5.7526717,0,0
1932,1.931,0,0,0,0,-0,0,0,0,0,0,0,0,0,0,0,0,0,0,0.52,1.2875122,-0.29453451,-1.573373,-4.0372063e-15,1.5179811e-17,0.78293607,-1.7679532e-15,2.8403991e-15,-2.3563091,-7.6642857e-11,1.6914592e-14,-2.7155387e-14,-2.3968295e-12,-4.0540455e-09,1.0485183e-10,1.4411554e-09,2.2387436e-07,123.09656,3.8246984e-12,-6.2430181e-12,5.7526717,0,0
1933,1.932,0,0,0,0,-0,0,0,0,0,0,0,0,0,0,0,0,0,0,0.52,1.2875122,-0.29453451,-1.573373,-4.030076e-15,-1.585942e-17,0.78293607,-1.7511135e-15,2.8133676e-15,-2.3563091,-7.5869945e-11,1.6764742e-14,-2.6907562e-14,-2.3742559e-12,5.5998693e-09,-1.0515153e-10,-1.4406597e-09,-2.2382921e-07,123.09656,3.7319641e-12,-6.1305678e-12,5.7526717,0,0
1934,1.933,0,0,0,0,-0,0,0,0,0,0,0,0,0,0,0,0,0,0,0.52,1.2875122,-0.29453451,-1.573373,-4.0230132e-15,-4.6603459e-17,0.78293607,-1.7344342e-15,2.786593e-15,-2.3563091,-7.5103317e-11,1.6593873e-14,-2.6641649e-14,-2.3460487e-12,-4.0666148e-09,1.0480979e-10,1.4411916e-09,2.2388563e-07,123.09656,3.7523438e-12,-6.1214055e-12,5.7526717,0,0
1935,1.934,0,0,0,0,-0,0,0,0,0,0,0,0,0,0,0,0,0,0,0.52,1.2875122,-0.29453451,-1.573373,-4.0160174e-15,-7.7058901e-17,0.78293607,-1.717911e-15,2.7600701e-15,-2.3563091,-7.4344257e-11,1.6452494e-14,-2.6404002e-14,-2.3285754e-12,5.5847366e-09,-1.0509255e-10,-1.4407163e-09,-2.2385068e-07,123.09656,3.6330796e-12,-5.9834969e-12,5.7526717,0,0
1936,1.935,0,0,0,0,-0,0,0,0,0,0,0,0,0,0,0,0,0,0,0.52,1.2875122,-0.29453451,-1.573373,-4.0090872e-15,-1.0722515e-16,0.78293607,-1.7015453e-15,2.7337987e-15,-2.3563091,-7.359438e-11,1.6279058e-14,-2.6138966e-14,-2.2995457e-12,-4.0849845e-09,1.0474568e-10,1.4412464e-09,2.2390874e-07,123.09656,3.6819721e-12,-5.9951046e-12,5.7526717,0,0
1937,1.936,0,0,0,0,-0,0,0,0,0,0,0,0,0,0,0,0,0,0,0.52,1.2875122,-0.29453451,-1.573373,-4.0022235e-15,-1.3709917e-16,0.78293607,-1.6853385e-15,2.7077812e-15,-2.3563091,-7.2850105e-11,1.6134382e-14,-2.5896039e-14,-2.27729e-12,5.573535e-09,-1.0503503e-10,-1.4407605e-09,-2.2386423e-07,123.09656,3.5950181e-12,-5.9088639e-12,5.7526717,0,0
1938,1.937,0,0,0,0,-0,0,0,0,0,0,0,0,0,0,0,0,0,0,0.52,1.2875122,-0.29453451,-1.573373,-3.9954252e-15,-1.6669352e-16,0.78293607,-1.6692827e-15,2.6820081e-15,-2.3563091,-7.211359e-11,1.597726e-14,-2.5650161e-14,-2.2540128e-12,-4.1005046e-09,1.0472079e-10,1.4412523e-09,2.2391078e-07,123.09656,3.5778338e-12,-5.8496001e-12,5.7526717,0,0
1939,1.938,0,0,0,0,-0,0,0,0,0,0,0,0,0,0,0,0,0,0,0.52,1.2875122,-0.29453451,-1.573373,-3.9886905e-15,-1.9600639e-16,0.78293607,-1.6533803e-15,2.6564794e-15,-2.3563091,-7.1385315e-11,1.5827558e-14,-2.5407194e-14,-2.2308495e-12,5.557055e-09,-1.0502019e-10,-1.4407663e-09,-2.2386446e-07,123.09656,3.5312254e-12,-5.787998e-12,5.7526717,0,0
1940,1.939,0,0,0,0,-0,0,0,0,0,0,0,0,0,0,0,0,0,0,0.52,1.2875122,-0.29453451,-1.573373,-3.9820197e-15,-2.2504263e-16,0.78293607,-1.6376278e-15,2.6311918e-15,-2.3563091,-7.0665558e-11,1.567756e-14,-2.5167886e-14,-2.2076484e-12,-4.117541e-09,1.0472019e-10,1.4412449e-09,2.2391086e-07,123.09656,3.4935866e-12,-5.7201621e-12,5.7526717,0,0
1941,1.94,0,0,0,0,-0,0,0,0,0,0,0,0,0,0,0,0,0,0,0.52,1.2875122,-0.29453451,-1.573373,-3.9754114e-15,-2.5380566e-16,0.78293607,-1.6220236e-15,2.606142e-15,-2.3563091,-6.9954985e-11,1.5530701e-14,-2.4931719e-14,-2.1844486e-12,5.538686e-09,-1.0501391e-10,-1.4407726e-09,-2.2386446e-07,123.09656,3.447675e-12,-5.6485091e-12,5.7526717,0,0
1942,1.941,0,0,0,0,-0,0,0,0,0,0,0,0,0,0,0,0,0,0,0.52,1.2875122,-0.29453451,-1.573373,-3.9688656e-15,-2.8229609e-16,0.78293607,-1.6065675e-15,2.5813295e-15,-2.3563091,-6.9250439e-11,1.5381558e-14,-2.4693303e-14,-2.1614259e-12,-4.1295939e-09,1.0471563e-10,1.4412494e-09,2.2391051e-07,123.09656,3.4205861e-12,-5.5999633e-12,5.7526717,0,0
1943,1.942,0,0,0,0,-0,0,0,0,0,0,0,0,0,0,0,0,0,0,0.52,1.2875122,-0.29453451,-1.573373,-3.9623823e-15,-3.1051332e-16,0.78293607,-1.5912598e-15,2.5567548e-15,-2.3563091,-6.8551707e-11,1.5233864e-14,-2.4456249e-14,-2.1383962e-12,5.5270581e-09,-1.0501101e-10,-1.4407753e-09,-2.2386445e-07,123.09656,3.3936704e-12,-5.5564942e-12,5.7526717,0,0
1944,1.943,0,0,0,0,-0,0,0,0,0,0,0,0,0,0,0,0,0,0,0.52,1.2875122,-0.29453451,-1.573373,-3.9559611e-15,-3.384591e-16,0.78293607,-1.5760994e-15,2.5324163e-15,-2.3563091,-6.7858165e-11,1.5086844e-14,-2.4220688e-14,-2.1154095e-12,-4.1399748e-09,1.0471697e-10,1.4412464e-09,2.2391042e-07,123.09656,3.370753e-12,-5.5173721e-12,5.7526717,0,0
1945,1.944,0,0,0,0,-0,0,0,0,0,0,0,0,0,0,0,0,0,0,0.52,1.2875122,-0.29453451,-1.573373,-3.9496014e-15,-3.6613704e-16,0.78293607,-1.5610845e-15,2.508311e-15,-2.3563091,-6.7171479e-11,1.4943101e-14,-2.3989875e-14,-2.0923232e-12,5.5133472e-09,-1.0500446e-10,-1.4407848e-09,-2.2386425e-07,123.09656,3.3387161e-12,-5.4661744e-12,5.7526717,0,0
1946,1.945,0,0,0,0,-0,0,0,0,0,0,0,0,0,0,0,0,0,0,0.52,1.2875122,-0.29453451,-1.573373,-3.9433017e-15,-3.9355743e-16,0.78293607,-1.5462087e-15,2.4844306e-15,-2.3563091,-6.6492437e-11,1.480849e-14,-2.3771021e-14,-2.0742457e-12,-4.1552632e-09,1.0473524e-10,1.4412225e-09,2.239004e-07,123.09656,3.2679826e-12,-5.3664235e-12,5.7526717,0,0
1947,1.946,0,0,0,0,-0,0,0,0,0,0,0,0,0,0,0,0,0,0,0.52,1.2875122,-0.29453451,-1.573373,-3.9370611e-15,-4.2071661e-16,0.78293607,-1.5314752e-15,2.460777e-15,-2.3563091,-6.5819836e-11,1.4658446e-14,-2.3536102e-14,-2.0505403e-12,5.5004651e-09,-1.0503532e-10,-1.4407527e-09,-2.2385299e-07,123.09656,3.2815314e-12,-5.3583398e-12,5.7526717,0,0
1948,1.947,0,0,0,0,-0,0,0,0,0,0,0,0,0,0,0,0,0,0,0.52,1.2875122,-0.29453451,-1.573373,-3.9308803e-15,-4.4761257e-16,0.78293607,-1.5168849e-15,2.4373523e-15,-2.3563091,-6.5154626e-11,1.4522058e-14,-2.3313385e-14,-2.0275397e-12,-4.1700446e-09,1.0476255e-10,1.4411981e-09,2.2389899e-07,123.09656,3.233957e-12,-5.3006899e-12,5.7526717,0,0
1949,1.948,0,0,0,0,-0,0,0,0,0,0,0,0,0,0,0,0,0,0,0.52,1.2875122,-0.29453451,-1.573373,-3.9247579e-15,-4.7426041e-16,0.78293607,-1.5024284e-15,2.4141445e-15,-2.3563091,-6.4497373e-11,1.4391066e-14,-2.3102115e-14,-2.0094485e-12,5.484551e-09,-1.0502453e-10,-1.4407756e-09,-2.2386281e-07,123.09656,3.1660904e-12,-5.1966492e-12,5.7526717,0,0
1950,1.949,0,0,0,0,-0,0,0,0,0,0,0,0,0,0,0,0,0,0,0.52,1.2875122,-0.29453451,-1.573373,-3.9186925e-15,-5.0065511e-16,0.78293607,-1.48811e-15,2.3911564e-15,-2.3563091,-6.3846736e-11,1.4245787e-14,-2.2874056e-14,-1.9857566e-12,-4.183277e-09,1.0473398e-10,1.4412317e-09,2.2391019e-07,123.09656,3.1765622e-12,-5.1875419e-12,5.7526717,0,0
1951,1.95,0,0,0,0,-0,0,0,0,0,0,0,0,0,0,0,0,0,0,0.52,1.2875122,-0.29453451,-1.573373,-3.9126852e-15,-5.2679792e-16,0.78293607,-1.473928e-15,2.3683879e-15,-2.3563091,-6.3201457e-11,1.4118106e-14,-2.2663011e-14,-1.9679213e-12,5.4738347e-09,-1.0498934e-10,-1.4408096e-09,-2.2387452e-07,123.09656,3.1058722e-12,-5.1043402e-12,5.7526717,0,0
1952,1.951,0,0,0,0,-0,0,0,0,0,0,0,0,0,0,0,0,0,0,0.52,1.2875122,-0.29453451,-1.573373,-3.9067353e-15,-5.5268957e-16,0.78293607,-1.4598826e-15,2.3458378e-15,-2.3563091,-6.2561394e-11,1.3972769e-14,-2.2437103e-14,-1.9442843e-12,-4.1937089e-09,1.0469867e-10,1.4412614e-09,2.239218e-07,123.09656,3.1302819e-12,-5.106375e-12,5.7526717,0,0
1953,1.952,0,0,0,0,-0,0,0,0,0,0,0,0,0,0,0,0,0,0,0.52,1.2875122,-0.29453451,-1.573373,-3.9008421e-15,-5.7833418e-16,0.78293607,-1.4459711e-15,2.3235029e-15,-2.3563091,-6.1928425e-11,1.3850124e-14,-2.2232649e-14,-1.9263509e-12,5.4596467e-09,-1.0494396e-10,-1.4408525e-09,-2.2388593e-07,123.09656,3.0479381e-12,-5.0119038e-12,5.7526717,0,0
1954,1.953,0,0,0,0,-0,0,0,0,0,0,0,0,0,0,0,0,0,0,0.52,1.2875122,-0.29453451,-1.573373,-3.8950043e-15,-6.037408e-16,0.78293607,-1.4321883e-15,2.3013758e-15,-2.3563091,-6.1302003e-11,1.3715519e-14,-2.2021609e-14,-1.9076811e-12,-4.2068032e-09,1.0467475e-10,1.4412746e-09,2.2392327e-07,123.09656,3.0318221e-12,-4.9607468e-12,5.7526717,0,0
1955,1.954,0,0,0,0,-0,0,0,0,0,0,0,0,0,0,0,0,0,0,0.52,1.2875122,-0.29453451,-1.573373,-3.8892217e-15,-6.289007e-16,0.78293607,-1.4185405e-15,2.2794624e-15,-2.3563091,-6.0682775e-11,1.3580174e-14,-2.1805168e-14,-1.8840699e-12,5.4452599e-09,-1.0494544e-10,-1.4408417e-09,-2.2387605e-07,123.09656,3.0261544e-12,-4.9472792e-12,5.7526717,0,0
1956,1.955,0,0,0,0,-0,0,0,0,0,0,0,0,0,0,0,0,0,0,0.52,1.2875122,-0.29453451,-1.573373,-3.8834945e-15,-6.5382256e-16,0.78293607,-1.4050211e-15,2.257757e-15,-2.3563091,-6.0069241e-11,1.3458496e-14,-2.1605743e-14,-1.8662328e-12,-4.2181907e-09,1.0470208e-10,1.4412406e-09,2.2391172e-07,123.09656,2.9585754e-12,-4.8591325e-12,5.7526717,0,0
1957,1.956,0,0,0,0,-0,0,0,0,0,0,0,0,0,0,0,0,0,0,0.52,1.2875122,-0.29453451,-1.573373,-3.8778217e-15,-6.7850495e-16,0.78293607,-1.3916322e-15,2.2362596e-15,-2.3563091,-5.9460097e-11,1.3319346e-14,-2.1389034e-14,-1.8426833e-12,5.4364772e-09,-1.0498038e-10,-1.4408072e-09,-2.2386462e-07,123.09656,2.9848793e-12,-4.8678116e-12,5.7526717,0,0
1958,1.957,0,0,0,0,-0,0,0,0,0,0,0,0,0,0,0,0,0,0,0.52,1.2875122,-0.29453451,-1.573373,-3.872203e-15,-7.0295641e-16,0.78293607,-1.3783679e-15,2.214964e-15,-2.3563091,-5.8857481e-11,1.3209308e-14,-2.1202141e-14,-1.829819e-12,-4.2312445e-09,1.0476031e-10,1.4411809e-09,2.2389035e-07,123.09656,2.8718534e-12,-4.7374929e-12,5.7526717,0,0
1959,1.958,0,0,0,0,-0,0,0,0,0,0,0,0,0,0,0,0,0,0,0.52,1.2875122,-0.29453451,-1.573373,-3.8666365e-15,-7.2717702e-16,0.78293607,-1.3652293e-15,2.1938689e-15,-2.3563091,-5.8263478e-11,1.3067827e-14,-2.0987987e-14,-1.8053583e-12,5.4192501e-09,-1.0504327e-10,-1.4407526e-09,-2.2384143e-07,123.09656,2.922332e-12,-4.753513e-12,5.7526717,0,0
1960,1.959,0,0,0,0,-0,0,0,0,0,0,0,0,0,0,0,0,0,0,0.52,1.2875122,-0.29453451,-1.573373,-3.8611227e-15,-7.5116917e-16,0.78293607,-1.3522145e-15,2.172973e-15,-2.3563091,-5.7674653e-11,1.2961687e-14,-2.0803939e-14,-1.7927055e-12,-4.2415994e-09,1.0483099e-10,1.4411207e-09,2.2386674e-07,123.09656,2.8022909e-12,-4.6289513e-12,5.7526717,0,0
1961,1.96,0,0,0,0,-0,0,0,0,0,0,0,0,0,0,0,0,0,0,0.52,1.2875122,-0.29453451,-1.573373,-3.8556612e-15,-7.7493231e-16,0.78293607,-1.3393243e-15,2.1522762e-15,-2.3563091,-5.7091714e-11,1.2818864e-14,-2.0589583e-14,-1.7684134e-12,5.4074768e-09,-1.0511664e-10,-1.440692e-09,-2.2381815e-07,123.09656,2.8718937e-12,-4.6658963e-12,5.7526717,0,0
1962,1.961,0,0,0,0,-0,0,0,0,0,0,0,0,0,0,0,0,0,0,0.52,1.2875122,-0.29453451,-1.573373,-3.8502518e-15,-7.9846812e-16,0.78293607,-1.3265574e-15,2.1317774e-15,-2.3563091,-5.6513455e-11,1.2714971e-14,-2.040802e-14,-1.7557609e-12,-4.2509589e-09,1.0490885e-10,1.4410551e-09,2.2384346e-07,123.09656,2.7530102e-12,-4.548771e-12,5.7526717,0,0
1963,1.962,0,0,0,0,-0,0,0,0,0,0,0,0,0,0,0,0,0,0,0.52,1.2875122,-0.29453451,-1.573373,-3.8448938e-15,-8.2178328e-16,0.78293607,-1.3139097e-15,2.1114712e-15,-2.3563091,-5.5940201e-11,1.2580361e-14,-2.0204365e-14,-1.7365354e-12,5.3974677e-09,-1.0517807e-10,-1.4406478e-09,-2.2380501e-07,123.09656,2.7936813e-12,-4.5517334e-12,5.7526717,0,0
1964,1.963,0,0,0,0,-0,0,0,0,0,0,0,0,0,0,0,0,0,0,0.52,1.2875122,-0.29453451,-1.573373,-3.8395871e-15,-8.4486524e-16,0.78293607,-1.3013902e-15,2.0913665e-15,-2.3563091,-5.5373639e-11,1.2458696e-14,-2.0005066e-14,-1.7130743e-12,-4.2643448e-09,1.0493475e-10,1.4410464e-09,2.2385193e-07,123.09656,2.7760282e-12,-4.5429926e-12,5.7526717,0,0
1965,1.964,0,0,0,0,-0,0,0,0,0,0,0,0,0,0,0,0,0,0,0.52,1.2875122,-0.29453451,-1.573373,-3.8343312e-15,-8.6773687e-16,0.78293607,-1.288983e-15,2.0714467e-15,-2.3563091,-5.4814401e-11,1.2355704e-14,-1.9834496e-14,-1.7001999e-12,5.3828207e-09,-1.0514073e-10,-1.4407053e-09,-2.2382618e-07,123.09656,2.6706292e-12,-4.399857e-12,5.7526717,0,0
1966,1.965,0,0,0,0,-0,0,0,0,0,0,0,0,0,0,0,0,0,0,0.52,1.2875122,-0.29453451,-1.573373,-3.829123e-15,-8.9039732e-16,0.78293607,-1.2766909e-15,2.0517103e-15,-2.3563091,-5.4261584e-11,1.222839e-14,-1.963837e-14,-1.6809393e-12,-4.2771858e-09,1.048861e-10,1.4410975e-09,2.238647e-07,123.09656,2.6925971e-12,-4.3936648e-12,5.7526717,0,0
1967,1.966,0,0,0,0,-0,0,0,0,0,0,0,0,0,0,0,0,0,0,0.52,1.2875122,-0.29453451,-1.573373,-3.8239645e-15,-9.1283703e-16,0.78293607,-1.2645193e-15,2.0321654e-15,-2.3563091,-5.3714119e-11,1.2114842e-14,-1.9451364e-14,-1.6625956e-12,5.3721168e-09,-1.051132e-10,-1.4407235e-09,-2.2382801e-07,123.09656,2.6517572e-12,-4.351449e-12,5.7526717,0,0
1968,1.967,0,0,0,0,-0,0,0,0,0,0,0,0,0,0,0,0,0,0,0.52,1.2875122,-0.29453451,-1.573373,-3.8188553e-15,-9.3506846e-16,0.78293607,-1.2524597e-15,2.0128029e-15,-2.3563091,-5.3171495e-11,1.2004388e-14,-1.9273629e-14,-1.6491853e-12,-4.2868706e-09,1.0489229e-10,1.441079e-09,2.2385483e-07,123.09656,2.6010416e-12,-4.2720034e-12,5.7526717,0,0
1969,1.968,0,0,0,0,-0,0,0,0,0,0,0,0,0,0,0,0,0,0,0.52,1.2875122,-0.29453451,-1.573373,-3.8137941e-15,-9.5708614e-16,0.78293607,-1.2405168e-15,1.9936258e-15,-2.3563091,-5.2633777e-11,1.1881288e-14,-1.9080653e-14,-1.6301105e-12,5.3623073e-09,-1.0513849e-10,-1.440693e-09,-2.2381668e-07,123.09656,2.619404e-12,-4.2780234e-12,5.7526717,0,0
1970,1.969,0,0,0,0,-0,0,0,0,0,0,0,0,0,0,0,0,0,0,0.52,1.2875122,-0.29453451,-1.573373,-3.8087821e-15,-9.788878e-16,0.78293607,-1.2286915e-15,1.9746365e-15,-2.3563091,-5.2100603e-11,1.176942e-14,-1.8897951e-14,-1.6118023e-12,-4.2959598e-09,1.0491476e-10,1.4410585e-09,2.238533e-07,123.09656,2.5874743e-12,-4.2420711e-12,5.7526717,0,0
1971,1.97,0,0,0,0,-0,0,0,0,0,0,0,0,0,0,0,0,0,0,0.52,1.2875122,-0.29453451,-1.573373,-3.8038185e-15,-1.0004805e-15,0.78293607,-1.2169793e-15,1.9558294e-15,-2.3563091,-5.1571435e-11,1.1655023e-14,-1.8716123e-14,-1.5934262e-12,5.3542975e-09,-1.0514355e-10,-1.4406948e-09,-2.2381655e-07,123.09656,2.5738466e-12,-4.2108582e-12,5.7526717,0,0
1972,1.971,0,0,0,0,-0,0,0,0,0,0,0,0,0,0,0,0,0,0,0.52,1.2875122,-0.29453451,-1.573373,-3.7989014e-15,-1.021873e-15,0.78293607,-1.2053752e-15,1.9371971e-15,-2.3563091,-5.1049362e-11,1.1553086e-14,-1.8548468e-14,-1.5799192e-12,-4.3101514e-09,1.0493968e-10,1.4410301e-09,2.2384356e-07,123.09656,2.5033288e-12,-4.1175155e-12,5.7526717,0,0
1973,1.972,0,0,0,0,-0,0,0,0,0,0,0,0,0,0,0,0,0,0,0.52,1.2875122,-0.29453451,-1.573373,-3.7940302e-15,-1.0430631e-15,0.78293607,-1.1938814e-15,1.9187406e-15,-2.3563091,-5.0532925e-11,1.1434594e-14,-1.836458e-14,-1.5608192e-12,5.3430235e-09,-1.0517666e-10,-1.4406623e-09,-2.2380536e-07,123.09656,2.521099e-12,-4.1141323e-12,5.7526717,0,0
1974,1.973,0,0,0,0,-0,0,0,0,0,0,0,0,0,0,0,0,0,0,0.52,1.2875122,-0.29453451,-1.573373,-3.7892053e-15,-1.0640523e-15,0.78293607,-1.1824964e-15,1.9004592e-15,-2.3563091,-5.0021813e-11,1.1335263e-14,-1.8198283e-14,-1.547521e-12,-4.3207984e-09,1.04978e-10,1.4409949e-09,2.2383196e-07,123.09656,2.4485071e-12,-4.0315435e-12,5.7526717,0,0
1975,1.974,0,0,0,0,-0,0,0,0,0,0,0,0,0,0,0,0,0,0,0.52,1.2875122,-0.29453451,-1.573373,-3.7844259e-15,-1.0848428e-15,0.78293607,-1.1712194e-15,1.8823507e-15,-2.3563091,-4.9516898e-11,1.1218729e-14,-1.8018623e-14,-1.5283845e-12,5.3306293e-09,-1.0521107e-10,-1.4406356e-09,-2.2379369e-07,123.09656,2.4673287e-12,-4.0244242e-12,5.7526717,0,0
1976,1.975,0,0,0,0,-0,0,0,0,0,0,0,0,0,0,0,0,0,0,0.52,1.2875122,-0.29453451,-1.573373,-3.7796916e-15,-1.1054369e-15,0.78293607,-1.160049e-15,1.8644133e-15,-2.3563091,-4.9017614e-11,1.1122142e-14,-1.7856234e-14,-1.5150693e-12,-4.332063e-09,1.050179e-10,1.4409604e-09,2.2382032e-07,123.09656,2.3917419e-12,-3.9394976e-12,5.7526717,0,0
1977,1.976,0,0,0,0,-0,0,0,0,0,0,0,0,0,0,0,0,0,0,0.52,1.2875122,-0.29453451,-1.573373,-3.775002e-15,-1.1258358e-15,0.78293607,-1.1489846e-15,1.8466458e-15,-2.3563091,-4.8523689e-11,1.1006761e-14,-1.7678805e-14,-1.4959789e-12,5.3199138e-09,-1.0524866e-10,-1.4406055e-09,-2.2378214e-07,123.09656,2.4154224e-12,-3.9382625e-12,5.7526717,0,0
1978,1.977,0,0,0,0,-0,0,0,0,0,0,0,0,0,0,0,0,0,0,0.52,1.2875122,-0.29453451,-1.573373,-3.770357e-15,-1.1460405e-15,0.78293607,-1.1380255e-15,1.8290473e-15,-2.3563091,-4.8034432e-11,1.091136e-14,-1.7518187e-14,-1.4827354e-12,-4.3413992e-09,1.0505786e-10,1.4409268e-09,2.2380862e-07,123.09656,2.3444726e-12,-3.8614321e-12,5.7526717,0,0
1979,1.978,0,0,0,0,-0,0,0,0,0,0,0,0,0,0,0,0,0,0,0.52,1.2875122,-0.29453451,-1.573373,-3.7657557e-15,-1.1660577e-15,0.78293607,-1.1271677e-15,1.8116127e-15,-2.3563091,-4.7549896e-11,1.080421e-14,-1.7351035e-14,-1.4687011e-12,5.3104711e-09,-1.0527216e-10,-1.4405925e-09,-2.2378055e-07,123.09656,2.3373373e-12,-3.8254607e-12,5.7526717,0,0
1980,1.979,0,0,0,0,-0,0,0,0,0,0,0,0,0,0,0,0,0,0,0.52,1.2875122,-0.29453451,-1.573373,-3.7611982e-15,-1.1858778e-15,0.78293607,-1.1164179e-15,1.7943486e-15,-2.3563091,-4.7070046e-11,1.0695334e-14,-1.7177151e-14,-1.4497713e-12,-4.350772e-09,1.0505441e-10,1.4409402e-09,2.2381841e-07,123.09656,2.3442261e-12,-3.8316744e-12,5.7526717,0,0
1981,1.98,0,0,0,0,-0,0,0,0,0,0,0,0,0,0,0,0,0,0,0.52,1.2875122,-0.29453451,-1.573373,-3.7566849e-15,-1.2055094e-15,0.78293607,-1.1057697e-15,1.7772493e-15,-2.3563091,-4.6594515e-11,1.0601057e-14,-1.7021434e-14,-1.4365399e-12,5.3018337e-09,-1.0524296e-10,-1.4406288e-09,-2.2379195e-07,123.09656,2.2832004e-12,-3.7552974e-12,5.7526717,0,0
1982,1.981,0,0,0,0,-0,0,0,0,0,0,0,0,0,0,0,0,0,0,0.52,1.2875122,-0.29453451,-1.573373,-3.7522138e-15,-1.2249583e-15,0.78293607,-1.0952205e-15,1.7603093e-15,-2.3563091,-4.612351e-11,1.0497479e-14,-1.6858616e-14,-1.4225396e-12,-4.3598235e-09,1.050358e-10,1.4409544e-09,2.2381995e-07,123.09656,2.2736289e-12,-3.7223826e-12,5.7526717,0,0
1983,1.982,0,0,0,0,-0,0,0,0,0,0,0,0,0,0,0,0,0,0,0.52,1.2875122,-0.29453451,-1.573373,-3.7477854e-15,-1.2442156e-15,0.78293607,-1.0847761e-15,1.7435352e-15,-2.3563091,-4.5657088e-11,1.0391259e-14,-1.668958e-14,-1.4036233e-12,5.2926678e-09,-1.0524824e-10,-1.4406163e-09,-2.2378212e-07,123.09656,2.2825088e-12,-3.7288613e-12,5.7526717,0,0
1984,1.983,0,0,0,0,-0,0,0,0,0,0,0,0,0,0,0,0,0,0,0.52,1.2875122,-0.29453451,-1.573373,-3.7433999e-15,-1.2632899e-15,0.78293607,-1.0744304e-15,1.7269211e-15,-2.3563091,-4.5194932e-11,1.0300094e-14,-1.6538581e-14,-1.3904042e-12,-4.3683558e-09,1.0506591e-10,1.4409183e-09,2.2380856e-07,123.09656,2.2210521e-12,-3.6531502e-12,5.7526717,0,0
1985,1.984,0,0,0,0,-0,0,0,0,0,0,0,0,0,0,0,0,0,0,0.52,1.2875122,-0.29453451,-1.573373,-3.7390555e-15,-1.282187e-15,0.78293607,-1.0641807e-15,1.7104615e-15,-2.3563091,-4.4737267e-11,1.019944e-14,-1.6380559e-14,-1.3764164e-12,5.2836856e-09,-1.0526722e-10,-1.4406023e-09,-2.2378058e-07,123.09656,2.2118315e-12,-3.6202839e-12,5.7526717,0,0
1986,1.985,0,0,0,0,-0,0,0,0,0,0,0,0,0,0,0,0,0,0,0.52,1.2875122,-0.29453451,-1.573373,-3.734752e-15,-1.3009031e-15,0.78293607,-1.0540295e-15,1.6941592e-15,-2.3563091,-4.428405e-11,1.0102926e-14,-1.6224107e-14,-1.3625236e-12,-4.377251e-09,1.0507419e-10,1.4409152e-09,2.2380837e-07,123.09656,2.186844e-12,-3.5874242e-12,5.7526717,0,0
1987,1.986,0,0,0,0,-0,0,0,0,0,0,0,0,0,0,0,0,0,0,0.52,1.2875122,-0.29453451,-1.573373,-3.7304897e-15,-1.3194409e-15,0.78293607,-1.0439749e-15,1.6780123e-15,-2.3563091,-4.3835276e-11,1.0006186e-14,-1.606963e-14,-1.3486351e-12,5.2747989e-09,-1.0526767e-10,-1.4406062e-09,-2.2378059e-07,123.09656,2.167818e-12,-3.5524659e-12,5.7526717,0,0
1988,1.987,0,0,0,0,-0,0,0,0,0,0,0,0,0,0,0,0,0,0,0.52,1.2875122,-0.29453451,-1.573373,-3.7262679e-15,-1.3378019e-15,0.78293607,-1.0340164e-15,1.6620193e-15,-2.3563091,-4.3390943e-11,9.9108866e-15,-1.5916451e-14,-1.334749e-12,-4.3861326e-09,1.0507707e-10,1.4409126e-09,2.2380836e-07,123.09656,2.1463868e-12,-3.5187101e-12,5.7526717,0,0
1989,1.988,0,0,0,0,-0,0,0,0,0,0,0,0,0,0,0,0,0,0,0.52,1.2875122,-0.29453451,-1.573373,-3.7220862e-15,-1.3559879e-15,0.78293607,-1.0241528e-15,1.6461786e-15,-2.3563091,-4.2951044e-11,9.8163365e-15,-1.5764901e-14,-1.32087e-12,5.2659304e-09,-1.0526617e-10,-1.4406095e-09,-2.237806e-07,123.09656,2.1259564e-12,-3.484426e-12,5.7526717,0,0
1990,1.989,0,0,0,0,-0,0,0,0,0,0,0,0,0,0,0,0,0,0,0.52,1.2875122,-0.29453451,-1.573373,-3.7179443e-15,-1.3740007e-15,0.78293607,-1.0143832e-15,1.6304888e-15,-2.3563091,-4.2515581e-11,9.7228127e-15,-1.5614815e-14,-1.3069911e-12,-4.395004e-09,1.0507912e-10,1.4409097e-09,2.2380836e-07,123.09656,2.1050968e-12,-3.450363e-12,5.7526717,0,0
1991,1.99,0,0,0,0,-0,0,0,0,0,0,0,0,0,0,0,0,0,0,0.52,1.2875122,-0.29453451,-1.573373,-3.7138417e-15,-1.391842e-15,0.78293607,-1.0047067e-15,1.6149482e-15,-2.3563091,-4.2084552e-11,9.6301942e-15,-1.5466253e-14,-1.2931172e-12,5.2570618e-09,-1.0526436e-10,-1.4406126e-09,-2.2378061e-07,123.09656,2.0843643e-12,-3.416148e-12,5.7526717,0,0
1992,1.991,0,0,0,0,-0,0,0,0,0,0,0,0,0,0,0,0,0,0,0.52,1.2875122,-0.29453451,-1.573373,-3.7097781e-15,-1.4095135e-15,0.78293607,-9.9512234e-16,1.5995555e-15,-2.3563091,-4.165796e-11,9.5385364e-15,-1.5319191e-14,-1.2792597e-12,-4.4038772e-09,1.0508105e-10,1.4409067e-09,2.2380833e-07,123.09656,2.0634351e-12,-3.381818e-12,5.7526717,0,0
1993,1.992,0,0,0,0,-0,0,0,0,0,0,0,0,0,0,0,0,0,0,0.52,1.2875122,-0.29453451,-1.573373,-3.705753e-15,-1.4270169e-15,0.78293607,-9.856292e-16,1.5843091e-15,-2.3563091,-4.1235802e-11,9.4477285e-15,-1.5173535e-14,-1.2653763e-12,5.2481917e-09,-1.0526266e-10,-1.4406154e-09,-2.2378056e-07,123.09656,2.0428175e-12,-3.3477794e-12,5.7526717,0,0
1994,1.993,0,0,0,0,-0,0,0,0,0,0,0,0,0,0,0,0,0,0,0.52,1.2875122,-0.29453451,-1.573373,-3.7017657e-15,-1.4443591e-15,0.78293607,-9.7622302e-16,1.5692037e-15,-2.3563091,-4.0817955e-11,9.3646328e-15,-1.5037261e-14,-1.2565394e-12,-4.4124968e-09,1.0509647e-10,1.4408879e-09,2.2379824e-07,123.09656,1.9879871e-12,-3.2738814e-12,5.7526717,0,0
1995,1.994,0,0,0,0,-0,0,0,0,0,0,0,0,0,0,0,0,0,0,0.52,1.2875122,-0.29453451,-1.573373,-3.6978157e-15,-1.4615358e-15,0.78293607,-9.6690713e-16,1.5542419e-15,-2.3563091,-4.0404732e-11,9.2671615e-15,-1.4886355e-14,-1.2420121e-12,5.238943e-09,-1.0529141e-10,-1.4405861e-09,-2.2376918e-07,123.09656,2.009549e-12,-3.2803193e-12,5.7526717,0,0
1996,1.995,0,0,0,0,-0,0,0,0,0,0,0,0,0,0,0,0,0,0,0.52,1.2875122,-0.29453451,-1.573373,-3.6939039e-15,-1.4785444e-15,0.78293607,-9.5768279e-16,1.5394261e-15,-2.3563091,-3.9995893e-11,9.181507e-15,-1.4745204e-14,-1.2282458e-12,-4.4212655e-09,1.051201e-10,1.4408684e-09,2.2379671e-07,123.09656,1.9766049e-12,-3.2452852e-12,5.7526717,0,0
1997,1.996,0,0,0,0,-0,0,0,0,0,0,0,0,0,0,0,0,0,0,0.52,1.2875122,-0.29453451,-1.573373,-3.6900294e-15,-1.4953922e-15,0.78293607,-9.4854535e-16,1.5247508e-15,-2.3563091,-3.9591483e-11,9.0933836e-15,-1.4605578e-14,-1.2143798e-12,5.2300848e-09,-1.0529635e-10,-1.4405892e-09,-2.2376898e-07,123.09656,1.9603492e-12,-3.2096476e-12,5.7526717,0,0
1998,1.997,0,0,0,0,-0,0,0,0,0,0,0,0,0,0,0,0,0,0,0.52,1.2875122,-0.29453451,-1.573373,-3.6861914e-15,-1.51208e-15,0.78293607,-9.3949492e-16,1.5102145e-15,-2.3563091,-3.9191499e-11,9.0074633e-15,-1.4466945e-14,-1.200543e-12,-4.430115e-09,1.0512451e-10,1.4408664e-09,2.2379666e-07,123.09656,1.9374299e-12,-3.1760018e-12,5.7526717,0,0
1999,1.998,0,0,0,0,-0,0,0,0,0,0,0,0,0,0,0,0,0,0,0.52,1.2875122,-0.29453451,-1.573373,-3.6823894e-15,-1.5286153e-15,0.78293607,-9.3052664e-16,1.4958117e-15,-2.3563091,-3.879633e-11,8.9291018e-15,-1.4338549e-14,-1.191692e-12,5.2204512e-09,-1.0528123e-10,-1.4406096e-09,-2.2377895e-07,123.09656,1.8808231e-12,-3.0978442e-12,5.7526717,0,0
2000,1.999,0,0,0,0,-0,0,0,0,0,0,0,0,0,0,0,0,0,0,0.52,1.2875122,-0.29453451,-1.573373,-3.6786227e-15,-1.5449929e-15,0.78293607,-9.2164445e-16,1.4815457e-15,-2.3563091,-3.8405051e-11,8.8352785e-15,-1.4193539e-14,-1.1772115e-12,-4.437893e-09,1.0509359e-10,1.4408996e-09,2.2380791e-07,123.09656,1.9058298e-12,-3.1095914e-12,5.7526717,0,0
2001,2,0,0,0,0,-0,0,0,0,0,0,0,0,0,0,0,0,0,0,0.52,1.2875122,-0.29453451,-1.573373,-3.6748921e-15,-1.5612149e-15,0.78293607,-9.128464e-16,1.4674153e-15,-2.3563091,-3.8018139e-11,8.7608134e-15,-1.4067254e-14,-1.1684938e-12,5.2117167e-09,-1.0524252e-10,-1.4406471e-09,-2.2379048e-07,123.09656,1.8382532e-12,-3.034497e-12,5.7526717,0,0
