1,0,0,0,0,0,-0,0,0,0,0,0,0,0,0,0,-9.8065719,0,0,0,0.52,1.2883301,-0.29322991,-1.5707963,-3.269651e-15,-3.2627121e-15,0.78539816,-7.2409008e-31,-1.5730874e-31,-2.3561945,0,-0,0,0,-0.0014668148,-4.032768e-05,3.1906893e-05,0.012997892,-0.0081698724,3.6204504e-26,7.8654371e-27,0.024509617,0,0
2,0.001,0,0,-4.9032916e-06,0,-0,0,0,0,-0.0098065889,0,0,0,0,0,-9.8066025,0,0,0,0.52,1.2883301,-0.29323482,-1.5707963,-5.1028129e-13,5.7407169e-12,0.78539816,-3.7030956e-12,4.4201183e-12,-2.3561945,-8.8074607e-07,-2.2678671e-09,3.4821587e-09,4.5535857e-06,-0.00057231,4.5176657e-06,-5.0934333e-06,0.001178233,-0.0037404297,1.152449e-05,-1.76318e-05,0.0015825409,0,0
3,0.002,0,0,-1.9613187e-05,0,-0,0,0,0,-0.019613206,0,0,0,0,0,-9.8066243,0,0,0,0.52,1.2883301,-0.29324953,-1.5707963,-9.7854756e-13,7.4837754e-12,0.78539816,-4.6045098e-12,5.983761e-12,-2.3561945,-1.249925e-06,-6.9688183e-11,2.6075838e-10,4.833111e-06,-0.00028112727,1.1307513e-06,-1.9257465e-06,4.9819815e-05,-0.0018401859,5.786664e-07,-1.6029799e-06,-5.2910736e-05,0,0
4,0.003,0,0,-4.412971e-05,0,-0,0,0,0,-0.02941984,0,0,0,0,0,-9.8066368,0,0,0,0.52,1.2883301,-0.29327405,-1.5707963,-9.8514106e-13,7.3069786e-12,0.78539816,-4.4748333e-12,5.8634092e-12,-2.3561945,-1.4270314e-06,2.2997061e-10,-3.2606163e-10,4.7992352e-06,-0.0001414496,1.0665337e-07,-2.4473509e-07,-4.6493976e-05,-0.0008872869,-9.2611138e-07,1.3371377e-06,-0.00012450213,0,0
5,0.004,0,0,-7.845287e-05,0,-0,0,0,0,-0.039226482,0,0,0,0,0,-9.8066434,0,0,0,0.52,1.2883301,-0.29330837,-1.5707963,-9.1421004e-13,6.9324832e-12,0.78539816,-4.2601808e-12,5.5484451e-12,-2.3561945,-1.5096566e-06,1.9213977e-10,-2.8685937e-10,4.7481102e-06,-6.9379698e-05,-5.0483485e-08,6.8387652e-08,-5.0907325e-05,-0.00040054011,-7.4768982e-07,1.1568746e-06,-0.00010755593,0,0
6,0.005,0,0,-0.00012258268,0,-0,0,0,0,-0.049033129,0,0,0,0,0,-9.8066464,0,0,0,0.52,1.2883301,-0.2933525,-1.5707963,-8.582158e-13,6.6405133e-12,0.78539816,-4.0933208e-12,5.3023973e-12,-2.3561945,-1.5438544e-06,1.4290957e-10,-2.0803376e-10,4.698726e-06,-3.6643804e-05,-4.8526979e-08,7.6558686e-08,-4.9472034e-05,-0.00015322738,-5.0988179e-07,7.7504894e-07,-9.6805416e-05,0,0
7,0.006,0,0,-0.00017651913,0,-0,0,0,0,-0.058839777,0,0,0,0,0,-9.806648,0,0,0,0.52,1.2883301,-0.29340644,-1.5707963,-8.1820756e-13,6.4155581e-12,0.78539816,-3.9625436e-12,5.1150399e-12,-2.3561945,-1.5543819e-06,1.1257935e-10,-1.5787961e-10,4.6507955e-06,-1.9232935e-05,-3.6395804e-08,5.8955664e-08,-4.8444315e-05,-2.3351599e-05,-3.6476956e-07,5.3364605e-07,-9.0904029e-05,0,0
8,0.007,0,0,-0.00024026223,0,-0,0,0,0,-0.068646427,0,0,0,0,0,-9.8066493,0,0,0,0.52,1.2883301,-0.29347018,-1.5707963,-7.8924035e-13,6.2360829e-12,0.78539815,-3.8561183e-12,4.9676488e-12,-2.3561945,-1.5532844e-06,9.4249256e-11,-1.2740787e-10,4.6037816e-06,-5.6792974e-06,-2.4351996e-08,3.996638e-08,-4.7490734e-05,4.8683038e-05,-2.7844036e-07,3.8865692e-07,-8.7210669e-05,0,0
9,0.008,0,0,-0.00031381198,0,-0,0,0,0,-0.078453078,0,0,0,0,0,-9.8066501,0,0,0,0.52,1.2883301,-0.29354373,-1.5707963,-7.6711645e-13,6.0846267e-12,0.78539815,-3.7646666e-12,4.8449092e-12,-2.3561945,-1.5451174e-06,8.3965005e-11,-1.1041395e-10,4.5575117e-06,3.5515599e-06,-1.49735e-08,2.465141e-08,-4.6676825e-05,8.519276e-05,-2.3159169e-07,3.0982428e-07,-8.4903811e-05,0,0
10,0.009,0,0,-0.00039716839,0,-0,0,0,0,-0.088259729,0,0,0,0,0,-9.8066507,0,0,0,0.52,1.2883301,-0.29362709,-1.5707963,-7.4886482e-13,5.9492595e-12,0.78539815,-3.6818533e-12,4.7362842e-12,-2.3561944,-1.5330034e-06,7.8493949e-11,-1.0156755e-10,4.5118608e-06,9.2598521e-06,-8.6385371e-09,1.4114736e-08,-4.5992884e-05,0.00010150443,-2.0837708e-07,2.7102352e-07,-8.3392114e-05,0,0
11,0.01,0,0,-0.00049033144,0,-0,0,0,0,-0.09806638,0,0,0,0,0,-9.806651,0,0,0,0.52,1.2883301,-0.29372025,-1.5707963,-7.3263483e-13,5.8226909e-12,0.78539815,-3.6038321e-12,4.6353104e-12,-2.3561944,-1.5188944e-06,7.5625181e-11,-9.7148324e-11,4.4667479e-06,1.2492577e-05,-4.792024e-09,7.6510606e-09,-4.5406195e-05,0.00010721678,-1.979343e-07,2.539761e-07,-8.230041e-05,0,0
12,0.011,0,0,-0.00059330115,0,-0,0,0,0,-0.10787303,0,0,0,0,0,-9.8066511,0,0,0,0.52,1.2883301,-0.29382322,-1.5707963,-7.1739063e-13,5.7008811e-12,0.78539815,-3.5284789e-12,4.5383986e-12,-2.3561944,-1.5039189e-06,7.4019227e-11,-9.4880707e-11,4.4221245e-06,1.4147876e-05,-2.6679778e-09,4.0620981e-09,-4.4884339e-05,0.00010788879,-1.9367219e-07,2.4748361e-07,-8.1411682e-05,0,0
13,0.012,0,0,-0.0007060775,0,-0,0,0,0,-0.11767968,0,0,0,0,0,-9.8066512,0,0,0,0.52,1.2883301,-0.293936,-1.5707963,-7.0261183e-13,5.5818085e-12,0.78539815,-3.454732e-12,4.4437514e-12,-2.3561944,-1.4886796e-06,7.294373e-11,-9.3515018e-11,4.3779626e-06,1.4875502e-05,-1.6063235e-09,2.2644923e-09,-4.4402699e-05,0.00010649808,-1.9198205e-07,2.4538752e-07,-8.0610498e-05,0,0
14,0.013,0,0,-0.00082866051,0,-0,0,0,0,-0.12748633,0,0,0,0,0,-9.8066512,0,0,0,0.52,1.2883301,-0.29405858,-1.5707963,-6.8807022e-13,5.4645835e-12,0.78539815,-3.382124e-12,4.3505784e-12,-2.3561944,-1.4734698e-06,7.2038678e-11,-9.2435892e-11,4.3342465e-06,1.50984e-05,-1.1388097e-09,1.4742478e-09,-4.3944978e-05,0.00010449978,-1.9108719e-07,2.4465054e-07,-7.9840855e-05,0,0
15,0.014,0,0,-0.00096105017,0,-0,0,0,0,-0.13729298,0,0,0,0,0,-9.8066512,0,0,0,0.52,1.2883301,-0.29419097,-1.5707963,-6.7368651e-13,5.3488911e-12,0.78539814,-3.3104879e-12,4.2586006e-12,-2.3561944,-1.4584138e-06,7.1150103e-11,-9.1380093e-11,4.290967e-06,1.5070081e-05,-9.7198632e-10,1.1952825e-09,-4.3501366e-05,0.00010251761,-1.9022612e-07,2.4397043e-07,-7.907894e-05,0,0
16,0.015,0,0,-0.0011032465,0,-0,0,0,0,-0.14709964,0,0,0,0,0,-9.8066512,0,0,0,0.52,1.2883301,-0.29433317,-1.5707963,-6.5944809e-13,5.2346724e-12,0.78539814,-3.2397912e-12,4.1677678e-12,-2.3561944,-1.4435519e-06,7.0227012e-11,-9.0260433e-11,4.248118e-06,1.4931287e-05,-9.3938947e-10,1.1448675e-09,-4.3066409e-05,0.00010075904,-1.891455e-07,2.4291378e-07,-7.831685e-05,0,0
17,0.016,0,0,-0.0012552494,0,-0,0,0,0,-0.15690629,0,0,0,0,0,-9.8066512,0,0,0,0.52,1.2883301,-0.29448518,-1.5707963,-6.4536653e-13,5.1219617e-12,0.78539814,-3.1700498e-12,4.078112e-12,-2.3561944,-1.4288868e-06,6.9263734e-11,-8.906713e-11,4.2056953e-06,1.4753886e-05,-9.5531518e-10,1.1771577e-09,-4.2637314e-05,9.9246295e-05,-1.8781618e-07,2.4143005e-07,-7.7553708e-05,0,0
18,0.017,0,0,-0.0014170591,0,-0,0,0,0,-0.16671294,0,0,0,0,0,-9.8066512,0,0,0,0.52,1.2883301,-0.29464699,-1.5707963,-6.3145807e-13,5.0108106e-12,0.78539814,-3.1012889e-12,3.9896816e-12,-2.3561944,-1.4144075e-06,6.827067e-11,-8.7817795e-11,4.1636947e-06,1.4570798e-05,-9.8048088e-10,1.225276e-09,-4.2212785e-05,9.7934677e-05,-1.8628891e-07,2.3960489e-07,-7.6791151e-05,0,0
19,0.018,0,0,-0.0015886753,0,-0,0,0,0,-0.17651959,0,0,0,0,0,-9.8066511,0,0,0,0.52,1.2883301,-0.2948186,-1.5707963,-6.1773615e-13,4.9012601e-12,0.78539814,-3.0335278e-12,3.9025149e-12,-2.3561944,-1.400101e-06,6.7261092e-11,-8.6534915e-11,4.1221127e-06,1.4394622e-05,-9.9987928e-10,1.2636785e-09,-4.1792305e-05,9.6766911e-05,-1.8462907e-07,2.3754883e-07,-7.6031282e-05,0,0
20,0.019,0,0,-0.0017700982,0,-0,0,0,0,-0.18632624,0,0,0,0,0,-9.8066511,0,0,0,0.52,1.2883301,-0.29500003,-1.5707963,-6.0420961e-13,4.7933332e-12,0.78539814,-2.9667767e-12,3.8166343e-12,-2.3561944,-1.3859557e-06,6.6246164e-11,-8.5237412e-11,4.0809453e-06,1.4228368e-05,-1.0099116e-09,1.2862283e-09,-4.1375712e-05,9.5694199e-05,-1.8289198e-07,2.3535534e-07,-7.5275843e-05,0,0
21,0.02,0,0,-0.0019613278,0,-0,0,0,0,-0.19613289,0,0,0,0,0,-9.8066511,0,0,0,0.52,1.2883301,-0.29519126,-1.5707963,-5.9088319e-13,4.687037e-12,0.78539814,-2.9010371e-12,3.7320483e-12,-2.3561944,-1.3719632e-06,6.523383e-11,-8.3938743e-11,4.0401886e-06,1.4071167e-05,-1.0115263e-09,1.2945218e-09,-4.0963002e-05,9.4681315e-05,-1.811173e-07,2.330913e-07,-7.4526107e-05,0,0
22,0.021,0,0,-0.002162364,0,-0,0,0,0,-0.20593954,0,0,0,0,0,-9.8066511,0,0,0,0.52,1.2883302,-0.29539229,-1.5707963,-5.7775855e-13,4.5823666e-12,0.78539813,-2.8363045e-12,3.6487547e-12,-2.3561944,-1.3581172e-06,6.4229148e-11,-8.2647495e-11,3.9998388e-06,1.3921037e-05,-1.0069633e-09,1.2923393e-09,-4.0554209e-05,9.3705339e-05,-1.7933052e-07,2.3079974e-07,-7.3782856e-05,0,0
23,0.022,0,0,-0.0023732069,0,-0,0,0,0,-0.21574619,0,0,0,0,0,-9.8066511,0,0,0,0.52,1.2883302,-0.29560314,-1.5707963,-5.648354e-13,4.4793096e-12,0.78539813,-2.7725702e-12,3.5667443e-12,-2.3561944,-1.3444136e-06,6.3235047e-11,-8.1368666e-11,3.9598919e-06,1.3776064e-05,-9.9838891e-10,1.2833323e-09,-4.014936e-05,9.2752547e-05,-1.7754672e-07,2.2850612e-07,-7.3046511e-05,0,0
24,0.023,0,0,-0.0025938564,0,-0,0,0,0,-0.22555284,0,0,0,0,0,-9.8066511,0,0,0,0.52,1.2883302,-0.29582379,-1.5707963,-5.5211224e-13,4.3778491e-12,0.78539813,-2.7098234e-12,3.4860043e-12,-2.3561944,-1.3308495e-06,6.225307e-11,-8.0104919e-11,3.9203439e-06,1.363477e-05,-9.8744758e-10,1.2702757e-09,-3.9748468e-05,9.1815267e-05,-1.7577418e-07,2.2622438e-07,-7.2317294e-05,0,0
25,0.024,0,0,-0.0028243126,0,-0,0,0,0,-0.2353595,0,0,0,0,0,-9.8066511,0,0,0,0.52,1.2883302,-0.29605424,-1.5707963,-5.3958692e-13,4.2779656e-12,0.78539813,-2.6480519e-12,3.4065193e-12,-2.3561944,-1.3174226e-06,6.1283921e-11,-7.8857499e-11,3.8811908e-06,1.3496154e-05,-9.7524848e-10,1.2550385e-09,-3.9351535e-05,9.0889569e-05,-1.7401701e-07,2.2396153e-07,-7.1595287e-05,0,0
26,0.025,0,0,-0.0030645754,0,-0,0,0,0,-0.24516615,0,0,0,0,0,-9.8066511,0,0,0,0.52,1.2883302,-0.29629451,-1.5707963,-5.2725697e-13,4.1796387e-12,0.78539813,-2.5872428e-12,3.328273e-12,-2.3561944,-1.3041313e-06,6.0327823e-11,-7.762685e-11,3.8424287e-06,1.3359588e-05,-9.6248118e-10,1.2387792e-09,-3.8958542e-05,8.9973596e-05,-1.7227698e-07,2.217206e-07,-7.0880468e-05,0,0
27,0.026,0,0,-0.0033146449,0,-0,0,0,0,-0.2549728,0,0,0,0,0,-9.806651,0,0,0,0.52,1.2883302,-0.29654458,-1.5707963,-5.1511979e-13,4.0828473e-12,0.78539813,-2.5273833e-12,3.2512489e-12,-2.3561944,-1.2909741e-06,5.9384757e-11,-7.6413002e-11,3.8040538e-06,1.3224706e-05,-9.4953802e-10,1.2221578e-09,-3.8569459e-05,8.9066587e-05,-1.7055462e-07,2.1950257e-07,-7.0172808e-05,0,0
28,0.027,0,0,-0.003574521,0,-0,0,0,0,-0.26477945,0,0,0,0,0,-9.806651,0,0,0,0.52,1.2883302,-0.29680445,-1.5707962,-5.0317276e-13,3.9875707e-12,0.78539813,-2.4684604e-12,3.1754304e-12,-2.3561944,-1.2779495e-06,5.8454601e-11,-7.5215815e-11,3.7660622e-06,1.3091308e-05,-9.3661642e-10,1.2055112e-09,-3.818426e-05,8.8168296e-05,-1.6884999e-07,2.1730755e-07,-6.9472203e-05,0,0
29,0.028,0,0,-0.0038442038,0,-0,0,0,0,-0.2745861,0,0,0,0,0,-9.806651,0,0,0,0.52,1.2883302,-0.29707414,-1.5707962,-4.9141324e-13,3.8937881e-12,0.78539812,-2.4104613e-12,3.1008008e-12,-2.3561944,-1.2650562e-06,5.7537176e-11,-7.403505e-11,3.7284499e-06,1.2959291e-05,-9.2382255e-10,1.1890135e-09,-3.7802906e-05,8.7278687e-05,-1.6716281e-07,2.1513521e-07,-6.877862e-05,0,0
30,0.029,0,0,-0.0041236932,0,-0,0,0,0,-0.28439275,0,0,0,0,0,-9.806651,0,0,0,0.52,1.2883302,-0.29735363,-1.5707962,-4.7983865e-13,3.8014791e-12,0.78539812,-2.3533734e-12,3.027344e-12,-2.3561944,-1.2522929e-06,5.6632299e-11,-7.2870465e-11,3.6912133e-06,1.2828604e-05,-9.1119181e-10,1.1727276e-09,-3.7425362e-05,8.6397755e-05,-1.6549283e-07,2.1298513e-07,-6.8091977e-05,0,0
31,0.03,0,0,-0.0044129893,0,-0,0,0,0,-0.2941994,0,0,0,0,0,-9.806651,0,0,0,0.52,1.2883302,-0.29764293,-1.5707962,-4.6844646e-13,3.7106234e-12,0.78539812,-2.2971843e-12,2.9550438e-12,-2.3561944,-1.2396584e-06,5.5739789e-11,-7.1721816e-11,3.6543486e-06,1.269922e-05,-8.9873762e-10,1.1566754e-09,-3.7051588e-05,8.5525519e-05,-1.6383973e-07,2.1085689e-07,-6.7412192e-05,0,0
32,0.031,0,0,-0.004712092,0,-0,0,0,0,-0.30400605,0,0,0,0,0,-9.806651,0,0,0,0.52,1.2883302,-0.29794203,-1.5707962,-4.5723415e-13,3.6212013e-12,0.78539812,-2.2418816e-12,2.8838845e-12,-2.3561944,-1.2271513e-06,5.4859469e-11,-7.058887e-11,3.6178521e-06,1.2571126e-05,-8.8645873e-10,1.140856e-09,-3.6681547e-05,8.4661975e-05,-1.6220327e-07,2.0875012e-07,-6.6739195e-05,0,0
33,0.032,0,0,-0.0050210014,0,-0,0,0,0,-0.3138127,0,0,0,0,0,-9.806651,0,0,0,0.52,1.2883302,-0.29825094,-1.5707962,-4.4619926e-13,3.5331931e-12,0.78539812,-2.1874532e-12,2.8138505e-12,-2.3561944,-1.2147704e-06,5.399118e-11,-6.9471414e-11,3.5817201e-06,1.2444312e-05,-8.7434559e-10,1.1252556e-09,-3.6315203e-05,8.3807073e-05,-1.6058324e-07,2.0666455e-07,-6.6072927e-05,0,0
34,0.033,0,0,-0.0053397174,0,-0,0,0,0,-0.32361935,0,0,0,0,0,-9.806651,0,0,0,0.52,1.2883302,-0.29856966,-1.5707962,-4.3533936e-13,3.4465795e-12,0.78539812,-2.1338872e-12,2.7449263e-12,-2.3561944,-1.2025144e-06,5.3134761e-11,-6.836924e-11,3.5459489e-06,1.2318769e-05,-8.6239467e-10,1.1098678e-09,-3.595252e-05,8.2960779e-05,-1.5897944e-07,2.0459989e-07,-6.5413316e-05,0,0
35,0.034,0,0,-0.0056682401,0,-0,0,0,0,-0.33342601,0,0,0,0,0,-9.806651,0,0,0,0.52,1.2883302,-0.29889818,-1.5707962,-4.2465205e-13,3.3613414e-12,0.78539812,-2.0811719e-12,2.6770968e-12,-2.3561943,-1.1903821e-06,5.2290048e-11,-6.7282137e-11,3.510535e-06,1.2194487e-05,-8.5060682e-10,1.0946917e-09,-3.5593455e-05,8.2123015e-05,-1.5739165e-07,2.0255584e-07,-6.4760271e-05,0,0
36,0.035,0,0,-0.0060065694,0,-0,0,0,0,-0.34323266,0,0,0,0,0,-9.806651,0,0,0,0.52,1.2883302,-0.29923651,-1.5707962,-4.1413498e-13,3.27746e-12,0.78539812,-2.0292955e-12,2.6103471e-12,-2.3561943,-1.1783721e-06,5.1456902e-11,-6.6209921e-11,3.4754747e-06,1.2071456e-05,-8.389665e-10,1.0797078e-09,-3.5237978e-05,8.1293694e-05,-1.5581973e-07,2.0053225e-07,-6.4113762e-05,0,0
37,0.036,0,0,-0.0063547054,0,-0,0,0,0,-0.35303931,0,0,0,0,0,-9.8066509,0,0,0,0.52,1.2883302,-0.29958465,-1.5707962,-4.037858e-13,3.1949168e-12,0.78539812,-1.9782466e-12,2.5446622e-12,-2.3561943,-1.1664834e-06,5.0635168e-11,-6.5152395e-11,3.4407647e-06,1.1949665e-05,-8.2747804e-10,1.0649198e-09,-3.4886051e-05,8.0472761e-05,-1.5426351e-07,1.9852886e-07,-6.3473721e-05,0,0
38,0.037,0,0,-0.006712648,0,-0,0,0,0,-0.36284596,0,0,0,0,0,-9.8066509,0,0,0,0.52,1.2883302,-0.29994259,-1.5707962,-3.9360222e-13,3.1136933e-12,0.78539811,-1.9280138e-12,2.4800277e-12,-2.3561943,-1.1547145e-06,4.9824707e-11,-6.4109378e-11,3.4064012e-06,1.1829102e-05,-8.1613368e-10,1.050318e-09,-3.4537641e-05,7.9660116e-05,-1.5272284e-07,1.9654551e-07,-6.2840035e-05,0,0
39,0.038,0,0,-0.0070803973,0,-0,0,0,0,-0.37265261,0,0,0,0,0,-9.8066509,0,0,0,0.52,1.2883302,-0.30031034,-1.5707962,-3.8358195e-13,3.0337716e-12,0.78539811,-1.878586e-12,2.416429e-12,-2.3561943,-1.1430645e-06,4.9025368e-11,-6.3080679e-11,3.372381e-06,1.1709755e-05,-8.0493672e-10,1.0359055e-09,-3.4192708e-05,7.8855678e-05,-1.5119754e-07,1.9458194e-07,-6.2212686e-05,0,0
40,0.039,0,0,-0.007457222,0,-0,0,0,0,-0.38136246,0,0,0,0,0,-9.075449,0,0,0,0.52,1.2883321,-0.3006831,-1.570789,-2.2282925e-09,1.1230245e-08,0.78540578,-6.3654187e-09,9.5165747e-09,-2.3561948,0.011496139,-9.545335e-06,1.4271269e-05,-0.00064213128,7.6648584,-0.0063635896,0.0095142218,-0.43034717,-57.869516,0.048044946,-0.071832174,3.248804,0,0
41,0.04,0,0,-0.0078424375,0,-0,0,0,0,-0.38941077,0,0,0,0,0,-8.3906937,0,0,0,0.51999999,1.2883364,-0.30105954,-1.5707731,-5.8700822e-09,2.8005636e-08,0.78542231,-1.5652783e-08,2.3953372e-08,-2.3561954,0.020973201,-1.0749277e-05,1.6898117e-05,-0.00075919439,8.8729944,-0.0029238243,0.0049226391,-0.22149113,-106.08166,0.054529022,-0.085688253,3.866542,0,0
42,0.041,0,0,-0.0082354528,0,-0,0,0,0,-0.39691529,0,0,0,0,0,-7.7999077,0,0,0,0.51999999,1.288343,-0.30143972,-1.5707496,-9.620254e-09,4.4262754e-08,0.78544652,-2.4497794e-08,3.8099856e-08,-2.3561961,0.028047674,-8.6238338e-06,1.4001327e-05,-0.00068918386,7.6739799,0.00044235376,-0.00029031357,-0.027156693,-142.66456,0.044344059,-0.071911628,3.5502696,0,0
43,0.042,0,0,-0.0086357832,0,-0,0,0,0,-0.40398788,0,0,0,0,0,-7.3150275,0,0,0,0.51999999,1.2883513,-0.30182405,-1.57072,-1.2714609e-08,5.7154012e-08,0.78547668,-3.1427287e-08,4.9402108e-08,-2.3561967,0.033134191,-5.9717342e-06,9.8801362e-06,-0.00059501562,5.9490047,0.0019155177,-0.0028442317,0.053726595,-169.60513,0.031430035,-0.051870787,3.1105224,0,0
44,0.043,0,0,-0.0090430382,0,-0,0,0,0,-0.41071742,0,0,0,0,0,-6.9247028,0,0,0,0.51999998,1.288361,-0.30221296,-1.570686,-1.4969021e-08,6.6337727e-08,0.78551128,-3.6329669e-08,5.7488444e-08,-2.3561973,0.036817002,-3.8888259e-06,6.478378e-06,-0.00052893385,4.4382093,0.0020271115,-0.0032159161,0.061963381,-189.74908,0.021260613,-0.035266312,2.8081093,0,0
45,0.044,0,0,-0.0094569013,0,-0,0,0,0,-0.41716712,0,0,0,0,0,-6.6080399,0,0,0,0.51999998,1.2883717,-0.3026067,-1.5706486,-1.6518486e-08,7.261149e-08,0.78554922,-3.9673268e-08,6.3018418e-08,-2.3561978,0.039604416,-2.5642079e-06,4.2517936e-06,-0.00049533072,3.3376786,0.0015587825,-0.0025563616,0.043056547,-205.58293,0.014804703,-0.024409889,2.6659366,0,0
46,0.045,0,0,-0.009877108,0,-0,0,0,0,-0.42337838,0,0,0,0,0,-6.3435171,0,0,0,0.51999998,1.2883831,-0.3030054,-1.5706085,-1.758975e-08,7.6988917e-08,0.78558977,-4.2014373e-08,6.6869168e-08,-2.3561983,0.041864707,-1.8398576e-06,3.011137e-06,-0.000484695,2.6194206,0.0010024944,-0.001679225,0.021442664,-218.91214,0.011300006,-0.018399143,2.6375288,0,0
47,0.046,0,0,-0.010303428,0,-0,0,0,0,-0.4293764,0,0,0,0,0,-6.1131829,0,0,0,0.51999998,1.2883953,-0.30340905,-1.5705663,-1.8382711e-08,8.029096e-08,0.78563251,-4.3792098e-08,6.9762561e-08,-2.3561988,0.043836501,-1.4960354e-06,2.414716e-06,-0.00048709438,2.1876695,0.0005633796,-0.00095735566,0.0055479649,-230.90824,0.0096697817,-0.015561708,2.6740191,0,0
48,0.047,0,0,-0.010735651,0,-0,0,0,0,-0.43517549,0,0,0,0,0,-5.9037903,0,0,0,0.51999998,1.288408,-0.30381757,-1.5705221,-1.9034446e-08,8.3055711e-08,0.7856772,-4.5290017e-08,7.2176007e-08,-2.3561993,0.045661459,-1.3580166e-06,2.1734712e-06,-0.00049568393,1.9458617,0.00027980573,-0.00047994837,-0.0038770448,-242.26745,0.0090545837,-0.014476157,2.7416541,0,0
49,0.048,0,0,-0.011173581,0,-0,0,0,0,-0.44078317,0,0,0,0,0,-5.7063841,0,0,0,0.51999998,1.2884212,-0.30423083,-1.5704761,-1.9624289e-08,8.5585645e-08,0.78572371,-4.6665943e-08,7.437947e-08,-2.3561998,0.047416991,-1.3149292e-06,2.0984714e-06,-0.00050655702,1.8189752,0.0001219935,-0.00020998266,-0.0085410722,-253.37049,0.0089079431,-0.014211331,2.8211339,0,0
50,0.049,0,0,-0.011617027,0,-0,0,0,0,-0.44620298,0,0,0,0,0,-5.515332,0,0,0,0.51999998,1.2884349,-0.30464868,-1.5704283,-2.0191506e-08,8.8027141e-08,0.78577197,-4.7995644e-08,7.6504204e-08,-2.3562003,0.049141597,-1.3065881e-06,2.0853697e-06,-0.00051776335,1.7560622,4.6225219e-05,-7.8728735e-05,-0.010317912,-264.4067,0.0089327227,-0.014252059,2.9027958,0,0
51,0.05,0,0,-0.012065799,0,-0,0,0,0,-0.45143629,0,0,0,0,0,-5.3273205,0,0,0,0.51999998,1.2884491,-0.30507094,-1.5703788,-2.0752004e-08,9.0438063e-08,0.78582196,-4.9308805e-08,7.860236e-08,-2.3562008,0.050852045,-1.3048919e-06,2.0848677e-06,-0.00052844991,1.7256529,1.6539243e-05,-2.6577555e-05,-0.010563677,-275.4584,0.0089898995,-0.014354457,2.982387,0,0
52,0.051,0,0,-0.012519712,0,-0,0,0,0,-0.45648343,0,0,0,0,0,-5.1405339,0,0,0,0.51999998,1.2884638,-0.30549742,-1.5703277,-2.1309998e-08,9.2832799e-08,0.78587366,-5.0612634e-08,8.0687089e-08,-2.3562013,0.052553974,-1.2991626e-06,2.0780148e-06,-0.00053830721,1.7098371,9.332565e-06,-1.3427761e-05,-0.010092759,-286.553,0.0090264448,-0.014424429,3.0583365,0,0
53,0.052,0,0,-0.01297858,0,-0,0,0,0,-0.46134426,0,0,0,0,0,-4.9540599,0,0,0,0.51999998,1.288479,-0.30592797,-1.5702748,-2.186483e-08,9.5207935e-08,0.78592706,-5.1905188e-08,8.2755505e-08,-2.3562019,0.054247919,-1.2869164e-06,2.0602604e-06,-0.0005472632,1.6992421,1.1275008e-05,-1.6312189e-05,-0.0093349165,-297.69263,0.0090298414,-0.014439077,3.1302463,0,0
54,0.053,0,0,-0.013442214,0,-0,0,0,0,-0.46601847,0,0,0,0,0,-4.767498,0,0,0,0.51999998,1.2884947,-0.30636238,-1.5702203,-2.2414397e-08,9.7554972e-08,0.78598215,-5.3181945e-08,8.4800111e-08,-2.3562024,0.05593246,-1.2688592e-06,2.0327007e-06,-0.00055533206,1.6894419,1.579649e-05,-2.3810568e-05,-0.0084908736,-308.86973,0.0090033931,-0.014403509,3.1981449,0,0
55,0.054,0,0,-0.01391043,0,-0,0,0,0,-0.4705058,0,0,0,0,0,-4.5807181,0,0,0,0.51999997,1.2885109,-0.30680048,-1.5701641,-2.2956611e-08,9.9865653e-08,0.78603891,-5.4438547e-08,8.6813592e-08,-2.356203,0.057605715,-1.2465232e-06,1.9979184e-06,-0.0005625474,1.6786505,2.0156142e-05,-3.1125066e-05,-0.0076405202,-320.07432,0.0089545433,-0.014330271,3.2621579,0,0
56,0.055,0,0,-0.014383039,0,-0,0,0,0,-0.47480602,0,0,0,0,0,-4.3937214,0,0,0,0.51999997,1.2885275,-0.30724209,-1.5701062,-2.3489856e-08,1.0213361e-07,0.78609735,-5.5671633e-08,8.8790304e-08,-2.3562036,0.059265933,-1.2213293e-06,1.9583275e-06,-0.00056893736,1.6663621,2.351462e-05,-3.676894e-05,-0.0068068104,-331.29705,0.0088902284,-0.014231153,3.3223844,0,0
57,0.056,0,0,-0.014859855,0,-0,0,0,0,-0.47891901,0,0,0,0,0,-4.206566,0,0,0,0.51999997,1.2885446,-0.30768703,-1.5700467,-2.4013017e-08,1.0435445e-07,0.78615743,-5.6878879e-08,9.0726347e-08,-2.3562041,0.06091167,-1.1943248e-06,1.9157079e-06,-0.00057451822,1.6526118,2.5841217e-05,-4.0669395e-05,-0.005989511,-342.53,0.0088155681,-0.014114857,3.3788649,0,0
58,0.057,0,0,-0.01534069,0,-0,0,0,0,-0.48284472,0,0,0,0,0,-4.0193293,0,0,0,0.51999997,1.2885622,-0.30813511,-1.5699855,-2.4525373e-08,1.0652528e-07,0.78621916,-5.8058756e-08,9.2619173e-08,-2.3562047,0.062541776,-1.1661932e-06,1.8712187e-06,-0.00057929539,1.6376082,2.7368166e-05,-4.3215928e-05,-0.0051812866,-353.76668,0.0087339037,-0.013987052,3.431586,0,0
59,0.058,0,0,-0.015825357,0,-0,0,0,0,-0.4865832,0,0,0,0,0,-3.832092,0,0,0,0.51999997,1.2885803,-0.30858617,-1.5699228,-2.5026465e-08,1.0864426e-07,0.7862825,-5.9210278e-08,9.4467151e-08,-2.3562053,0.064155332,-1.1373449e-06,1.8255537e-06,-0.00058326641,1.6215731,2.8354889e-05,-4.4848626e-05,-0.0043744389,-365.00169,0.0086472386,-0.013851126,3.480495,0,0
60,0.059,0,0,-0.016313669,0,-0,0,0,0,-0.49013455,0,0,0,0,0,-3.6449316,0,0,0,0.51999997,1.2885988,-0.30904002,-1.5698584,-2.5515996e-08,1.1071016e-07,0.78634745,-6.0332793e-08,9.6269212e-08,-2.3562059,0.065751573,-1.108011e-06,1.7791014e-06,-0.00058642389,1.604685,2.9007592e-05,-4.591773e-05,-0.0035631366,-376.23035,0.0085566946,-0.013708968,3.5255146,0,0
61,0.06,0,0,-0.016805439,0,-0,0,0,0,-0.49349896,0,0,0,0,0,-3.4579211,0,0,0,0.51999997,1.2886178,-0.30949649,-1.5697925,-2.599376e-08,1.1272215e-07,0.78641399,-6.1425841e-08,9.802461e-08,-2.3562065,0.067329836,-1.0783145e-06,1.7320676e-06,-0.00058875788,1.5870708,2.9466871e-05,-4.6661772e-05,-0.0027437058,-387.44849,0.0084628644,-0.013561569,3.5665538,0,0
62,0.061,0,0,-0.01730048,0,-0,0,0,0,-0.4966767,0,0,0,0,0,-3.2711292,0,0,0,0.51999997,1.2886373,-0.30995539,-1.569725,-2.6459604e-08,1.1467955e-07,0.78648209,-6.248907e-08,9.9732781e-08,-2.356207,0.068889522,-1.0483187e-06,1.6845571e-06,-0.00059025738,1.5688142,2.981945e-05,-4.7227606e-05,-0.0019142347,-398.65217,0.0083660472,-0.013409425,3.6035163,0,0
63,0.062,0,0,-0.017798606,0,-0,0,0,0,-0.49966807,0,0,0,0,0,-3.084622,0,0,0,0.51999997,1.2886572,-0.31041656,-1.5696559,-2.6913398e-08,1.1658185e-07,0.78655175,-6.3522183e-08,1.0139325e-07,-2.3562076,0.070430068,-1.0180566e-06,1.6366231e-06,-0.00059091133,1.5499686,3.0114604e-05,-4.76985e-05,-0.0010740473,-409.83766,0.008266392,-0.013252778,3.6363048,0,0
64,0.063,0,0,-0.01829963,0,-0,0,0,0,-0.50247345,0,0,0,0,0,-2.8984628,0,0,0,0.51999997,1.2886775,-0.31087981,-1.5695853,-2.7355027e-08,1.1842855e-07,0.78662293,-6.4524919e-08,1.0300561e-07,-2.3562082,0.071950936,-9.8754663e-07,1.5882954e-06,-0.00059070919,1.5305679,3.0378156e-05,-4.8117999e-05,-0.00022325395,-421.00128,0.0081639791,-0.013091757,3.664824,0,0
65,0.064,0,0,-0.018803367,0,-0,0,0,0,-0.50509329,0,0,0,0,0,-2.7127136,0,0,0,0.51999997,1.2886983,-0.31134497,-1.5695132,-2.7784382e-08,1.2021922e-07,0.78669563,-6.5497032e-08,1.0456946e-07,-2.3562088,0.073451604,-9.568021e-07,1.5395942e-06,-0.00058964121,1.510635,3.0622403e-05,-4.8506796e-05,0.00063757132,-432.13943,0.0080588621,-0.012926444,3.6889821,0,0
66,0.065,0,0,-0.019309631,0,-0,0,0,0,-0.50752808,0,0,0,0,0,-2.5274354,0,0,0,0.51999997,1.2887195,-0.31181186,-1.5694396,-2.8201359e-08,1.2195342e-07,0.78676981,-6.6438293e-08,1.0608443e-07,-2.3562094,0.074931567,-9.2583464e-07,1.4905374e-06,-0.00058769859,1.4901866,3.0852444e-05,-4.8873447e-05,0.0015076,-443.24857,0.0079510878,-0.012756909,3.7086916,0,0
67,0.066,0,0,-0.019818238,0,-0,0,0,0,-0.5097784,0,0,0,0,0,-2.342688,0,0,0,0.51999997,1.2887412,-0.31228031,-1.5693645,-2.8605859e-08,1.2363076e-07,0.78684547,-6.7348484e-08,1.0755018e-07,-2.35621,0.076390328,-8.9465604e-07,1.4411432e-06,-0.00058487358,1.4692364,3.1069878e-05,-4.922062e-05,0.0023858734,-454.32516,0.0078407044,-0.012583225,3.7238699,0,0
68,0.067,0,0,-0.020329004,0,-0,0,0,0,-0.51184485,0,0,0,0,0,-2.1585307,0,0,0,0.51999997,1.2887632,-0.31275016,-1.569288,-2.8997785e-08,1.2525087e-07,0.78692257,-6.82274e-08,1.0896639e-07,-2.3562106,0.077827405,-8.6327875e-07,1.3914308e-06,-0.00058115946,1.4477971,3.1274818e-05,-4.9548486e-05,0.0032713717,-465.36572,0.0077277638,-0.012405473,3.734439,0,0
69,0.068,0,0,-0.020841745,0,-0,0,0,0,-0.51372812,0,0,0,0,0,-1.9750218,0,0,0,0.51999997,1.2887857,-0.31322122,-1.56921,-2.9377047e-08,1.2681339e-07,0.7870011,-6.907485e-08,1.1033274e-07,-2.3562112,0.079242328,-8.3171583e-07,1.3414205e-06,-0.00057655058,1.4258808,3.1466886e-05,-4.9856391e-05,0.0041630486,-476.36681,0.0076123217,-0.012223739,3.7403262,0,0
70,0.069,0,0,-0.021356277,0,-0,0,0,0,-0.51542894,0,0,0,0,0,-1.7922193,0,0,0,0.51999997,1.2888086,-0.31369332,-1.5691307,-2.9743557e-08,1.28318e-07,0.78708104,-6.9890653e-08,1.1164894e-07,-2.3562117,0.080634637,-7.999808e-07,1.2911333e-06,-0.00057104233,1.4034996,3.1645649e-05,-5.0143599e-05,0.0050598486,-487.325,0.0074944367,-0.012038113,3.7414636,0,0
71,0.07,0,0,-0.02187242,0,-0,0,0,0,-0.5169481,0,0,0,0,0,-1.6101801,0,0,0,0.51999997,1.2888319,-0.3141663,-1.5690499,-3.0097233e-08,1.297644e-07,0.78716235,-7.0674646e-08,1.1291474e-07,-2.3562123,0.082003886,-7.6808745e-07,1.2405907e-06,-0.00056463118,1.3806658,3.1810786e-05,-5.040955e-05,0.0059607132,-498.23692,0.0073741695,-0.011848691,3.7377884,0,0
72,0.071,0,0,-0.022389992,0,-0,0,0,0,-0.51828645,0,0,0,0,0,-1.4289607,0,0,0,0.51999997,1.2888556,-0.31463999,-1.5689678,-3.0437998e-08,1.311523e-07,0.78724502,-7.1426677e-08,1.1412988e-07,-2.3562129,0.083349641,-7.3604968e-07,1.1898146e-06,-0.00055731466,1.3573918,3.1962106e-05,-5.0653912e-05,0.0068645839,-509.09924,0.0072515823,-0.011655567,3.7292432,0,0
73,0.072,0,0,-0.022908813,0,-0,0,0,0,-0.51944489,0,0,0,0,0,-1.2486166,0,0,0,0.51999997,1.2888797,-0.31511422,-1.5688844,-3.0765779e-08,1.3248147e-07,0.78732903,-7.2146608e-08,1.1529414e-07,-2.3562134,0.08467148,-7.0388143e-07,1.1388268e-06,-0.00054909135,1.3336902,3.2099535e-05,-5.0876545e-05,0.0077704027,-519.90867,0.0071267376,-0.011458841,3.7157754,0,0
74,0.073,0,0,-0.023428703,0,-0,0,0,0,-0.52042439,0,0,0,0,0,-1.0692029,0,0,0,0.51999997,1.2889042,-0.31558881,-1.5687996,-3.1080508e-08,1.3375166e-07,0.78741434,-7.2834316e-08,1.1640733e-07,-2.356214,0.085968995,-6.7159658e-07,1.0876489e-06,-0.00053996088,1.3095736,3.2223079e-05,-5.1077444e-05,0.0086771124,-530.66195,0.0069996987,-0.011258611,3.6973381,0,0
75,0.074,0,0,-0.023949483,0,-0,0,0,0,-0.52122595,0,0,0,0,0,-0.89077377,0,0,0,0.51999997,1.288929,-0.31606362,-1.5687135,-3.1382122e-08,1.3496268e-07,0.78750094,-7.3489692e-08,1.1746926e-07,-2.3562145,0.08724179,-6.3920892e-07,1.0363026e-06,-0.00052992395,1.2850546,3.2332797e-05,-5.1256695e-05,0.0095836573,-541.35589,0.0068705292,-0.011054976,3.6738892,0,0
76,0.075,0,0,-0.024470977,0,-0,0,0,0,-0.52185063,0,0,0,0,0,-0.71338251,0,0,0,0.51999997,1.2889543,-0.31653847,-1.5686262,-3.1670562e-08,1.3611435e-07,0.7875888,-7.4112638e-08,1.1847978e-07,-2.356215,0.088489482,-6.0673215e-07,9.8480926e-07,-0.00051898231,1.2601461,3.2428783e-05,-5.1414436e-05,0.010488984,-551.98732,0.0067392927,-0.010848035,3.6453923,0,0
77,0.076,0,0,-0.024993008,0,-0,0,0,0,-0.52229957,0,0,0,0,0,-0.53708179,0,0,0,0.51999997,1.2889799,-0.31701319,-1.5685376,-3.1945776e-08,1.3720652e-07,0.78767789,-7.4703074e-08,1.1943874e-07,-2.3562155,0.0897117,-5.7417982e-07,9.3319022e-07,-0.00050713874,1.2348609,3.2511145e-05,-5.1550836e-05,0.011392042,-562.55313,0.0066060528,-0.010637888,3.6118162,0,0
78,0.077,0,0,-0.025515401,0,-0,0,0,0,-0.52257391,0,0,0,0,0,-0.36192347,0,0,0,0.51999997,1.2890058,-0.31748764,-1.5684478,-3.2207715e-08,1.3823907e-07,0.7877682,-7.5260929e-08,1.2034604e-07,-2.356216,0.090908087,-5.4156539e-07,8.8146652e-07,-0.00049439708,1.2092116,3.2580003e-05,-5.1666077e-05,0.012291784,-573.05024,0.0064708734,-0.010424635,3.5731351,0,0
79,0.078,0,0,-0.026037982,0,-0,0,0,0,-0.52267489,0,0,0,0,0,-0.18795858,0,0,0,0.51999996,1.2890321,-0.31796164,-1.5683568,-3.2456336e-08,1.3921189e-07,0.78785968,-7.5786149e-08,1.2120158e-07,-2.3562165,0.092078298,-5.0890217e-07,8.2965904e-07,-0.00048076222,1.183211,3.2635481e-05,-5.176035e-05,0.013187171,-583.47562,0.0063338183,-0.010208374,3.5293286,0,0
80,0.079,0,0,-0.026560578,0,-0,0,0,0,-0.52260376,0,0,0,0,0,-0.015237342,0,0,0,0.51999996,1.2890588,-0.31843504,-1.5682647,-3.2691599e-08,1.401249e-07,0.78795233,-7.6278691e-08,1.2200529e-07,-2.356217,0.093222001,-4.7620335e-07,7.7778843e-07,-0.00046624005,1.156872,3.2677707e-05,-5.1833853e-05,0.014077167,-593.82632,0.0061949513,-0.0099892066,3.4803817,0,0
81,0.08,0,0,-0.027083018,0,-0,0,0,0,-0.52236186,0,0,0,0,0,0.15619084,0,0,0,0.51999996,1.2890858,-0.31890768,-1.5681713,-3.291347e-08,1.4097805e-07,0.7880461,-7.6738526e-08,1.2275711e-07,-2.3562174,0.094338876,-4.4348199e-07,7.2587519e-07,-0.00045083751,1.1302074,3.270681e-05,-5.1886781e-05,0.014960747,-604.09938,0.0060543363,-0.0097672313,3.4262849,0,0
82,0.081,0,0,-0.027605132,0,-0,0,0,0,-0.52195054,0,0,0,0,0,0.32627741,0,0,0,0.51999996,1.2891131,-0.3193794,-1.5680769,-3.312192e-08,1.4177132e-07,0.78814098,-7.7165639e-08,1.2345701e-07,-2.3562179,0.095428617,-4.1075102e-07,6.7393958e-07,-0.00043456255,1.10323,3.2722919e-05,-5.1919334e-05,0.015836893,-614.29194,0.005912037,-0.0095425482,3.3670341,0,0
83,0.082,0,0,-0.028126751,0,-0,0,0,0,-0.52137121,0,0,0,0,0,0.49497463,0,0,0,0.51999996,1.2891407,-0.31985006,-1.5679814,-3.3316924e-08,1.4250468e-07,0.78823693,-7.7560025e-08,1.2410497e-07,-2.3562183,0.096490931,-3.7802323e-07,6.2200167e-07,-0.00041742409,1.0759524,3.2726166e-05,-5.1931713e-05,0.0167046,-624.40115,0.0057681174,-0.0093152571,3.3026306,0,0
84,0.083,0,0,-0.028647707,0,-0,0,0,0,-0.52062535,0,0,0,0,0,0.66223565,0,0,0,0.51999996,1.2891687,-0.32031949,-1.5678848,-3.3498461e-08,1.4317816e-07,0.78833393,-7.7921695e-08,1.2470102e-07,-2.3562187,0.097525536,-3.4531129e-07,5.7008135e-07,-0.00039943208,1.0483875,3.2716683e-05,-5.1924119e-05,0.017562872,-634.42424,0.0056226412,-0.0090854576,3.2330813,0,0
85,0.084,0,0,-0.029167836,0,-0,0,0,0,-0.51971444,0,0,0,0,0,0.82801445,0,0,0,0.51999996,1.289197,-0.32078755,-1.5677872,-3.3666517e-08,1.4379181e-07,0.78843195,-7.825067e-08,1.2524516e-07,-2.3562191,0.098532164,-3.1262772e-07,5.1819828e-07,-0.00038059743,1.020548,3.2694603e-05,-5.1896755e-05,0.018410728,-644.35848,0.0054756721,-0.0088532496,3.1583981,0,0
86,0.085,0,0,-0.029686972,0,-0,0,0,0,-0.51864005,0,0,0,0,0,0.9922659,0,0,0,0.51999996,1.2892255,-0.32125409,-1.5676885,-3.3821081e-08,1.4434567e-07,0.78853097,-7.8546985e-08,1.2573746e-07,-2.3562195,0.09951056,-2.7998493e-07,4.6637192e-07,-0.00036093199,0.99244664,3.2660062e-05,-5.1849827e-05,0.019247201,-654.20118,0.0053272739,-0.0086187326,3.0785987,0,0
87,0.086,0,0,-0.030204953,0,-0,0,0,0,-0.51740377,0,0,0,0,0,1.1549458,0,0,0,0.51999996,1.2892544,-0.32171896,-1.5675889,-3.3962146e-08,1.4483983e-07,0.78863095,-7.8810687e-08,1.2617797e-07,-2.3562198,0.10046048,-2.4739517e-07,4.1462152e-07,-0.00034044858,0.96409611,3.2613194e-05,-5.178354e-05,0.020071338,-663.9497,0.0051775102,-0.0083820063,2.9937059,0,0
88,0.087,0,0,-0.030721618,0,-0,0,0,0,-0.51600722,0,0,0,0,0,1.3160106,0,0,0,0.51999996,1.2892835,-0.32218202,-1.5674883,-3.4089711e-08,1.4527441e-07,0.78873186,-7.9041834e-08,1.2656679e-07,-2.3562202,0.1013817,-2.1487056e-07,3.6296614e-07,-0.00031916094,0.93550907,3.2554138e-05,-5.1698102e-05,0.020882206,-673.60148,0.0050264445,-0.0081431702,2.9037478,0,0
89,0.088,0,0,-0.031236808,0,-0,0,0,0,-0.5144521,0,0,0,0,0,1.4754181,0,0,0,0.51999996,1.289313,-0.32264311,-1.5673868,-3.4203778e-08,1.4564953e-07,0.78883368,-7.9240499e-08,1.2690401e-07,-2.3562205,0.10227399,-1.8242308e-07,3.114246e-07,-0.00029708372,0.90669816,3.2483031e-05,-5.1593724e-05,0.021678887,-683.15397,0.0048741404,-0.0079023236,2.8087578,0,0
90,0.089,0,0,-0.031750365,0,-0,0,0,0,-0.51274012,0,0,0,0,0,1.6331266,0,0,0,0.51999996,1.2893426,-0.3231021,-1.5672844,-3.4304356e-08,1.4596534e-07,0.78893638,-7.9406763e-08,1.2718976e-07,-2.3562208,0.10313715,-1.5006458e-07,2.6001554e-07,-0.00027423244,0.87767597,3.2400014e-05,-5.1470617e-05,0.022460481,-692.60471,0.0047206611,-0.0076595658,2.7087746,0,0
91,0.09,0,0,-0.032262132,0,-0,0,0,0,-0.51087304,0,0,0,0,0,1.7890954,0,0,0,0.51999996,1.2893726,-0.32355885,-1.5671811,-3.4391456e-08,1.4622201e-07,0.78903993,-7.9540723e-08,1.2742418e-07,-2.356221,0.103971,-1.1780675e-07,2.0875735e-07,-0.00025062351,0.84845507,3.2305227e-05,-5.1328995e-05,0.023226111,-701.95127,0.0045660699,-0.007414996,2.6038418,0,0
92,0.091,0,0,-0.032771957,0,-0,0,0,0,-0.50885266,0,0,0,0,0,1.9432848,0,0,0,0.51999996,1.2894028,-0.32401322,-1.567077,-3.4465095e-08,1.4641974e-07,0.78914429,-7.9642483e-08,1.2760744e-07,-2.3562213,0.10477534,-8.5661139e-08,1.5766824e-07,-0.00022627419,0.81904798,3.2198813e-05,-5.1169072e-05,0.023974918,-711.19129,0.0044104299,-0.007168713,2.4940082,0,0
93,0.092,0,0,-0.033279685,0,-0,0,0,0,-0.50668082,0,0,0,0,0,2.0956561,0,0,0,0.51999996,1.2894332,-0.32446506,-1.566972,-3.4525293e-08,1.4655874e-07,0.78924945,-7.9712163e-08,1.277397e-07,-2.3562215,0.10555002,-5.3639171e-08,1.0676618e-07,-0.00020120255,0.78946716,3.2080916e-05,-5.0991066e-05,0.024706067,-720.32244,0.004253804,-0.0069208158,2.3793278,0,0
94,0.093,0,0,-0.033785168,0,-0,0,0,0,-0.50435939,0,0,0,0,0,2.2461712,0,0,0,0.51999996,1.2894639,-0.32491426,-1.5668663,-3.4572077e-08,1.4663924e-07,0.78935536,-7.9749891e-08,1.2782116e-07,-2.3562217,0.10629487,-2.1752108e-08,5.6068922e-08,-0.00017542747,0.75972505,3.1951681e-05,-5.0795194e-05,0.025418744,-729.34246,0.0040962551,-0.0066714028,2.2598592,0,0
95,0.094,0,0,-0.034288255,0,-0,0,0,0,-0.50189029,0,0,0,0,0,2.3947934,0,0,0,0.51999996,1.2894948,-0.32536067,-1.5667598,-3.4605476e-08,1.466615e-07,0.78946201,-7.9755808e-08,1.2785205e-07,-2.3562218,0.10700976,9.9889302e-09,5.5940011e-09,-0.0001489686,0.72983402,3.1811253e-05,-5.0581679e-05,0.026112159,-738.24914,0.0039378457,-0.0064205725,2.1356661,0,0
96,0.095,0,0,-0.034788802,0,-0,0,0,0,-0.49927545,0,0,0,0,0,2.5414865,0,0,0,0.51999996,1.289526,-0.32580416,-1.5666526,-3.4625524e-08,1.466258e-07,0.78956935,-7.9730065e-08,1.2783258e-07,-2.356222,0.10769455,4.1572973e-08,-4.464127e-08,-0.00012184636,0.69980637,3.1659779e-05,-5.035074e-05,0.026785549,-747.04034,0.0037786384,-0.0061684228,2.0068169,0,0
97,0.096,0,0,-0.035286662,0,-0,0,0,0,-0.49651687,0,0,0,0,0,2.6862155,0,0,0,0.51999996,1.2895573,-0.32624461,-1.5665447,-3.4632261e-08,1.4653243e-07,0.78967737,-7.9672824e-08,1.2776302e-07,-2.3562221,0.10834913,7.2989198e-08,-9.4619806e-08,-9.4081874e-05,0.66965437,3.149741e-05,-5.0102604e-05,0.027438172,-755.71394,0.0036186952,-0.0059150517,1.8733845,0,0
98,0.097,0,0,-0.035781693,0,-0,0,0,0,-0.49361656,0,0,0,0,0,2.8289462,0,0,0,0.51999996,1.2895889,-0.32668188,-1.5664361,-3.4625729e-08,1.463817e-07,0.78978602,-7.9584259e-08,1.2764361e-07,-2.3562221,0.10897339,1.0422693e-07,-1.4432475e-07,-6.5696986e-05,0.63939022,3.1324293e-05,-4.9837495e-05,0.028069316,-764.26792,0.0034580783,-0.0056605567,1.7354467,0,0
99,0.098,0,0,-0.036273754,0,-0,0,0,0,-0.49057657,0,0,0,0,0,2.9696456,0,0,0,0.51999996,1.2896206,-0.32711586,-1.5663269,-3.4605975e-08,1.4617396e-07,0.78989528,-7.9464554e-08,1.2747465e-07,-2.3562222,0.10956724,1.3527566e-07,-1.9373946e-07,-3.6714202e-05,0.60902603,3.1140581e-05,-4.9555641e-05,0.028678294,-772.70027,0.0032968494,-0.0054050351,1.5930854,0,0
100,0.099,0,0,-0.036762707,0,-0,0,0,0,-0.48739897,0,0,0,0,0,3.1082814,0,0,0,0.51999996,1.2896525,-0.32754641,-1.5662171,-3.4573053e-08,1.4590955e-07,0.79000512,-7.9313902e-08,1.2725643e-07,-2.3562222,0.11013058,1.6612501e-07,-2.4284755e-07,-7.1566781e-06,0.57857387,3.0946426e-05,-4.9257271e-05,0.029264448,-781.00908,0.0031350701,-0.0051485837,1.4463872,0,0
101,0.1,0,0,-0.037248415,0,-0,0,0,0,-0.48408587,0,0,0,0,0,3.2448224,0,0,0,0.51999996,1.2896846,-0.32797343,-1.5661067,-3.4527017e-08,1.4558885e-07,0.79011551,-7.9132508e-08,1.2698927e-07,-2.3562222,0.11066336,1.9676476e-07,-2.9163283e-07,2.2951816e-05,0.54804573,3.074198e-05,-4.8942616e-05,0.029827145,-789.19245,0.0029728016,-0.0048912992,1.2954428,0,0
102,0.101,0,0,-0.037730744,0,-0,0,0,0,-0.48063943,0,0,0,0,0,3.3792382,0,0,0,0.51999996,1.2897169,-0.32839679,-1.5659957,-3.4467928e-08,1.4521224e-07,0.79022642,-7.8920587e-08,1.2667349e-07,-2.3562222,0.11116552,2.2718487e-07,-3.4007939e-07,5.3586922e-05,0.51745352,3.05274e-05,-4.861191e-05,0.030365786,-797.24858,0.002810105,-0.0046332777,1.1403471,0,0
103,0.102,0,0,-0.038209562,0,-0,0,0,0,-0.4770618,0,0,0,0,0,3.5114997,0,0,0,0.51999996,1.2897493,-0.32881638,-1.5658843,-3.4395851e-08,1.4478014e-07,0.79033781,-7.8678363e-08,1.2630945e-07,-2.3562221,0.11163701,2.5737543e-07,-3.8817152e-07,8.4723722e-05,0.48680907,3.030284e-05,-4.8265387e-05,0.030879796,-805.17569,0.002647041,-0.0043746152,0.98119892,0,0
104,0.103,0,0,-0.038684738,0,-0,0,0,0,-0.47335518,0,0,0,0,0,3.6415783,0,0,0,0.51999996,1.2897819,-0.32923207,-1.5657723,-3.4310854e-08,1.4429297e-07,0.79044966,-7.8406071e-08,1.2589751e-07,-2.356222,0.11207779,2.873267e-07,-4.3589375e-07,0.00011633677,0.45612414,3.0068457e-05,-4.7903284e-05,0.031368633,-812.97209,0.00248367,-0.0041154069,0.81810104,0,0
105,0.104,0,0,-0.039156145,0,-0,0,0,0,-0.4695218,0,0,0,0,0,3.7694468,0,0,0,0.51999996,1.2898146,-0.32964377,-1.5656599,-3.4213011e-08,1.4375117e-07,0.79056194,-7.8103954e-08,1.2543804e-07,-2.3562219,0.11248784,3.1702909e-07,-4.8323086e-07,0.00014840014,0.4254104,2.982441e-05,-4.7525838e-05,0.031831786,-820.63611,0.0023200523,-0.0038557479,0.65116001,0,0
106,0.105,0,0,-0.039623656,0,-0,0,0,0,-0.4655639,0,0,0,0,0,3.8950787,0,0,0,0.51999996,1.2898475,-0.33005136,-1.5655471,-3.4102399e-08,1.4315522e-07,0.79067461,-7.7772266e-08,1.2493144e-07,-2.3562217,0.11286716,3.4647317e-07,-5.3016788e-07,0.00018088741,0.39467944,2.9570859e-05,-4.7133291e-05,0.032268774,-828.16617,0.0021562475,-0.0035957328,0.48048602,0,0
107,0.106,0,0,-0.040087149,0,-0,0,0,0,-0.46148377,0,0,0,0,0,4.0184487,0,0,0,0.51999996,1.2898805,-0.33045474,-1.5654339,-3.3979099e-08,1.4250558e-07,0.79078764,-7.741127e-08,1.2437812e-07,-2.3562215,0.11321573,3.7564968e-07,-5.7669006e-07,0.00021377174,0.36394273,2.9307962e-05,-4.6725885e-05,0.032679145,-835.56073,0.0019923151,-0.0033354555,0.30619276,0,0
108,0.107,0,0,-0.040546502,0,-0,0,0,0,-0.4572837,0,0,0,0,0,4.1395321,0,0,0,0.51999996,1.2899136,-0.33085379,-1.5653203,-3.3843197e-08,1.4180276e-07,0.79090101,-7.7021239e-08,1.2377849e-07,-2.3562213,0.11353358,4.0454953e-07,-6.2278291e-07,0.00024702589,0.33321169,2.9035883e-05,-4.6303862e-05,0.033062483,-842.81831,0.0018283143,-0.0030750097,0.12839727,0,0
109,0.108,0,0,-0.041001598,0,-0,0,0,0,-0.452966,0,0,0,0,0,4.2583057,0,0,0,0.51999996,1.2899468,-0.33124842,-1.5652063,-3.3694781e-08,1.4104726e-07,0.79101468,-7.6602452e-08,1.2313299e-07,-2.356221,0.11382072,4.3316376e-07,-6.6843219e-07,0.00028062225,0.30249761,2.8754784e-05,-4.5867469e-05,0.0334184,-849.93749,0.0016643038,-0.0028144884,-0.052780174,0,0
110,0.109,0,0,-0.041452318,0,-0,0,0,0,-0.44853304,0,0,0,0,0,4.3747467,0,0,0,0.51999996,1.2899801,-0.33163852,-1.5650921,-3.3533946e-08,1.4023961e-07,0.79112862,-7.6155201e-08,1.2244207e-07,-2.3562207,0.11407719,4.6148361e-07,-7.1362388e-07,0.00031453286,0.27181171,2.8464828e-05,-4.5416953e-05,0.033746542,-856.9169,0.001500342,-0.0025539842,-0.23721622,0,0
111,0.11,0,0,-0.04189855,0,-0,0,0,0,-0.44398716,0,0,0,0,0,4.4888338,0,0,0,0.51999996,1.2900135,-0.33202401,-1.5649776,-3.336079e-08,1.3938037e-07,0.7912428,-7.5679784e-08,1.217062e-07,-2.3562204,0.11430303,4.8950047e-07,-7.5834425e-07,0.00034872947,0.24116508,2.8166181e-05,-4.4952563e-05,0.034046588,-863.75523,0.0013364868,-0.0022935889,-0.42478459,0,0
112,0.111,0,0,-0.042340181,0,-0,0,0,0,-0.43933076,0,0,0,0,0,4.6005464,0,0,0,0.51999997,1.290047,-0.33240478,-1.5648628,-3.3175413e-08,1.3847008e-07,0.79135719,-7.5176507e-08,1.2092586e-07,-2.35622,0.1144983,5.1720589e-07,-8.025798e-07,0.00038318355,0.21056873,2.7859009e-05,-4.4474552e-05,0.034318249,-870.45123,0.0011727959,-0.0020333941,-0.6153562,0,0
113,0.112,0,0,-0.042777102,0,-0,0,0,0,-0.43456623,0,0,0,0,0,4.7098647,0,0,0,0.51999997,1.2900806,-0.33278074,-1.5647478,-3.2977922e-08,1.3750932e-07,0.79147177,-7.4645688e-08,1.2010154e-07,-2.3562196,0.11466307,5.445916e-07,-8.4631727e-07,0.00041786633,0.18003355,2.7543478e-05,-4.398317e-05,0.034561267,-877.00372,0.0010093264,-0.0017734904,-0.80879937,0,0
114,0.113,0,0,-0.043209206,0,-0,0,0,0,-0.42969601,0,0,0,0,0,4.8167704,0,0,0,0.51999997,1.2901142,-0.3331518,-1.5646327,-3.2768425e-08,1.3649869e-07,0.79158649,-7.4087648e-08,1.1923373e-07,-2.3562192,0.1147974,5.716495e-07,-8.895437e-07,0.00045274882,0.14957032,2.7219757e-05,-4.3478674e-05,0.03477542,-883.41154,0.0008461349,-0.0015139681,-1.0049799,0,0
115,0.114,0,0,-0.043636389,0,-0,0,0,0,-0.42472253,0,0,0,0,0,4.9212456,0,0,0,0.51999997,1.2901479,-0.33351787,-1.5645174,-3.2547037e-08,1.3543878e-07,0.79170133,-7.350272e-08,1.1832297e-07,-2.3562187,0.1149014,5.9837164e-07,-9.3224634e-07,0.00048780189,0.11918971,2.6888015e-05,-4.2961319e-05,0.034960517,-889.67363,0.00068327779,-0.0012549166,-1.2037613,0,0
116,0.115,0,0,-0.044058549,0,-0,0,0,0,-0.41964824,0,0,0,0,0,5.0232738,0,0,0,0.51999997,1.2901816,-0.33387886,-1.5644019,-3.2313874e-08,1.3433022e-07,0.79181626,-7.2891244e-08,1.1736977e-07,-2.3562182,0.11497516,6.2475027e-07,-9.7441273e-07,0.00052299623,0.088902287,2.6548422e-05,-4.2431364e-05,0.035116399,-895.78896,0.00052081086,-0.00099642477,-1.4050049,0,0
117,0.116,0,0,-0.044475586,0,-0,0,0,0,-0.41447562,0,0,0,0,0,5.1228391,0,0,0,0.51999997,1.2902154,-0.3342347,-1.5642864,-3.2069056e-08,1.3317364e-07,0.79193125,-7.2253567e-08,1.1637468e-07,-2.3562177,0.11501879,6.5077778e-07,-1.0160307e-06,0.00055830244,0.058718485,2.620115e-05,-4.1889069e-05,0.035242942,-901.75656,0.00035878943,-0.00073858086,-1.60857,0,0
118,0.117,0,0,-0.044887403,0,-0,0,0,0,-0.40920715,0,0,0,0,0,5.2199269,0,0,0,0.51999997,1.2902492,-0.3345853,-1.5641708,-3.181271e-08,1.3196969e-07,0.79204627,-7.1590043e-08,1.1533826e-07,-2.3562171,0.1150324,6.7644676e-07,-1.0570882e-06,0.00059369105,0.028648626,2.5846371e-05,-4.1334696e-05,0.035340053,-907.57553,0.00019726835,-0.00048147227,-1.8143141,0,0
119,0.118,0,0,-0.045293906,0,-0,0,0,0,-0.40384532,0,0,0,0,0,5.3145234,0,0,0,0.51999997,1.290283,-0.33493058,-1.5640552,-3.1544963e-08,1.3071903e-07,0.79216129,-7.0901036e-08,1.1426107e-07,-2.3562165,0.11501613,7.0174996e-07,-1.0975736e-06,0.00062913253,-0.001297089,2.5484257e-05,-4.0768508e-05,0.035407673,-913.24502,3.6301957e-05,-0.00022518573,-2.022093,0,0
120,0.119,0,0,-0.045695002,0,-0,0,0,0,-0.39839266,0,0,0,0,0,5.4066157,0,0,0,0.51999997,1.2903168,-0.33527046,-1.5639396,-3.1265947e-08,1.2942232e-07,0.79227627,-7.0186913e-08,1.1314369e-07,-2.3562158,0.11497012,7.2668031e-07,-1.1374755e-06,0.00066459736,-0.031108586,2.5114983e-05,-4.0190771e-05,0.035445775,-918.76423,-0.00012405591,3.0192788e-05,-2.2317608,0,0
121,0.12,0,0,-0.046090602,0,-0,0,0,0,-0.39285168,0,0,0,0,0,5.4961921,0,0,0,0.51999997,1.2903507,-0.33560488,-1.5638239,-3.0975797e-08,1.2808027e-07,0.7923912,-6.9448051e-08,1.1198671e-07,-2.3562151,0.11489451,7.5123091e-07,-1.1767827e-06,0.00070005602,-0.060775917,2.4738724e-05,-3.9601751e-05,0.035454364,-924.13243,-0.00028375197,0.00028457809,-2.4431706,0,0
122,0.121,0,0,-0.046480618,0,-0,0,0,0,-0.38722492,0,0,0,0,0,5.5832414,0,0,0,0.51999997,1.2903845,-0.33593376,-1.5637084,-3.0674654e-08,1.2669355e-07,0.79250603,-6.8684834e-08,1.1079073e-07,-2.3562144,0.11478946,7.7539503e-07,-1.2154844e-06,0.00073547905,-0.090289261,2.4355657e-05,-3.9001717e-05,0.035433477,-929.34893,-0.00044273344,0.00053788577,-2.6561739,0,0
123,0.122,0,0,-0.046864967,0,-0,0,0,0,-0.38151491,0,0,0,0,0,5.6677539,0,0,0,0.51999997,1.2904183,-0.33625703,-1.5635929,-3.0362659e-08,1.252629e-07,0.79262075,-6.7897651e-08,1.0955635e-07,-2.3562137,0.11465515,7.9916614e-07,-1.25357e-06,0.00077083709,-0.11963893,2.3965957e-05,-3.839094e-05,0.035383183,-934.41311,-0.00060094813,0.00079003225,-2.8706213,0,0
124,0.123,0,0,-0.047243566,0,-0,0,0,0,-0.3757242,0,0,0,0,0,5.7497204,0,0,0,0.51999997,1.2904521,-0.33657462,-1.5634776,-3.003996e-08,1.2378902e-07,0.79273531,-6.7086898e-08,1.0828421e-07,-2.3562129,0.11449175,8.2253786e-07,-1.291029e-06,0.00080610087,-0.14881537,2.3569802e-05,-3.7769691e-05,0.035303583,-939.3244,-0.0007583444,0.0010409348,-3.0863627,0,0
125,0.124,0,0,-0.047616336,0,-0,0,0,0,-0.36985536,0,0,0,0,0,5.8291329,0,0,0,0.51999997,1.2904859,-0.33688648,-1.5633624,-2.9706704e-08,1.2227266e-07,0.7928497,-6.6252978e-08,1.0697493e-07,-2.3562121,0.11429944,8.4550402e-07,-1.3278516e-06,0.00084124129,-0.17780915,2.3167372e-05,-3.7138244e-05,0.035194808,-944.08229,-0.0009148712,0.0012905115,-3.303247,0,0
126,0.125,0,0,-0.0479832,0,-0,0,0,0,-0.36391095,0,0,0,0,0,5.9059843,0,0,0,0.51999997,1.2905196,-0.33719254,-1.5632473,-2.9363047e-08,1.2071455e-07,0.79296388,-6.5396298e-08,1.0562915e-07,-2.3562112,0.11407843,8.680586e-07,-1.3640277e-06,0.00087622942,-0.206611,2.2758844e-05,-3.6496874e-05,0.035057021,-948.68632,-0.0010704781,0.0015386814,-3.5211227,0,0
127,0.126,0,0,-0.048344084,0,-0,0,0,0,-0.35789354,0,0,0,0,0,5.9802682,0,0,0,0.51999997,1.2905533,-0.33749273,-1.5631325,-2.9009143e-08,1.1911546e-07,0.79307783,-6.4517275e-08,1.0424752e-07,-2.3562103,0.11382892,8.9019578e-07,-1.3995481e-06,0.00091103653,-0.23521177,2.2344401e-05,-3.5845857e-05,0.034890414,-953.13608,-0.0012251151,0.0017853644,-3.7398378,0,0
128,0.127,0,0,-0.048698915,0,-0,0,0,0,-0.35180571,0,0,0,0,0,6.0519794,0,0,0,0.51999997,1.2905869,-0.33778701,-1.5630179,-2.8645153e-08,1.1747615e-07,0.79319151,-6.3616327e-08,1.0283071e-07,-2.3562094,0.11355112,9.1190991e-07,-1.4344034e-06,0.00094563414,-0.26360245,2.1924221e-05,-3.5185473e-05,0.034695211,-957.43124,-0.0013787332,0.0020304814,-3.9592402,0,0
129,0.128,0,0,-0.049047626,0,-0,0,0,0,-0.34565003,0,0,0,0,0,6.1211136,0,0,0,0.51999997,1.2906205,-0.33807533,-1.5629035,-2.8271239e-08,1.157974e-07,0.7933049,-6.2693881e-08,1.0137938e-07,-2.3562084,0.11324526,9.3319553e-07,-1.4685846e-06,0.00097999403,-0.29177419,2.1498487e-05,-3.4516e-05,0.034471662,-961.57149,-0.0015312836,0.002273954,-4.1791775,0,0
130,0.129,0,0,-0.049390149,0,-0,0,0,0,-0.33942908,0,0,0,0,0,6.1876672,0,0,0,0.51999997,1.290654,-0.33835762,-1.5627894,-2.7887567e-08,1.1408e-07,0.79341798,-6.1750367e-08,9.9894219e-08,-2.3562074,0.11291157,9.5404736e-07,-1.5020832e-06,0.0010140883,-0.31971828,2.1067381e-05,-3.3837719e-05,0.034220049,-965.55661,-0.0016827184,0.0025157051,-4.3994976,0,0
131,0.13,0,0,-0.04972642,0,-0,0,0,0,-0.33314546,0,0,0,0,0,6.2516377,0,0,0,0.51999997,1.2906874,-0.33863384,-1.5626757,-2.7494306e-08,1.1232473e-07,0.7935307,-6.0786222e-08,9.8375904e-08,-2.3562064,0.11255029,9.744603e-07,-1.5348907e-06,0.0010478893,-0.34742614,2.0631087e-05,-3.3150913e-05,0.033940681,-969.38641,-0.0018329904,0.0027556584,-4.6200486,0,0
132,0.131,0,0,-0.050056378,0,-0,0,0,0,-0.32680174,0,0,0,0,0,6.3130234,0,0,0,0.51999997,1.2907208,-0.33890394,-1.5625623,-2.7091629e-08,1.1053242e-07,0.79364305,-5.9801888e-08,9.6825133e-08,-2.3562053,0.11216167,9.9442943e-07,-1.5669991e-06,0.0010813698,-0.37488935,2.0189786e-05,-3.2455867e-05,0.033633895,-973.06076,-0.0019820528,0.0029937387,-4.8406787,0,0
133,0.132,0,0,-0.050379965,0,-0,0,0,0,-0.32040052,0,0,0,0,0,6.3718236,0,0,0,0.51999997,1.290754,-0.33916788,-1.5624492,-2.6679709e-08,1.0870386e-07,0.793755,-5.879781e-08,9.5242609e-08,-2.3562042,0.11174596,1.01395e-06,-1.5984004e-06,0.0011145029,-0.40209965,1.9743664e-05,-3.1752864e-05,0.033300055,-976.57959,-0.0021298597,0.0032298717,-5.061237,0,0
134,0.133,0,0,-0.050697123,0,-0,0,0,0,-0.31394437,0,0,0,0,0,6.4280384,0,0,0,0.51999997,1.2907871,-0.33942562,-1.5623366,-2.6258725e-08,1.0683989e-07,0.79386651,-5.7774439e-08,9.3629043e-08,-2.3562031,0.11130344,1.0330176e-06,-1.6290873e-06,0.0011472622,-0.42904891,1.9292905e-05,-3.1042191e-05,0.032939552,-979.94287,-0.0022763659,0.0034639843,-5.2815732,0,0
135,0.134,0,0,-0.0510078,0,-0,0,0,0,-0.30743589,0,0,0,0,0,6.4816687,0,0,0,0.51999997,1.2908201,-0.33967711,-1.5622244,-2.5828858e-08,1.0494133e-07,0.79397758,-5.673223e-08,9.1985152e-08,-2.3562019,0.11083437,1.0516276e-06,-1.6590524e-06,0.0011796216,-0.45572918,1.8837694e-05,-3.0324137e-05,0.032552802,-983.15064,-0.0024215268,0.0036960044,-5.5015376,0,0
136,0.135,0,0,-0.051311944,0,-0,0,0,0,-0.30087765,0,0,0,0,0,6.5327166,0,0,0,0.51999997,1.2908531,-0.33992232,-1.5621126,-2.5390292e-08,1.0300903e-07,0.79408816,-5.5671643e-08,9.0311663e-08,-2.3562007,0.11033903,1.0697761e-06,-1.6882888e-06,0.0012115556,-0.48213264,1.8378217e-05,-2.9598989e-05,0.032140247,-986.20297,-0.0025652985,0.0039258609,-5.7209817,0,0
137,0.136,0,0,-0.051609507,0,-0,0,0,0,-0.29427223,0,0,0,0,0,6.5811845,0,0,0,0.51999997,1.2908858,-0.34016122,-1.5620013,-2.4943211e-08,1.0104383e-07,0.79419823,-5.4593141e-08,8.8609307e-08,-2.3561995,0.10981772,1.087459e-06,-1.7167899e-06,0.001243039,-0.50825164,1.791466e-05,-2.8867037e-05,0.031702352,-989.10001,-0.002707638,0.004153484,-5.9397581,0,0
138,0.137,0,0,-0.051900442,0,-0,0,0,0,-0.28762221,0,0,0,0,0,6.6270763,0,0,0,0.51999998,1.2909185,-0.34039378,-1.5618905,-2.4487806e-08,9.9046586e-08,0.79430777,-5.3497192e-08,8.6878822e-08,-2.3561983,0.10927073,1.1046725e-06,-1.7445492e-06,0.0012740472,-0.53407869,1.7447208e-05,-2.8128572e-05,0.031239607,-991.84193,-0.0028485028,0.004378805,-6.1577206,0,0
139,0.138,0,0,-0.052184708,0,-0,0,0,0,-0.28093015,0,0,0,0,0,6.6703963,0,0,0,0.51999998,1.290951,-0.34061996,-1.5617802,-2.4024267e-08,9.7018154e-08,0.79441674,-5.2384267e-08,8.5120953e-08,-2.356197,0.10869836,1.121413e-06,-1.7715608e-06,0.0013045562,-0.55960646,1.697605e-05,-2.7383886e-05,0.030752526,-994.42899,-0.0029878514,0.0046017561,-6.3747246,0,0
140,0.139,0,0,-0.052462262,0,-0,0,0,0,-0.27419863,0,0,0,0,0,6.7111498,0,0,0,0.51999998,1.2909833,-0.34083973,-1.5616705,-2.3552788e-08,9.4959404e-08,0.79452514,-5.1254841e-08,8.3336451e-08,-2.3561956,0.10810092,1.137677e-06,-1.7978187e-06,0.0013345424,-0.58482775,1.6501372e-05,-2.6633272e-05,0.030241643,-996.86147,-0.0031256429,0.0048222711,-6.5906266,0,0
141,0.14,0,0,-0.052733067,0,-0,0,0,0,-0.26743019,0,0,0,0,0,6.7493429,0,0,0,0.51999998,1.2910155,-0.34105308,-1.5615614,-2.3073566e-08,9.287121e-08,0.79463292,-5.0109391e-08,8.1526072e-08,-2.3561943,0.10747873,1.1534613e-06,-1.8233176e-06,0.0013639829,-0.60973558,1.602336e-05,-2.5877023e-05,0.029707514,-999.1397,-0.0032618372,0.0050402845,-6.8052854,0,0
142,0.141,0,0,-0.052997087,0,-0,0,0,0,-0.26062738,0,0,0,0,0,6.7849825,0,0,0,0.51999998,1.2910475,-0.34125997,-1.5614528,-2.2586799e-08,9.0754449e-08,0.79474007,-4.8948399e-08,7.9690577e-08,-2.3561929,0.10683212,1.168763e-06,-1.8480523e-06,0.0013928552,-0.63432307,1.5542204e-05,-2.5115434e-05,0.029150716,-1001.2641,-0.0033963949,0.0052557324,-7.0185609,0,0
143,0.142,0,0,-0.053254289,0,-0,0,0,0,-0.25379276,0,0,0,0,0,6.8180764,0,0,0,0.51999998,1.2910794,-0.3414604,-1.5613449,-2.2092687e-08,8.8610006e-08,0.79484656,-4.7772349e-08,7.7830734e-08,-2.3561915,0.1061614,1.183579e-06,-1.8720177e-06,0.0014211376,-0.65858355,1.5058089e-05,-2.4348799e-05,0.028571846,-1003.235,-0.0035292776,0.005468552,-7.2303156,0,0
144,0.143,0,0,-0.053504642,0,-0,0,0,0,-0.24692885,0,0,0,0,0,6.8486332,0,0,0,0.51999998,1.2911111,-0.34165433,-1.5612377,-2.1591434e-08,8.6438772e-08,0.79495237,-4.6581728e-08,7.5947313e-08,-2.3561901,0.10546693,1.1979068e-06,-1.8952095e-06,0.001448809,-0.6825105,1.4571205e-05,-2.3577414e-05,0.027971518,-1005.0531,-0.0036604474,0.0056786817,-7.4404135,0,0
145,0.144,0,0,-0.053748118,0,-0,0,0,0,-0.24003817,0,0,0,0,0,6.8766622,0,0,0,0.51999998,1.2911425,-0.34184176,-1.5611311,-2.1083245e-08,8.424164e-08,0.79505747,-4.5377025e-08,7.4041091e-08,-2.3561886,0.10474904,1.2117438e-06,-1.9176231e-06,0.0014758488,-0.70609756,1.4081739e-05,-2.2801576e-05,0.027350368,-1006.7187,-0.0037898676,0.0058860611,-7.6487211,0,0
146,0.145,0,0,-0.053984693,0,-0,0,0,0,-0.23312324,0,0,0,0,0,6.9021735,0,0,0,0.51999998,1.2911738,-0.34202268,-1.5610253,-2.0568327e-08,8.2019509e-08,0.79516184,-4.4158733e-08,7.2112847e-08,-2.3561871,0.10400808,1.2250877e-06,-1.9392547e-06,0.0015022371,-0.72933855,1.3589878e-05,-2.202158e-05,0.026709044,-1008.2326,-0.003917502,0.0060906312,-7.8551072,0,0
147,0.146,0,0,-0.054214342,0,-0,0,0,0,-0.22618656,0,0,0,0,0,6.925178,0,0,0,0.51999998,1.2912049,-0.34219707,-1.5609201,-2.0046889e-08,7.9773282e-08,0.79526546,-4.2927344e-08,7.0163365e-08,-2.3561856,0.10324441,1.2379365e-06,-1.9601005e-06,0.0015279549,-0.75222744,1.3095811e-05,-2.1237724e-05,0.026048215,-1009.5952,-0.0040433153,0.0062923342,-8.0594427,0,0
148,0.147,0,0,-0.054437045,0,-0,0,0,0,-0.21923062,0,0,0,0,0,6.9456875,0,0,0,0.51999998,1.2912358,-0.34236492,-1.5608158,-1.9519141e-08,7.7503866e-08,0.79536831,-4.1683356e-08,6.8193433e-08,-2.3561841,0.10245838,1.2502882e-06,-1.9801571e-06,0.0015529837,-0.77475838,1.2599725e-05,-2.0450306e-05,0.025368562,-1010.8074,-0.0041672731,0.0064911138,-8.2616014,0,0
149,0.148,0,0,-0.054652785,0,-0,0,0,0,-0.21225789,0,0,0,0,0,6.9637143,0,0,0,0.51999998,1.2912665,-0.34252623,-1.5607121,-1.8985297e-08,7.521217e-08,0.79547036,-4.0427265e-08,6.6203842e-08,-2.3561825,0.10165037,1.262141e-06,-1.9994214e-06,0.0015773056,-0.7969257,1.2101808e-05,-1.9659622e-05,0.024670782,-1011.8698,-0.0042893419,0.0066869148,-8.4614593,0,0
150,0.149,0,0,-0.054861545,0,-0,0,0,0,-0.20527084,0,0,0,0,0,6.9792717,0,0,0,0.51999998,1.2912969,-0.34268099,-1.5606093,-1.844557e-08,7.2899109e-08,0.79557159,-3.9159573e-08,6.4195384e-08,-2.3561809,0.10082075,1.2734935e-06,-2.0178905e-06,0.0016009035,-0.81872388,1.1602247e-05,-1.8865971e-05,0.023955584,-1012.7832,-0.0044094888,0.0068796834,-8.6588956,0,0
151,0.15,0,0,-0.055063314,0,-0,0,0,0,-0.19827192,0,0,0,0,0,6.9923735,0,0,0,0.51999998,1.2913271,-0.34282921,-1.5605073,-1.7900177e-08,7.0565597e-08,0.79567198,-3.788078e-08,6.2168857e-08,-2.3561793,0.099969891,1.2843442e-06,-2.035562e-06,0.0016237613,-0.84014759,1.1101229e-05,-1.8069651e-05,0.023223693,-1013.5484,-0.0045276821,0.0070693672,-8.8537918,0,0
152,0.151,0,0,-0.055258079,0,-0,0,0,0,-0.19126355,0,0,0,0,0,7.0030343,0,0,0,0.51999998,1.2913571,-0.34297087,-1.5604062,-1.7349335e-08,6.8212554e-08,0.79577151,-3.6591387e-08,6.0125059e-08,-2.3561777,0.099098177,1.294692e-06,-2.0524336e-06,0.0016458632,-0.86119166,1.0598941e-05,-1.7270958e-05,0.022475842,-1014.1663,-0.0046438907,0.0072559152,-9.0460326,0,0
153,0.152,0,0,-0.055445832,0,-0,0,0,0,-0.18424817,0,0,0,0,0,7.0112697,0,0,0,0.51999998,1.2913869,-0.343106,-1.5603059,-1.6793263e-08,6.5840899e-08,0.79587015,-3.5291899e-08,5.8064791e-08,-2.356176,0.098205996,1.3045359e-06,-2.0685034e-06,0.0016671945,-0.88185108,1.0095569e-05,-1.6470192e-05,0.021712777,-1014.6377,-0.0047580845,0.0074392776,-9.2355057,0,0
154,0.153,0,0,-0.055626569,0,-0,0,0,0,-0.17722816,0,0,0,0,0,7.0170955,0,0,0,0.51999998,1.2914164,-0.34323458,-1.5602064,-1.623218e-08,6.3451555e-08,0.7959679,-3.3982819e-08,5.5988855e-08,-2.3561743,0.09729374,1.3138751e-06,-2.0837698e-06,0.0016877409,-0.90212105,9.5913006e-06,-1.5667648e-05,0.020935252,-1014.9637,-0.0048702343,0.0076194063,-9.4221019,0,0
155,0.154,0,0,-0.055800285,0,-0,0,0,0,-0.17020591,0,0,0,0,0,7.0205285,0,0,0,0.51999998,1.2914456,-0.34335664,-1.5601079,-1.5666309e-08,6.1045445e-08,0.79606472,-3.2664654e-08,5.3898055e-08,-2.3561726,0.096361805,1.3227089e-06,-2.0982314e-06,0.0017074894,-0.92199691,9.0863198e-06,-1.4863625e-05,0.020144032,-1015.1451,-0.0049803118,0.0077962544,-9.6057148,0,0
156,0.155,0,0,-0.05596698,0,-0,0,0,0,-0.1631838,0,0,0,0,0,7.0215862,0,0,0,0.51999999,1.2914746,-0.34347217,-1.5600103,-1.5095871e-08,5.8623494e-08,0.7961606,-3.1337907e-08,5.1793197e-08,-2.3561709,0.095410593,1.331037e-06,-2.1118872e-06,0.0017264272,-0.94147419,8.580812e-06,-1.4058419e-05,0.019339888,-1015.1831,-0.0050882894,0.0079697763,-9.7862418,0,0
157,0.156,0,0,-0.056126654,0,-0,0,0,0,-0.15616416,0,0,0,0,0,7.0202867,0,0,0,0.51999999,1.2915033,-0.34358119,-1.5599137,-1.4521091e-08,5.6186627e-08,0.79625552,-3.0003086e-08,4.9675087e-08,-2.3561692,0.094440507,1.338859e-06,-2.1247365e-06,0.0017445426,-0.96054859,8.0749617e-06,-1.3252325e-05,0.018523599,-1015.0787,-0.0051941407,0.0081399283,-9.9635831,0,0
158,0.157,0,0,-0.056279312,0,-0,0,0,0,-0.14914933,0,0,0,0,0,7.0166487,0,0,0,0.51999999,1.2915318,-0.34368371,-1.559818,-1.3942192e-08,5.3735769e-08,0.79634947,-2.8660695e-08,4.7544531e-08,-2.3561674,0.093451957,1.3461749e-06,-2.1367788e-06,0.0017618248,-0.97921597,7.5689527e-06,-1.244564e-05,0.01769595,-1014.8331,-0.0052978399,0.0083066675,-10.137643,0,0
159,0.158,0,0,-0.056424959,0,-0,0,0,0,-0.14214162,0,0,0,0,0,7.0106917,0,0,0,0.51999999,1.2915599,-0.34377975,-1.5597232,-1.3359401e-08,5.1271846e-08,0.79644241,-2.7311242e-08,4.5402336e-08,-2.3561657,0.092445357,1.3529849e-06,-2.148014e-06,0.0017782634,-0.99747239,7.0629679e-06,-1.1638659e-05,0.01685773,-1014.4473,-0.0053993625,0.0084699531,-10.308327,0,0
160,0.159,0,0,-0.056563603,0,-0,0,0,0,-0.13514331,0,0,0,0,0,7.0024356,0,0,0,0.51999999,1.2915878,-0.34386933,-1.5596295,-1.2772943e-08,4.8795784e-08,0.79653434,-2.5955231e-08,4.324931e-08,-2.3561639,0.091421122,1.3592892e-06,-2.1584422e-06,0.0017938491,-1.0153141,6.5571898e-06,-1.0831674e-05,0.016009735,-1013.9225,-0.0054986845,0.0086297453,-10.475548,0,0
161,0.16,0,0,-0.056695256,0,-0,0,0,0,-0.12815668,0,0,0,0,0,6.9919011,0,0,0,0.51999999,1.2916154,-0.34395246,-1.5595368,-1.2183045e-08,4.6308506e-08,0.79662523,-2.4593169e-08,4.1086258e-08,-2.3561621,0.090379673,1.3650883e-06,-2.1680638e-06,0.0018085734,-1.0327374,6.0517997e-06,-1.0024981e-05,0.01515276,-1013.2601,-0.0055957832,0.0087860061,-10.639219,0,0
162,0.161,0,0,-0.056819929,0,-0,0,0,0,-0.12118396,0,0,0,0,0,6.9791095,0,0,0,0.51999999,1.2916427,-0.34402917,-1.5594452,-1.1589934e-08,4.3810938e-08,0.79671508,-2.3225559e-08,3.8913988e-08,-2.3561603,0.089321433,1.3703829e-06,-2.1768796e-06,0.0018224284,-1.0497389,5.5469781e-06,-9.2188693e-06,0.014287607,-1012.4612,-0.0056906365,0.0089386987,-10.799259,0,0
163,0.162,0,0,-0.056937639,0,-0,0,0,0,-0.11422739,0,0,0,0,0,6.9640827,0,0,0,0.51999999,1.2916697,-0.34409949,-1.5593546,-1.0993839e-08,4.1304001e-08,0.79680386,-2.1852907e-08,3.6733304e-08,-2.3561584,0.088246829,1.3751738e-06,-2.1848906e-06,0.0018354072,-1.0663155,5.0429048e-06,-8.4136315e-06,0.013415075,-1011.5272,-0.0057832234,0.0090877879,-10.955588,0,0
164,0.163,0,0,-0.057048401,0,-0,0,0,0,-0.10728917,0,0,0,0,0,6.9468431,0,0,0,0.51999999,1.2916964,-0.34416343,-1.559265,-1.0394987e-08,3.8788616e-08,0.79689156,-2.0475715e-08,3.4545011e-08,-2.3561566,0.087156291,1.3794619e-06,-2.1920981e-06,0.0018475036,-1.0824639,4.5397583e-06,-7.6095568e-06,0.012535967,-1010.4594,-0.0058735239,0.0092332402,-11.108132,0,0
165,0.164,0,0,-0.057152237,0,-0,0,0,0,-0.10037147,0,0,0,0,0,6.9274137,0,0,0,0.51999999,1.2917228,-0.34422103,-1.5591766,-9.7936083e-09,3.6265702e-08,0.79697816,-1.9094485e-08,3.2349911e-08,-2.3561547,0.086050251,1.3832486e-06,-2.1985038e-06,0.0018587123,-1.0981813,4.037716e-06,-6.8069336e-06,0.011651084,-1009.2591,-0.0059615189,0.0093750233,-11.256819,0,0
166,0.165,0,0,-0.057249166,0,-0,0,0,0,-0.093476452,0,0,0,0,0,6.9058181,0,0,0,0.51999999,1.2917489,-0.34427231,-1.5590892,-9.1899302e-09,3.3736176e-08,0.79706364,-1.7709718e-08,3.0148804e-08,-2.3561529,0.084929144,1.3865352e-06,-2.2041094e-06,0.0018690286,-1.1134649,3.5369544e-06,-6.0060488e-06,0.010761225,-1007.9279,-0.0060471901,0.0095131066,-11.401583,0,0
167,0.166,0,0,-0.057339213,0,-0,0,0,0,-0.08660624,0,0,0,0,0,6.8820806,0,0,0,0.51999999,1.2917746,-0.34431732,-1.559003,-8.584182e-09,3.1200951e-08,0.797148,-1.6321914e-08,2.7942491e-08,-2.356151,0.083793408,1.3893232e-06,-2.2089171e-06,0.0018784488,-1.1283123,3.0376487e-06,-5.2071877e-06,0.0098671892,-1006.4671,-0.0061305203,0.0096474611,-11.54236,0,0
168,0.167,0,0,-0.057422404,0,-0,0,0,0,-0.079762942,0,0,0,0,0,6.8562256,0,0,0,0.51999999,1.2918,-0.34435607,-1.5589179,-7.9765926e-09,2.8660939e-08,0.79723122,-1.493157e-08,2.5731767e-08,-2.3561491,0.082643483,1.3916143e-06,-2.2129295e-06,0.0018869698,-1.142721,2.5399727e-06,-4.410634e-06,0.0089697702,-1004.8782,-0.0062114932,0.0097780591,-11.679089,0,0
169,0.168,0,0,-0.057498767,0,-0,0,0,0,-0.072948637,0,0,0,0,0,6.8282785,0,0,0,0.51999999,1.2918251,-0.34438861,-1.558834,-7.3673907e-09,2.6117048e-08,0.79731327,-1.3539181e-08,2.3517426e-08,-2.3561472,0.08147981,1.3934105e-06,-2.2161492e-06,0.0018945896,-1.1566887,2.044099e-06,-3.6166697e-06,0.0080697592,-1003.1628,-0.0062900934,0.0099048746,-11.811716,0,0
170,0.169,0,0,-0.057568332,0,-0,0,0,0,-0.066165379,0,0,0,0,0,6.7982649,0,0,0,0.51999999,1.2918499,-0.34441497,-1.5587512,-6.7568049e-09,2.3570181e-08,0.79739416,-1.2145243e-08,2.1300259e-08,-2.3561453,0.080302835,1.3947137e-06,-2.2185792e-06,0.0019013066,-1.1702135,1.5501989e-06,-2.8255746e-06,0.0071679426,-1001.3223,-0.0063663066,0.010027883,-11.940187,0,0
171,0.17,0,0,-0.05763113,0,-0,0,0,0,-0.059415194,0,0,0,0,0,6.7662111,0,0,0,0.52,1.2918743,-0.3444352,-1.5586696,-6.1450634e-09,2.102124e-08,0.79747387,-1.0750246e-08,1.9081055e-08,-2.3561434,0.079113001,1.3955263e-06,-2.2202229e-06,0.0019071203,-1.1832936,1.058442e-06,-2.0376268e-06,0.0062651009,-999.35835,-0.0064401193,0.010147062,-12.064455,0,0
172,0.171,0,0,-0.057687196,0,-0,0,0,0,-0.052700084,0,0,0,0,0,6.7321438,0,0,0,0.52,1.2918984,-0.34444933,-1.5585891,-5.5323943e-09,1.8471121e-08,0.79755238,-9.3546795e-09,1.6860598e-08,-2.3561415,0.077910757,1.3958506e-06,-2.2210837e-06,0.0019120307,-1.1959271,5.6899674e-07,-1.2531022e-06,0.0053620086,-997.27257,-0.006511519,0.010262389,-12.184475,0,0
173,0.172,0,0,-0.057736566,0,-0,0,0,0,-0.046022021,0,0,0,0,0,6.69609,0,0,0,0.52,1.2919222,-0.34445741,-1.5585099,-4.9190248e-09,1.5920716e-08,0.79762968,-7.9590313e-09,1.4639669e-08,-2.3561396,0.076696552,1.3956891e-06,-2.2211656e-06,0.0019160389,-1.2081126,8.2029648e-08,-4.7227444e-07,0.004459433,-995.06657,-0.0065804941,0.010373844,-12.300206,0,0
174,0.173,0,0,-0.057779278,0,-0,0,0,0,-0.03938295,0,0,0,0,0,6.6580775,0,0,0,0.52,1.2919456,-0.34445948,-1.5584319,-4.3051818e-09,1.3370912e-08,0.79770576,-6.5637855e-09,1.2419044e-08,-2.3561377,0.075470835,1.3950447e-06,-2.2204725e-06,0.0019191464,-1.2198487,-4.0229419e-07,3.0458513e-07,0.0035581334,-992.74202,-0.0066470341,0.01048141,-12.411612,0,0
175,0.174,0,0,-0.057815372,0,-0,0,0,0,-0.032784787,0,0,0,0,0,6.6181343,0,0,0,0.52,1.2919686,-0.34445559,-1.5583552,-3.6910915e-09,1.082259e-08,0.79778061,-5.1694235e-09,1.0199496e-08,-2.3561358,0.074234058,1.3939201e-06,-2.219009e-06,0.0019213556,-1.2311343,-8.8381143e-07,1.0772076e-06,0.0026588608,-990.30062,-0.0067111294,0.01058507,-12.518659,0,0
176,0.175,0,0,-0.05784489,0,-0,0,0,0,-0.026229421,0,0,0,0,0,6.5762888,0,0,0,0.52,1.2919913,-0.34444578,-1.5582796,-3.0769791e-09,8.2766283e-09,0.79785421,-3.7764239e-09,7.981794e-09,-2.3561338,0.072986672,1.3923185e-06,-2.2167796e-06,0.0019226697,-1.2419683,-1.3623604e-06,1.8453267e-06,0.0017623565,-987.74408,-0.0067727712,0.010684808,-12.621319,0,0
177,0.176,0,0,-0.057867875,0,-0,0,0,0,-0.01971871,0,0,0,0,0,6.5325702,0,0,0,0.52,1.2920136,-0.34443011,-1.5582053,-2.4630693e-09,5.733897e-09,0.79792657,-2.385262e-09,5.7667004e-09,-2.3561319,0.071729132,1.390243e-06,-2.2137893e-06,0.0019230926,-1.2523499,-1.8377815e-06,2.6086786e-06,0.00086935189,-985.07414,-0.0068319518,0.010780611,-12.719566,0,0
178,0.177,0,0,-0.057884373,0,-0,0,0,0,-0.013254484,0,0,0,0,0,6.4870075,0,0,0,0.52,1.2920356,-0.34440862,-1.5581323,-1.8495854e-09,3.1952614e-09,0.79799766,-9.9641003e-10,3.5549738e-09,-2.35613,0.070461889,1.387697e-06,-2.2100431e-06,0.0019226287,-1.2622784,-2.3099165e-06,3.3670025e-06,-1.9432291e-05,-982.29258,-0.0068886645,0.010872467,-12.813379,0,0
179,0.178,0,0,-0.057894431,0,-0,0,0,0,-0.0068385419,0,0,0,0,0,6.4396307,0,0,0,0.52,1.2920571,-0.34438138,-1.5580606,-1.2367501e-09,6.6158033e-10,0.79806748,3.8966331e-10,1.3473672e-09,-2.3561281,0.069185398,1.384684e-06,-2.2055466e-06,0.0019212835,-1.2717533,-2.7786097e-06,4.1200403e-06,-0.00090328685,-979.40119,-0.0069429034,0.010960364,-12.90274,0,0
180,0.179,0,0,-0.057898099,0,-0,0,0,0,-0.00047265258,0,0,0,0,0,6.3904698,0,0,0,0.52,1.2920784,-0.34434842,-1.5579901,-6.2478451e-10,-1.8662939e-09,0.79813602,1.7724929e-09,-8.5537185e-10,-2.3561262,0.067900114,1.3812078e-06,-2.2003053e-06,0.0019190629,-1.2807742,-3.243707e-06,4.867537e-06,-0.0017815146,-976.40179,-0.0069946636,0.011044295,-12.987634,0,0
181,0.18,0,0,-0.057895427,0,-0,0,0,0,0.0058414453,0,0,0,0,0,6.3395552,0,0,0,0.52,1.2920992,-0.34430981,-1.557921,-1.390878e-11,-4.3875159e-09,0.79820328,3.1516175e-09,-3.0525016e-09,-2.3561242,0.066606489,1.3772721e-06,-2.1943252e-06,0.0019159735,-1.289341,-3.7050563e-06,5.6092406e-06,-0.0026534312,-973.29622,-0.0070439411,0.011124251,-13.068052,0,0
182,0.181,0,0,-0.057886469,0,-0,0,0,0,0.012102044,0,0,0,0,0,6.2869178,0,0,0,0.52,1.2921197,-0.3442656,-1.5578531,5.9565841e-10,-6.901247e-09,0.79826923,4.5265796e-09,-5.2432865e-09,-2.3561223,0.065304979,1.3728808e-06,-2.1876124e-06,0.0019120227,-1.2974536,-4.1625079e-06,6.3449024e-06,-0.0035183653,-970.08636,-0.0070907331,0.011200227,-13.143987,0,0
183,0.182,0,0,-0.057871277,0,-0,0,0,0,0.018307469,0,0,0,0,0,6.2325887,0,0,0,0.52,1.2921398,-0.34421586,-1.5577865,1.2036998e-09,-9.4066563e-09,0.79833388,5.8969258e-09,-7.4269972e-09,-2.3561204,0.063996038,1.3680382e-06,-2.1801735e-06,0.0019072184,-1.3051122,-4.615914e-06,7.0742768e-06,-0.0043756596,-966.77408,-0.0071350373,0.011272217,-13.215436,0,0
184,0.183,0,0,-0.05784991,0,-0,0,0,0,0.024456074,0,0,0,0,0,6.1765996,0,0,0,0.52,1.2921595,-0.34416064,-1.5577213,1.8099996e-09,-1.190292e-08,0.79839721,7.2622068e-09,-9.6029107e-09,-2.3561185,0.062680118,1.3627485e-06,-2.1720149e-06,0.0019015692,-1.3123171,-5.0651291e-06,7.7971218e-06,-0.0052246714,-963.3613,-0.0071768527,0.01134022,-13.282399,0,0
185,0.184,0,0,-0.057822423,0,-0,0,0,0,0.030546247,0,0,0,0,0,6.118982,0,0,0,0.52,1.2921788,-0.34410001,-1.5576574,2.4143437e-09,-1.4389223e-08,0.79845923,8.6219778e-09,-1.1770311e-08,-2.3561166,0.061357674,1.357016e-06,-2.1631437e-06,0.0018950844,-1.3190687,-5.5100101e-06,8.5131989e-06,-0.0060647726,-959.84994,-0.007216179,0.011404234,-13.344881,0,0
186,0.185,0,0,-0.057788876,0,-0,0,0,0,0.036576408,0,0,0,0,0,6.0597682,0,0,0,0.52,1.2921977,-0.34403402,-1.5575948,3.0165197e-09,-1.6864758e-08,0.79851992,9.9757984e-09,-1.3928489e-08,-2.3561147,0.060029156,1.3508454e-06,-2.1535669e-06,0.0018877737,-1.3253677,-5.9504159e-06,9.222273e-06,-0.0068953508,-956.24194,-0.0072530169,0.011464259,-13.402889,0,0
187,0.186,0,0,-0.057749331,0,-0,0,0,0,0.04254501,0,0,0,0,0,5.9989906,0,0,0,0.52000001,1.2922162,-0.34396274,-1.5575336,3.616317e-09,-1.9328725e-08,0.79857928,1.1323233e-08,-1.6076743e-08,-2.3561128,0.058695018,1.3442413e-06,-2.1432919e-06,0.0018796477,-1.3312149,-6.3862081e-06,9.924113e-06,-0.0077158095,-952.53928,-0.0072873681,0.011520296,-13.456434,0,0
188,0.187,0,0,-0.057703849,0,-0,0,0,0,0.048450538,0,0,0,0,0,5.9366819,0,0,0,0.52000001,1.2922344,-0.34388624,-1.5574737,4.2135269e-09,-2.1780335e-08,0.79863731,1.266385e-08,-1.8214378e-08,-2.356111,0.057355709,1.3372085e-06,-2.1323262e-06,0.0018707172,-1.336611,-6.8172505e-06,1.0618491e-05,-0.0085255686,-948.74394,-0.0073192351,0.01157235,-13.505531,0,0
189,0.188,0,0,-0.057652494,0,-0,0,0,0,0.054291509,0,0,0,0,0,5.8728749,0,0,0,0.52000001,1.2922522,-0.34380458,-1.5574151,4.8079425e-09,-2.4218805e-08,0.79869399,1.3997224e-08,-2.0340709e-08,-2.3561091,0.056011678,1.329752e-06,-2.1206776e-06,0.0018609939,-1.3415574,-7.2434094e-06,1.1305185e-05,-0.0093240649,-944.85791,-0.0073486213,0.011620424,-13.550197,0,0
190,0.189,0,0,-0.057595331,0,-0,0,0,0,0.060066476,0,0,0,0,0,5.8076028,0,0,0,0.52000001,1.2922695,-0.34371784,-1.5573579,5.3993591e-09,-2.6643364e-08,0.79874933,1.5322933e-08,-2.2455055e-08,-2.3561072,0.054663374,1.3218769e-06,-2.1083543e-06,0.0018504898,-1.3460551,-7.6645538e-06,1.1983973e-05,-0.010110752,-940.88321,-0.0073755312,0.011664524,-13.590454,0,0
191,0.19,0,0,-0.057532427,0,-0,0,0,0,0.065774023,0,0,0,0,0,5.7408991,0,0,0,0.52000001,1.2922865,-0.34362607,-1.5573021,5.9875743e-09,-2.9053248e-08,0.79880331,1.6640561e-08,-2.4556746e-08,-2.3561054,0.053311243,1.3135883e-06,-2.0953643e-06,0.0018392175,-1.3501057,-8.0805551e-06,1.2654641e-05,-0.010885103,-936.82187,-0.0073999698,0.011704659,-13.626325,0,0
192,0.191,0,0,-0.057463851,0,-0,0,0,0,0.07141277,0,0,0,0,0,5.6727974,0,0,0,0.52000001,1.292303,-0.34352935,-1.5572476,6.5723875e-09,-3.1447704e-08,0.79885595,1.7949699e-08,-2.6645121e-08,-2.3561036,0.05195573,1.3048917e-06,-2.0817162e-06,0.0018271902,-1.3537105,-8.4912873e-06,1.3316978e-05,-0.011646605,-932.67593,-0.0074219434,0.011740837,-13.657839,0,0
193,0.192,0,0,-0.057389671,0,-0,0,0,0,0.076981368,0,0,0,0,0,5.6033316,0,0,0,0.52000001,1.2923192,-0.34342775,-1.5571945,7.1536009e-09,-3.3825988e-08,0.79890722,1.924994e-08,-2.8719525e-08,-2.3561017,0.050597279,1.2957924e-06,-2.0674185e-06,0.0018144213,-1.3568713,-8.8966272e-06,1.3970776e-05,-0.012394768,-928.44746,-0.007441459,0.011773069,-13.685026,0,0
194,0.193,0,0,-0.057309959,0,-0,0,0,0,0.082478506,0,0,0,0,0,5.5325356,0,0,0,0.52000001,1.292335,-0.34332135,-1.5571428,7.7310187e-09,-3.6187367e-08,0.79895714,2.0540884e-08,-3.0779313e-08,-2.3560999,0.049236329,1.286296e-06,-2.0524801e-06,0.001800925,-1.35959,-9.2964542e-06,1.4615833e-05,-0.013129117,-924.13852,-0.0074585243,0.011801366,-13.707919,0,0
195,0.194,0,0,-0.057224786,0,-0,0,0,0,0.087902904,0,0,0,0,0,5.4604438,0,0,0,0.52000001,1.2923503,-0.34321021,-1.5570924,8.3044476e-09,-3.8531119e-08,0.79900569,2.1822137e-08,-3.2823849e-08,-2.3560981,0.047873322,1.2764083e-06,-2.0369101e-06,0.0017867158,-1.3618685,-9.6906504e-06,1.5251951e-05,-0.013849199,-919.75119,-0.0074731483,0.011825743,-13.726555,0,0
196,0.195,0,0,-0.057134227,0,-0,0,0,0,0.093253318,0,0,0,0,0,5.3870905,0,0,0,0.52000001,1.2923653,-0.34309441,-1.5570435,8.8736971e-09,-4.0856529e-08,0.79905288,2.3093312e-08,-3.4852506e-08,-2.3560964,0.046508693,1.266135e-06,-2.0207177e-06,0.0017718085,-1.3637089,-1.0079101e-05,1.5878935e-05,-0.014554577,-915.28757,-0.0074853404,0.011846214,-13.740973,0,0
197,0.196,0,0,-0.057038354,0,-0,0,0,0,0.098528538,0,0,0,0,0,5.3125102,0,0,0,0.52000001,1.2923799,-0.34297403,-1.5569959,9.4385791e-09,-4.3162896e-08,0.79909871,2.4354025e-08,-3.6864667e-08,-2.3560946,0.045142877,1.255482e-06,-2.0039123e-06,0.0017562186,-1.3651135,-1.0461693e-05,1.6496596e-05,-0.015244836,-910.74977,-0.0074951111,0.011862795,-13.751215,0,0
198,0.197,0,0,-0.056937245,0,-0,0,0,0,0.10372739,0,0,0,0,0,5.2367376,0,0,0,0.52000001,1.292394,-0.34284915,-1.5569497,9.9989082e-09,-4.544953e-08,0.79914317,2.5603899e-08,-3.8859723e-08,-2.3560928,0.043776306,1.2444553e-06,-1.9865034e-06,0.0017399616,-1.3660847,-1.0838318e-05,1.7104751e-05,-0.015919579,-906.13988,-0.0075024716,0.011875503,-13.757326,0,0
199,0.198,0,0,-0.056830976,0,-0,0,0,0,0.10884873,0,0,0,0,0,5.1598076,0,0,0,0.52000001,1.2924078,-0.34271983,-1.5569049,1.0554502e-08,-4.7715749e-08,0.79918626,2.6842565e-08,-4.0837075e-08,-2.3560911,0.042409411,1.2330612e-06,-1.968501e-06,0.0017230538,-1.366625,-1.120887e-05,1.7703219e-05,-0.016578429,-901.46004,-0.0075074342,0.011884359,-13.759354,0,0
200,0.199,0,0,-0.056719626,0,-0,0,0,0,0.11389146,0,0,0,0,0,5.0817551,0,0,0,0.52000001,1.2924211,-0.34258616,-1.5568614,1.110518e-08,-4.9960886e-08,0.79922799,2.8069657e-08,-4.2796136e-08,-2.3560894,0.041042618,1.2213058e-06,-1.9499148e-06,0.0017055114,-1.3667371,-1.1573244e-05,1.8291825e-05,-0.017221029,-896.71237,-0.0075100117,0.011889381,-13.757349,0,0
201,0.2,0,0,-0.056603273,0,-0,0,0,0,0.11885451,0,0,0,0,0,5.0026152,0,0,0,0.52000001,1.292434,-0.34244822,-1.5568194,1.1650766e-08,-5.2184283e-08,0.79926835,2.9284818e-08,-4.4736326e-08,-2.3560877,0.039676351,1.2091954e-06,-1.9307552e-06,0.0016873514,-1.3664238,-1.193134e-05,1.88704e-05,-0.017847043,-891.89902,-0.0075102178,0.011890592,-13.751362,0,0
202,0.201,0,0,-0.056481997,0,-0,0,0,0,0.12373683,0,0,0,0,0,4.9224229,0,0,0,0.52000001,1.2924466,-0.34230608,-1.5567787,1.2191086e-08,-5.4385294e-08,0.79930734,3.0487696e-08,-4.6657078e-08,-2.356086,0.038311031,1.1967364e-06,-1.9110322e-06,0.0016685907,-1.3656881,-1.2283062e-05,1.9438778e-05,-0.018456153,-887.02211,-0.007508067,0.011888015,-13.741449,0,0
203,0.202,0,0,-0.05635588,0,-0,0,0,0,0.12853744,0,0,0,0,0,4.8412136,0,0,0,0.52000001,1.2924587,-0.34215984,-1.5567394,1.2725968e-08,-5.6563287e-08,0.79934497,3.1677946e-08,-4.8557833e-08,-2.3560844,0.036947075,1.1839355e-06,-1.8907564e-06,0.0016492467,-1.3645329,-1.2628313e-05,1.9996798e-05,-0.019048063,-882.0838,-0.0075035748,0.011881674,-13.727668,0,0
204,0.203,0,0,-0.056225004,0,-0,0,0,0,0.13325537,0,0,0,0,0,4.7590224,0,0,0,0.52000002,1.2924704,-0.34200956,-1.5567015,1.3255246e-08,-5.8717638e-08,0.79938123,3.2855229e-08,-5.0438043e-08,-2.3560827,0.035584899,1.1707992e-06,-1.8699383e-06,0.001629337,-1.3629615,-1.2967004e-05,2.0544307e-05,-0.019622496,-877.08624,-0.0074967572,0.011871594,-13.710077,0,0
205,0.204,0,0,-0.056089453,0,-0,0,0,0,0.13788968,0,0,0,0,0,4.6758848,0,0,0,0.52000002,1.2924817,-0.34185533,-1.556665,1.3778754e-08,-6.0847739e-08,0.79941614,3.4019212e-08,-5.2297172e-08,-2.3560811,0.034224914,1.1573341e-06,-1.8485887e-06,0.0016088794,-1.3609772,-1.3299045e-05,2.1081154e-05,-0.020179197,-872.03158,-0.0074876311,0.011857802,-13.688737,0,0
206,0.205,0,0,-0.055949309,0,-0,0,0,0,0.1424395,0,0,0,0,0,4.591836,0,0,0,0.52000002,1.2924926,-0.34169724,-1.5566298,1.4296332e-08,-6.2952992e-08,0.79944969,3.5169571e-08,-5.4134695e-08,-2.3560795,0.032867528,1.1435471e-06,-1.8267185e-06,0.0015878921,-1.3585835,-1.3624352e-05,2.1607194e-05,-0.020717928,-866.92199,-0.007476214,0.011840327,-13.663714,0,0
207,0.206,0,0,-0.055804658,0,-0,0,0,0,0.14690395,0,0,0,0,0,4.5069116,0,0,0,0.52000002,1.2925031,-0.34153536,-1.5565961,1.480782e-08,-6.5032812e-08,0.79948188,3.6305988e-08,-5.5950094e-08,-2.3560779,0.031513144,1.129445e-06,-1.8043387e-06,0.0015663934,-1.3557838,-1.3942842e-05,2.2122288e-05,-0.021238475,-861.75962,-0.0074625244,0.011819198,-13.63507,0,0
208,0.207,0,0,-0.055655587,0,-0,0,0,0,0.15128221,0,0,0,0,0,4.4211469,0,0,0,0.52000002,1.2925132,-0.34136979,-1.5565637,1.5313063e-08,-6.7086628e-08,0.79951272,3.742815e-08,-5.7742868e-08,-2.3560764,0.030162163,1.1150348e-06,-1.7814604e-06,0.0015444016,-1.3525819,-1.4254437e-05,2.2626301e-05,-0.021740642,-856.54664,-0.0074465813,0.011794445,-13.602875,0,0
209,0.208,0,0,-0.055502181,0,-0,0,0,0,0.1555735,0,0,0,0,0,4.3345774,0,0,0,0.52000002,1.2925229,-0.3412006,-1.5565326,1.5811911e-08,-6.911388e-08,0.79954221,3.8535753e-08,-5.9512522e-08,-2.3560748,0.028814981,1.1003234e-06,-1.7580949e-06,0.0015219356,-1.3489816,-1.4559061e-05,2.3119105e-05,-0.022224253,-851.28521,-0.0074284046,0.011766101,-13.567197,0,0
210,0.209,0,0,-0.055344527,0,-0,0,0,0,0.15977707,0,0,0,0,0,4.2472385,0,0,0,0.52000002,1.2925322,-0.34102789,-1.556503,1.6304216e-08,-7.1114021e-08,0.79957035,3.9628499e-08,-6.1258576e-08,-2.3560733,0.027471992,1.085318e-06,-1.7342536e-06,0.001499014,-1.3449868,-1.4856641e-05,2.3600576e-05,-0.022689152,-845.97749,-0.0074080148,0.011734197,-13.528107,0,0
211,0.21,0,0,-0.055182715,0,-0,0,0,0,0.1638922,0,0,0,0,0,4.1591656,0,0,0,0.52000002,1.292541,-0.34085173,-1.5564747,1.6789832e-08,-7.3086519e-08,0.79959715,4.0706098e-08,-6.2980559e-08,-2.3560719,0.026133583,1.0700256e-06,-1.709948e-06,0.0014756557,-1.3406014,-1.5147109e-05,2.4070595e-05,-0.023135205,-840.62564,-0.007385433,0.011698768,-13.485677,0,0
212,0.211,0,0,-0.055016832,0,-0,0,0,0,0.16791821,0,0,0,0,0,4.0703941,0,0,0,0.52000002,1.2925495,-0.34067222,-1.5564478,1.7268618e-08,-7.5030852e-08,0.79962262,4.1768267e-08,-6.4678014e-08,-2.3560704,0.024800139,1.0544536e-06,-1.6851897e-06,0.0014518799,-1.3358297,-1.5430399e-05,2.4529051e-05,-0.023562294,-835.23182,-0.0073606812,0.011659849,-13.439981,0,0
213,0.212,0,0,-0.054846968,0,-0,0,0,0,0.17185445,0,0,0,0,0,3.9809594,0,0,0,0.52000002,1.2925576,-0.34048943,-1.5564222,1.7740438e-08,-7.6946515e-08,0.79964676,4.2814729e-08,-6.6350492e-08,-2.3560689,0.023472041,1.0386091e-06,-1.6599905e-06,0.0014277056,-1.3306758,-1.5706447e-05,2.4975836e-05,-0.023970323,-829.79819,-0.007333782,0.011617477,-13.391094,0,0
214,0.213,0,0,-0.054673213,0,-0,0,0,0,0.17570032,0,0,0,0,0,3.8908966,0,0,0,0.52000002,1.2925653,-0.34030347,-1.556398,1.8205156e-08,-7.8833012e-08,0.79966957,4.3845216e-08,-6.799756e-08,-2.3560675,0.022149662,1.0224995e-06,-1.6343621e-06,0.0014031519,-1.3251442,-1.5975195e-05,2.5410848e-05,-0.024359216,-824.32691,-0.0073047585,0.011571688,-13.339092,0,0
215,0.214,0,0,-0.054495658,0,-0,0,0,0,0.17945523,0,0,0,0,0,3.8002411,0,0,0,0.52000002,1.2925726,-0.34011441,-1.5563751,1.8662643e-08,-8.0689865e-08,0.79969107,4.4859467e-08,-6.9618793e-08,-2.3560661,0.020833376,1.0061323e-06,-1.6083165e-06,0.0013782381,-1.3192391,-1.6236587e-05,2.5833991e-05,-0.024728914,-818.82013,-0.0072736346,0.011522522,-13.284054,0,0
216,0.215,0,0,-0.054314393,0,-0,0,0,0,0.18311865,0,0,0,0,0,3.709028,0,0,0,0.52000002,1.2925795,-0.33992234,-1.5563535,1.9112773e-08,-8.2516606e-08,0.79971125,4.5857227e-08,-7.1213782e-08,-2.3560648,0.019523547,9.8951469e-07,-1.5818658e-06,0.0013529835,-1.3129653,-1.6490569e-05,2.6245174e-05,-0.025079378,-813.27999,-0.0072404348,0.011470018,-13.226057,0,0
217,0.216,0,0,-0.054129512,0,-0,0,0,0,0.18669008,0,0,0,0,0,3.6172922,0,0,0,0.52000002,1.292586,-0.33972735,-1.5563333,1.9555421e-08,-8.4312783e-08,0.79973012,4.683825e-08,-7.2782126e-08,-2.3560634,0.018220539,9.7265434e-07,-1.5550219e-06,0.0013274073,-1.3063273,-1.6737092e-05,2.6644312e-05,-0.025410589,-807.70863,-0.0072051842,0.011414216,-13.165181,0,0
218,0.217,0,0,-0.053941106,0,-0,0,0,0,0.19016903,0,0,0,0,0,3.5250689,0,0,0,0.52000002,1.2925921,-0.33952953,-1.5563144,1.999047e-08,-8.6077957e-08,0.79974769,4.7802297e-08,-7.4323438e-08,-2.3560621,0.016924708,9.5555872e-07,-1.5277971e-06,0.0013015288,-1.2993299,-1.6976111e-05,2.7031326e-05,-0.025722544,-802.1082,-0.0071679084,0.011355157,-13.101508,0,0
219,0.218,0,0,-0.053749267,0,-0,0,0,0,0.19355509,0,0,0,0,0,3.4323929,0,0,0,0.52000002,1.2925978,-0.33932897,-1.5562969,2.0417803e-08,-8.7811701e-08,0.79976398,4.8749136e-08,-7.5837345e-08,-2.3560608,0.015636406,9.382354e-07,-1.5002035e-06,0.0012753672,-1.2919778,-1.7207581e-05,2.7406141e-05,-0.026015259,-796.48081,-0.0071286338,0.011292885,-13.035119,0,0
220,0.219,0,0,-0.053554088,0,-0,0,0,0,0.19684784,0,0,0,0,0,3.3392987,0,0,0,0.52000002,1.2926031,-0.33912576,-1.5562806,2.0837309e-08,-8.9513606e-08,0.79977897,4.9678544e-08,-7.7323483e-08,-2.3560596,0.014355981,9.20692e-07,-1.4722535e-06,0.0012489417,-1.2842761,-1.7431464e-05,2.7768689e-05,-0.02628877,-790.82859,-0.0070873872,0.011227442,-12.966096,0,0
221,0.22,0,0,-0.053355664,0,-0,0,0,0,0.20004692,0,0,0,0,0,3.2458212,0,0,0,0.52000002,1.292608,-0.33891999,-1.5562656,2.1248881e-08,-9.1183274e-08,0.7997927,5.0590304e-08,-7.8781502e-08,-2.3560583,0.013083774,9.0293614e-07,-1.4439595e-06,0.0012222714,-1.2762297,-1.7647723e-05,2.8118908e-05,-0.026543127,-785.15365,-0.0070441959,0.011158873,-12.894521,0,0
222,0.221,0,0,-0.053154088,0,-0,0,0,0,0.203152,0,0,0,0,0,3.1519947,0,0,0,0.52000002,1.2926126,-0.33871174,-1.556252,2.1652414e-08,-9.282032e-08,0.79980515,5.1484207e-08,-8.0211064e-08,-2.3560571,0.011820124,8.8497552e-07,-1.4153339e-06,0.0011953753,-1.2678437,-1.7856326e-05,2.845674e-05,-0.0267784,-779.4581,-0.0069990879,0.011087223,-12.820479,0,0
223,0.222,0,0,-0.052949455,0,-0,0,0,0,0.20616279,0,0,0,0,0,3.0578535,0,0,0,0.52000002,1.2926167,-0.33850111,-1.5562396,2.2047808e-08,-9.4424377e-08,0.79981634,5.2360054e-08,-8.1611844e-08,-2.3560559,0.010565361,8.6681782e-07,-1.386389e-06,0.0011682725,-1.2591232,-1.8057243e-05,2.8782133e-05,-0.026994675,-773.74403,-0.0069520918,0.011012537,-12.744054,0,0
224,0.223,0,0,-0.052741857,0,-0,0,0,0,0.20907901,0,0,0,0,0,2.9634317,0,0,0,0.52000002,1.2926205,-0.33828818,-1.5562285,2.2434968e-08,-9.5995089e-08,0.79982629,5.321765e-08,-8.2983529e-08,-2.3560548,0.0093198117,8.4847077e-07,-1.3571375e-06,0.0011409818,-1.2500737,-1.8250447e-05,2.9095043e-05,-0.027192053,-768.01353,-0.0069032363,0.010934864,-12.665329,0,0
225,0.224,0,0,-0.052531391,0,-0,0,0,0,0.21190044,0,0,0,0,0,2.8687634,0,0,0,0.52000003,1.292624,-0.33807305,-1.5562187,2.2813801e-08,-9.7532115e-08,0.79983499,5.405681e-08,-8.4325819e-08,-2.3560537,0.0080837982,8.2994212e-07,-1.3275919e-06,0.0011135218,-1.2407003,-1.8435916e-05,2.9395427e-05,-0.027370654,-762.26867,-0.0068525511,0.010854251,-12.58439,0,0
226,0.225,0,0,-0.052318151,0,-0,0,0,0,0.21462688,0,0,0,0,0,2.7738822,0,0,0,0.52000003,1.292627,-0.3378558,-1.5562101,2.3184219e-08,-9.9035128e-08,0.79984247,5.4877356e-08,-8.5638425e-08,-2.3560526,0.0068576356,8.1123963e-07,-1.2977648e-06,0.0010859112,-1.2310084,-1.861363e-05,2.9683252e-05,-0.027530612,-756.51151,-0.006800066,0.010770745,-12.50132,0,0
227,0.226,0,0,-0.052102233,0,-0,0,0,0,0.21725817,0,0,0,0,0,2.6788219,0,0,0,0.52000003,1.2926297,-0.33763652,-1.5562028,2.3546138e-08,-1.0050382e-07,0.79984872,5.5679119e-08,-8.6921073e-08,-2.3560515,0.0056416343,7.9237108e-07,-1.2676687e-06,0.0010581684,-1.2210037,-1.8783573e-05,2.9958489e-05,-0.027672076,-750.74411,-0.0067458114,0.010684397,-12.416207,0,0
228,0.227,0,0,-0.05188373,0,-0,0,0,0,0.21979418,0,0,0,0,0,2.5836157,0,0,0,0.52000003,1.292632,-0.33741531,-1.5561967,2.3899477e-08,-1.0193788e-07,0.79985376,5.6461936e-08,-8.81735e-08,-2.3560504,0.0044360988,7.7334427e-07,-1.2373162e-06,0.0010303117,-1.2106916,-1.8945731e-05,3.0221113e-05,-0.027795211,-744.96851,-0.0066898182,0.010595256,-12.329133,0,0
229,0.228,0,0,-0.05166274,0,-0,0,0,0,0.22223482,0,0,0,0,0,2.488297,0,0,0,0.52000003,1.2926339,-0.33719226,-1.5561918,2.424416e-08,-1.0333704e-07,0.7998576,5.7225653e-08,-8.9395456e-08,-2.3560494,0.0032413281,7.54167e-07,-1.2067201e-06,0.001002359,-1.2000777,-1.9100094e-05,3.0471106e-05,-0.027900196,-739.18672,-0.0066321177,0.010503373,-12.240185,0,0
230,0.229,0,0,-0.051439356,0,-0,0,0,0,0.22458002,0,0,0,0,0,2.3928985,0,0,0,0.52000003,1.2926355,-0.33696744,-1.5561882,2.4580114e-08,-1.0470102e-07,0.79986025,5.7970124e-08,-9.0586703e-08,-2.3560484,0.0020576155,7.3484706e-07,-1.175893e-06,0.00097432822,-1.1891677,-1.9246657e-05,3.0708456e-05,-0.027987224,-733.40077,-0.0065727415,0.0104088,-12.149448,0,0
231,0.23,0,0,-0.051213675,0,-0,0,0,0,0.22682975,0,0,0,0,0,2.297453,0,0,0,0.52000003,1.2926367,-0.33674096,-1.5561858,2.4907272e-08,-1.0602958e-07,0.79986173,5.8695209e-08,-9.1747017e-08,-2.3560475,0.00088524827,7.1539227e-07,-1.1448475e-06,0.00094623708,-1.1779674,-1.9385415e-05,3.0933156e-05,-0.028056503,-727.61264,-0.0065117218,0.010311588,-12.057005,0,0
232,0.231,0,0,-0.050985792,0,-0,0,0,0,0.22898401,0,0,0,0,0,2.2019931,0,0,0,0.52000003,1.2926375,-0.3365129,-1.5561845,2.5225568e-08,-1.0732246e-07,0.79986204,5.9400777e-08,-9.2876186e-08,-2.3560466,-0.00027549181,6.9581042e-07,-1.1135963e-06,0.00091810296,-1.1664825,-1.9516369e-05,3.1145203e-05,-0.028108252,-721.82433,-0.006449091,0.010211791,-11.962942,0,0
233,0.232,0,0,-0.050755802,0,-0,0,0,0,0.23104284,0,0,0,0,0,2.1065509,0,0,0,0.52000003,1.292638,-0.33628336,-1.5561845,2.5534942e-08,-1.0857944e-07,0.79986119,6.0086706e-08,-9.397401e-08,-2.3560456,-0.001424329,6.7610932e-07,-1.082152e-06,0.00088994303,-1.154719,-1.9639521e-05,3.1344602e-05,-0.028142703,-716.0378,-0.0063848819,0.01010946,-11.867343,0,0
234,0.233,0,0,-0.050523802,0,-0,0,0,0,0.2330063,0,0,0,0,0,2.0111584,0,0,0,0.52000003,1.2926382,-0.33605241,-1.5561856,2.5835338e-08,-1.0980031e-07,0.7998592,6.0752881e-08,-9.5040303e-08,-2.3560448,-0.0025609936,6.5629677e-07,-1.0505272e-06,0.00086177422,-1.1426827,-1.9754878e-05,3.1531361e-05,-0.028160103,-710.25499,-0.0063191279,0.010004651,-11.770292,0,0
235,0.234,0,0,-0.050289885,0,-0,0,0,0,0.2348745,0,0,0,0,0,1.9158474,0,0,0,0.52000003,1.292638,-0.33582015,-1.5561878,2.6126703e-08,-1.1098487e-07,0.79985608,6.1399192e-08,-9.607489e-08,-2.3560439,-0.0036852218,6.3638053e-07,-1.0187347e-06,0.00083361321,-1.1303797,-1.9862449e-05,3.1705495e-05,-0.028160708,-704.47785,-0.0062518623,0.0098974178,-11.671872,0,0
236,0.235,0,0,-0.050054148,0,-0,0,0,0,0.23664755,0,0,0,0,0,1.8206492,0,0,0,0.52000003,1.2926375,-0.33558667,-1.5561913,2.6408988e-08,-1.1213294e-07,0.79985184,6.2025542e-08,-9.7077611e-08,-2.3560431,-0.0047967558,6.1636839e-07,-9.8678688e-07,0.00080547639,-1.1178159,-1.9962246e-05,3.1867023e-05,-0.028144786,-698.70829,-0.006183119,0.0097878149,-11.572165,0,0
237,0.236,0,0,-0.049816685,0,-0,0,0,0,0.23832561,0,0,0,0,0,1.725595,0,0,0,0.52000003,1.2926366,-0.33535205,-1.5561958,2.6682149e-08,-1.1324435e-07,0.7998465,6.2631837e-08,-9.8048315e-08,-2.3560423,-0.0058953439,5.9626808e-07,-9.5469644e-07,0.00077737986,-1.1049974,-2.0054285e-05,3.201597e-05,-0.028112616,-692.9482,-0.0061129323,0.0096758979,-11.471254,0,0
238,0.237,0,0,-0.049577591,0,-0,0,0,0,0.23990889,0,0,0,0,0,1.6307157,0,0,0,0.52000003,1.2926354,-0.33511639,-1.5562015,2.6946145e-08,-1.1431894e-07,0.79984006,6.3217994e-08,-9.8986867e-08,-2.3560415,-0.0069807407,5.7608735e-07,-9.2247587e-07,0.00074933943,-1.0919303,-2.0138585e-05,3.2152367e-05,-0.028064488,-687.19948,-0.0060413364,0.0095617227,-11.369221,0,0
239,0.238,0,0,-0.049336962,0,-0,0,0,0,0.24139759,0,0,0,0,0,1.5360418,0,0,0,0.52000003,1.2926338,-0.33487977,-1.5562083,2.720094e-08,-1.1535658e-07,0.79983255,6.3783935e-08,-9.9893143e-08,-2.3560408,-0.0080527067,5.5583389e-07,-8.9013768e-07,0.00072137063,-1.0786208,-2.0215167e-05,3.2276248e-05,-0.0280007,-681.46398,-0.0059683662,0.0094453456,-11.266145,0,0
240,0.239,0,0,-0.049094891,0,-0,0,0,0,0.24279198,0,0,0,0,0,1.4416035,0,0,0,0.52000003,1.292632,-0.33464228,-1.5562161,2.74465e-08,-1.1635713e-07,0.79982397,6.4329593e-08,-1.0076703e-07,-2.3560401,-0.0091110089,5.3551539e-07,-8.5769433e-07,0.00069348864,-1.065075,-2.0284056e-05,3.2387653e-05,-0.02792156,-675.74355,-0.0058940566,0.0093268232,-11.162108,0,0
241,0.24,0,0,-0.048851472,0,-0,0,0,0,0.24409232,0,0,0,0,0,1.3474308,0,0,0,0.52000003,1.2926298,-0.334404,-1.5562251,2.7682797e-08,-1.1732048e-07,0.79981434,6.4854905e-08,-1.0160843e-07,-2.3560394,-0.01015542,5.151395e-07,-8.2515821e-07,0.00066570834,-1.0512993,-2.0345279e-05,3.2486629e-05,-0.027827388,-670.04,-0.0058184427,0.0092062127,-11.057187,0,0
242,0.241,0,0,-0.0486068,0,-0,0,0,0,0.24529894,0,0,0,0,0,1.2535533,0,0,0,0.52000003,1.2926273,-0.33416502,-1.5562351,2.7909805e-08,-1.1824654e-07,0.79980367,6.5359818e-08,-1.0241726e-07,-2.3560388,-0.01118572,4.9471384e-07,-7.9254169e-07,0.00063804427,-1.0372997,-2.0398867e-05,3.2573225e-05,-0.027718507,-664.35515,-0.0057415601,0.0090835715,-10.951462,0,0
243,0.242,0,0,-0.048360968,0,-0,0,0,0,0.24641216,0,0,0,0,0,1.1600002,0,0,0,0.52000003,1.2926244,-0.33392543,-1.5562462,2.8127503e-08,-1.1913522e-07,0.79979198,6.5844286e-08,-1.0319344e-07,-2.3560382,-0.012201695,4.7424599e-07,-7.5985706e-07,0.00061051065,-1.0230828,-2.0444854e-05,3.2647496e-05,-0.027595251,-658.69077,-0.0056634443,0.0089589574,-10.845009,0,0
244,0.243,0,0,-0.048114069,0,-0,0,0,0,0.24743236,0,0,0,0,0,1.0668006,0,0,0,0.52000003,1.2926213,-0.33368531,-1.5562583,2.8335875e-08,-1.1998645e-07,0.79977929,6.6308271e-08,-1.0393691e-07,-2.3560376,-0.013203135,4.537435e-07,-7.2711655e-07,0.00058312133,-1.0086547,-2.0483276e-05,3.2709503e-05,-0.027457961,-653.04863,-0.0055841311,0.0088324284,-10.737905,0,0
245,0.244,0,0,-0.047866196,0,-0,0,0,0,0.24835994,0,0,0,0,0,0.97398293,0,0,0,0.52000003,1.2926179,-0.33344475,-1.5562714,2.8534906e-08,-1.2080017e-07,0.79976559,6.6751742e-08,-1.0464763e-07,-2.356037,-0.01418984,4.3321388e-07,-6.9433234e-07,0.00055588983,-0.99402176,-2.0514171e-05,3.275931e-05,-0.027306985,-647.43046,-0.0055036565,0.0087040429,-10.630225,0,0
246,0.245,0,0,-0.047617441,0,-0,0,0,0,0.24919531,0,0,0,0,0,0.88157548,0,0,0,0.52000003,1.2926141,-0.33320384,-1.5562855,2.8724586e-08,-1.2157634e-07,0.79975092,6.7174676e-08,-1.0532554e-07,-2.3560364,-0.015161615,4.126646e-07,-6.6151651e-07,0.00052882931,-0.97919044,-2.0537582e-05,3.2796987e-05,-0.027142677,-641.83798,-0.0054220568,0.0085738596,-10.522043,0,0
247,0.246,0,0,-0.047367897,0,-0,0,0,0,0.24993893,0,0,0,0,0,0.78960613,0,0,0,0.52000003,1.2926101,-0.33296265,-1.5563006,2.890491e-08,-1.2231492e-07,0.79973528,6.7577056e-08,-1.0597063e-07,-2.3560359,-0.016118271,3.9210306e-07,-6.2868109e-07,0.00050195255,-0.96416711,-2.0553554e-05,3.2822607e-05,-0.026965396,-636.2729,-0.0053393681,0.0084419371,-10.413431,0,0
248,0.247,0,0,-0.047117655,0,-0,0,0,0,0.25059128,0,0,0,0,0,0.6981024,0,0,0,0.52000003,1.2926057,-0.33272126,-1.5563167,2.9075875e-08,-1.2301591e-07,0.7997187,6.7958873e-08,-1.0658289e-07,-2.3560354,-0.017059624,3.7153663e-07,-5.9583802e-07,0.00047527199,-0.94895816,-2.0562134e-05,3.283625e-05,-0.026775507,-630.73687,-0.0052556268,0.0083083345,-10.304461,0,0
249,0.248,0,0,-0.046866806,0,-0,0,0,0,0.25115287,0,0,0,0,0,0.60709141,0,0,0,0.52000003,1.2926011,-0.33247977,-1.5563338,2.9237483e-08,-1.236793e-07,0.79970118,6.8320128e-08,-1.0716231e-07,-2.356035,-0.0179855,3.5097264e-07,-5.6299915e-07,0.00044879968,-0.93357004,-2.0563371e-05,3.2837999e-05,-0.02657338,-625.23155,-0.0051708696,0.0081731111,-10.195203,0,0
250,0.249,0,0,-0.04661544,0,-0,0,0,0,0.25162422,0,0,0,0,0,0.51659993,0,0,0,0.52000003,1.2925962,-0.33223826,-1.5563518,2.9389738e-08,-1.2430511e-07,0.79968274,6.8660825e-08,-1.077089e-07,-2.3560345,-0.018895729,3.3041835e-07,-5.3017624e-07,0.00042254728,-0.91800918,-2.055732e-05,3.282794e-05,-0.026359389,-619.75857,-0.005085133,0.008036326,-10.085728,0,0
251,0.25,0,0,-0.046363647,0,-0,0,0,0,0.2520059,0,0,0,0,0,0.42665434,0,0,0,0.52000003,1.292591,-0.3319968,-1.5563707,2.953265e-08,-1.2489334e-07,0.79966341,6.8980978e-08,-1.0822268e-07,-2.3560341,-0.019790148,3.0988096e-07,-4.9738096e-07,0.00039652611,-0.90228203,-2.0544034e-05,3.2806167e-05,-0.026133912,-614.31953,-0.0049984537,0.0078980388,-9.9761016,0,0
252,0.251,0,0,-0.046111517,0,-0,0,0,0,0.2522985,0,0,0,0,0,0.33728063,0,0,0,0.52000003,1.2925856,-0.33175548,-1.5563906,2.966623e-08,-1.2544405e-07,0.79964318,6.9280607e-08,-1.0870369e-07,-2.3560337,-0.020668599,2.8936762e-07,-4.6462488e-07,0.00037074707,-0.88639507,-2.0523572e-05,3.2772776e-05,-0.02589733,-608.916,-0.0049108684,0.007758309,-9.8663912,0,0
253,0.252,0,0,-0.045859139,0,-0,0,0,0,0.25250261,0,0,0,0,0,0.24850438,0,0,0,0.52000003,1.2925798,-0.33151437,-1.5564113,2.9790494e-08,-1.2595729e-07,0.79962208,6.955974e-08,-1.0915198e-07,-2.3560334,-0.021530934,2.6888541e-07,-4.3191947e-07,0.00034522069,-0.87035476,-2.0495994e-05,3.2727865e-05,-0.025650027,-603.54954,-0.0048224141,0.0076171961,-9.7566616,0,0
254,0.253,0,0,-0.0456066,0,-0,0,0,0,0.25261889,0,0,0,0,0,0.16035079,0,0,0,0.52000003,1.2925738,-0.33127357,-1.5564329,2.9905463e-08,-1.2643311e-07,0.79960013,6.9818413e-08,-1.0956759e-07,-2.3560331,-0.022377008,2.4844136e-07,-3.9927609e-07,0.00031995712,-0.85416757,-2.0461363e-05,3.2671541e-05,-0.02539239,-598.22168,-0.0047331274,0.0074747598,-9.6469764,0,0
255,0.254,0,0,-0.045353989,0,-0,0,0,0,0.25264798,0,0,0,0,0,0.072844631,0,0,0,0.52000003,1.2925676,-0.33103313,-1.5564554,3.0011158e-08,-1.2687159e-07,0.79957735,7.0056665e-08,-1.099506e-07,-2.3560327,-0.023206684,2.2804243e-07,-3.6670599e-07,0.00029496611,-0.83783999,-2.0419744e-05,3.2603911e-05,-0.025124807,-592.93391,-0.0046430454,0.0073310597,-9.5373977,0,0
256,0.255,0,0,-0.045101391,0,-0,0,0,0,0.25259057,0,0,0,0,0,-0.013989718,0,0,0,0.52000003,1.2925611,-0.33079315,-1.5564787,3.0107605e-08,-1.2727283e-07,0.79955374,7.0274546e-08,-1.1030108e-07,-2.3560325,-0.024019832,2.0769549e-07,-3.3422031e-07,0.00027025701,-0.82137848,-2.0371204e-05,3.2525088e-05,-0.024847667,-587.68771,-0.0045522048,0.0071861555,-9.4279863,0,0
257,0.256,0,0,-0.044848894,0,-0,0,0,0,0.25244737,0,0,0,0,0,-0.10012831,0,0,0,0.52000003,1.2925543,-0.3305537,-1.5565029,3.0194836e-08,-1.2763692e-07,0.79952932,7.0472111e-08,-1.1061913e-07,-2.3560322,-0.024816327,1.8740738e-07,-3.0183008e-07,0.0002458388,-0.80478953,-2.0315813e-05,3.2435187e-05,-0.024561361,-582.48454,-0.0044606424,0.0070401067,-9.3188012,0,0
258,0.257,0,0,-0.044596582,0,-0,0,0,0,0.25221912,0,0,0,0,0,-0.1855476,0,0,0,0.52000003,1.2925473,-0.33031486,-1.5565279,3.0272881e-08,-1.2796397e-07,0.79950412,7.0649423e-08,-1.1090484e-07,-2.356032,-0.025596051,1.6718482e-07,-2.6954618e-07,0.00022172006,-0.78807959,-2.0253643e-05,3.2334329e-05,-0.024266281,-577.32582,-0.0043683952,0.0068929729,-9.2099002,0,0
259,0.258,0,0,-0.04434454,0,-0,0,0,0,0.25190655,0,0,0,0,0,-0.2702245,0,0,0,0.52000003,1.2925401,-0.3300767,-1.5565536,3.0341778e-08,-1.2825412e-07,0.79947815,7.080655e-08,-1.1115833e-07,-2.3560318,-0.026358894,1.4703449e-07,-2.3737939e-07,0.00019790897,-0.77125513,-2.0184768e-05,3.2222637e-05,-0.023962817,-572.21294,-0.0042754999,0.0067448134,-9.1013393,0,0
260,0.259,0,0,-0.044092853,0,-0,0,0,0,0.25151046,0,0,0,0,0,-0.35413633,0,0,0,0.52000003,1.2925326,-0.3298393,-1.5565802,3.0401566e-08,-1.285075e-07,0.79945142,7.0943567e-08,-1.1137972e-07,-2.3560316,-0.027104751,1.2696298e-07,-2.0534035e-07,0.00017441334,-0.7543226,-2.0109264e-05,3.2100237e-05,-0.023651361,-567.14728,-0.0041819932,0.0065956878,-8.9931731,0,0
261,0.26,0,0,-0.043841602,0,-0,0,0,0,0.25103164,0,0,0,0,0,-0.43726085,0,0,0,0.52000003,1.2925249,-0.32960272,-1.5566075,3.0452288e-08,-1.2872426e-07,0.79942396,7.1060558e-08,-1.1156914e-07,-2.3560314,-0.027833522,1.0697679e-07,-1.7343958e-07,0.00015124057,-0.73728844,-2.002721e-05,3.1967261e-05,-0.023332302,-562.13018,-0.0040879119,0.0064456551,-8.8854545,0,0
262,0.261,0,0,-0.043590872,0,-0,0,0,0,0.2504709,0,0,0,0,0,-0.51957626,0,0,0,0.52000003,1.2925169,-0.32936706,-1.5566355,3.049399e-08,-1.2890457e-07,0.79939577,7.1157609e-08,-1.1172674e-07,-2.3560313,-0.028545116,8.7082369e-08,-1.4168745e-07,0.00012839768,-0.72015907,-1.9938686e-05,3.1823842e-05,-0.023006029,-557.16295,-0.0039932923,0.0062947744,-8.7782351,0,0
263,0.262,0,0,-0.043340742,0,-0,0,0,0,0.2498291,0,0,0,0,0,-0.6010612,0,0,0,0.52000003,1.2925088,-0.32913237,-1.5566643,3.0526721e-08,-1.2904859e-07,0.79936688,7.1234817e-08,-1.1185267e-07,-2.3560312,-0.029239448,6.7286049e-08,-1.1009419e-07,0.0001058913,-0.70294089,-1.9843775e-05,3.1670116e-05,-0.02267293,-552.2469,-0.0038981711,0.0061431046,-8.6715646,0,0
264,0.263,0,0,-0.043091294,0,-0,0,0,0,0.24910709,0,0,0,0,0,-0.68169476,0,0,0,0.52000003,1.2925004,-0.32889873,-1.5566938,3.0550532e-08,-1.2915652e-07,0.79933731,7.1292283e-08,-1.119471e-07,-2.3560311,-0.029916438,4.7594096e-08,-7.8669912e-08,8.3727679e-05,-0.68564031,-1.9742561e-05,3.1506225e-05,-0.022333389,-547.38326,-0.0038025846,0.0059907043,-8.5654912,0,0
265,0.264,0,0,-0.042842608,0,-0,0,0,0,0.24830575,0,0,0,0,0,-0.76145648,0,0,0,0.52000003,1.2924918,-0.3286662,-1.5567239,3.0565478e-08,-1.2922855e-07,0.79930707,7.1330113e-08,-1.1201019e-07,-2.356031,-0.030576013,2.8012683e-08,-4.7424558e-08,6.1912688e-05,-0.66826368,-1.9635129e-05,3.1332311e-05,-0.02198779,-542.57329,-0.0037065691,0.0058376321,-8.4600616,0,0
266,0.265,0,0,-0.042594761,0,-0,0,0,0,0.24742599,0,0,0,0,0,-0.84032636,0,0,0,0.52000003,1.292483,-0.32843487,-1.5567548,3.0571619e-08,-1.2926489e-07,0.79927617,7.1348422e-08,-1.1204213e-07,-2.3560309,-0.031218108,8.5478951e-09,-1.6367932e-08,4.0451815e-05,-0.65081735,-1.9521568e-05,3.1148521e-05,-0.021636512,-537.81819,-0.0036101606,0.0056839461,-8.3553207,0,0
267,0.266,0,0,-0.042347834,0,-0,0,0,0,0.24646873,0,0,0,0,0,-0.91828485,0,0,0,0.52000003,1.292474,-0.32820479,-1.5567863,3.0569013e-08,-1.2926576e-07,0.79924465,7.1347328e-08,-1.1204312e-07,-2.3560309,-0.03184266,-1.0794272e-08,1.4490311e-08,1.9350173e-05,-0.63330765,-1.9401967e-05,3.0955003e-05,-0.021279932,-533.11912,-0.0035133951,0.0055297042,-8.251312,0,0
268,0.267,0,0,-0.042101901,0,-0,0,0,0,0.2454349,0,0,0,0,0,-0.99531285,0,0,0,0.52000003,1.2924648,-0.32797604,-1.5568184,3.0557726e-08,-1.2923139e-07,0.79921251,7.1326959e-08,-1.1201335e-07,-2.3560309,-0.032449618,-3.0007917e-08,4.5140673e-08,-1.3874972e-06,-0.61574086,-1.9276419e-05,3.0751909e-05,-0.020918424,-528.47725,-0.0034163084,0.0053749642,-8.1480773,0,0
269,0.268,0,0,-0.04185704,0,-0,0,0,0,0.24432547,0,0,0,0,0,-1.0713917,0,0,0,0.52000003,1.2924555,-0.32774867,-1.5568511,3.0537824e-08,-1.2916202e-07,0.79917977,7.1287444e-08,-1.1195305e-07,-2.3560309,-0.033038932,-4.908723e-08,7.5573808e-08,-2.1756821e-05,-0.59812326,-1.9145015e-05,3.0539393e-05,-0.020552357,-523.89368,-0.0033189361,0.0052197833,-8.0456566,0,0
270,0.269,0,0,-0.041613325,0,-0,0,0,0,0.24314141,0,0,0,0,0,-1.1465034,0,0,0,0.52000003,1.2924459,-0.32752277,-1.5568845,3.0509375e-08,-1.2905789e-07,0.79914645,7.1228921e-08,-1.1186242e-07,-2.3560309,-0.033610562,-6.8026498e-08,1.0578053e-07,-4.1753786e-05,-0.58046106,-1.900785e-05,3.0317613e-05,-0.020182096,-519.36952,-0.0032213136,0.0050642186,-7.9440886,0,0
271,0.27,0,0,-0.041370831,0,-0,0,0,0,0.24188372,0,0,0,0,0,-1.22063,0,0,0,0.52000003,1.2924362,-0.32729838,-1.5569184,3.0472451e-08,-1.2891929e-07,0.79911256,7.1151534e-08,-1.1174172e-07,-2.356031,-0.034164473,-8.6820105e-08,1.3575182e-07,-6.1374741e-05,-0.56276049,-1.8865021e-05,3.0086728e-05,-0.019808002,-514.90581,-0.0031234762,0.0049083267,-7.8434103,0,0
272,0.271,0,0,-0.041129631,0,-0,0,0,0,0.2405534,0,0,0,0,0,-1.2937545,0,0,0,0.52000003,1.2924263,-0.32707558,-1.5569529,3.0427128e-08,-1.2874646e-07,0.79907814,7.105543e-08,-1.1159116e-07,-2.3560311,-0.034700634,-1.0546253e-07,1.654788e-07,-8.0616386e-05,-0.54502769,-1.8716625e-05,2.9846899e-05,-0.019430431,-510.5036,-0.0030254588,0.0047521641,-7.7436571,0,0
273,0.272,0,0,-0.040889796,0,-0,0,0,0,0.23915149,0,0,0,0,0,-1.36586,0,0,0,0.52000003,1.2924162,-0.32685443,-1.556988,3.0373481e-08,-1.2853971e-07,0.79904318,7.0940763e-08,-1.1141101e-07,-2.3560312,-0.035219023,-1.2394836e-07,1.9495279e-07,-9.947577e-05,-0.5272688,-1.8562761e-05,2.9598291e-05,-0.019049733,-506.16388,-0.0029272963,0.0045957864,-7.6448626,0,0
274,0.273,0,0,-0.040651399,0,-0,0,0,0,0.23767902,0,0,0,0,0,-1.4369304,0,0,0,0.52000003,1.292406,-0.32663499,-1.5570235,3.0311591e-08,-1.2829931e-07,0.79900772,7.0807692e-08,-1.1120151e-07,-2.3560313,-0.035719624,-1.4227227e-07,2.2416525e-07,-0.00011795029,-0.50948991,-1.8403529e-05,2.9341069e-05,-0.018666254,-501.88764,-0.0028290232,0.0044392494,-7.5470592,0,0
275,0.274,0,0,-0.040414508,0,-0,0,0,0,0.23613706,0,0,0,0,0,-1.5069497,0,0,0,0.52000003,1.2923956,-0.32641731,-1.5570596,3.0241539e-08,-1.2802558e-07,0.79897176,7.0656383e-08,-1.1096294e-07,-2.3560314,-0.036202424,-1.6042906e-07,2.5310781e-07,-0.00013603766,-0.49169707,-1.8239031e-05,2.9075402e-05,-0.018280335,-497.6758,-0.0027306738,0.0042826081,-7.4502774,0,0
276,0.275,0,0,-0.040179194,0,-0,0,0,0,0.23452668,0,0,0,0,0,-1.5759026,0,0,0,0.52000003,1.2923851,-0.32620147,-1.5570962,3.0163409e-08,-1.2771882e-07,0.79893533,7.0487004e-08,-1.1069557e-07,-2.3560315,-0.03666742,-1.784136e-07,2.817723e-07,-0.00015373595,-0.47389628,-1.806937e-05,2.880146e-05,-0.017892307,-493.5293,-0.0026322822,0.004125917,-7.3545464,0,0
277,0.276,0,0,-0.039945523,0,-0,0,0,0,0.23284897,0,0,0,0,0,-1.6437744,0,0,0,0.52000003,1.2923744,-0.32598751,-1.5571333,3.0077289e-08,-1.2737935e-07,0.79889844,7.029973e-08,-1.1039968e-07,-2.3560317,-0.037114612,-1.9622088e-07,3.1015069e-07,-0.00017104355,-0.45609351,-1.7894649e-05,2.8519415e-05,-0.0175025,-489.44901,-0.0025338821,0.0039692305,-7.2598939,0,0
278,0.277,0,0,-0.039713563,0,-0,0,0,0,0.23110503,0,0,0,0,0,-1.7105507,0,0,0,0.52000003,1.2923636,-0.3257755,-1.5571708,2.9983266e-08,-1.270075e-07,0.79886112,7.0094742e-08,-1.1007556e-07,-2.3560319,-0.037544008,-2.1384602e-07,3.3823515e-07,-0.00018795915,-0.43829467,-1.7714973e-05,2.822944e-05,-0.017111234,-485.43579,-0.002435507,0.0038126023,-7.1663457,0,0
279,0.278,0,0,-0.039483379,0,-0,0,0,0,0.22929598,0,0,0,0,0,-1.7762175,0,0,0,0.52000003,1.2923526,-0.32556548,-1.5572087,2.9881432e-08,-1.2660362e-07,0.79882337,6.9872223e-08,-1.0972351e-07,-2.3560321,-0.037955619,-2.3128421e-07,3.6601799e-07,-0.00020448177,-0.42050563,-1.753045e-05,2.793171e-05,-0.016718824,-481.49047,-0.0023371901,0.0036560854,-7.0739265,0,0
280,0.279,0,0,-0.039255035,0,-0,0,0,0,0.22742295,0,0,0,0,0,-1.8407615,0,0,0,0.52000003,1.2923415,-0.32535753,-1.5572471,2.977188e-08,-1.2616804e-07,0.79878522,6.9632362e-08,-1.0934383e-07,-2.3560323,-0.038349464,-2.4853076e-07,3.9349174e-07,-0.00022061072,-0.40273221,-1.7341185e-05,2.7626403e-05,-0.016325577,-477.61384,-0.0022389643,0.0034997327,-6.9826593,0,0
281,0.28,0,0,-0.039028596,0,-0,0,0,0,0.22548707,0,0,0,0,0,-1.9041697,0,0,0,0.52000003,1.2923303,-0.32515168,-1.5572858,2.9654706e-08,-1.2570113e-07,0.79874669,6.9375355e-08,-1.0893684e-07,-2.3560325,-0.038725568,-2.655811e-07,4.2064909e-07,-0.00023634563,-0.38498018,-1.7147287e-05,2.7313697e-05,-0.015931794,-473.80666,-0.0021408623,0.0033435964,-6.8925658,0,0
282,0.281,0,0,-0.038804123,0,-0,0,0,0,0.22348951,0,0,0,0,0,-1.9664298,0,0,0,0.52000003,1.292319,-0.324948,-1.557325,2.9530005e-08,-1.2520324e-07,0.79870779,6.9101399e-08,-1.0850285e-07,-2.3560328,-0.039083961,-2.8243075e-07,4.4748289e-07,-0.00025168638,-0.36725525,-1.6948865e-05,2.6993771e-05,-0.015537769,-470.06968,-0.0020429162,0.0031877281,-6.8036661,0,0
283,0.282,0,0,-0.038581678,0,-0,0,0,0,0.22143144,0,0,0,0,0,-2.0275297,0,0,0,0.52000003,1.2923075,-0.32474652,-1.5573645,2.9397878e-08,-1.2467475e-07,0.79866854,6.8810696e-08,-1.080422e-07,-2.356033,-0.039424678,-2.9907536e-07,4.7398622e-07,-0.00026663318,-0.34956309,-1.6746029e-05,2.6666806e-05,-0.015143788,-466.4036,-0.001945158,0.0030321788,-6.7159791,0,0
284,0.283,0,0,-0.03836132,0,-0,0,0,0,0.21931401,0,0,0,0,0,-2.087458,0,0,0,0.52000003,1.292296,-0.32454732,-1.5574043,2.9258426e-08,-1.2411604e-07,0.79862896,6.8503455e-08,-1.0755521e-07,-2.3560333,-0.039747761,-3.1551068e-07,5.0015229e-07,-0.00028118648,-0.3319093,-1.6538888e-05,2.6332984e-05,-0.014750128,-462.8091,-0.0018476193,0.0028769992,-6.629522,0,0
285,0.284,0,0,-0.038143109,0,-0,0,0,0,0.21713844,0,0,0,0,0,-2.1462038,0,0,0,0.52000003,1.2922843,-0.32435043,-1.5574445,2.911175e-08,-1.235275e-07,0.79858906,6.8179886e-08,-1.0704223e-07,-2.3560336,-0.040053255,-3.3173257e-07,5.2597453e-07,-0.00029534701,-0.31429942,-1.6327555e-05,2.5992488e-05,-0.014357062,-459.28682,-0.0017503315,0.002722239,-6.544311,0,0
286,0.285,0,0,-0.037927101,0,-0,0,0,0,0.2149059,0,0,0,0,0,-2.2037565,0,0,0,0.52000003,1.2922726,-0.3241559,-1.557485,2.8957957e-08,-1.2290952e-07,0.79854887,6.7840205e-08,-1.0650361e-07,-2.3560339,-0.040341214,-3.4773701e-07,5.5144654e-07,-0.00030911575,-0.29673895,-1.6112141e-05,2.5645502e-05,-0.013964851,-455.83739,-0.0016533252,0.0025679478,-6.4603606,0,0
287,0.286,0,0,-0.037713353,0,-0,0,0,0,0.21261762,0,0,0,0,0,-2.2601061,0,0,0,0.52000003,1.2922607,-0.32396377,-1.5575258,2.8797151e-08,-1.222625e-07,0.7985084,6.7484632e-08,-1.0593969e-07,-2.3560342,-0.040611694,-3.6352007e-07,5.765621e-07,-0.00032249395,-0.27923332,-1.5892759e-05,2.529221e-05,-0.013573751,-452.46138,-0.0015566312,0.0024141742,-6.3776842,0,0
288,0.287,0,0,-0.037501921,0,-0,0,0,0,0.21027481,0,0,0,0,0,-2.3152431,0,0,0,0.52000003,1.2922488,-0.32377411,-1.5575669,2.8629441e-08,-1.2158685e-07,0.79846766,6.7113388e-08,-1.0535085e-07,-2.3560345,-0.040864759,-3.7907798e-07,6.013152e-07,-0.00033548309,-0.26178789,-1.5669521e-05,2.4932799e-05,-0.013184009,-449.15936,-0.0014602795,0.0022609663,-6.296294,0,0
289,0.288,0,0,-0.037292858,0,-0,0,0,0,0.20787869,0,0,0,0,0,-2.3691585,0,0,0,0.52000003,1.2922368,-0.32358694,-1.5576082,2.8454936e-08,-1.20883e-07,0.79842668,6.6726703e-08,-1.0473743e-07,-2.3560349,-0.041100477,-3.9440703e-07,6.2569998e-07,-0.00034808488,-0.24440796,-1.5442541e-05,2.4567453e-05,-0.012795863,-445.93186,-0.0013643,0.0021083716,-6.2162007,0,0
290,0.289,0,0,-0.037086216,0,-0,0,0,0,0.20543051,0,0,0,0,0,-2.4218436,0,0,0,0.52000003,1.2922247,-0.32340232,-1.5576497,2.8273748e-08,-1.2015135e-07,0.79838548,6.6324805e-08,-1.0409982e-07,-2.3560352,-0.041318922,-4.0950365e-07,6.4971079e-07,-0.00036030127,-0.22709878,-1.5211933e-05,2.4196361e-05,-0.012409545,-442.77937,-0.001268722,0.0019564369,-6.1374139,0,0
291,0.29,0,0,-0.036882048,0,-0,0,0,0,0.20293149,0,0,0,0,0,-2.4732905,0,0,0,0.52000003,1.2922125,-0.32322028,-1.5576915,2.8085988e-08,-1.1939235e-07,0.79834406,6.5907929e-08,-1.0343838e-07,-2.3560356,-0.04152017,-4.243644e-07,6.7334217e-07,-0.00037213441,-0.20986552,-1.4977811e-05,2.3819709e-05,-0.012025277,-439.70236,-0.0011735744,0.0018052083,-6.0599421,0,0
292,0.291,0,0,-0.036680403,0,-0,0,0,0,0.2003829,0,0,0,0,0,-2.5234914,0,0,0,0.52000003,1.2922003,-0.32304086,-1.5577335,2.789177e-08,-1.1860642e-07,0.79830246,6.5476314e-08,-1.0275351e-07,-2.356036,-0.041704308,-4.3898593e-07,6.9658885e-07,-0.00038358668,-0.19271328,-1.474029e-05,2.3437684e-05,-0.011643272,-436.70128,-0.001078886,0.0016547315,-5.9837925,0,0
293,0.292,0,0,-0.036481331,0,-0,0,0,0,0.19778599,0,0,0,0,0,-2.5724393,0,0,0,0.52000003,1.292188,-0.32286412,-1.5577757,2.7691209e-08,-1.17794e-07,0.79826067,6.5030198e-08,-1.0204559e-07,-2.3560364,-0.041871422,-4.5336501e-07,7.1944572e-07,-0.00039466065,-0.17564711,-1.4499484e-05,2.3050475e-05,-0.011263736,-433.77653,-0.00098468485,0.0015050511,-5.9089712,0,0
294,0.293,0,0,-0.036284879,0,-0,0,0,0,0.19514202,0,0,0,0,0,-2.6201276,0,0,0,0.52000003,1.2921757,-0.32269007,-1.557818,2.7484422e-08,-1.1695556e-07,0.79821873,6.4569828e-08,-1.0131501e-07,-2.3560368,-0.042021606,-4.6749854e-07,7.4190788e-07,-0.00040535908,-0.15867197,-1.4255508e-05,2.265827e-05,-0.010886867,-430.92849,-0.00089099871,0.0013562113,-5.8354833,0,0
295,0.294,0,0,-0.036091094,0,-0,0,0,0,0.19245226,0,0,0,0,0,-2.66655,0,0,0,0.52000003,1.2921633,-0.32251877,-1.5578605,2.7271526e-08,-1.1609152e-07,0.79817665,6.4095448e-08,-1.0056217e-07,-2.3560372,-0.042154959,-4.813835e-07,7.6397063e-07,-0.00041568493,-0.14179276,-1.4008479e-05,2.2261255e-05,-0.010512852,-428.15752,-0.00079785492,0.0012082556,-5.7633326,0,0
296,0.295,0,0,-0.03590002,0,-0,0,0,0,0.18971798,0,0,0,0,0,-2.7117009,0,0,0,0.52000003,1.2921508,-0.32235025,-1.5579031,2.705264e-08,-1.1520237e-07,0.79813444,6.3607311e-08,-9.9787475e-08,-2.3560376,-0.042271584,-4.9501702e-07,7.8562944e-07,-0.00042564131,-0.12501431,-1.375851e-05,2.1859621e-05,-0.010141874,-425.46394,-0.00070528041,0.0010612266,-5.6925222,0,0
297,0.296,0,0,-0.035711702,0,-0,0,0,0,0.18694047,0,0,0,0,0,-2.755575,0,0,0,0.52000003,1.2921384,-0.32218454,-1.5579459,2.6827883e-08,-1.1428855e-07,0.79809212,6.3105667e-08,-9.8991322e-08,-2.356038,-0.042371589,-5.0839635e-07,8.0687996e-07,-0.00043523153,-0.10834138,-1.3505718e-05,2.1453555e-05,-0.0097741022,-422.84805,-0.00061330162,0.00091516632,-5.6230539,0,0
298,0.297,0,0,-0.035526181,0,-0,0,0,0,0.184121,0,0,0,0,0,-2.7981677,0,0,0,0.52000003,1.2921259,-0.32202168,-1.5579887,2.6597376e-08,-1.1335054e-07,0.79804971,6.2590773e-08,-9.8174126e-08,-2.3560385,-0.042455086,-5.2151881e-07,8.2771805e-07,-0.00044445903,-0.091778631,-1.3250217e-05,2.1043244e-05,-0.0094097017,-420.3101,-0.0005219446,0.00077011606,-5.5549287,0,0
299,0.298,0,0,-0.035343501,0,-0,0,0,0,0.18126088,0,0,0,0,0,-2.8394746,0,0,0,0.52000003,1.2921133,-0.32186169,-1.5580317,2.6361242e-08,-1.123888e-07,0.79800723,6.2062888e-08,-9.73363e-08,-2.3560389,-0.042522193,-5.3438189e-07,8.4813974e-07,-0.00045332742,-0.075330685,-1.2992123e-05,2.0628876e-05,-0.009048827,-417.85034,-0.00043123493,0.00062611633,-5.4881466,0,0
300,0.299,0,0,-0.0351637,0,-0,0,0,0,0.17836138,0,0,0,0,0,-2.8794919,0,0,0,0.52000003,1.2921007,-0.32170462,-1.5580747,2.6119601e-08,-1.1140383e-07,0.79796468,6.152227e-08,-9.6478264e-08,-2.3560394,-0.042573031,-5.4698316e-07,8.6814126e-07,-0.00046184044,-0.059002067,-1.2731552e-05,2.021064e-05,-0.0086916249,-415.46898,-0.00034119773,0.00048320693,-5.4227067,0,0
301,0.3,0,0,-0.034986817,0,-0,0,0,0,0.1754238,0,0,0,0,0,-2.9182163,0,0,0,0.52000003,1.2920882,-0.32155049,-1.5581177,2.5872578e-08,-1.1039609e-07,0.7979221,6.0969184e-08,-9.560044e-08,-2.3560398,-0.042607726,-5.5932031e-07,8.8771902e-07,-0.00047000198,-0.042797229,-1.2468617e-05,1.9788721e-05,-0.0083382337,-413.16619,-0.00025185768,0.00034142689,-5.3586074,0,0
302,0.301,0,0,-0.03481289,0,-0,0,0,0,0.17244944,0,0,0,0,0,-2.9556448,0,0,0,0.52000003,1.2920756,-0.32139932,-1.5581608,2.5620298e-08,-1.0936607e-07,0.79787948,6.0403895e-08,-9.4703252e-08,-2.3560403,-0.042626408,-5.7139115e-07,9.0686962e-07,-0.00047781604,-0.026720547,-1.2203435e-05,1.9363306e-05,-0.0079887835,-410.94212,-0.00016323899,0.0002008145,-5.295846,0,0
303,0.302,0,0,-0.034641954,0,-0,0,0,0,0.1694396,0,0,0,0,0,-2.9917752,0,0,0,0.52000003,1.2920629,-0.32125116,-1.5582039,2.5362884e-08,-1.0831427e-07,0.79783686,5.9826669e-08,-9.3787129e-08,-2.3560408,-0.042629212,-5.8319361e-07,9.2558984e-07,-0.00048528674,-0.010776316,-1.1936119e-05,1.8934581e-05,-0.0076433962,-408.79691,-7.5365411e-05,6.1407275e-05,-5.2344192,0,0
304,0.303,0,0,-0.034474045,0,-0,0,0,0,0.16639558,0,0,0,0,0,-3.0266053,0,0,0,0.52000003,1.2920503,-0.32110601,-1.558247,2.5100463e-08,-1.0724117e-07,0.79779424,5.9237777e-08,-9.2852504e-08,-2.3560413,-0.042616277,-5.9472573e-07,9.4387665e-07,-0.00049241832,0.0050312447,-1.1666784e-05,1.8502732e-05,-0.0073021856,-406.73065,1.1739789e-05,-7.6758028e-05,-5.174323,0,0
305,0.304,0,0,-0.034309196,0,-0,0,0,0,0.16331868,0,0,0,0,0,-3.0601337,0,0,0,0.52000003,1.2920377,-0.32096392,-1.5582901,2.483316e-08,-1.0614728e-07,0.79775164,5.8637489e-08,-9.1899811e-08,-2.3560418,-0.042587746,-6.0598565e-07,9.6172719e-07,-0.00049921511,0.020697999,-1.1395544e-05,1.8067943e-05,-0.0069652573,-404.7434,9.8053804e-05,-0.00021364543,-5.1155524,0,0
306,0.305,0,0,-0.03414744,0,-0,0,0,0,0.16021021,0,0,0,0,0,-3.0923593,0,0,0,0.52000003,1.2920251,-0.3208249,-1.5583332,2.4561102e-08,-1.0503309e-07,0.79770908,5.8026079e-08,-9.0929487e-08,-2.3560423,-0.042543765,-6.1697165e-07,9.7913882e-07,-0.00050568155,0.036219891,-1.1122513e-05,1.7630398e-05,-0.0066327093,-402.83521,0.00018355431,-0.00034921974,-5.058102,0,0
307,0.306,0,0,-0.033988807,0,-0,0,0,0,0.15707146,0,0,0,0,0,-3.1232814,0,0,0,0.52000003,1.2920125,-0.32068897,-1.5583762,2.4284417e-08,-1.0389911e-07,0.79766657,5.740382e-08,-8.9941973e-08,-2.3560428,-0.042484485,-6.276821e-07,9.9610904e-07,-0.00051182214,0.051592945,-1.0847803e-05,1.719028e-05,-0.0063046313,-401.00609,0.00026821946,-0.00048344654,-5.0019655,0,0
308,0.307,0,0,-0.033833327,0,-0,0,0,0,0.15390376,0,0,0,0,0,-3.1529,0,0,0,0.52000003,1.2919999,-0.32055616,-1.5584192,2.4003233e-08,-1.0274584e-07,0.79762413,5.6770991e-08,-8.8937712e-08,-2.3560433,-0.042410062,-6.3811549e-07,1.0126356e-06,-0.00051764148,0.066813269,-1.0571528e-05,1.6747771e-05,-0.0059811057,-399.25604,0.0003520279,-0.00061629221,-4.9471362,0,0
309,0.308,0,0,-0.033681028,0,-0,0,0,0,0.15070838,0,0,0,0,0,-3.1812153,0,0,0,0.52000003,1.2919873,-0.32042649,-1.558462,2.3717676e-08,-1.0157379e-07,0.79758177,5.6127867e-08,-8.7917147e-08,-2.3560438,-0.042320653,-6.4827042e-07,1.0287163e-06,-0.00052314424,0.081877054,-1.0293799e-05,1.6303053e-05,-0.0056622069,-397.585,0.00043495875,-0.00074772391,-4.8936068,0,0
310,0.309,0,0,-0.033531937,0,-0,0,0,0,0.14748665,0,0,0,0,0,-3.208228,0,0,0,0.52000003,1.2919748,-0.32029997,-1.5585048,2.3427876e-08,-1.0038347e-07,0.7975395,5.5474729e-08,-8.6880726e-08,-2.3560443,-0.042216421,-6.5814561e-07,1.0443492e-06,-0.00052833514,0.096780574,-1.0014729e-05,1.5856304e-05,-0.0053480021,-395.99292,0.00051699163,-0.00087770961,-4.8413692,0,0
311,0.31,0,0,-0.03338608,0,-0,0,0,0,0.14423985,0,0,0,0,0,-3.2339392,0,0,0,0.52000003,1.2919622,-0.32017663,-1.5585475,2.3133962e-08,-9.9175398e-08,0.79749735,5.4811856e-08,-8.5828897e-08,-2.3560449,-0.042097531,-6.6773989e-07,1.0595326e-06,-0.00053321897,0.11152019,-9.7344279e-06,1.5407705e-05,-0.0050385509,-394.47971,0.00059810665,-0.0010062181,-4.7904151,0,0
312,0.311,0,0,-0.033243482,0,-0,0,0,0,0.1409693,0,0,0,0,0,-3.2583505,0,0,0,0.52000003,1.2919497,-0.32005647,-1.5585901,2.2836062e-08,-9.7950084e-08,0.79745532,5.4139531e-08,-8.4762111e-08,-2.3560454,-0.041964152,-6.7705219e-07,1.0742649e-06,-0.00053780055,0.12609234,-9.4530068e-06,1.4957432e-05,-0.004733906,-393.04524,0.00067828441,-0.0011332189,-4.7407355,0,0
313,0.312,0,0,-0.033104165,0,-0,0,0,0,0.13767628,0,0,0,0,0,-3.2814639,0,0,0,0.52000003,1.2919373,-0.31993953,-1.5586325,2.2534305e-08,-9.6708048e-08,0.79741343,5.3458034e-08,-8.3680819e-08,-2.3560459,-0.041816458,-6.8608155e-07,1.0885447e-06,-0.00054208477,0.14049355,-9.1705752e-06,1.4505663e-05,-0.0044341125,-391.68937,0.00075750602,-0.0012586823,-4.6923211,0,0
314,0.313,0,0,-0.032968151,0,-0,0,0,0,0.13436209,0,0,0,0,0,-3.3032819,0,0,0,0.52000002,1.2919249,-0.3198258,-1.5586748,2.222882e-08,-9.5449807e-08,0.7973717,5.2767651e-08,-8.2585475e-08,-2.3560465,-0.041654624,-6.9482712e-07,1.1023707e-06,-0.00054607652,0.15472044,-8.8872424e-06,1.4052573e-05,-0.0041392092,-390.41194,0.00083575308,-0.0013825797,-4.6451619,0,0
315,0.314,0,0,-0.032835461,0,-0,0,0,0,0.13102802,0,0,0,0,0,-3.3238071,0,0,0,0.52000002,1.2919125,-0.31971531,-1.5587169,2.1919737e-08,-9.4175881e-08,0.79733014,5.2068664e-08,-8.1476532e-08,-2.356047,-0.04147883,-7.0328818e-07,1.1157419e-06,-0.00054978076,0.16876971,-8.6031165e-06,1.3598336e-05,-0.0038492276,-389.21276,0.00091300768,-0.0015048829,-4.5992479,0,0
316,0.315,0,0,-0.032706114,0,-0,0,0,0,0.12767536,0,0,0,0,0,-3.343043,0,0,0,0.52000002,1.2919002,-0.31960806,-1.5587588,2.1607186e-08,-9.2886793e-08,0.79728876,5.1361359e-08,-8.0354446e-08,-2.3560476,-0.041289258,-7.1146408e-07,1.1286574e-06,-0.00055320244,0.18263815,-8.3183052e-06,1.3143123e-05,-0.0035641929,-388.09159,0.00098925242,-0.0016255648,-4.5545685,0,0
317,0.316,0,0,-0.032580128,0,-0,0,0,0,0.12430539,0,0,0,0,0,-3.3609931,0,0,0,0.52000002,1.2918879,-0.31950407,-1.5588006,2.1291294e-08,-9.1583063e-08,0.79724757,5.0646021e-08,-7.9219673e-08,-2.3560481,-0.041086093,-7.193543e-07,1.1411165e-06,-0.00055634653,0.19632262,-8.0329152e-06,1.2687107e-05,-0.0032841238,-387.0482,0.0010644704,-0.0017445989,-4.5111129,0,0
318,0.317,0,0,-0.03245752,0,-0,0,0,0,0.12091939,0,0,0,0,0,-3.3776615,0,0,0,0.52000002,1.2918757,-0.31940334,-1.5588421,2.0972192e-08,-9.0265215e-08,0.7972066,4.9922937e-08,-7.807267e-08,-2.3560487,-0.040869524,-7.2695842e-07,1.1531187e-06,-0.00055921801,0.20982009,-7.7470523e-06,1.2230456e-05,-0.0030090328,-386.08232,0.0011386453,-0.0018619598,-4.4688698,0,0
319,0.318,0,0,-0.032338305,0,-0,0,0,0,0.11751864,0,0,0,0,0,-3.3930527,0,0,0,0.52000002,1.2918635,-0.31930589,-1.5588834,2.0650009e-08,-8.8933772e-08,0.79716585,4.9192391e-08,-7.6913893e-08,-2.3560493,-0.040639743,-7.3427612e-07,1.1646634e-06,-0.00056182189,0.22312761,-7.4608217e-06,1.1773339e-05,-0.002738926,-385.19366,0.0012117611,-0.0019776225,-4.4278278,0,0
320,0.319,0,0,-0.032222497,0,-0,0,0,0,0.11410441,0,0,0,0,0,-3.4071716,0,0,0,0.52000002,1.2918514,-0.31921171,-1.5589245,2.0324873e-08,-8.7589259e-08,0.79712533,4.8454671e-08,-7.57438e-08,-2.3560498,-0.040396943,-7.413072e-07,1.1757506e-06,-0.00056416313,0.23624231,-7.1743273e-06,1.1315922e-05,-0.0024738041,-384.38191,0.0012838025,-0.0020915632,-4.3879753,0,0
321,0.32,0,0,-0.032110109,0,-0,0,0,0,0.11067796,0,0,0,0,0,-3.4200233,0,0,0,0.52000002,1.2918394,-0.31912083,-1.5589653,1.9996914e-08,-8.6232201e-08,0.79708507,4.7710063e-08,-7.4562849e-08,-2.3560504,-0.040141322,-7.4805155e-07,1.1863802e-06,-0.00056624672,0.24916141,-6.8876724e-06,1.085837e-05,-0.0022136617,-383.64672,0.0013547546,-0.0022037587,-4.3493003,0,0
322,0.321,0,0,-0.032001153,0,-0,0,0,0,0.10724055,0,0,0,0,0,-3.4316136,0,0,0,0.52000002,1.2918275,-0.31903323,-1.5590059,1.9666259e-08,-8.4863121e-08,0.79704506,4.6958854e-08,-7.3371497e-08,-2.356051,-0.039873079,-7.5450915e-07,1.1965523e-06,-0.00056807762,0.26188223,-6.6009591e-06,1.0400845e-05,-0.001958488,-382.98773,0.001424603,-0.0023141868,-4.3117909,0,0
323,0.322,0,0,-0.031895638,0,-0,0,0,0,0.10379344,0,0,0,0,0,-3.4419485,0,0,0,0.52000002,1.2918156,-0.31894893,-1.5590462,1.9333038e-08,-8.3482544e-08,0.79700533,4.6201331e-08,-7.2170202e-08,-2.3560515,-0.039592417,-7.6068011e-07,1.2062672e-06,-0.00056966078,0.27440217,-6.3142887e-06,9.9435094e-06,-0.001708267,-382.40456,0.001493334,-0.0024228257,-4.2754348,0,0
324,0.323,0,0,-0.031793575,0,-0,0,0,0,0.10033786,0,0,0,0,0,-3.4510342,0,0,0,0.52000002,1.2918038,-0.31886793,-1.5590862,1.8997377e-08,-8.2090994e-08,0.79696589,4.5437781e-08,-7.095942e-08,-2.3560521,-0.03929954,-7.665646e-07,1.2155252e-06,-0.00057100111,0.28671872,-6.0277612e-06,9.4865216e-06,-0.0014629773,-381.8968,0.001560934,-0.002529655,-4.2402196,0,0
325,0.324,0,0,-0.03169497,0,-0,0,0,0,0.096875061,0,0,0,0,0,-3.4588777,0,0,0,0.52000002,1.2917921,-0.31879022,-1.5591259,1.8659404e-08,-8.0688994e-08,0.79692675,4.4668488e-08,-6.9739608e-08,-2.3560527,-0.038994655,-7.7216294e-07,1.224327e-06,-0.00057210351,0.29882945,-5.7414758e-06,9.0300395e-06,-0.0012225928,-381.46402,0.0016273903,-0.0026346546,-4.206133,0,0
326,0.325,0,0,-0.031599831,0,-0,0,0,0,0.093406271,0,0,0,0,0,-3.4654861,0,0,0,0.52000002,1.2917805,-0.31871582,-1.5591653,1.8319247e-08,-7.9277068e-08,0.79688791,4.3893741e-08,-6.8511222e-08,-2.3560532,-0.038677972,-7.7747549e-07,1.2326733e-06,-0.00057297284,0.31073203,-5.4555304e-06,8.5742189e-06,-0.0009870826,-381.10577,0.0016926904,-0.0027378054,-4.1731624,0,0
327,0.326,0,0,-0.031508163,0,-0,0,0,0,0.089932714,0,0,0,0,0,-3.4708667,0,0,0,0.52000002,1.2917689,-0.31864471,-1.5592044,1.7977032e-08,-7.7855738e-08,0.7968494,4.3113823e-08,-6.7274716e-08,-2.3560538,-0.038349702,-7.8250276e-07,1.240565e-06,-0.00057361391,0.32242422,-5.170022e-06,8.1192136e-06,-0.00075641123,-380.82158,0.0017568227,-0.0028390892,-4.1412952,0,0
328,0.327,0,0,-0.03141997,0,-0,0,0,0,0.086455606,0,0,0,0,0,-3.4750276,0,0,0,0.52000002,1.2917575,-0.3185769,-1.5592432,1.7632885e-08,-7.6425524e-08,0.79681122,4.232902e-08,-6.6030546e-08,-2.3560544,-0.038010058,-7.8724532e-07,1.2480032e-06,-0.00057403152,0.33390385,-4.8850463e-06,7.6651753e-06,-0.00053053895,-380.61095,0.0018197756,-0.0029384885,-4.1105189,0,0
329,0.328,0,0,-0.031335255,0,-0,0,0,0,0.082976154,0,0,0,0,0,-3.4779769,0,0,0,0.52000002,1.2917462,-0.31851239,-1.5592816,1.7286931e-08,-7.4986946e-08,0.79677339,4.1539617e-08,-6.4779163e-08,-2.356055,-0.037659257,-7.9170384e-07,1.254989e-06,-0.00057423038,0.34516887,-4.6006979e-06,7.212254e-06,-0.00030942185,-380.47336,0.0018815384,-0.0030359867,-4.0808208,0,0
330,0.329,0,0,-0.031254019,0,-0,0,0,0,0.079495558,0,0,0,0,0,-3.4797231,0,0,0,0.52000002,1.2917349,-0.31845116,-1.5593196,1.6939296e-08,-7.3540524e-08,0.79673592,4.0745896e-08,-6.352102e-08,-2.3560555,-0.037297515,-7.958791e-07,1.2615237e-06,-0.00057421519,0.35621729,-4.3170702e-06,6.7605974e-06,-9.3012163e-05,-380.40829,0.0019421007,-0.0031315677,-4.0521884,0,0
331,0.33,0,0,-0.031176264,0,-0,0,0,0,0.076015007,0,0,0,0,0,-3.4802751,0,0,0,0.52000002,1.2917238,-0.31839321,-1.5593573,1.6590104e-08,-7.2086773e-08,0.79669881,3.9948141e-08,-6.2256566e-08,-2.3560561,-0.036925053,-7.9977195e-07,1.267609e-06,-0.00057399057,0.36704721,-4.0342555e-06,6.3103513e-06,0.00011874162,-380.41517,0.0020014527,-0.0032252165,-4.0246089,0,0
332,0.331,0,0,-0.031101989,0,-0,0,0,0,0.072535681,0,0,0,0,0,-3.4796421,0,0,0,0.52000002,1.2917128,-0.31833855,-1.5593946,1.6239478e-08,-7.0626209e-08,0.79666208,3.9146634e-08,-6.098625e-08,-2.3560567,-0.036542091,-8.0338334e-07,1.2732463e-06,-0.0005735611,0.37765685,-3.7523447e-06,5.8616595e-06,0.0003258945,-380.49343,0.002059585,-0.0033169188,-3.9980701,0,0
333,0.332,0,0,-0.031031191,0,-0,0,0,0,0.069058752,0,0,0,0,0,-3.4778338,0,0,0,0.52000002,1.2917019,-0.31828715,-1.5594315,1.5887542e-08,-6.9159346e-08,0.79662573,3.8341656e-08,-5.971052e-08,-2.3560573,-0.036148853,-8.0671431e-07,1.2784374e-06,-0.00057293129,0.38804448,-3.4714275e-06,5.4146635e-06,0.00052850474,-380.64248,0.0021164888,-0.0034066612,-3.9725594,0,0
334,0.333,0,0,-0.030963868,0,-0,0,0,0,0.065585379,0,0,0,0,0,-3.4748599,0,0,0,0.52000002,1.2916911,-0.31823902,-1.559468,1.5534418e-08,-6.7686695e-08,0.79658979,3.7533485e-08,-5.8429821e-08,-2.3560578,-0.035745562,-8.0976598e-07,1.2831844e-06,-0.00057210559,0.39820849,-3.1915925e-06,4.9695027e-06,0.0007266337,-380.8617,0.0021721556,-0.0034944308,-3.9480644,0,0
335,0.334,0,0,-0.030900016,0,-0,0,0,0,0.062116713,0,0,0,0,0,-3.4707306,0,0,0,0.52000002,1.2916804,-0.31819414,-1.5595041,1.5180228e-08,-6.6208765e-08,0.79655425,3.6722402e-08,-5.7144595e-08,-2.3560584,-0.035332446,-8.1253957e-07,1.2874891e-06,-0.00057108839,0.40814732,-2.9129268e-06,4.5263145e-06,0.00092034563,-381.15046,0.0022265778,-0.0035802157,-3.924573,0,0
336,0.335,0,0,-0.03083963,0,-0,0,0,0,0.058653894,0,0,0,0,0,-3.4654564,0,0,0,0.52000002,1.2916698,-0.3181525,-1.5595398,1.4825091e-08,-6.4726063e-08,0.79651914,3.5908684e-08,-5.5855284e-08,-2.356059,-0.03490973,-8.1503639e-07,1.2913538e-06,-0.000569884,0.41785954,-2.6355163e-06,4.0852341e-06,0.0011097074,-381.5081,0.0022797477,-0.0036640047,-3.902073,0,0
337,0.336,0,0,-0.030782702,0,-0,0,0,0,0.05519805,0,0,0,0,0,-3.4590482,0,0,0,0.52000002,1.2916594,-0.31811409,-1.5595751,1.4469129e-08,-6.3239094e-08,0.79648444,3.5092606e-08,-5.4562326e-08,-2.3560595,-0.034477644,-8.172578e-07,1.2947807e-06,-0.00056849667,0.42734378,-2.3594455e-06,3.6463942e-06,0.0012947884,-381.93396,0.0023316587,-0.0037457874,-3.8805524,0,0
338,0.337,0,0,-0.030729226,0,-0,0,0,0,0.051750298,0,0,0,0,0,-3.451517,0,0,0,0.52000002,1.2916491,-0.3180789,-1.5596099,1.411246e-08,-6.1748359e-08,0.79645019,3.4274443e-08,-5.3266158e-08,-2.3560601,-0.034036418,-8.1920527e-07,1.2977724e-06,-0.00056693057,0.43659876,-2.0847978e-06,3.2099256e-06,0.0014756603,-382.42736,0.0023823042,-0.0038255543,-3.8599995,0,0
339,0.338,0,0,-0.030679193,0,-0,0,0,0,0.048311745,0,0,0,0,0,-3.4428742,0,0,0,0.52000002,1.2916389,-0.31804691,-1.5596443,1.3755203e-08,-6.0254357e-08,0.79641638,3.3454468e-08,-5.1967215e-08,-2.3560607,-0.033586282,-8.2088035e-07,1.3003314e-06,-0.00056518981,0.4456233,-1.811655e-06,2.7759567e-06,0.0016523967,-382.98758,0.0024316784,-0.0039032963,-3.8404025,0,0
340,0.339,0,0,-0.030632593,0,-0,0,0,0,0.044883485,0,0,0,0,0,-3.4331315,0,0,0,0.52000002,1.2916288,-0.31801812,-1.5596782,1.3397474e-08,-5.8757585e-08,0.79638303,3.2632954e-08,-5.0665927e-08,-2.3560612,-0.03312747,-8.2228467e-07,1.3024604e-06,-0.0005632784,0.4544163,-1.5400977e-06,2.3446137e-06,0.0018250732,-383.61391,0.0024797757,-0.0039790054,-3.82175,0,0
341,0.34,0,0,-0.030589415,0,-0,0,0,0,0.0414666,0,0,0,0,0,-3.4223008,0,0,0,0.52000001,1.2916189,-0.3179925,-1.5597117,1.303939e-08,-5.7258535e-08,0.79635013,3.1810169e-08,-4.9362723e-08,-2.3560618,-0.032660213,-8.2341993e-07,1.3041621e-06,-0.00056120028,0.46297674,-1.2702049e-06,1.9160205e-06,0.001993767,-384.30561,0.0025265912,-0.0040526742,-3.8040307,0,0
342,0.341,0,0,-0.030549648,0,-0,0,0,0,0.038062158,0,0,0,0,0,-3.4103944,0,0,0,0.52000001,1.2916092,-0.31797003,-1.5597446,1.2681067e-08,-5.5757697e-08,0.79631771,3.0986382e-08,-4.8058029e-08,-2.3560624,-0.032184745,-8.2428791e-07,1.3054395e-06,-0.00055895933,0.47130368,-1.0020544e-06,1.4902987e-06,0.0021585567,-385.06193,0.0025721205,-0.0041242961,-3.7872336,0,0
343,0.342,0,0,-0.030513278,0,-0,0,0,0,0.034671218,0,0,0,0,0,-3.3974248,0,0,0,0.52000001,1.2915995,-0.31795071,-1.5597771,1.2322618e-08,-5.4255558e-08,0.79628577,3.0161859e-08,-4.6752267e-08,-2.3560629,-0.031701303,-8.2489047e-07,1.3062957e-06,-0.00055655933,0.47939629,-7.3572269e-07,1.0675675e-06,0.0023195223,-385.88209,0.0026163594,-0.0041938653,-3.7713476,0,0
344,0.343,0,0,-0.030480291,0,-0,0,0,0,0.031294824,0,0,0,0,0,-3.3834047,0,0,0,0.52000001,1.29159,-0.31793452,-1.5598092,1.1964158e-08,-5.27526e-08,0.79625432,2.9336865e-08,-4.5445857e-08,-2.3560635,-0.03121012,-8.2522953e-07,1.3067338e-06,-0.00055400397,0.48725381,-4.7128462e-07,6.4794394e-07,0.0024767448,-386.76532,0.0026593044,-0.0042613764,-3.7563623,0,0
345,0.344,0,0,-0.030450673,0,-0,0,0,0,0.027934005,0,0,0,0,0,-3.3683471,0,0,0,0.52000001,1.2915807,-0.31792142,-1.5598407,1.1605798e-08,-5.1249302e-08,0.79622336,2.8511663e-08,-4.4139215e-08,-2.356064,-0.030711434,-8.2530711e-07,1.3067572e-06,-0.00055129688,0.49487556,-2.0881374e-07,2.3154261e-07,0.0026303062,-387.71081,0.0027009524,-0.0043268252,-3.7422671,0,0
346,0.345,0,0,-0.030424407,0,-0,0,0,0,0.024589781,0,0,0,0,0,-3.3522654,0,0,0,0.52000001,1.2915715,-0.31791141,-1.5598717,1.124765e-08,-4.974614e-08,0.7961929,2.7686512e-08,-4.2832755e-08,-2.3560646,-0.03020548,-8.2512528e-07,1.3063691e-06,-0.0005484416,0.50226095,5.1617863e-08,-1.8152423e-07,0.002780289,-388.71774,0.0027413008,-0.0043902079,-3.729052,0,0
347,0.346,0,0,-0.030401476,0,-0,0,0,0,0.021263154,0,0,0,0,0,-3.3351729,0,0,0,0.52000001,1.2915624,-0.31790446,-1.5599022,1.0889824e-08,-4.8243587e-08,0.79616296,2.686167e-08,-4.1526887e-08,-2.3560651,-0.029692496,-8.2468618e-07,1.3055732e-06,-0.00054544158,0.50940948,3.099395e-07,-5.9114663e-07,0.0029267764,-389.7853,0.0027803474,-0.0044515215,-3.7167068,0,0
348,0.347,0,0,-0.030381863,0,-0,0,0,0,0.017955116,0,0,0,0,0,-3.3170835,0,0,0,0.52000001,1.2915535,-0.31790056,-1.5599321,1.0532428e-08,-4.6742108e-08,0.79613352,2.6037395e-08,-4.0222015e-08,-2.3560657,-0.02917272,-8.2399202e-07,1.3043729e-06,-0.00054230019,0.51632072,5.6608198e-07,-9.9721705e-07,0.0030698521,-390.91264,0.0028180904,-0.0045107639,-3.705222,0,0
349,0.348,0,0,-0.030365547,0,-0,0,0,0,0.014666641,0,0,0,0,0,-3.298011,0,0,0,0.52000001,1.2915447,-0.31789967,-1.5599616,1.0175572e-08,-4.5242168e-08,0.79610462,2.521394e-08,-3.8918543e-08,-2.3560662,-0.028646389,-8.230451e-07,1.3027721e-06,-0.00053902072,0.52299432,8.1997753e-07,-1.3996303e-06,0.0032095996,-392.0989,0.0028545285,-0.0045679333,-3.6945881,0,0
350,0.349,0,0,-0.030352509,0,-0,0,0,0,0.011398692,0,0,0,0,0,-3.2779698,0,0,0,0.52000001,1.2915361,-0.31790178,-1.5599905,9.8193603e-09,-4.3744226e-08,0.79607624,2.4391557e-08,-3.761687e-08,-2.3560667,-0.028113741,-8.2184775e-07,1.3007745e-06,-0.00053560637,0.52943003,1.0715598e-06,-1.7982836e-06,0.0033461027,-393.34322,0.0028896609,-0.0046230289,-3.6847959,0,0
351,0.35,0,0,-0.030342729,0,-0,0,0,0,0.0081522152,0,0,0,0,0,-3.2569742,0,0,0,0.52000001,1.2915277,-0.31790686,-1.5600189,9.4638998e-09,-4.2248737e-08,0.7960484,2.3570494e-08,-3.6317389e-08,-2.3560673,-0.027575015,-8.2040238e-07,1.298384e-06,-0.00053206025,0.53562768,1.3207641e-06,-2.1930765e-06,0.0034794449,-394.64471,0.0029234872,-0.0046760506,-3.6758365,0,0
352,0.351,0,0,-0.030336183,0,-0,0,0,0,0.0049281441,0,0,0,0,0,-3.2350388,0,0,0,0.52000001,1.2915194,-0.31791488,-1.5600467,9.1092946e-09,-4.075615e-08,0.79602109,2.2750999e-08,-3.5020492e-08,-2.3560678,-0.027030448,-8.1871147e-07,1.2956047e-06,-0.00052838541,0.54158715,1.5675269e-06,-2.5839109e-06,0.0036097097,-396.00248,0.0029560074,-0.0047269988,-3.6677012,0,0
353,0.352,0,0,-0.03033285,0,-0,0,0,0,0.001727396,0,0,0,0,0,-3.2121784,0,0,0,0.52000001,1.2915113,-0.31792583,-1.560074,8.7556476e-09,-3.9266913e-08,0.79599434,2.1933315e-08,-3.3726567e-08,-2.3560683,-0.026480279,-8.1677756e-07,1.2924406e-06,-0.00052458479,0.54730844,1.8117864e-06,-2.9706912e-06,0.0037369798,-397.41563,0.002987222,-0.0047758746,-3.6603816,0,0
354,0.353,0,0,-0.030332704,0,-0,0,0,0,-0.0014491269,0,0,0,0,0,-3.188408,0,0,0,0.52000001,1.2915033,-0.31793967,-1.5601007,8.4030607e-09,-3.7781465e-08,0.79596814,2.1117685e-08,-3.2435994e-08,-2.3560689,-0.025924745,-8.1460323e-07,1.288896e-06,-0.00052066128,0.5527916,2.0534822e-06,-3.3533241e-06,0.0038613373,-398.88324,0.0030171319,-0.0048226801,-3.6538696,0,0
355,0.354,0,0,-0.030335723,0,-0,0,0,0,-0.0046005373,0,0,0,0,0,-3.163743,0,0,0,0.52000001,1.2914955,-0.31795637,-1.5601269,8.0516343e-09,-3.6300243e-08,0.7959425,2.0304348e-08,-3.1149153e-08,-2.3560694,-0.025364086,-8.1219113e-07,1.284975e-06,-0.00051661765,0.55803678,2.2925552e-06,-3.7317188e-06,0.0039828638,-400.40438,0.0030457383,-0.0048674175,-3.6481572,0,0
356,0.355,0,0,-0.03034188,0,-0,0,0,0,-0.0077259637,0,0,0,0,0,-3.1381985,0,0,0,0.52000001,1.2914879,-0.31797591,-1.5601525,7.7014679e-09,-3.4823678e-08,0.79591742,1.9493539e-08,-2.9866418e-08,-2.3560699,-0.024798538,-8.0954399e-07,1.2806822e-06,-0.00051245662,0.56304419,2.5289482e-06,-4.1057867e-06,0.0041016398,-401.97812,0.003073043,-0.0049100902,-3.643237,0,0
357,0.356,0,0,-0.030351149,0,-0,0,0,0,-0.01082455,0,0,0,0,0,-3.1117903,0,0,0,0.52000001,1.2914804,-0.31799826,-1.5601775,7.3526592e-09,-3.3352197e-08,0.7958929,1.8685494e-08,-2.8588158e-08,-2.3560704,-0.024228339,-8.0666456e-07,1.2760219e-06,-0.00050818082,0.56781413,2.7626051e-06,-4.4754418e-06,0.0042177449,-403.6035,0.0030990481,-0.0049507018,-3.6391015,0,0
358,0.357,0,0,-0.030363502,0,-0,0,0,0,-0.013895456,0,0,0,0,0,-3.084534,0,0,0,0.52000001,1.2914731,-0.31802339,-1.5602019,7.005305e-09,-3.188622e-08,0.79586896,1.7880441e-08,-2.7314739e-08,-2.3560709,-0.023653726,-8.0355565e-07,1.2709988e-06,-0.00050379281,0.57234696,2.9934715e-06,-4.8406003e-06,0.0043312574,-405.27957,0.0031237562,-0.0049892569,-3.6357437,0,0
359,0.358,0,0,-0.030378911,0,-0,0,0,0,-0.016937857,0,0,0,0,0,-3.0564456,0,0,0,0.52000001,1.2914659,-0.31805127,-1.5602258,6.6595005e-09,-3.0426163e-08,0.7958456,1.707861e-08,-2.6046521e-08,-2.3560714,-0.023074934,-8.0022015e-07,1.2656173e-06,-0.00049929506,0.57664315,3.2214943e-06,-5.2011809e-06,0.0044422543,-407.00537,0.0031471702,-0.0050257604,-3.6331566,0,0
360,0.359,0,0,-0.030397349,0,-0,0,0,0,-0.019950946,0,0,0,0,0,-3.027541,0,0,0,0.52000001,1.291459,-0.31808186,-1.5602491,6.3153397e-09,-2.8972438e-08,0.79582282,1.6280226e-08,-2.478386e-08,-2.3560719,-0.022492201,-7.9666096e-07,1.2598822e-06,-0.00049468997,0.5807032,3.446622e-06,-5.5571046e-06,0.0045508114,-408.7799,0.0031692935,-0.0050602181,-3.6313338,0,0
361,0.36,0,0,-0.030418784,0,-0,0,0,0,-0.02293393,0,0,0,0,0,-2.9978366,0,0,0,0.52000001,1.2914522,-0.31811514,-1.5602718,5.9729151e-09,-2.7525448e-08,0.79580062,1.5485511e-08,-2.3527108e-08,-2.3560724,-0.021905761,-7.9288106e-07,1.2537983e-06,-0.00048997987,0.58452772,3.6688047e-06,-5.9082948e-06,0.0046570028,-410.6022,0.0031901298,-0.0050926363,-3.6302689,0,0
362,0.361,0,0,-0.030443186,0,-0,0,0,0,-0.025886035,0,0,0,0,0,-2.9673486,0,0,0,0.52000001,1.2914456,-0.31815108,-1.5602939,5.632318e-09,-2.6085594e-08,0.79577901,1.4694683e-08,-2.227661e-08,-2.3560729,-0.021315849,-7.8888348e-07,1.2473705e-06,-0.00048516702,0.58811738,3.8879939e-06,-6.2546774e-06,0.004760901,-412.47127,0.0032096832,-0.0051230218,-3.6299557,0,0
363,0.362,0,0,-0.030470524,0,-0,0,0,0,-0.028806501,0,0,0,0,0,-2.9360935,0,0,0,0.52000001,1.2914391,-0.31818963,-1.5603154,5.2936381e-09,-2.465327e-08,0.79575799,1.390796e-08,-2.1032709e-08,-2.3560734,-0.020722698,-7.8467126e-07,1.2406035e-06,-0.0004802536,0.59147291,4.1041424e-06,-6.5961804e-06,0.0048625768,-414.3861,0.0032279583,-0.0051513823,-3.6303886,0,0
364,0.363,0,0,-0.030500767,0,-0,0,0,0,-0.031694586,0,0,0,0,0,-2.904088,0,0,0,0.52000001,1.2914329,-0.31823077,-1.5603363,4.9569638e-09,-2.3228864e-08,0.79573757,1.3125554e-08,-1.979574e-08,-2.3560738,-0.020126542,-7.8024752e-07,1.2335025e-06,-0.00047524174,0.59459514,4.3172046e-06,-6.9327344e-06,0.0049620992,-416.34569,0.0032449599,-0.0051777257,-3.6315617,0,0
365,0.364,0,0,-0.030533881,0,-0,0,0,0,-0.034549565,0,0,0,0,0,-2.8713488,0,0,0,0.52000001,1.2914268,-0.31827447,-1.5603566,4.6223822e-09,-2.1812758e-08,0.79571774,1.2347675e-08,-1.8566035e-08,-2.3560743,-0.019527612,-7.7561542e-07,1.2260725e-06,-0.00047013349,0.59748494,4.5271367e-06,-7.2642722e-06,0.0050595352,-418.34902,0.0032606934,-0.0052020607,-3.6334698,0,0
366,0.365,0,0,-0.030569833,0,-0,0,0,0,-0.03737073,0,0,0,0,0,-2.8378927,0,0,0,0.52000001,1.2914209,-0.31832068,-1.5603763,4.2899786e-09,-2.0405331e-08,0.79569852,1.157453e-08,-1.7343921e-08,-2.3560748,-0.01892614,-7.7077815e-07,1.2183185e-06,-0.00046493083,0.60014327,4.7338958e-06,-7.5907289e-06,0.0051549497,-420.39507,0.0032751642,-0.0052243966,-3.6361077,0,0
367,0.366,0,0,-0.030608588,0,-0,0,0,0,-0.040157388,0,0,0,0,0,-2.8037366,0,0,0,0.52000001,1.2914151,-0.31836937,-1.5603954,3.9598373e-09,-1.9006952e-08,0.79567989,1.0806322e-08,-1.6129719e-08,-2.3560752,-0.018322355,-7.6573893e-07,1.2102458e-06,-0.0004596357,0.60257116,4.9374409e-06,-7.9120421e-06,0.0052484058,-422.48282,0.0032883786,-0.0052447432,-3.6394704,0,0
368,0.367,0,0,-0.030650113,0,-0,0,0,0,-0.042908867,0,0,0,0,0,-2.7688978,0,0,0,0.52,1.2914095,-0.31842051,-1.5604138,3.6320409e-09,-1.7617987e-08,0.79566187,1.0043252e-08,-1.4923746e-08,-2.3560757,-0.017716486,-7.6050105e-07,1.2018596e-06,-0.00045424996,0.6047697,5.1377323e-06,-8.2281516e-06,0.0053399641,-424.61122,0.0033003427,-0.0052631108,-3.6435531,0,0
369,0.368,0,0,-0.03069437,0,-0,0,0,0,-0.045624508,0,0,0,0,0,-2.7333933,0,0,0,0.52,1.2914042,-0.31847406,-1.5604317,3.3066706e-09,-1.6238795e-08,0.79564446,9.2855168e-09,-1.3726311e-08,-2.3560762,-0.017108761,-7.5506782e-07,1.1931652e-06,-0.00044877541,0.60674004,5.3347318e-06,-8.5389995e-06,0.0054296832,-426.77924,0.0033110633,-0.0052795105,-3.6483513,0,0
370,0.369,0,0,-0.030741325,0,-0,0,0,0,-0.048303672,0,0,0,0,0,-2.6972404,0,0,0,0.52,1.291399,-0.31852999,-1.5604489,2.983806e-09,-1.4869728e-08,0.79562766,8.53331e-09,-1.2537721e-08,-2.3560766,-0.016499405,-7.4944258e-07,1.1841679e-06,-0.00044321383,0.60848341,5.5284026e-06,-8.8445303e-06,0.0055176194,-428.98583,0.0033205474,-0.0052939535,-3.6538606,0,0
371,0.37,0,0,-0.030790941,0,-0,0,0,0,-0.050945736,0,0,0,0,0,-2.6604564,0,0,0,0.52,1.2913939,-0.31858824,-1.5604656,2.6635254e-09,-1.3511133e-08,0.79561146,7.7868219e-09,-1.1358275e-08,-2.356077,-0.015888646,-7.4362872e-07,1.1748731e-06,-0.0004375669,0.61000111,5.7187095e-06,-9.1446906e-06,0.0056038264,-431.22995,0.0033288025,-0.0053064519,-3.6600768,0,0
372,0.371,0,0,-0.03084318,0,-0,0,0,0,-0.053550096,0,0,0,0,0,-2.6230588,0,0,0,0.52,1.2913891,-0.3186488,-1.5604816,2.3459055e-09,-1.2163351e-08,0.79559588,7.0462395e-09,-1.0188269e-08,-2.3560775,-0.015276704,-7.3762965e-07,1.1652863e-06,-0.00043183628,0.61129448,5.9056185e-06,-9.4394295e-06,0.0056883557,-433.51054,0.0033358363,-0.0053170182,-3.6669959,0,0
373,0.372,0,0,-0.030898003,0,-0,0,0,0,-0.056116164,0,0,0,0,0,-2.585065,0,0,0,0.52,1.2913844,-0.31871161,-1.560497,2.0310217e-09,-1.0826716e-08,0.79558091,6.3117461e-09,-9.0279918e-09,-2.3560779,-0.014663804,-7.3144881e-07,1.155413e-06,-0.00042602357,0.61236494,6.0890974e-06,-9.7286981e-06,0.0057712562,-435.82654,0.0033416568,-0.0053256654,-3.674614,0,0
374,0.373,0,0,-0.030955373,0,-0,0,0,0,-0.058643371,0,0,0,0,0,-2.5464925,0,0,0,0.52,1.29138,-0.31877664,-1.5605118,1.7189475e-09,-9.5015562e-09,0.79556655,5.5835219e-09,-7.8777269e-09,-2.3560783,-0.014050166,-7.2508969e-07,1.1452587e-06,-0.00042013034,0.61321399,6.2691151e-06,-1.001245e-05,0.0058525746,-438.17689,0.0033462723,-0.005332407,-3.6829273,0,0
375,0.374,0,0,-0.031015251,0,-0,0,0,0,-0.061131163,0,0,0,0,0,-2.5073591,0,0,0,0.52,1.2913757,-0.31884385,-1.5605259,1.4097552e-09,-8.1881924e-09,0.79555281,4.8617433e-09,-6.7377527e-09,-2.3560787,-0.013436008,-7.1855578e-07,1.1348289e-06,-0.00041415809,0.61384315,6.445642e-06,-1.0290641e-05,0.0059323546,-440.56053,0.0033496917,-0.0053372571,-3.6919323,0,0
376,0.375,0,0,-0.031077596,0,-0,0,0,0,-0.063579007,0,0,0,0,0,-2.4676823,0,0,0,0.52,1.2913715,-0.3189132,-1.5605395,1.1035156e-09,-6.8869399e-09,0.79553968,4.1465833e-09,-5.6083417e-09,-2.3560792,-0.012821548,-7.1185063e-07,1.1241294e-06,-0.00040810831,0.61425403,6.6186501e-06,-1.0563229e-05,0.0060106377,-442.9764,0.003351924,-0.00534023,-3.7016255,0,0
377,0.376,0,0,-0.031142369,0,-0,0,0,0,-0.065986386,0,0,0,0,0,-2.4274799,0,0,0,0.52,1.2913676,-0.31898465,-1.5605524,8.0029776e-10,-5.5981073e-09,0.79552717,3.4382115e-09,-4.4897608e-09,-2.3560796,-0.012207003,-7.0497778e-07,1.1131658e-06,-0.00040198244,0.6144483,6.7881126e-06,-1.0830174e-05,0.0060874627,-445.42341,0.0033529783,-0.0053413408,-3.7120036,0,0
378,0.377,0,0,-0.031209528,0,-0,0,0,0,-0.0683528,0,0,0,0,0,-2.3867696,0,0,0,0.52,1.2913638,-0.31905816,-1.5605647,5.0016939e-10,-4.3219967e-09,0.79551527,2.7367936e-09,-3.3822714e-09,-2.35608,-0.011592586,-6.9794083e-07,1.1019437e-06,-0.00039578187,0.61442767,6.9540041e-06,-1.1091438e-05,0.0061628656,-447.90051,0.0033528645,-0.0053406049,-3.7230633,0,0
379,0.378,0,0,-0.031279033,0,-0,0,0,0,-0.070677769,0,0,0,0,0,-2.3455692,0,0,0,0.52,1.2913603,-0.31913369,-1.5605764,2.031966e-10,-3.0589034e-09,0.79550398,2.0424921e-09,-2.2861289e-09,-2.3560804,-0.010978509,-6.9074339e-07,1.0904689e-06,-0.00038950798,0.61419392,7.1163009e-06,-1.1346986e-05,0.00623688,-450.40661,0.0033515923,-0.0053380383,-3.7348014,0,0
380,0.379,0,0,-0.031350842,0,-0,0,0,0,-0.072960829,0,0,0,0,0,-2.3038965,0,0,0,0.52,1.2913569,-0.31921119,-1.5605874,-9.0556055e-11,-1.8091162e-09,0.79549331,1.3554655e-09,-1.2015833e-09,-2.3560807,-0.010364982,-6.8338907e-07,1.0787473e-06,-0.00038316212,0.61374888,7.2749803e-06,-1.1596785e-05,0.0063095369,-452.94065,0.003349172,-0.0053336571,-3.7472149,0,0
381,0.38,0,0,-0.031424913,0,-0,0,0,0,-0.075201535,0,0,0,0,0,-2.2617693,0,0,0,0.52,1.2913537,-0.31929063,-1.5605979,-3.8102553e-10,-5.7291742e-10,0.79548325,6.7586901e-10,-1.2887844e-10,-2.3560811,-0.009752215,-6.7588152e-07,1.0667844e-06,-0.00037674559,0.61309445,7.4300213e-06,-1.1840803e-05,0.0063808644,-455.50155,0.0033456142,-0.0053274783,-3.7603007,0,0
382,0.381,0,0,-0.031501202,0,-0,0,0,0,-0.077399458,0,0,0,0,0,-2.2192054,0,0,0,0.52,1.2913507,-0.31937196,-1.5606077,-6.6815035e-10,6.4941753e-10,0.79547381,3.8538828e-12,9.317474e-10,-2.3560815,-0.0091404134,-6.6822443e-07,1.0545863e-06,-0.00037025969,0.61223256,7.5814039e-06,-1.2079011e-05,0.0064508881,-458.08823,0.0033409294,-0.005319519,-3.7740559,0,0
383,0.382,0,0,-0.031579668,0,-0,0,0,0,-0.07955419,0,0,0,0,0,-2.1762228,0,0,0,0.52,1.2913478,-0.31945515,-1.5606169,-9.5187057e-10,1.8576199e-09,0.79546497,-6.6043214e-10,1.9800619e-09,-2.3560819,-0.0085297819,-6.6042147e-07,1.0421588e-06,-0.00036370569,0.61116522,7.7291099e-06,-1.2311383e-05,0.006519631,-460.69962,0.0033351289,-0.0053097969,-3.7884777,0,0
384,0.383,0,0,-0.031660267,0,-0,0,0,0,-0.081665337,0,0,0,0,0,-2.1328392,0,0,0,0.52,1.2913451,-0.31954013,-1.5606255,-1.2321278e-09,3.0514277e-09,0.79545675,-1.316845e-09,3.0158384e-09,-2.3560822,-0.0079205228,-6.5247634e-07,1.0295076e-06,-0.00035708483,0.60989447,7.873122e-06,-1.2537893e-05,0.0065871135,-463.33464,0.0033282239,-0.00529833,-3.803563,0,0
385,0.384,0,0,-0.031742955,0,-0,0,0,0,-0.083732526,0,0,0,0,0,-2.0890725,0,0,0,0.52,1.2913427,-0.31962689,-1.5606334,-1.5088653e-09,4.2305856e-09,0.79544913,-1.9652445e-09,4.0388565e-09,-2.3560826,-0.0073128364,-6.4439276e-07,1.0166388e-06,-0.00035039836,0.60842242,8.0134247e-06,-1.2758519e-05,0.0066533532,-465.99222,0.003320226,-0.0052851367,-3.8193092,0,0
386,0.385,0,0,-0.031827688,0,-0,0,0,0,-0.085755401,0,0,0,0,0,-2.0449405,0,0,0,0.52,1.2913404,-0.31971536,-1.5606408,-1.7820276e-09,5.3948453e-09,0.79544212,-2.605494e-09,5.0489013e-09,-2.3560829,-0.0067069208,-6.3617447e-07,1.0035582e-06,-0.00034364749,0.6067512,8.1500034e-06,-1.297324e-05,0.0067183653,-468.67129,0.003311147,-0.005270236,-3.8357132,0,0
387,0.386,0,0,-0.031914422,0,-0,0,0,0,-0.087733622,0,0,0,0,0,-2.000461,0,0,0,0.52,1.2913382,-0.31980551,-1.5606475,-2.0515612e-09,6.5439651e-09,0.79543571,-3.2374606e-09,6.045764e-09,-2.3560833,-0.0061029719,-6.278252e-07,9.9027175e-07,-0.00033683343,0.60488301,8.2828451e-06,-1.3182036e-05,0.0067821623,-471.37076,0.003300999,-0.0052536469,-3.8527723,0,0
388,0.387,0,0,-0.032003111,0,-0,0,0,0,-0.089666869,0,0,0,0,0,-1.9556519,0,0,0,0.52,1.2913363,-0.3198973,-1.5606537,-2.3174139e-09,7.6777104e-09,0.79542991,-3.8610153e-09,7.0292419e-09,-2.3560836,-0.0055011832,-6.1934872e-07,9.7678543e-07,-0.00032995738,0.60282011,8.4119381e-06,-1.3384893e-05,0.0068447543,-474.08957,0.0032897944,-0.0052353892,-3.8704835,0,0
389,0.388,0,0,-0.03209371,0,-0,0,0,0,-0.09155484,0,0,0,0,0,-1.9105308,0,0,0,0.52,1.2913345,-0.31999068,-1.5606592,-2.5795351e-09,8.7958532e-09,0.79542471,-4.4760327e-09,7.999138e-09,-2.3560839,-0.0049017461,-6.1074878e-07,9.6310518e-07,-0.00032302053,0.60056479,8.5372717e-06,-1.3581794e-05,0.0069061487,-476.82666,0.0032775455,-0.0052154828,-3.8888441,0,0
390,0.389,0,0,-0.032186175,0,-0,0,0,0,-0.093397248,0,0,0,0,0,-1.8651156,0,0,0,0.52,1.2913329,-0.3200856,-1.5606641,-2.8378757e-09,9.8981726e-09,0.7954201,-5.0823913e-09,8.9552613e-09,-2.3560842,-0.0043048494,-6.0202916e-07,9.4923699e-07,-0.00031602408,0.59811937,8.658837e-06,-1.3772727e-05,0.0069663505,-479.58095,0.0032642654,-0.005193948,-3.907851,0,0
391,0.39,0,0,-0.032280459,0,-0,0,0,0,-0.095193826,0,0,0,0,0,-1.8194239,0,0,0,0.52,1.2913315,-0.32018203,-1.5606685,-3.0923882e-09,1.0984454e-08,0.7954161,-5.6799732e-09,9.897427e-09,-2.3560846,-0.0037106797,-5.9319364e-07,9.3518683e-07,-0.00030896921,0.59548625,8.7766258e-06,-1.3957681e-05,0.0070253625,-482.35137,0.0032499669,-0.0051708055,-3.9275012,0,0
392,0.391,0,0,-0.032376517,0,-0,0,0,0,-0.096944324,0,0,0,0,0,-1.7734734,0,0,0,0.52,1.2913303,-0.32027991,-1.5606722,-3.3430269e-09,1.2054492e-08,0.79541268,-6.2686646e-09,1.0825456e-08,-2.3560849,-0.0031194211,-5.8424601e-07,9.209607e-07,-0.00030185711,0.59266784,8.8906316e-06,-1.4136648e-05,0.0070831848,-485.13688,0.0032346633,-0.0051460763,-3.9477918,0,0
393,0.392,0,0,-0.032474302,0,-0,0,0,0,-0.09864851,0,0,0,0,0,-1.7272817,0,0,0,0.52,1.2913292,-0.3203792,-1.5606753,-3.5897473e-09,1.3108084e-08,0.79540985,-6.848355e-09,1.1739175e-08,-2.3560852,-0.0025312551,-5.7519005e-07,9.0656459e-07,-0.00029468898,0.58966661,9.000849e-06,-1.430962e-05,0.0071398153,-487.9364,0.003218368,-0.0051197817,-3.9687195,0,0
394,0.393,0,0,-0.032573767,0,-0,0,0,0,-0.10030617,0,0,0,0,0,-1.6808662,0,0,0,0.52,1.2913283,-0.32047986,-1.5606778,-3.8325066e-09,1.4145037e-08,0.79540761,-7.4189382e-09,1.2638418e-08,-2.3560854,-0.0019463608,-5.6602956e-07,8.9200451e-07,-0.00028746602,0.58648508,9.1072737e-06,-1.4476593e-05,0.0071952497,-490.7489,0.0032010947,-0.0050919435,-3.9902811,0,0
395,0.394,0,0,-0.032674867,0,-0,0,0,0,-0.1019171,0,0,0,0,0,-1.6342445,0,0,0,0.52,1.2913276,-0.32058185,-1.5606798,-4.0712637e-09,1.5165166e-08,0.79540596,-7.9803115e-09,1.3523023e-08,-2.3560857,-0.0013649147,-5.5676834e-07,8.7728646e-07,-0.00028018942,0.58312577,9.209903e-06,-1.4637564e-05,0.0072494812,-493.5733,0.0031828573,-0.0050625835,-4.0124734,0,0
396,0.395,0,0,-0.032777555,0,-0,0,0,0,-0.10348113,0,0,0,0,0,-1.5874341,0,0,0,0.52,1.2913271,-0.32068511,-1.5606811,-4.3059787e-09,1.6168291e-08,0.79540488,-8.5323761e-09,1.4392836e-08,-2.356086,-0.00078709061,-5.4741019e-07,8.6241645e-07,-0.00027286041,0.57959129,9.308735e-06,-1.4792531e-05,0.0073025011,-496.40858,0.0031636698,-0.0050317241,-4.0352929,0,0
397,0.396,0,0,-0.032881783,0,-0,0,0,0,-0.10499809,0,0,0,0,0,-1.5404521,0,0,0,0.52,1.2913267,-0.32078961,-1.5606819,-4.5366137e-09,1.7154239e-08,0.79540438,-9.0750369e-09,1.5247707e-08,-2.3560863,-0.00021305988,-5.3795891e-07,8.4740047e-07,-0.00026548021,0.57588425,9.4037692e-06,-1.4941495e-05,0.0073542985,-499.25368,0.0031435464,-0.0049993877,-4.058736,0,0
398,0.397,0,0,-0.032987504,0,-0,0,0,0,-0.10646784,0,0,0,0,0,-1.4933159,0,0,0,0.52,1.2913265,-0.3208953,-1.5606821,-4.763132e-09,1.8122845e-08,0.79540445,-9.6082027e-09,1.6087494e-08,-2.3560865,0.00035700896,-5.2841828e-07,8.3224453e-07,-0.00025805007,0.57200731,9.4950063e-06,-1.5084458e-05,0.0074048606,-502.10758,0.0031225015,-0.0049655974,-4.0827991,0,0
399,0.398,0,0,-0.033094671,0,-0,0,0,0,-0.10789025,0,0,0,0,0,-1.4460427,0,0,0,0.52,1.2913265,-0.32100213,-1.5606817,-4.9854987e-09,1.907395e-08,0.79540509,-1.0131786e-08,1.691206e-08,-2.3560868,0.00092295005,-5.1879211e-07,8.1695463e-07,-0.00025057124,0.56796316,9.5824482e-06,-1.5221424e-05,0.0074541722,-504.96923,0.0031005499,-0.0049303761,-4.1074783,0,0
400,0.399,0,0,-0.033203237,0,-0,0,0,0,-0.1092652,0,0,0,0,0,-1.3986495,0,0,0,0.52,1.2913266,-0.32111005,-1.5606807,-5.2036801e-09,2.0007401e-08,0.79540629,-1.0645703e-08,1.7721272e-08,-2.356087,0.0014846003,-5.0908419e-07,8.0153674e-07,-0.000243045,0.56375454,9.6660979e-06,-1.53524e-05,0.0075022168,-507.83762,0.0030777061,-0.0048937473,-4.1327697,0,0
401,0.4,0,0,-0.033313154,0,-0,0,0,0,-0.1105926,0,0,0,0,0,-1.3511534,0,0,0,0.51999999,1.291327,-0.32121903,-1.5606792,-5.4176445e-09,2.0923055e-08,0.79540805,-1.1149875e-08,1.8515008e-08,-2.3560873,0.0020417993,-4.992983e-07,7.8599685e-07,-0.00023547265,0.55938419,9.7459595e-06,-1.5477394e-05,0.0075489756,-510.71172,0.0030539852,-0.0048557346,-4.1586691,0,0
402,0.401,0,0,-0.033424374,0,-0,0,0,0,-0.11187238,0,0,0,0,0,-1.3035711,0,0,0,0.51999999,1.2913274,-0.32132902,-1.5606771,-5.6273613e-09,2.1820774e-08,0.79541037,-1.1644224e-08,1.9293147e-08,-2.3560875,0.0025943896,-4.8943822e-07,7.7034092e-07,-0.00022785549,0.55485492,9.8220384e-06,-1.5596414e-05,0.0075944282,-513.59052,0.0030294023,-0.004816362,-4.1851722,0,0
403,0.402,0,0,-0.033536851,0,-0,0,0,0,-0.11310448,0,0,0,0,0,-1.2559197,0,0,0,0.51999999,1.2913281,-0.32143997,-1.5606745,-5.8328018e-09,2.2700425e-08,0.79541324,-1.2128679e-08,2.0055577e-08,-2.3560877,0.0031422164,-4.7950773e-07,7.5457492e-07,-0.00022019488,0.55016955,9.8943411e-06,-1.5709473e-05,0.0076385527,-516.47301,0.0030039726,-0.0047756534,-4.2122746,0,0
404,0.403,0,0,-0.033650536,0,-0,0,0,0,-0.11428884,0,0,0,0,0,-1.2082156,0,0,0,0.51999999,1.2913289,-0.32155183,-1.5606713,-6.0339386e-09,2.3561886e-08,0.79541665,-1.2603171e-08,2.080219e-08,-2.356088,0.0036851281,-4.6951059e-07,7.3870478e-07,-0.00021249217,0.54533092,9.962875e-06,-1.5816583e-05,0.0076813252,-519.35819,0.0029777115,-0.0047336334,-4.2399715,0,0
405,0.404,0,0,-0.033765381,0,-0,0,0,0,-0.11542545,0,0,0,0,0,-1.1604755,0,0,0,0.51999999,1.2913298,-0.32166457,-1.5606676,-6.2307459e-09,2.4405039e-08,0.7954206,-1.3067635e-08,2.1532885e-08,-2.3560882,0.0042229755,-4.5945055e-07,7.2273644e-07,-0.00020474875,0.54034191,1.0027649e-05,-1.5917758e-05,0.0077227208,-522.24507,0.0029506345,-0.0046903264,-4.2682581,0,0
406,0.405,0,0,-0.033881339,0,-0,0,0,0,-0.11651428,0,0,0,0,0,-1.1127158,0,0,0,0.51999999,1.291331,-0.32177814,-1.5606633,-6.4231993e-09,2.5229772e-08,0.79542509,-1.3522011e-08,2.2247567e-08,-2.3560884,0.0047556127,-4.4933137e-07,7.0667579e-07,-0.00019696604,0.53520544,1.0088672e-05,-1.6013016e-05,0.0077627128,-525.13265,0.0029227574,-0.0046457573,-4.2971293,0,0
407,0.406,0,0,-0.033998362,0,-0,0,0,0,-0.11755535,0,0,0,0,0,-1.0649528,0,0,0,0.51999999,1.2913323,-0.32189249,-1.5606584,-6.6112762e-09,2.6035984e-08,0.79543011,-1.3966241e-08,2.2946147e-08,-2.3560886,0.0052828966,-4.3915677e-07,6.9052874e-07,-0.00018914549,0.52992442,1.0145957e-05,-1.6102373e-05,0.0078012733,-528.01997,0.0028940959,-0.0045999511,-4.3265797,0,0
408,0.407,0,0,-0.034116402,0,-0,0,0,0,-0.11854868,0,0,0,0,0,-1.0172028,0,0,0,0.51999999,1.2913337,-0.32200757,-1.5606531,-6.7949552e-09,2.6823576e-08,0.79543565,-1.4400271e-08,2.3628541e-08,-2.3560887,0.0058046871,-4.2893048e-07,6.7430115e-07,-0.00018128856,0.52450183,1.0199513e-05,-1.618585e-05,0.0078383731,-530.90604,0.0028646659,-0.0045529328,-4.356604,0,0
409,0.408,0,0,-0.034235411,0,-0,0,0,0,-0.1194943,0,0,0,0,0,-0.96948188,0,0,0,0.51999999,1.2913353,-0.32212335,-1.5606472,-6.9742165e-09,2.7592458e-08,0.79544171,-1.4824052e-08,2.4294672e-08,-2.3560889,0.0063208472,-4.186562e-07,6.5799887e-07,-0.00017339678,0.51894064,1.0249355e-05,-1.6263468e-05,0.0078739819,-533.78991,0.0028344836,-0.004504728,-4.3871962,0,0
410,0.409,0,0,-0.034355343,0,-0,0,0,0,-0.12039227,0,0,0,0,0,-0.92180587,0,0,0,0.51999999,1.2913371,-0.32223978,-1.5606408,-7.149042e-09,2.8342548e-08,0.79544829,-1.5237537e-08,2.4944467e-08,-2.3560891,0.0068312426,-4.0833763e-07,6.4162773e-07,-0.00016547167,0.51324385,1.0295496e-05,-1.6335249e-05,0.0079080682,-536.67062,0.002803565,-0.004455362,-4.4183505,0,0
411,0.41,0,0,-0.034476148,0,-0,0,0,0,-0.12124265,0,0,0,0,0,-0.87419061,0,0,0,0.51999999,1.291339,-0.32235681,-1.5606339,-7.3194147e-09,2.9073769e-08,0.79545537,-1.5640684e-08,2.5577862e-08,-2.3560892,0.0073357424,-3.9797846e-07,6.2519353e-07,-0.0001575148,0.50741448,1.0337951e-05,-1.6401218e-05,0.0079405997,-539.54722,0.0027719265,-0.0044048607,-4.4500606,0,0
412,0.411,0,0,-0.034597781,0,-0,0,0,0,-0.12204554,0,0,0,0,0,-0.82665175,0,0,0,0.51999999,1.291341,-0.3224744,-1.5606264,-7.4853195e-09,2.978605e-08,0.79546295,-1.6033455e-08,2.6194794e-08,-2.3560894,0.0078342185,-3.8758233e-07,6.0870204e-07,-0.00014952779,0.50145558,1.0376737e-05,-1.64614e-05,0.0079715431,-542.41878,0.0027395844,-0.0043532499,-4.48232,0,0
413,0.412,0,0,-0.034720192,0,-0,0,0,0,-0.12280102,0,0,0,0,0,-0.77920479,0,0,0,0.51999999,1.2913432,-0.3225925,-1.5606185,-7.6467425e-09,3.0479329e-08,0.79547103,-1.6415814e-08,2.6795211e-08,-2.3560895,0.008326546,-3.7715289e-07,5.9215901e-07,-0.00014151226,0.4953702,1.041187e-05,-1.6515823e-05,0.0080008643,-545.28436,0.0027065551,-0.0043005556,-4.5151219,0,0
414,0.413,0,0,-0.034843335,0,-0,0,0,0,-0.12350921,0,0,0,0,0,-0.73186506,0,0,0,0.51999999,1.2913456,-0.32271107,-1.5606101,-7.8036713e-09,3.1153548e-08,0.7954796,-1.6787729e-08,2.7379064e-08,-2.3560897,0.0088126031,-3.6669377e-07,5.7557014e-07,-0.0001334699,0.48916144,1.0443368e-05,-1.6564516e-05,0.0080285285,-548.14304,0.0026728553,-0.0042468039,-4.5484595,0,0
415,0.414,0,0,-0.034967163,0,-0,0,0,0,-0.12417025,0,0,0,0,0,-0.68464777,0,0,0,0.51999999,1.2913481,-0.32283008,-1.5606012,-7.956095e-09,3.1808658e-08,0.79548865,-1.7149174e-08,2.7946309e-08,-2.3560898,0.009292271,-3.5620858e-07,5.5894114e-07,-0.00012540241,0.48283238,1.0471251e-05,-1.6607509e-05,0.0080545003,-550.99393,0.0026385016,-0.0041920211,-4.5823255,0,0
416,0.415,0,0,-0.035091629,0,-0,0,0,0,-0.12478428,0,0,0,0,0,-0.63756794,0,0,0,0.51999999,1.2913507,-0.32294946,-1.5605918,-8.1040043e-09,3.2444615e-08,0.79549818,-1.7500122e-08,2.8496909e-08,-2.3560899,0.009765434,-3.457009e-07,5.4227764e-07,-0.00011731155,0.47638614,1.0495537e-05,-1.6644834e-05,0.0080787438,-553.8361,0.0026035106,-0.0041362336,-4.6167123,0,0
417,0.416,0,0,-0.035216685,0,-0,0,0,0,-0.12535146,0,0,0,0,0,-0.59064044,0,0,0,0.51999999,1.2913535,-0.32306919,-1.5605819,-8.2473911e-09,3.3061382e-08,0.79550818,-1.7840555e-08,2.9030832e-08,-2.35609,0.01023198,-3.3517429e-07,5.2558527e-07,-0.00010919909,0.46982584,1.0516249e-05,-1.6676524e-05,0.0081012226,-556.66869,0.0025678992,-0.004079468,-4.6516121,0,0
418,0.417,0,0,-0.035342285,0,-0,0,0,0,-0.12587196,0,0,0,0,0,-0.54387996,0,0,0,0.51999999,1.2913564,-0.32318921,-1.5605715,-8.3862488e-09,3.3658929e-08,0.79551864,-1.8170454e-08,2.9548053e-08,-2.3560902,0.010691799,-3.2463231e-07,5.0886962e-07,-0.00010106685,0.46315462,1.0533407e-05,-1.6702613e-05,0.0081219001,-559.49079,0.0025316842,-0.0040217507,-4.6870169,0,0
419,0.418,0,0,-0.035468382,0,-0,0,0,0,-0.12634597,0,0,0,0,0,-0.49730102,0,0,0,0.51999999,1.2913595,-0.32330948,-1.5605607,-8.5205724e-09,3.4237231e-08,0.79552955,-1.8489806e-08,3.0048551e-08,-2.3560902,0.011144785,-3.1407846e-07,4.9213622e-07,-9.2916688e-05,0.45637563,1.0547034e-05,-1.6723137e-05,0.0081407393,-562.30155,0.0024948826,-0.0039631086,-4.7229183,0,0
420,0.419,0,0,-0.03559493,0,-0,0,0,0,-0.12677369,0,0,0,0,0,-0.45091797,0,0,0,0.51999999,1.2913627,-0.32342997,-1.5605494,-8.6503581e-09,3.4796271e-08,0.79554092,-1.8798601e-08,3.053231e-08,-2.3560903,0.011590835,-3.0351625e-07,4.7539058e-07,-8.4750503e-05,0.44949203,1.0557155e-05,-1.6738135e-05,0.0081577031,-565.10011,0.0024575113,-0.0039035684,-4.7593078,0,0
421,0.42,0,0,-0.035721883,0,-0,0,0,0,-0.12715535,0,0,0,0,0,-0.40474498,0,0,0,0.51999999,1.291366,-0.32355063,-1.5605377,-8.7756036e-09,3.5336038e-08,0.79555273,-1.9096832e-08,3.0999322e-08,-2.3560904,0.01202985,-2.9294913e-07,4.5863818e-07,-7.6570223e-05,0.44250699,1.0563792e-05,-1.6747644e-05,0.0081727544,-567.88561,0.0024195872,-0.003843157,-4.7961764,0,0
422,0.421,0,0,-0.035849195,0,-0,0,0,0,-0.12749117,0,0,0,0,0,-0.35879604,0,0,0,0.51999999,1.2913695,-0.32367141,-1.5605255,-8.8963081e-09,3.5856526e-08,0.79556497,-1.9384496e-08,3.1449583e-08,-2.3560905,0.012461732,-2.8238057e-07,4.4188445e-07,-6.8377816e-05,0.43542371,1.0566972e-05,-1.6751705e-05,0.0081858562,-570.65722,0.0023811276,-0.0037819014,-4.8335149,0,0
423,0.422,0,0,-0.03597682,0,-0,0,0,0,-0.1277814,0,0,0,0,0,-0.31308495,0,0,0,0.51999999,1.2913731,-0.32379227,-1.5605129,-9.012472e-09,3.6357736e-08,0.79557764,-1.9661593e-08,3.1883093e-08,-2.3560906,0.012886388,-2.7181398e-07,4.2513476e-07,-6.0175287e-05,0.42824535,1.0566721e-05,-1.6750359e-05,0.0081969714,-573.41412,0.0023421495,-0.0037198284,-4.8713138,0,0
424,0.423,0,0,-0.036104712,0,-0,0,0,0,-0.1280263,0,0,0,0,0,-0.26762531,0,0,0,0.51999999,1.2913768,-0.32391318,-1.5604999,-9.1240973e-09,3.6839677e-08,0.79559074,-1.9928127e-08,3.2299859e-08,-2.3560906,0.013303728,-2.6125274e-07,4.0839447e-07,-5.1964678e-05,0.42097511,1.0563066e-05,-1.6743648e-05,0.0082060634,-576.15548,0.0023026701,-0.0036569653,-4.9095635,0,0
425,0.424,0,0,-0.036232827,0,-0,0,0,0,-0.12822613,0,0,0,0,0,-0.22243056,0,0,0,0.51999999,1.2913806,-0.3240341,-1.5604864,-9.231187e-09,3.7302361e-08,0.79560424,-2.0184105e-08,3.2699894e-08,-2.3560907,0.013713664,-2.5070022e-07,3.9166887e-07,-4.3748066e-05,0.4136162,1.0556034e-05,-1.6731617e-05,0.0082130957,-578.8805,0.0022627064,-0.003593339,-4.9482538,0,0
426,0.425,0,0,-0.03636112,0,-0,0,0,0,-0.12838119,0,0,0,0,0,-0.1775139,0,0,0,0.51999999,1.2913846,-0.32415497,-1.5604725,-9.333746e-09,3.7745809e-08,0.79561816,-2.0429538e-08,3.3083214e-08,-2.3560907,0.014116114,-2.4015976e-07,3.7496321e-07,-3.5527566e-05,0.40617182,1.0545654e-05,-1.671431e-05,0.0082180322,-581.5884,0.0022222757,-0.0035289768,-4.9873745,0,0
427,0.426,0,0,-0.036489545,0,-0,0,0,0,-0.12849176,0,0,0,0,0,-0.13288838,0,0,0,0.51999999,1.2913887,-0.32427576,-1.5604583,-9.4317801e-09,3.8170045e-08,0.79563247,-2.0664439e-08,3.3449843e-08,-2.3560907,0.014510996,-2.2963465e-07,3.5828271e-07,-2.7305325e-05,0.39864517,1.0531956e-05,-1.6691774e-05,0.0082208375,-584.2784,0.0021813952,-0.0034639057,-5.0269149,0,0
428,0.427,0,0,-0.036618059,0,-0,0,0,0,-0.12855817,0,0,0,0,0,-0.088566808,0,0,0,0.51999999,1.2913929,-0.32439643,-1.5604436,-9.5252967e-09,3.8575102e-08,0.79564717,-2.0888824e-08,3.3799807e-08,-2.3560908,0.014898233,-2.1912817e-07,3.4163251e-07,-1.9083529e-05,0.39103946,1.051497e-05,-1.6664056e-05,0.0082214765,-586.94972,0.0021400821,-0.0033981529,-5.0668642,0,0
429,0.428,0,0,-0.036746617,0,-0,0,0,0,-0.12858073,0,0,0,0,0,-0.044561811,0,0,0,0.51999999,1.2913973,-0.32451694,-1.5604285,-9.6143043e-09,3.8961017e-08,0.79566226,-2.1102715e-08,3.4133141e-08,-2.3560908,0.01527775,-2.0864357e-07,3.2501773e-07,-1.0864395e-05,0.38335791,1.0494727e-05,-1.6631205e-05,0.008219915,-589.6016,0.0020983536,-0.0033317457,-5.1072111,0,0
430,0.429,0,0,-0.036875177,0,-0,0,0,0,-0.12855978,0,0,0,0,0,-0.00088580428,0,0,0,0.51999999,1.2914017,-0.32463725,-1.5604131,-9.6988129e-09,3.9327833e-08,0.79567772,-2.1306135e-08,3.4449881e-08,-2.3560908,0.015649476,-1.9818404e-07,3.0844343e-07,-2.650174e-06,0.37560372,1.0471258e-05,-1.6593271e-05,0.0082161192,-592.23332,0.002056227,-0.0032647112,-5.1479443,0,0
431,0.43,0,0,-0.037003694,0,-0,0,0,0,-0.12849566,0,0,0,0,0,0.042449008,0,0,0,0.51999999,1.2914063,-0.32475733,-1.5603972,-9.7788338e-09,3.9675601e-08,0.79569355,-2.149911e-08,3.475007e-08,-2.3560908,0.016013345,-1.8775278e-07,2.919146e-07,5.5568511e-06,0.36778009,1.0444596e-05,-1.6550305e-05,0.0082100565,-594.84414,0.0020137194,-0.0031970765,-5.189052,0,0
432,0.431,0,0,-0.037132125,0,-0,0,0,0,-0.12838874,0,0,0,0,0,0.08543063,0,0,0,0.51999999,1.2914109,-0.32487712,-1.560381,-9.8543795e-09,4.0004375e-08,0.79570974,-2.168167e-08,3.5033758e-08,-2.3560908,0.01636929,-1.7735291e-07,2.7543622e-07,1.3754365e-05,0.35989025,1.0414775e-05,-1.6502359e-05,0.0082016949,-597.43333,0.0019708481,-0.003128869,-5.2305223,0,0
433,0.432,0,0,-0.037260429,0,-0,0,0,0,-0.12823938,0,0,0,0,0,0.12804728,0,0,0,0.51999999,1.2914157,-0.3249966,-1.5603645,-9.9254638e-09,4.0314215e-08,0.79572628,-2.1853849e-08,3.5300996e-08,-2.3560907,0.016717251,-1.6698756e-07,2.5901317e-07,2.1940023e-05,0.35193738,1.0381827e-05,-1.6449486e-05,0.0081910035,-600.0002,0.0019276302,-0.0030601156,-5.2723428,0,0
434,0.433,0,0,-0.037388562,0,-0,0,0,0,-0.12804798,0,0,0,0,0,0.1702874,0,0,0,0.51999999,1.2914206,-0.32511573,-1.5603476,-9.9921019e-09,4.0605189e-08,0.79574316,-2.2015681e-08,3.5551842e-08,-2.3560907,0.017057169,-1.5665979e-07,2.426503e-07,3.011145e-05,0.34392469,1.0345788e-05,-1.639174e-05,0.0081779526,-602.54405,0.001884083,-0.0029908436,-5.314501,0,0
435,0.434,0,0,-0.037516483,0,-0,0,0,0,-0.12781491,0,0,0,0,0,0.21213964,0,0,0,0.51999999,1.2914256,-0.32523446,-1.5603303,-1.005431e-08,4.0877368e-08,0.79576039,-2.2167207e-08,3.5786359e-08,-2.3560907,0.01738899,-1.4637264e-07,2.263524e-07,3.8266244e-05,0.33585537,1.0306693e-05,-1.6329177e-05,0.0081625132,-605.06421,0.0018402236,-0.00292108,-5.3569843,0,0
436,0.435,0,0,-0.03764415,0,-0,0,0,0,-0.12754059,0,0,0,0,0,0.25359287,0,0,0,0.51999999,1.2914306,-0.32535277,-1.5603127,-1.0112106e-08,4.1130829e-08,0.79577793,-2.2308469e-08,3.6004614e-08,-2.3560906,0.017712661,-1.3612912e-07,2.1012421e-07,4.6401974e-05,0.32773262,1.0264578e-05,-1.6261853e-05,0.0081446579,-607.56,0.0017960691,-0.0028508518,-5.3997794,0,0
437,0.436,0,0,-0.037771523,0,-0,0,0,0,-0.12722543,0,0,0,0,0,0.2946362,0,0,0,0.51999999,1.2914358,-0.32547061,-1.5602948,-1.0165508e-08,4.1365656e-08,0.7957958,-2.2439511e-08,3.6206679e-08,-2.3560906,0.018028134,-1.2593219e-07,1.939704e-07,5.4516186e-05,0.3195596,1.0219479e-05,-1.6189825e-05,0.0081243604,-610.03079,0.0017516365,-0.002780186,-5.4428732,0,0
438,0.437,0,0,-0.03789856,0,-0,0,0,0,-0.12686986,0,0,0,0,0,0.33525894,0,0,0,0.51999999,1.2914411,-0.32558795,-1.5602766,-1.0214537e-08,4.1581936e-08,0.79581398,-2.2560381e-08,3.6392631e-08,-2.3560905,0.018335364,-1.1578478e-07,1.7789559e-07,6.2606399e-05,0.31133949,1.0171434e-05,-1.6113152e-05,0.0081015957,-612.47592,0.001706943,-0.0027091095,-5.486252,0,0
439,0.438,0,0,-0.038025222,0,-0,0,0,0,-0.12647432,0,0,0,0,0,0.37545064,0,0,0,0.51999999,1.2914465,-0.32570475,-1.560258,-1.0259214e-08,4.1779764e-08,0.79583246,-2.2671131e-08,3.6562552e-08,-2.3560905,0.018634307,-1.0568978e-07,1.6190432e-07,7.0670111e-05,0.30307546,1.012048e-05,-1.6031892e-05,0.0080763402,-614.89477,0.0016620055,-0.0026376492,-5.5299022,0,0
440,0.439,0,0,-0.038151469,0,-0,0,0,0,-0.12603924,0,0,0,0,0,0.41520108,0,0,0,0.51999999,1.2914519,-0.32582098,-1.5602392,-1.0299561e-08,4.1959238e-08,0.79585124,-2.2771815e-08,3.6716526e-08,-2.3560904,0.018924925,-9.5650034e-08,1.4600111e-07,7.8704799e-05,0.29477065,1.0066657e-05,-1.5946107e-05,0.0080485718,-617.28674,0.0016168409,-0.0025658318,-5.5738096,0,0
441,0.44,0,0,-0.038277262,0,-0,0,0,0,-0.12556509,0,0,0,0,0,0.45450026,0,0,0,0.51999999,1.2914575,-0.3259366,-1.56022,-1.0335602e-08,4.2120461e-08,0.79587031,-2.2862488e-08,3.6854644e-08,-2.3560903,0.019207182,-8.566836e-08,1.3019038e-07,8.6707918e-05,0.28642822,1.0010002e-05,-1.5855857e-05,0.0080182699,-619.65123,0.0015714662,-0.0024936841,-5.6179602,0,0
442,0.441,0,0,-0.038402561,0,-0,0,0,0,-0.12505233,0,0,0,0,0,0.49333843,0,0,0,0.51999999,1.2914631,-0.32605158,-1.5602006,-1.0367361e-08,4.2263544e-08,0.79588965,-2.2943211e-08,3.6977001e-08,-2.3560902,0.019481045,-7.5747527e-08,1.144765e-07,9.4676906e-05,0.27805128,9.9505559e-06,-1.5761203e-05,0.0079854153,-621.98764,0.0015258982,-0.0024212326,-5.6623393,0,0
443,0.442,0,0,-0.038527328,0,-0,0,0,0,-0.12450144,0,0,0,0,0,0.53170606,0,0,0,0.51999999,1.2914688,-0.32616589,-1.5601809,-1.0394865e-08,4.2388599e-08,0.79590926,-2.3014045e-08,3.7083696e-08,-2.3560901,0.019746484,-6.5890267e-08,9.8863788e-08,0.00010260918,0.26964296,9.8883585e-06,-1.566221e-05,0.0079499908,-624.29542,0.0014801536,-0.0023485038,-5.7069324,0,0
444,0.443,0,0,-0.038651526,0,-0,0,0,0,-0.12391291,0,0,0,0,0,0.56959384,0,0,0,0.51999999,1.2914747,-0.32627948,-1.5601609,-1.0418141e-08,4.2495747e-08,0.79592913,-2.3075056e-08,3.7174832e-08,-2.35609,0.020003472,-5.6099271e-08,8.3356483e-08,0.00011050216,0.26120635,9.8234505e-06,-1.555894e-05,0.0079119804,-626.574,0.0014342492,-0.002275524,-5.7517246,0,0
445,0.444,0,0,-0.038775116,0,-0,0,0,0,-0.12328721,0,0,0,0,0,0.60699271,0,0,0,0.51999999,1.2914805,-0.32639234,-1.5601406,-1.0437217e-08,4.258511e-08,0.79594926,-2.3126311e-08,3.7250517e-08,-2.3560899,0.020251986,-4.6377186e-08,6.7958764e-08,0.00011835322,0.25274455,9.7558733e-06,-1.5451459e-05,0.0078713702,-628.82285,0.0013882015,-0.0022023197,-5.7967008,0,0
446,0.445,0,0,-0.038898063,0,-0,0,0,0,-0.12262487,0,0,0,0,0,0.64389387,0,0,0,0.51999999,1.2914865,-0.32650441,-1.5601202,-1.0452121e-08,4.2656817e-08,0.79596963,-2.3167881e-08,3.7310861e-08,-2.3560898,0.020492004,-3.672662e-08,5.2674747e-08,0.00012615976,0.24426063,9.6856685e-06,-1.5339831e-05,0.0078281478,-631.04144,0.0013420271,-0.0021289168,-5.8418458,0,0
447,0.446,0,0,-0.03902033,0,-0,0,0,0,-0.12192638,0,0,0,0,0,0.68028871,0,0,0,0.51999999,1.2914925,-0.32661569,-1.5600994,-1.0462885e-08,4.2711001e-08,0.79599023,-2.3199837e-08,3.7355982e-08,-2.3560896,0.020723511,-2.7150136e-08,3.7508477e-08,0.00013391914,0.23575764,9.6128785e-06,-1.5224124e-05,0.0077823028,-633.22925,0.0012957426,-0.0020553415,-5.8871441,0,0
448,0.447,0,0,-0.03914188,0,-0,0,0,0,-0.12119227,0,0,0,0,0,0.7161689,0,0,0,0.51999999,1.2914986,-0.32672612,-1.5600784,-1.046954e-08,4.2747802e-08,0.79601107,-2.3222256e-08,3.7385998e-08,-2.3560895,0.02094649,-1.7650257e-08,2.2463935e-08,0.00014162873,0.22723862,9.537546e-06,-1.5104402e-05,0.0077338266,-635.38579,0.0012493641,-0.0019816196,-5.9325801,0,0
449,0.448,0,0,-0.039262679,0,-0,0,0,0,-0.12042307,0,0,0,0,0,0.75152633,0,0,0,0.51999999,1.2915048,-0.32683569,-1.5600572,-1.0472119e-08,4.276736e-08,0.79603212,-2.3235216e-08,3.7401033e-08,-2.3560894,0.02116093,-8.2294582e-09,7.5450331e-09,0.00014928589,0.21870658,9.4597142e-06,-1.4980735e-05,0.0076827123,-637.51057,0.0012029081,-0.0019077768,-5.9781381,0,0
450,0.449,0,0,-0.039382691,0,-0,0,0,0,-0.1196193,0,0,0,0,0,0.78635314,0,0,0,0.51999999,1.291511,-0.32694436,-1.5600358,-1.0470654e-08,4.2769823e-08,0.79605338,-2.3238796e-08,3.7401216e-08,-2.3560892,0.021366824,1.1098249e-09,-7.2443861e-09,0.00015688796,0.21016454,9.3794268e-06,-1.4853191e-05,0.0076289552,-639.60312,0.0011563907,-0.0018338388,-6.0238022,0,0
451,0.45,0,0,-0.039501883,0,-0,0,0,0,-0.11878152,0,0,0,0,0,0.82064169,0,0,0,0.51999999,1.2915174,-0.3270521,-1.5600142,-1.0465181e-08,4.2755342e-08,0.79607484,-2.3233079e-08,3.7386676e-08,-2.3560891,0.021564165,1.0365203e-08,-2.1900549e-08,0.00016443231,0.20161547,9.2967279e-06,-1.4721839e-05,0.0075725524,-641.663,0.0011098279,-0.0017598311,-6.0695562,0,0
452,0.451,0,0,-0.039620221,0,-0,0,0,0,-0.11791026,0,0,0,0,0,0.85438461,0,0,0,0.51999999,1.2915237,-0.32715888,-1.5599924,-1.0455734e-08,4.2724073e-08,0.7960965,-2.321815e-08,3.735755e-08,-2.3560889,0.02175295,1.9534333e-08,-3.6419751e-08,0.00017191629,0.19306233,9.2116622e-06,-1.4586748e-05,0.007513503,-643.68975,0.0010632359,-0.0016857787,-6.1153841,0,0
453,0.452,0,0,-0.03973767,0,-0,0,0,0,-0.11700609,0,0,0,0,0,0.88757476,0,0,0,0.51999999,1.2915301,-0.32726467,-1.5599704,-1.0442352e-08,4.2676176e-08,0.79611834,-2.3194098e-08,3.7313975e-08,-2.3560887,0.021933181,2.8614913e-08,-5.0798361e-08,0.00017933725,0.18450806,9.1242744e-06,-1.4447989e-05,0.007451808,-645.68295,0.0010166303,-0.001611707,-6.1612695,0,0
454,0.453,0,0,-0.0398542,0,-0,0,0,0,-0.11606957,0,0,0,0,0,0.92020524,0,0,0,0.51999999,1.2915366,-0.32736945,-1.5599482,-1.0425071e-08,4.2611814e-08,0.79614036,-2.316101e-08,3.7256095e-08,-2.3560885,0.022104861,3.7604691e-08,-6.5032815e-08,0.00018669255,0.17595557,9.0346101e-06,-1.4305633e-05,0.0073874705,-647.64219,0.00097002705,-0.0015376407,-6.2071959,0,0
455,0.454,0,0,-0.039969777,0,-0,0,0,0,-0.11510127,0,0,0,0,0,0.95226941,0,0,0,0.51999999,1.2915432,-0.32747319,-1.5599258,-1.0403929e-08,4.2531156e-08,0.79616254,-2.311898e-08,3.7184055e-08,-2.3560883,0.022267994,4.6501458e-08,-7.9119625e-08,0.00019397956,0.16740775,8.9427148e-06,-1.4159751e-05,0.0073204958,-649.56707,0.00092344171,-0.0014636046,-6.2531469,0,0
456,0.455,0,0,-0.040084371,0,-0,0,0,0,-0.11410176,0,0,0,0,0,0.98376085,0,0,0,0.51999999,1.2915497,-0.32757586,-1.5599033,-1.0378966e-08,4.2434374e-08,0.79618489,-2.3068101e-08,3.7098005e-08,-2.3560881,0.022422592,5.5303053e-08,-9.3055374e-08,0.00020119565,0.15886747,8.8486348e-06,-1.4010416e-05,0.007250891,-651.45722,0.0008768898,-0.0013896234,-6.2991059,0,0
457,0.456,0,0,-0.04019795,0,-0,0,0,0,-0.11307163,0,0,0,0,0,1.0146734,0,0,0,0.51999999,1.2915564,-0.32767744,-1.5598806,-1.0350223e-08,4.2321644e-08,0.79620738,-2.300847e-08,3.6998097e-08,-2.3560879,0.022568664,6.4007361e-08,-1.0683672e-07,0.0002083382,0.15033758,8.7524166e-06,-1.3857701e-05,0.0071786654,-653.31226,0.00083038671,-0.0013157213,-6.3450561,0,0
458,0.457,0,0,-0.040310484,0,-0,0,0,0,-0.11201147,0,0,0,0,0,1.0450012,0,0,0,0.51999999,1.2915631,-0.3277779,-1.5598577,-1.0317741e-08,4.2193146e-08,0.79623001,-2.2940185e-08,3.6884488e-08,-2.3560877,0.022706227,7.2612312e-08,-1.2046038e-07,0.00021540462,0.14182089,8.6541068e-06,-1.3701678e-05,0.0071038303,-655.13183,0.00078394768,-0.0012419225,-6.3909808,0,0
459,0.458,0,0,-0.040421943,0,-0,0,0,0,-0.11092186,0,0,0,0,0,1.0747384,0,0,0,0.51999999,1.2915698,-0.3278772,-1.5598347,-1.0281561e-08,4.2049062e-08,0.79625278,-2.2863346e-08,3.6757336e-08,-2.3560875,0.022835297,8.1115888e-08,-1.3392318e-07,0.0002223923,0.13332019,8.5537525e-06,-1.3542422e-05,0.0070263993,-656.91561,0.00073758786,-0.0011682509,-6.4368631,0,0
460,0.459,0,0,-0.040532299,0,-0,0,0,0,-0.10980341,0,0,0,0,0,1.1038798,0,0,0,0.51999999,1.2915766,-0.32797534,-1.5598116,-1.0241727e-08,4.188958e-08,0.79627568,-2.2778055e-08,3.6616804e-08,-2.3560873,0.022955894,8.9516114e-08,-1.4722198e-07,0.00022929868,0.12483825,8.4514013e-06,-1.3380006e-05,0.0069463878,-658.66327,0.00069132221,-0.0010947303,-6.4826863,0,0
461,0.46,0,0,-0.040641522,0,-0,0,0,0,-0.10865672,0,0,0,0,0,1.13242,0,0,0,0.51999999,1.2915834,-0.32807228,-1.5597884,-1.0198284e-08,4.1714892e-08,0.79629869,-2.2684418e-08,3.6463057e-08,-2.356087,0.023068042,9.7811064e-08,-1.6035373e-07,0.00023612121,0.1163778,8.3471009e-06,-1.3214507e-05,0.0068638136,-660.37451,0.00064516558,-0.0010213842,-6.5284334,0,0
462,0.461,0,0,-0.040749584,0,-0,0,0,0,-0.1074824,0,0,0,0,0,1.1603542,0,0,0,0.51999999,1.2915902,-0.32816801,-1.559765,-1.0151274e-08,4.1525189e-08,0.7963218,-2.258254e-08,3.6296265e-08,-2.3560868,0.023171765,1.0599886e-07,-1.7331548e-07,0.00024285735,0.10794155,8.2408991e-06,-1.3045998e-05,0.0067786962,-662.04901,0.00059913267,-0.00094823587,-6.5740875,0,0
463,0.462,0,0,-0.040856459,0,-0,0,0,0,-0.10628106,0,0,0,0,0,1.1876777,0,0,0,0.51999999,1.2915971,-0.32826249,-1.5597415,-1.0100745e-08,4.1320672e-08,0.79634502,-2.2472528e-08,3.6116598e-08,-2.3560866,0.023267093,1.1407768e-07,-1.8610431e-07,0.00024950458,0.099532173,8.1328443e-06,-1.2874556e-05,0.0066910577,-663.68652,0.00055323802,-0.00087530834,-6.6196317,0,0
464,0.463,0,0,-0.04096212,0,-0,0,0,0,-0.10505332,0,0,0,0,0,1.214386,0,0,0,0.51999999,1.291604,-0.32835571,-1.559718,-1.0046742e-08,4.1101539e-08,0.79636833,-2.2354494e-08,3.5924231e-08,-2.3560863,0.023354055,1.2204573e-07,-1.9871742e-07,0.00025606044,0.091152325,8.0229848e-06,-1.2700257e-05,0.0066009218,-665.28675,0.00050749603,-0.00080262444,-6.6650489,0,0
465,0.464,0,0,-0.04106654,0,-0,0,0,0,-0.1037998,0,0,0,0,0,1.2404749,0,0,0,0.51999999,1.2916109,-0.32844765,-1.5596943,-9.9893128e-09,4.0867995e-08,0.79639172,-2.2228548e-08,3.571934e-08,-2.356086,0.023432686,1.299013e-07,-2.1115205e-07,0.00026252245,0.082804622,7.9113696e-06,-1.2523176e-05,0.0065083145,-666.84947,0.00046192094,-0.00073020674,-6.7103224,0,0
466,0.465,0,0,-0.041169694,0,-0,0,0,0,-0.10252113,0,0,0,0,0,1.2659404,0,0,0,0.51999999,1.2916179,-0.32853828,-1.5596706,-9.9285048e-09,4.0620248e-08,0.79641519,-2.2094805e-08,3.5502106e-08,-2.3560858,0.023503021,1.3764268e-07,-2.2340555e-07,0.00026888819,0.074491649,7.7980474e-06,-1.2343391e-05,0.0064132639,-668.37443,0.00041652683,-0.00065807755,-6.7554352,0,0
467,0.466,0,0,-0.041271557,0,-0,0,0,0,-0.10121793,0,0,0,0,0,1.2907789,0,0,0,0.51999999,1.2916249,-0.32862758,-1.5596468,-9.8643667e-09,4.0358507e-08,0.79643872,-2.1953378e-08,3.5272711e-08,-2.3560855,0.023565099,1.4526826e-07,-2.3547533e-07,0.00027515526,0.066215963,7.6830673e-06,-1.216098e-05,0.0063158001,-669.86142,0.0003713276,-0.00058625894,-6.8003704,0,0
468,0.467,0,0,-0.041372105,0,-0,0,0,0,-0.099890837,0,0,0,0,0,1.3149868,0,0,0,0.51999999,1.2916319,-0.32871554,-1.5596229,-9.7969479e-09,4.0082984e-08,0.79646231,-2.1804385e-08,3.5031341e-08,-2.3560852,0.023618961,1.5277644e-07,-2.4735886e-07,0.00028132129,0.057980085,7.5664788e-06,-1.1976018e-05,0.0062159551,-671.31023,0.00032633702,-0.00051477271,-6.8451112,0,0
469,0.468,0,0,-0.041471315,0,-0,0,0,0,-0.098540489,0,0,0,0,0,1.3385608,0,0,0,0.51999999,1.2916389,-0.32880213,-1.559599,-9.7262985e-09,3.9793897e-08,0.79648595,-2.1647943e-08,3.4778181e-08,-2.3560849,0.023664651,1.601657e-07,-2.5905373e-07,0.00028738396,0.049786506,7.4483313e-06,-1.1788585e-05,0.0061137631,-672.72067,0.00028156866,-0.0004436404,-6.8896409,0,0
470,0.469,0,0,-0.041569163,0,-0,0,0,0,-0.097167522,0,0,0,0,0,1.361498,0,0,0,0.51999999,1.2916459,-0.32888734,-1.559575,-9.6524691e-09,3.9491464e-08,0.79650963,-2.1484173e-08,3.4513423e-08,-2.3560847,0.023702214,1.6743455e-07,-2.7055758e-07,0.00029334096,0.041637681,7.3286744e-06,-1.1598758e-05,0.0060092602,-674.09256,0.00023703592,-0.00037288327,-6.9339428,0,0
471,0.47,0,0,-0.041665628,0,-0,0,0,0,-0.095772578,0,0,0,0,0,1.3837957,0,0,0,0.51999999,1.291653,-0.32897115,-1.559551,-9.5755111e-09,3.9175905e-08,0.79653334,-2.1313195e-08,3.4237258e-08,-2.3560844,0.023731699,1.7458155e-07,-2.8186812e-07,0.00029919006,0.033536034,7.2075578e-06,-1.1406615e-05,0.0059024844,-675.42573,0.00019275203,-0.00030252231,-6.9780002,0,0
472,0.471,0,0,-0.041760687,0,-0,0,0,0,-0.094356299,0,0,0,0,0,1.4054512,0,0,0,0.51999999,1.2916601,-0.32905354,-1.559527,-9.4954767e-09,3.8847445e-08,0.79655709,-2.1135133e-08,3.3949881e-08,-2.3560841,0.023753157,1.8160532e-07,-2.9298316e-07,0.00030492903,0.025483952,7.0850316e-06,-1.1212234e-05,0.0057934757,-676.72004,0.00014873005,-0.00023257824,-7.0217967,0,0
473,0.472,0,0,-0.041854319,0,-0,0,0,0,-0.092919331,0,0,0,0,0,1.4264624,0,0,0,0.51999999,1.2916672,-0.32913449,-1.5595029,-9.4124183e-09,3.850631e-08,0.79658084,-2.0950109e-08,3.3651488e-08,-2.3560837,0.023766641,1.8850452e-07,-3.0390059e-07,0.00031055571,0.017483786,6.9611455e-06,-1.1015695e-05,0.0056822759,-677.97535,0.00010498284,-0.00016307147,-7.0653158,0,0
474,0.473,0,0,-0.041946505,0,-0,0,0,0,-0.091462321,0,0,0,0,0,1.4468271,0,0,0,0.51999999,1.2916742,-0.32921399,-1.5594788,-9.3263893e-09,3.8152729e-08,0.79660461,-2.0758249e-08,3.3342279e-08,-2.3560834,0.023772206,1.9527787e-07,-3.1461836e-07,0.00031606796,0.0095378542,6.8359499e-06,-1.0817076e-05,0.0055689289,-679.19155,6.1523082e-05,-9.402215e-05,-7.1085412,0,0
475,0.474,0,0,-0.042037224,0,-0,0,0,0,-0.089985919,0,0,0,0,0,1.4665435,0,0,0,0.51999999,1.2916813,-0.32929202,-1.5594547,-9.2374435e-09,3.7786932e-08,0.79662838,-2.0559679e-08,3.3022452e-08,-2.3560831,0.02376991,2.0192414e-07,-3.251345e-07,0.00032146372,0.0016484366,6.7094948e-06,-1.0616456e-05,0.0054534802,-680.36852,1.8363277e-05,-2.5450106e-05,-7.1514568,0,0
476,0.475,0,0,-0.042126458,0,-0,0,0,0,-0.088490776,0,0,0,0,0,1.4856101,0,0,0,0.51999999,1.2916884,-0.32936857,-1.5594307,-9.1456354e-09,3.7409153e-08,0.79665214,-2.0354528e-08,3.2692212e-08,-2.3560828,0.023759812,2.0844214e-07,-3.3544715e-07,0.00032674095,-0.006182223,6.5818304e-06,-1.0413914e-05,0.0053359771,-681.50618,-2.4484275e-05,4.262512e-05,-7.1940466,0,0
477,0.476,0,0,-0.042214187,0,-0,0,0,0,-0.086977543,0,0,0,0,0,1.5040255,0,0,0,0.51999999,1.2916955,-0.32944362,-1.5594066,-9.0510198e-09,3.7019627e-08,0.79667589,-2.0142924e-08,3.2351762e-08,-2.3560825,0.023741975,2.1483073e-07,-3.4555448e-07,0.00033189766,-0.013951918,6.453007e-06,-1.020953e-05,0.0052164688,-682.60444,-6.7007463e-05,0.00011018429,-7.2362947,0,0
478,0.477,0,0,-0.042300395,0,-0,0,0,0,-0.085446873,0,0,0,0,0,1.5217886,0,0,0,0.51999999,1.2917026,-0.32951716,-1.5593825,-8.9536522e-09,3.6618591e-08,0.79669962,-1.9924997e-08,3.2001309e-08,-2.3560821,0.023716464,2.2108884e-07,-3.5545479e-07,0.00033693193,-0.021658479,6.3230749e-06,-1.0003381e-05,0.0050950061,-683.66325,-0.00010919437,0.00017720848,-7.2781853,0,0
479,0.478,0,0,-0.042385064,0,-0,0,0,0,-0.083899419,0,0,0,0,0,1.5388985,0,0,0,0.51999999,1.2917097,-0.32958918,-1.5593585,-8.8535887e-09,3.6206285e-08,0.79672332,-1.9700877e-08,3.1641061e-08,-2.3560818,0.023683343,2.2721543e-07,-3.6514642e-07,0.00034184189,-0.029299776,6.1920845e-06,-9.7955489e-06,0.0049716415,-684.68255,-0.00015103329,0.00024367908,-7.3197029,0,0
480,0.479,0,0,-0.042468178,0,-0,0,0,0,-0.082335837,0,0,0,0,0,1.5553545,0,0,0,0.51999999,1.2917168,-0.32965966,-1.5593345,-8.7508856e-09,3.5782949e-08,0.79674698,-1.9470698e-08,3.1271226e-08,-2.3560814,0.023642682,2.3320952e-07,-3.7462781e-07,0.00034662572,-0.036873715,6.0600861e-06,-9.5861115e-06,0.0048464291,-685.6623,-0.0001925127,0.00030957778,-7.3608321,0,0
481,0.48,0,0,-0.04254972,0,-0,0,0,0,-0.080756779,0,0,0,0,0,1.5711562,0,0,0,0.51999999,1.2917238,-0.32972859,-1.5593105,-8.6455999e-09,3.5348827e-08,0.79677059,-1.9234591e-08,3.0892016e-08,-2.3560811,0.023594552,2.3907017e-07,-3.8389748e-07,0.00035128164,-0.044378244,5.9271299e-06,-9.3751485e-06,0.0047194247,-686.60248,-0.00023362129,0.00037488661,-7.4015578,0,0
482,0.481,0,0,-0.042629676,0,-0,0,0,0,-0.079162902,0,0,0,0,0,1.5863034,0,0,0,0.51999999,1.2917309,-0.32979597,-1.5592866,-8.537789e-09,3.4904162e-08,0.79679416,-1.8992691e-08,3.0503643e-08,-2.3560807,0.023539024,2.447965e-07,-3.9295402e-07,0.00035580795,-0.051811347,5.7932662e-06,-9.1627391e-06,0.0045906854,-687.50309,-0.00027434795,0.00043958791,-7.441865,0,0
483,0.482,0,0,-0.042708031,0,-0,0,0,0,-0.07755486,0,0,0,0,0,1.6007961,0,0,0,0.51999999,1.2917379,-0.32986177,-1.5592627,-8.4275106e-09,3.4449202e-08,0.79681767,-1.8745133e-08,3.0106322e-08,-2.3560804,0.023476173,2.5038769e-07,-4.0179609e-07,0.00036020302,-0.059171051,5.6585454e-06,-8.9489628e-06,0.0044602699,-688.36412,-0.0003146818,0.00050366437,-7.481739,0,0
484,0.483,0,0,-0.042784772,0,-0,0,0,0,-0.075933306,0,0,0,0,0,1.6146346,0,0,0,0.51999999,1.291745,-0.329926,-1.5592389,-8.3148229e-09,3.3984192e-08,0.7968411,-1.8492051e-08,2.9700266e-08,-2.35608,0.023406076,2.5584294e-07,-4.1042246e-07,0.00036446524,-0.06645542,5.5230175e-06,-8.7338985e-06,0.0043282385,-689.1856,-0.00035461214,0.00056709898,-7.5211651,0,0
485,0.484,0,0,-0.042859885,0,-0,0,0,0,-0.074298895,0,0,0,0,0,1.6278192,0,0,0,0.51999999,1.291752,-0.32998864,-1.5592152,-8.1997845e-09,3.3509383e-08,0.79686447,-1.8233583e-08,2.9285693e-08,-2.3560797,0.023328809,2.6116153e-07,-4.1883195e-07,0.0003685931,-0.07366256,5.3867327e-06,-8.5176255e-06,0.0041946524,-689.96755,-0.0003941285,0.00062987508,-7.5601292,0,0
486,0.485,0,0,-0.042933357,0,-0,0,0,0,-0.072652278,0,0,0,0,0,1.6403506,0,0,0,0.51999999,1.291759,-0.33004968,-1.5591915,-8.0824543e-09,3.3025024e-08,0.79688775,-1.7969865e-08,2.886282e-08,-2.3560793,0.023244455,2.6634278e-07,-4.2702347e-07,0.00037258513,-0.080790618,5.2497409e-06,-8.3002227e-06,0.0040595747,-690.71002,-0.00043322062,0.00069197635,-7.5986172,0,0
487,0.486,0,0,-0.043005177,0,-0,0,0,0,-0.070994109,0,0,0,0,0,1.6522299,0,0,0,0.51999999,1.2917659,-0.33010911,-1.559168,-7.9628916e-09,3.2531366e-08,0.79691095,-1.7701035e-08,2.8431865e-08,-2.3560789,0.023153093,2.7138604e-07,-4.3499601e-07,0.00037643995,-0.087837781,5.1120921e-06,-8.0817691e-06,0.0039230693,-691.41307,-0.00047187845,0.00075338682,-7.6366152,0,0
488,0.487,0,0,-0.043075334,0,-0,0,0,0,-0.069325037,0,0,0,0,0,1.6634579,0,0,0,0.51999999,1.2917729,-0.33016694,-1.5591445,-7.8411558e-09,3.2028662e-08,0.79693405,-1.7427231e-08,2.7993047e-08,-2.3560785,0.023054809,2.7629075e-07,-4.4274864e-07,0.00038015622,-0.094802278,4.9738361e-06,-7.8623432e-06,0.0037852014,-692.07675,-0.00051009219,0.00081409084,-7.6741097,0,0
489,0.488,0,0,-0.043143817,0,-0,0,0,0,-0.067645712,0,0,0,0,0,1.6740362,0,0,0,0.51999999,1.2917798,-0.33022314,-1.5591211,-7.717307e-09,3.1517166e-08,0.79695705,-1.7148593e-08,2.7546588e-08,-2.3560782,0.022949686,2.8105637e-07,-4.502805e-07,0.00038373267,-0.10168238,4.8350225e-06,-7.6420237e-06,0.0036460376,-692.70117,-0.00054785221,0.00087407314,-7.7110875,0,0
490,0.489,0,0,-0.043210616,0,-0,0,0,0,-0.065956781,0,0,0,0,0,1.6839661,0,0,0,0.51999999,1.2917867,-0.33027771,-1.5590978,-7.5914051e-09,3.0997131e-08,0.79697995,-1.6865258e-08,2.7092707e-08,-2.3560778,0.022837813,2.8568241e-07,-4.5759083e-07,0.00038716812,-0.1084764,4.6957009e-06,-7.4208888e-06,0.0035056453,-693.2864,-0.00058514914,0.00093331876,-7.7475355,0,0
491,0.49,0,0,-0.043275721,0,-0,0,0,0,-0.064258889,0,0,0,0,0,1.6932494,0,0,0,0.51999999,1.2917935,-0.33033066,-1.5590747,-7.4635106e-09,3.0468813e-08,0.79700272,-1.6577368e-08,2.6631628e-08,-2.3560774,0.022719277,2.9016844e-07,-4.6467891e-07,0.00039046144,-0.11518269,4.5559205e-06,-7.1990167e-06,0.0033640929,-693.83257,-0.00062197381,0.00099181314,-7.783441,0,0
492,0.491,0,0,-0.043339125,0,-0,0,0,0,-0.062552682,0,0,0,0,0,1.701888,0,0,0,0.51999999,1.2918004,-0.33038196,-1.5590516,-7.3336842e-09,2.9932468e-08,0.79702538,-1.6285061e-08,2.6163572e-08,-2.356077,0.022594169,2.9451407e-07,-4.7154413e-07,0.00039361157,-0.12179964,4.4157307e-06,-6.9764851e-06,0.00322145,-694.33978,-0.0006583173,0.001049542,-7.8187917,0,0
493,0.492,0,0,-0.043400819,0,-0,0,0,0,-0.0608388,0,0,0,0,0,1.7098842,0,0,0,0.51999999,1.2918072,-0.33043163,-1.5590287,-7.2019866e-09,2.9388352e-08,0.79704791,-1.598848e-08,2.5688763e-08,-2.3560766,0.02246258,2.9871898e-07,-4.7818594e-07,0.00039661752,-0.1283257,4.2751802e-06,-6.7533717e-06,0.0030777868,-694.80817,-0.0006941709,0.0011064916,-7.8535754,0,0
494,0.493,0,0,-0.043460795,0,-0,0,0,0,-0.059117882,0,0,0,0,0,1.7172402,0,0,0,0.51999999,1.2918139,-0.33047965,-1.5590059,-7.0684789e-09,2.8836723e-08,0.7970703,-1.5687764e-08,2.5207424e-08,-2.3560762,0.022324604,3.0278287e-07,-4.8460389e-07,0.00039947839,-0.13475936,4.134318e-06,-6.5297538e-06,0.0029331747,-695.23789,-0.00072952612,0.0011626482,-7.8877803,0,0
495,0.494,0,0,-0.043519048,0,-0,0,0,0,-0.057390564,0,0,0,0,0,1.7239585,0,0,0,0.51999999,1.2918206,-0.33052602,-1.5589832,-6.9332223e-09,2.8277839e-08,0.79709255,-1.5383055e-08,2.4719779e-08,-2.3560758,0.022180335,3.067055e-07,-4.9079757e-07,0.00040219333,-0.14109912,3.9931926e-06,-6.3057082e-06,0.0027876854,-695.62909,-0.00076437471,0.0012179989,-7.921395,0,0
496,0.495,0,0,-0.04357557,0,-0,0,0,0,-0.05565748,0,0,0,0,0,1.7300419,0,0,0,0.51999999,1.2918273,-0.33057074,-1.5589607,-6.7962781e-09,2.7711956e-08,0.79711465,-1.5074495e-08,2.4226053e-08,-2.3560754,0.022029869,3.1048668e-07,-4.9676668e-07,0.00040476158,-0.14734357,3.8518524e-06,-6.0813117e-06,0.0026413918,-695.98194,-0.00079870866,0.0012725308,-7.9544083,0,0
497,0.496,0,0,-0.043630357,0,-0,0,0,0,-0.053919261,0,0,0,0,0,1.7354933,0,0,0,0.51999999,1.2918339,-0.3306138,-1.5589384,-6.6577077e-09,2.7139334e-08,0.7971366,-1.4762224e-08,2.372647e-08,-2.356075,0.021873304,3.1412627e-07,-5.0251099e-07,0.00040718243,-0.15349131,3.7103453e-06,-5.8566404e-06,0.0024943669,-696.29662,-0.00083252017,0.0013262314,-7.9868093,0,0
498,0.497,0,0,-0.043683404,0,-0,0,0,0,-0.052176534,0,0,0,0,0,1.7403159,0,0,0,0.51999999,1.2918405,-0.33065521,-1.5589162,-6.5175727e-09,2.656023e-08,0.79715839,-1.4446384e-08,2.3221256e-08,-2.3560746,0.021710738,3.1762418e-07,-5.0803032e-07,0.00040945528,-0.159541,3.5687192e-06,-5.6317702e-06,0.0023466848,-696.57331,-0.00086580169,0.0013790888,-8.0185876,0,0
499,0.498,0,0,-0.043734706,0,-0,0,0,0,-0.050429923,0,0,0,0,0,1.7445129,0,0,0,0.51999999,1.2918471,-0.33069497,-1.5588941,-6.3759348e-09,2.5974905e-08,0.79718002,-1.4127117e-08,2.2710635e-08,-2.3560742,0.021542272,3.2098035e-07,-5.133246e-07,0.00041157956,-0.16549134,3.4270217e-06,-5.4067767e-06,0.0021984197,-696.81223,-0.0008985459,0.0014310913,-8.0497331,0,0
500,0.499,0,0,-0.04378426,0,-0,0,0,0,-0.048680048,0,0,0,0,0,1.7480878,0,0,0,0.51999999,1.2918536,-0.33073306,-1.5588723,-6.2328557e-09,2.5383616e-08,0.79720147,-1.3804565e-08,2.2194832e-08,-2.3560738,0.021368006,3.2419479e-07,-5.1839382e-07,0.00041355482,-0.17134106,3.2853e-06,-5.1817348e-06,0.0020496464,-697.01358,-0.0009307457,0.0014822275,-8.0802359,0,0
501,0.5,0,0,-0.043832063,0,-0,0,0,0,-0.046927525,0,0,0,0,0,1.7510443,0,0,0,0.51999999,1.29186,-0.33076951,-1.5588506,-6.0883972e-09,2.4786621e-08,0.79722275,-1.3478869e-08,2.1674072e-08,-2.3560733,0.021188043,3.2726754e-07,-5.2323803e-07,0.00041538066,-0.17708896,3.1436012e-06,-4.9567192e-06,0.0019004401,-697.1776,-0.00096239425,0.0015324865,-8.1100866,0,0
502,0.501,0,0,-0.043878113,0,-0,0,0,0,-0.045172968,0,0,0,0,0,1.7533863,0,0,0,0.51999999,1.2918664,-0.33080429,-1.5588291,-5.9426209e-09,2.4184181e-08,0.79724384,-1.3150171e-08,2.1148581e-08,-2.3560729,0.021002487,3.301987e-07,-5.2785738e-07,0.00041705676,-0.18273387,3.0019717e-06,-4.7318039e-06,0.0017508763,-697.30451,-0.00099348492,0.0015818578,-8.1392761,0,0
503,0.502,0,0,-0.043922407,0,-0,0,0,0,-0.043416984,0,0,0,0,0,1.7551178,0,0,0,0.51999999,1.2918728,-0.33083742,-1.5588078,-5.7955887e-09,2.3576552e-08,0.79726475,-1.2818613e-08,2.0618582e-08,-2.3560725,0.020811442,3.329884e-07,-5.3225207e-07,0.00041858286,-0.18827465,2.860458e-06,-4.5070625e-06,0.0016010306,-697.39456,-0.0010240113,0.0016303312,-8.1677958,0,0
504,0.503,0,0,-0.043964946,0,-0,0,0,0,-0.041660179,0,0,0,0,0,1.7562429,0,0,0,0.51999999,1.291879,-0.3308689,-1.5587866,-5.6473624e-09,2.2963993e-08,0.79728546,-1.2484336e-08,2.0084301e-08,-2.3560721,0.020615014,3.3563683e-07,-5.3642239e-07,0.00041995882,-0.19371023,2.719106e-06,-4.2825683e-06,0.0014509788,-697.44802,-0.0010539673,0.0016778969,-8.1956372,0,0
505,0.504,0,0,-0.044005727,0,-0,0,0,0,-0.039903151,0,0,0,0,0,1.7567662,0,0,0,0.51999999,1.2918853,-0.33089872,-1.5587657,-5.4980036e-09,2.2346761e-08,0.79730597,-1.2147481e-08,1.9545961e-08,-2.3560717,0.020413309,3.3814422e-07,-5.4036869e-07,0.00042118452,-0.19903957,2.5779614e-06,-4.0583936e-06,0.001300797,-697.46514,-0.0010833471,0.0017245454,-8.2227925,0,0
506,0.505,0,0,-0.044044752,0,-0,0,0,0,-0.038146496,0,0,0,0,0,1.756692,0,0,0,0.51999999,1.2918915,-0.3309269,-1.558745,-5.3475741e-09,2.1725114e-08,0.79732628,-1.1808188e-08,1.9003787e-08,-2.3560712,0.020206437,3.4051084e-07,-5.4409141e-07,0.00042225997,-0.20426167,2.4370693e-06,-3.8346106e-06,0.0011505611,-697.4462,-0.0011121448,0.0017702677,-8.2492539,0,0
507,0.506,0,0,-0.044082021,0,-0,0,0,0,-0.036390804,0,0,0,0,0,1.7560252,0,0,0,0.51999999,1.2918976,-0.33095343,-1.5587244,-5.1961353e-09,2.1099308e-08,0.79734638,-1.14666e-08,1.8458002e-08,-2.3560708,0.019994504,3.4273702e-07,-5.4759104e-07,0.00042318521,-0.20937558,2.2964747e-06,-3.6112907e-06,0.0010003471,-697.3915,-0.0011403551,0.0018150551,-8.2750144,0,0
508,0.507,0,0,-0.044117535,0,-0,0,0,0,-0.034636661,0,0,0,0,0,1.7547706,0,0,0,0.51999999,1.2919036,-0.33097833,-1.5587041,-5.0437487e-09,2.04696e-08,0.79736626,-1.1122855e-08,1.7908828e-08,-2.3560704,0.019777621,3.4482311e-07,-5.5086816e-07,0.00042396038,-0.21438041,2.1562221e-06,-3.3885048e-06,0.00085023085,-697.30133,-0.0011679728,0.0018588994,-8.300067,0,0
509,0.508,0,0,-0.044151296,0,-0,0,0,0,-0.032884646,0,0,0,0,0,1.7529332,0,0,0,0.51999999,1.2919096,-0.33100158,-1.558684,-4.8904757e-09,1.9836243e-08,0.79738593,-1.0777093e-08,1.7356488e-08,-2.35607,0.019555899,3.4676954e-07,-5.5392339e-07,0.00042458569,-0.21927527,2.0163554e-06,-3.166323e-06,0.00070028806,-697.17599,-0.001194993,0.0019017926,-8.3244054,0,0
510,0.509,0,0,-0.044183307,0,-0,0,0,0,-0.031135336,0,0,0,0,0,1.7505182,0,0,0,0.52,1.2919155,-0.33102321,-1.5586642,-4.7363776e-09,1.9199494e-08,0.79740537,-1.0429455e-08,1.6801203e-08,-2.3560695,0.019329447,3.4857674e-07,-5.5675745e-07,0.00042506144,-0.22405937,1.8769185e-06,-2.9448148e-06,0.00055059419,-697.01581,-0.0012214109,0.0019437271,-8.3480234,0,0
511,0.51,0,0,-0.04421357,0,-0,0,0,0,-0.029389298,0,0,0,0,0,1.7475311,0,0,0,0.52,1.2919214,-0.33104321,-1.5586445,-4.5815152e-09,1.8559605e-08,0.79742458,-1.0080079e-08,1.6243194e-08,-2.3560691,0.019098379,3.5024521e-07,-5.5937112e-07,0.00042538798,-0.22873191,1.7379545e-06,-2.7240494e-06,0.00040122443,-696.8211,-0.0012472221,0.0019846959,-8.3709155,0,0
512,0.511,0,0,-0.044242089,0,-0,0,0,0,-0.027647098,0,0,0,0,0,1.7439772,0,0,0,0.52,1.2919272,-0.33106159,-1.5586251,-4.4259495e-09,1.791683e-08,0.79744356,-9.7291029e-09,1.568268e-08,-2.3560687,0.018862807,3.5177549e-07,-5.6176523e-07,0.00042556575,-0.23329218,1.5995062e-06,-2.5040948e-06,0.00025225361,-696.59221,-0.0012724223,0.0020246921,-8.3930763,0,0
513,0.512,0,0,-0.044268868,0,-0,0,0,0,-0.025909293,0,0,0,0,0,1.7398623,0,0,0,0.52,1.2919329,-0.33107836,-1.558606,-4.2697412e-09,1.7271419e-08,0.79746231,-9.3766656e-09,1.5119882e-08,-2.3560683,0.018622844,3.5316816e-07,-5.6394071e-07,0.00042559526,-0.23773948,1.461616e-06,-2.2850186e-06,0.00010375614,-696.32948,-0.0012970075,0.0020637095,-8.414501,0,0
514,0.513,0,0,-0.044293912,0,-0,0,0,0,-0.024176436,0,0,0,0,0,1.7351921,0,0,0,0.52,1.2919386,-0.33109352,-1.558587,-4.1129507e-09,1.6623624e-08,0.7974808,-9.0229039e-09,1.4555017e-08,-2.3560678,0.018378603,3.5442384e-07,-5.6589854e-07,0.00042547709,-0.24207318,1.3243256e-06,-2.0668877e-06,-4.4194045e-05,-696.03327,-0.001320974,0.0021017418,-8.4351851,0,0
515,0.514,0,0,-0.044317226,0,-0,0,0,0,-0.022449073,0,0,0,0,0,1.7299726,0,0,0,0.52,1.2919442,-0.33110709,-1.5585684,-3.9556381e-09,1.5973693e-08,0.79749906,-8.6679545e-09,1.3988302e-08,-2.3560674,0.018130201,3.5554319e-07,-5.6763974e-07,0.0004252119,-0.24629267,1.1876767e-06,-1.8497681e-06,-0.00019152356,-695.70392,-0.0013443182,0.0021387836,-8.4551245,0,0
516,0.515,0,0,-0.044338816,0,-0,0,0,0,-0.020727745,0,0,0,0,0,1.7242098,0,0,0,0.52,1.2919497,-0.33111906,-1.5585499,-3.7978634e-09,1.5321876e-08,0.79751706,-8.3119535e-09,1.3419954e-08,-2.356067,0.017877751,3.5652692e-07,-5.6916545e-07,0.00042480042,-0.25039739,1.0517099e-06,-1.6337252e-06,-0.00033815961,-695.34182,-0.0013670369,0.0021748296,-8.4743156,0,0
517,0.516,0,0,-0.044358688,0,-0,0,0,0,-0.019012984,0,0,0,0,0,1.71791,0,0,0,0.52,1.2919551,-0.33112945,-1.5585318,-3.6396864e-09,1.4668418e-08,0.79753481,-7.9550359e-09,1.2850186e-08,-2.3560666,0.01762137,3.5737576e-07,-5.7047682e-07,0.00042424346,-0.25438684,9.1646584e-07,-1.4188235e-06,-0.00048403005,-694.94734,-0.001389127,0.0022098748,-8.4927551,0,0
518,0.517,0,0,-0.044376849,0,-0,0,0,0,-0.01730532,0,0,0,0,0,1.7110795,0,0,0,0.52,1.2919605,-0.33113827,-1.5585138,-3.4811662e-09,1.4013566e-08,0.7975523,-7.5973364e-09,1.2279214e-08,-2.3560661,0.017361172,3.5809051e-07,-5.715751e-07,0.00042354188,-0.25826054,7.8198434e-07,-1.2051269e-06,-0.00062906348,-694.52087,-0.0014105857,0.0022439148,-8.51044,0,0
519,0.518,0,0,-0.044393306,0,-0,0,0,0,-0.015605273,0,0,0,0,0,1.7037248,0,0,0,0.52,1.2919658,-0.33114552,-1.5584962,-3.322362e-09,1.3357562e-08,0.79756953,-7.2389886e-09,1.1707249e-08,-2.3560657,0.017097276,3.5867197e-07,-5.7246158e-07,0.00042269662,-0.26201806,6.483048e-07,-9.9269826e-07,-0.00077318925,-694.0628,-0.0014314104,0.0022769455,-8.5273679,0,0
520,0.519,0,0,-0.044408067,0,-0,0,0,0,-0.013913357,0,0,0,0,0,1.6958524,0,0,0,0.52,1.291971,-0.33115122,-1.5584788,-3.1633324e-09,1.270065e-08,0.79758649,-6.8801253e-09,1.1134502e-08,-2.3560653,0.016829796,3.5912102e-07,-5.7313763e-07,0.00042170871,-0.26565903,5.1546609e-07,-7.8159975e-07,-0.00091633753,-693.57353,-0.0014515988,0.0023089631,-8.5435367,0,0
521,0.52,0,0,-0.044421141,0,-0,0,0,0,-0.012230079,0,0,0,0,0,1.6874692,0,0,0,0.52,1.2919761,-0.33115538,-1.5584617,-3.0041359e-09,1.2043071e-08,0.79760318,-6.5208785e-09,1.0561183e-08,-2.3560649,0.016558851,3.5943855e-07,-5.7360467e-07,0.00042057922,-0.2691831,3.8350653e-07,-5.7189267e-07,-0.0010584394,-693.05348,-0.0014711488,0.0023399642,-8.5589447,0,0
522,0.521,0,0,-0.044432536,0,-0,0,0,0,-0.010555941,0,0,0,0,0,1.6785818,0,0,0,0.52,1.2919812,-0.331158,-1.5584449,-2.8448305e-09,1.1385062e-08,0.79761961,-6.1613793e-09,9.9875006e-09,-2.3560645,0.016284557,3.5962549e-07,-5.7386418e-07,0.0004193093,-0.27258998,2.524639e-07,-3.6363747e-07,-0.0011994269,-692.50305,-0.0014900585,0.0023699459,-8.5735905,0,0
523,0.522,0,0,-0.044442262,0,-0,0,0,0,-0.0088914356,0,0,0,0,0,1.6691974,0,0,0,0.52,1.2919861,-0.3311591,-1.5584283,-2.6854736e-09,1.0726863e-08,0.79763575,-5.8017576e-09,9.4136614e-09,-2.356064,0.016007033,3.5968282e-07,-5.739177e-07,0.00041790017,-0.27587939,1.2237541e-07,-1.5689371e-07,-0.0013392329,-691.92268,-0.0015083262,0.0023989055,-8.5874733,0,0
524,0.523,0,0,-0.044450329,0,-0,0,0,0,-0.0072370498,0,0,0,0,0,1.659323,0,0,0,0.52,1.291991,-0.33115869,-1.558412,-2.5261225e-09,1.0068708e-08,0.79765162,-5.4421427e-09,8.8398704e-09,-2.3560636,0.015726396,3.5961155e-07,-5.7376684e-07,0.00041635309,-0.27905114,-6.7222822e-09,4.8279934e-08,-0.0014777916,-691.31279,-0.0015259506,0.0024268407,-8.6005926,0,0
525,0.524,0,0,-0.044456747,0,-0,0,0,0,-0.0055932627,0,0,0,0,0,1.6489658,0,0,0,0.52,1.2919958,-0.33115678,-1.558396,-2.366834e-09,9.410831e-09,0.7976672,-5.0826626e-09,8.2663312e-09,-2.3560632,0.015442764,3.5941272e-07,-5.7341324e-07,0.00041466943,-0.28210505,-1.3479312e-07,2.5182569e-07,-0.001615038,-690.67382,-0.0015429305,0.0024537496,-8.6129481,0,0
526,0.525,0,0,-0.044461526,0,-0,0,0,0,-0.0039605462,0,0,0,0,0,1.6381329,0,0,0,0.52,1.2920006,-0.33115339,-1.5583803,-2.2076643e-09,8.7534639e-09,0.7976825,-4.7234443e-09,7.6932458e-09,-2.3560628,0.015156255,3.5908741e-07,-5.7285862e-07,0.00041285059,-0.28504098,-2.618016e-07,4.5368672e-07,-0.0017509084,-690.00622,-0.0015592649,0.0024796308,-8.6245402,0,0
527,0.526,0,0,-0.044464679,0,-0,0,0,0,-0.0023393647,0,0,0,0,0,1.626832,0,0,0,0.52,1.2920052,-0.33114852,-1.5583649,-2.0486695e-09,8.0968363e-09,0.79769751,-4.3646137e-09,7.1208141e-09,-2.3560624,0.014866988,3.5863675e-07,-5.7210475e-07,0.00041089803,-0.28785884,-3.8771286e-07,6.538071e-07,-0.0018853401,-689.31042,-0.001574953,0.0025044831,-8.6353694,0,0
528,0.527,0,0,-0.044466217,0,-0,0,0,0,-0.00073017511,0,0,0,0,0,1.6150704,0,0,0,0.52,1.2920098,-0.33114219,-1.5583497,-1.8899048e-09,7.441176e-09,0.79771223,-4.0062956e-09,6.5492346e-09,-2.356062,0.014575079,3.5806186e-07,-5.7115346e-07,0.0004088133,-0.29055859,-5.1249258e-07,8.5213189e-07,-0.002018272,-688.5869,-0.0015899945,0.0025283056,-8.6454369,0,0
529,0.528,0,0,-0.044466152,0,-0,0,0,0,0.00086657323,0,0,0,0,0,1.6028557,0,0,0,0.52,1.2920142,-0.33113442,-1.5583349,-1.7314251e-09,6.7867084e-09,0.79772666,-3.6486136e-09,5.9787037e-09,-2.3560616,0.014280648,3.5736395e-07,-5.7000662e-07,0.00040659797,-0.29314022,-6.3610712e-07,1.0486071e-06,-0.0021496438,-687.83611,-0.0016043891,0.0025510979,-8.6547439,0,0
530,0.529,0,0,-0.044464496,0,-0,0,0,0,0.0024504388,0,0,0,0,0,1.5901956,0,0,0,0.52,1.2920186,-0.33112521,-1.5583204,-1.5732849e-09,6.133657e-09,0.79774079,-3.2916901e-09,5.4094159e-09,-2.3560612,0.013983813,3.5654422e-07,-5.6866615e-07,0.00040425369,-0.29560375,-7.585234e-07,1.2431797e-06,-0.0022793969,-687.05851,-0.0016181366,0.00257286,-8.6632922,0,0
531,0.53,0,0,-0.044461264,0,-0,0,0,0,0.0040209879,0,0,0,0,0,1.5770979,0,0,0,0.52,1.2920229,-0.33111459,-1.5583061,-1.415538e-09,5.4822428e-09,0.79775462,-2.9356463e-09,4.841564e-09,-2.3560608,0.013684691,3.5560392e-07,-5.6713404e-07,0.00040178218,-0.29794926,-8.7970901e-07,1.4357976e-06,-0.0024074738,-686.25458,-0.0016312373,0.002593592,-8.6710839,0,0
532,0.531,0,0,-0.044456468,0,-0,0,0,0,0.0055777947,0,0,0,0,0,1.5635705,0,0,0,0.52,1.2920271,-0.33110256,-1.5582922,-1.2582377e-09,4.8326845e-09,0.79776816,-2.5806022e-09,4.2753384e-09,-2.3560604,0.0133834,3.5454432e-07,-5.6541233e-07,0.00039918519,-0.30017685,-9.9963217e-07,1.62641e-06,-0.0025338184,-685.4248,-0.0016436915,0.0026132947,-8.6781216,0,0
533,0.532,0,0,-0.044450122,0,-0,0,0,0,0.0071204414,0,0,0,0,0,1.5496213,0,0,0,0.52,1.2920313,-0.33108915,-1.5582786,-1.101437e-09,4.1851988e-09,0.79778139,-2.2266763e-09,3.7109279e-09,-2.35606,0.013080058,3.5336675e-07,-5.6350308e-07,0.00039646453,-0.30228669,-1.1182617e-06,1.8149666e-06,-0.0026583762,-684.56966,-0.0016554999,0.002631969,-8.684408,0,0
534,0.533,0,0,-0.044442241,0,-0,0,0,0,0.0086485182,0,0,0,0,0,1.5352583,0,0,0,0.52,1.2920353,-0.33107436,-1.5582652,-9.4518783e-10,3.5399994e-09,0.79779431,-1.873986e-09,3.1485187e-09,-2.3560596,0.012774783,3.5207253e-07,-5.6140844e-07,0.00039362208,-0.30427895,-1.2355671e-06,2.0014187e-06,-0.002781094,-683.68963,-0.0016666633,0.0026496162,-8.6899463,0,0
535,0.534,0,0,-0.04443284,0,-0,0,0,0,0.010161623,0,0,0,0,0,1.5204896,0,0,0,0.52,1.2920392,-0.33105821,-1.5582522,-7.89542e-10,2.8972981e-09,0.79780693,-1.5226472e-09,2.5882953e-09,-2.3560592,0.012467692,3.5066303e-07,-5.5913057e-07,0.00039065975,-0.30615387,-1.3515186e-06,2.1857183e-06,-0.0029019201,-682.78521,-0.0016771828,0.0026662381,-8.6947402,0,0
536,0.535,0,0,-0.044421933,0,-0,0,0,0,0.011659364,0,0,0,0,0,1.5053234,0,0,0,0.52,1.2920431,-0.33104073,-1.5582395,-6.3455049e-10,2.2573037e-09,0.79781925,-1.1727745e-09,2.0304397e-09,-2.3560588,0.012158901,3.4913966e-07,-5.566717e-07,0.0003875795,-0.30791171,-1.466087e-06,2.3678185e-06,-0.0030208044,-681.8569,-0.0016870596,0.0026818365,-8.6987935,0,0
537,0.536,0,0,-0.044409537,0,-0,0,0,0,0.013141354,0,0,0,0,0,1.489768,0,0,0,0.52,1.2920468,-0.33102192,-1.5582271,-4.8026373e-10,1.6202227e-09,0.79783125,-8.2448104e-10,1.4751318e-09,-2.3560584,0.011848528,3.4750384e-07,-5.540341e-07,0.00038438336,-0.30955277,-1.5792437e-06,2.5476735e-06,-0.0031376982,-680.9052,-0.0016962951,0.0026964139,-8.7021103,0,0
538,0.537,0,0,-0.044395666,0,-0,0,0,0,0.014607218,0,0,0,0,0,1.4738317,0,0,0,0.52,1.2920505,-0.3310018,-1.5582151,-3.2673153e-10,9.8625893e-10,0.79784294,-4.7787854e-10,9.2254906e-10,-2.356058,0.011536688,3.4575702e-07,-5.5122008e-07,0.00038107337,-0.31107739,-1.690961e-06,2.7252385e-06,-0.0032525546,-679.93061,-0.0017048912,0.0027099729,-8.7046954,0,0
539,0.538,0,0,-0.044380339,0,-0,0,0,0,0.016056586,0,0,0,0,0,1.4575227,0,0,0,0.52,1.2920541,-0.33098039,-1.5582033,-1.7400303e-10,3.5561343e-10,0.79785432,-1.3307726e-10,3.7286684e-10,-2.3560576,0.011223498,3.4390068e-07,-5.4823199e-07,0.00037765166,-0.31248596,-1.8012116e-06,2.90047e-06,-0.0033653282,-678.93365,-0.0017128495,0.0027225166,-8.7065536,0,0
540,0.539,0,0,-0.04436357,0,-0,0,0,0,0.017489099,0,0,0,0,0,1.4408497,0,0,0,0.52,1.2920576,-0.33095771,-1.5581919,-2.2126742e-11,-2.715154e-10,0.79786539,2.0981406e-10,-1.7374207e-10,-2.3560573,0.010909073,3.4193633e-07,-5.4507224e-07,0.00037412036,-0.31377888,-1.9099692e-06,3.0733254e-06,-0.0034759751,-677.91482,-0.0017201724,0.0027340483,-8.70769,0,0
541,0.54,0,0,-0.044345377,0,-0,0,0,0,0.018904406,0,0,0,0,0,1.423821,0,0,0,0.52,1.2920609,-0.33093377,-1.5581807,1.2884948e-10,-8.9493195e-10,0.79787614,5.5068817e-10,-7.1710721e-10,-2.3560569,0.010593527,3.3986551e-07,-5.4174326e-07,0.00037048167,-0.31495662,-2.0172079e-06,3.2437632e-06,-0.0035844532,-676.87464,-0.0017268619,0.0027445716,-8.7081102,0,0
542,0.541,0,0,-0.044325778,0,-0,0,0,0,0.020302163,0,0,0,0,0,1.4064452,0,0,0,0.52,1.2920642,-0.33090859,-1.5581699,2.7887848e-10,-1.5144434e-09,0.79788658,8.8943938e-10,-1.2570606e-09,-2.3560565,0.010276976,3.3768976e-07,-5.3824752e-07,0.00036673781,-0.31601965,-2.1229028e-06,3.411743e-06,-0.003690722,-675.81363,-0.0017329207,0.0027540907,-8.7078201,0,0
543,0.542,0,0,-0.044304791,0,-0,0,0,0,0.021682037,0,0,0,0,0,1.3887309,0,0,0,0.52,1.2920674,-0.3308822,-1.5581595,4.2791378e-10,-2.12986e-09,0.79789669,1.2259636e-09,-1.7934368e-09,-2.3560562,0.0099595332,3.3541066e-07,-5.3458756e-07,0.00036289106,-0.31696849,-2.2270293e-06,3.5772258e-06,-0.0037947428,-674.73232,-0.0017383515,0.0027626096,-8.7068257,0,0
544,0.543,0,0,-0.044282432,0,-0,0,0,0,0.023043701,0,0,0,0,0,1.3706868,0,0,0,0.52,1.2920705,-0.3308546,-1.5581493,5.759096e-10,-2.7409945e-09,0.79790649,1.5601582e-09,-2.3260728e-09,-2.3560558,0.0096413119,3.3302983e-07,-5.3076591e-07,0.00035894371,-0.31780371,-2.3295639e-06,3.7401734e-06,-0.0038964784,-673.63122,-0.0017431571,0.0027701332,-8.7051336,0,0
545,0.544,0,0,-0.044258722,0,-0,0,0,0,0.02438684,0,0,0,0,0,1.3523215,0,0,0,0.52,1.2920735,-0.33082582,-1.5581395,7.2282089e-10,-3.347663e-09,0.79791597,1.8919223e-09,-2.8548082e-09,-2.3560554,0.0093224249,3.3054889e-07,-5.2678517e-07,0.00035489811,-0.31852589,-2.4304835e-06,3.9005488e-06,-0.0039958934,-672.51087,-0.0017473406,0.0027766663,-8.7027504,0,0
546,0.545,0,0,-0.044233677,0,-0,0,0,0,0.025711145,0,0,0,0,0,1.3336437,0,0,0,0.52,1.2920765,-0.33079588,-1.5581299,8.6860329e-10,-3.9496845e-09,0.79792514,2.2211567e-09,-3.3794853e-09,-2.3560551,0.0090029843,3.2796948e-07,-5.2264797e-07,0.00035075663,-0.31913567,-2.529766e-06,4.0583163e-06,-0.0040929542,-671.3718,-0.0017509052,0.0027822141,-8.6996831,0,0
547,0.546,0,0,-0.044207318,0,-0,0,0,0,0.027016317,0,0,0,0,0,1.3146623,0,0,0,0.52,1.2920793,-0.3307648,-1.5581208,1.0132132e-09,-4.5468808e-09,0.79793398,2.5477636e-09,-3.899949e-09,-2.3560547,0.0086831016,3.2529328e-07,-5.1835697e-07,0.00034652166,-0.31963369,-2.6273898e-06,4.2134412e-06,-0.004187629,-670.21453,-0.0017538546,0.0027867823,-8.6959391,0,0
548,0.547,0,0,-0.044179664,0,-0,0,0,0,0.028302064,0,0,0,0,0,1.295386,0,0,0,0.52,1.292082,-0.33073259,-1.5581119,1.1566078e-09,-5.1390771e-09,0.7979425,2.8716473e-09,-4.4160468e-09,-2.3560544,0.0083628875,3.2252197e-07,-5.1391486e-07,0.00034219564,-0.32002065,-2.7233342e-06,4.3658899e-06,-0.0042798875,-669.0396,-0.0017561922,0.0027903766,-8.6915258,0,0
549,0.548,0,0,-0.044150734,0,-0,0,0,0,0.029568107,0,0,0,0,0,1.2758237,0,0,0,0.52,1.2920846,-0.33069927,-1.5581033,1.298745e-09,-5.7261014e-09,0.79795071,3.1927133e-09,-4.927629e-09,-2.356054,0.0080424519,3.1965727e-07,-5.0932436e-07,0.00033778104,-0.32029728,-2.817579e-06,4.5156302e-06,-0.0043697014,-667.84756,-0.001757922,0.0027930032,-8.686451,0,0
550,0.549,0,0,-0.044120548,0,-0,0,0,0,0.030814171,0,0,0,0,0,1.2559842,0,0,0,0.52,1.2920872,-0.33066487,-1.5580951,1.4395834e-09,-6.3077852e-09,0.79795859,3.5108693e-09,-5.4345486e-09,-2.3560537,0.0077219041,3.167009e-07,-5.0458822e-07,0.00033328032,-0.32046433,-2.9101048e-06,4.6626308e-06,-0.004457044,-666.63892,-0.001759048,0.0027946685,-8.6807229,0,0
551,0.55,0,0,-0.044089126,0,-0,0,0,0,0.032039994,0,0,0,0,0,1.2358763,0,0,0,0.52,1.2920896,-0.33062941,-1.5580872,1.5790824e-09,-6.8839628e-09,0.79796615,3.8260244e-09,-5.9366612e-09,-2.3560534,0.0074013523,3.1365462e-07,-4.9970925e-07,0.00032869601,-0.32052258,-3.0008931e-06,4.8068618e-06,-0.0045418905,-665.41425,-0.0017595743,0.0027953793,-8.6743497,0,0
552,0.551,0,0,-0.044056488,0,-0,0,0,0,0.033245319,0,0,0,0,0,1.2155091,0,0,0,0.52,1.292092,-0.3305929,-1.5580797,1.7172023e-09,-7.4544719e-09,0.79797339,4.1380895e-09,-6.4338256e-09,-2.3560531,0.0070809043,3.1052017e-07,-4.9469024e-07,0.00032403063,-0.32047287,-3.089926e-06,4.9482944e-06,-0.0046242177,-664.17406,-0.0017595053,0.0027951425,-8.6673399,0,0
553,0.552,0,0,-0.044022656,0,-0,0,0,0,0.034429902,0,0,0,0,0,1.1948913,0,0,0,0.52,1.2920942,-0.33055537,-1.5580724,1.8539042e-09,-8.0191535e-09,0.79798031,4.4469775e-09,-6.9259031e-09,-2.3560527,0.0067606667,3.0729936e-07,-4.8953403e-07,0.00031928673,-0.32031603,-3.1771864e-06,5.0869007e-06,-0.0047040045,-662.91892,-0.0017588457,0.0027939653,-8.6597024,0,0
554,0.553,0,0,-0.043987649,0,-0,0,0,0,0.035593504,0,0,0,0,0,1.174032,0,0,0,0.52,1.2920964,-0.33051683,-1.5580655,1.9891497e-09,-8.5778518e-09,0.79798691,4.7526027e-09,-7.4127579e-09,-2.3560524,0.0064407453,3.0399396e-07,-4.842435e-07,0.00031446688,-0.32005295,-3.2626576e-06,5.2226545e-06,-0.0047812311,-661.64935,-0.0017576,0.0027918554,-8.651446,0,0
555,0.554,0,0,-0.04395149,0,-0,0,0,0,0.036735898,0,0,0,0,0,1.1529401,0,0,0,0.52,1.2920984,-0.33047731,-1.5580589,2.1229016e-09,-9.1304141e-09,0.79799319,5.0548817e-09,-7.8942572e-09,-2.3560521,0.006121245,3.0060581e-07,-4.7882153e-07,0.00030957368,-0.31968453,-3.3463242e-06,5.3555303e-06,-0.0048558798,-660.3659,-0.0017557731,0.0027888205,-8.6425801,0,0
556,0.555,0,0,-0.043914199,0,-0,0,0,0,0.037856865,0,0,0,0,0,1.1316245,0,0,0,0.52,1.2921004,-0.33043684,-1.5580526,2.2551233e-09,-9.6766915e-09,0.79799916,5.3537325e-09,-8.370271e-09,-2.3560518,0.0058022697,2.9713671e-07,-4.7327104e-07,0.00030460972,-0.31921171,-3.4281711e-06,5.4855041e-06,-0.0049279347,-659.06912,-0.0017533702,0.0027848688,-8.6331139,0,0
557,0.556,0,0,-0.043875798,0,-0,0,0,0,0.038956194,0,0,0,0,0,1.1100942,0,0,0,0.52,1.2921022,-0.33039542,-1.5580467,2.3857791e-09,-1.0216538e-08,0.7980048,5.6490751e-09,-8.8406723e-09,-2.3560515,0.0054839223,2.9358852e-07,-4.6759496e-07,0.00029957761,-0.31863547,-3.5081842e-06,5.612553e-06,-0.0049973813,-657.75954,-0.0017503964,0.0027800084,-8.6230572,0,0
558,0.557,0,0,-0.043836308,0,-0,0,0,0,0.040033684,0,0,0,0,0,1.0883582,0,0,0,0.52,1.292104,-0.33035308,-1.5580411,2.514834e-09,-1.0749811e-08,0.79801012,5.9408314e-09,-9.3053368e-09,-2.3560512,0.0051663049,2.8996309e-07,-4.6179626e-07,0.00029447999,-0.31795678,-3.5863499e-06,5.7366552e-06,-0.0050642073,-656.43772,-0.001746857,0.0027742481,-8.6124197,0,0
559,0.558,0,0,-0.043795752,0,-0,0,0,0,0.041089143,0,0,0,0,0,1.0664254,0,0,0,0.52,1.2921057,-0.33030985,-1.5580358,2.642254e-09,-1.1276372e-08,0.79801513,6.228925e-09,-9.7641436e-09,-2.3560509,0.0048495183,2.8626228e-07,-4.558779e-07,0.00028931949,-0.31717668,-3.6626555e-06,5.8577901e-06,-0.0051284018,-655.10419,-0.0017427577,0.0027675967,-8.6012114,0,0
560,0.559,0,0,-0.043754152,0,-0,0,0,0,0.042122387,0,0,0,0,0,1.0443047,0,0,0,0.52,1.2921073,-0.33026574,-1.5580308,2.7680059e-09,-1.1796084e-08,0.79801982,6.5132815e-09,-1.0216974e-08,-2.3560506,0.0045336623,2.8248798e-07,-4.4984289e-07,0.00028409876,-0.3162962,-3.737089e-06,5.9759384e-06,-0.0051899557,-653.7595,-0.001738104,0.0027600632,-8.5894424,0,0
561,0.56,0,0,-0.04371153,0,-0,0,0,0,0.043133243,0,0,0,0,0,1.0220052,0,0,0,0.52,1.2921088,-0.33022077,-1.5580261,2.8920573e-09,-1.2308817e-08,0.7980242,6.7938284e-09,-1.0663714e-08,-2.3560503,0.0042188358,2.7864206e-07,-4.4369423e-07,0.00027882045,-0.31531643,-3.8096391e-06,6.091082e-06,-0.0052488618,-652.4042,-0.0017329017,0.0027516569,-8.5771231,0,0
562,0.561,0,0,-0.043667908,0,-0,0,0,0,0.044121544,0,0,0,0,0,0.9995357,0,0,0,0.52,1.2921101,-0.33017498,-1.5580218,3.0143767e-09,-1.2814441e-08,0.79802826,7.070495e-09,-1.1104251e-08,-2.3560501,0.0039051363,2.7472644e-07,-4.3743497e-07,0.0002734872,-0.31423846,-3.8802954e-06,6.2032038e-06,-0.0053051144,-651.03881,-0.0017271569,0.0027423874,-8.5642639,0,0
563,0.562,0,0,-0.043623309,0,-0,0,0,0,0.045087134,0,0,0,0,0,0.97690521,0,0,0,0.52,1.2921114,-0.33012838,-1.5580178,3.1349334e-09,-1.331283e-08,0.79803201,7.3432125e-09,-1.1538475e-08,-2.3560498,0.0035926604,2.7074301e-07,-4.3106814e-07,0.0002681017,-0.31306343,-3.9490479e-06,6.3122881e-06,-0.0053587095,-649.66389,-0.0017208757,0.0027322645,-8.5508754,0,0
564,0.563,0,0,-0.043577756,0,-0,0,0,0,0.046029865,0,0,0,0,0,0.9541226,0,0,0,0.52,1.2921126,-0.33008098,-1.5580141,3.2536977e-09,-1.3803863e-08,0.79803545,7.6119142e-09,-1.1966281e-08,-2.3560495,0.0032815034,2.6669371e-07,-4.245968e-07,0.00026266659,-0.31179246,-4.0158877e-06,6.4183201e-06,-0.0054096449,-648.27998,-0.0017140642,0.0027212981,-8.5369684,0,0
565,0.564,0,0,-0.043531272,0,-0,0,0,0,0.046949599,0,0,0,0,0,0.93119678,0,0,0,0.52,1.2921138,-0.33003283,-1.5580107,3.3706406e-09,-1.4287423e-08,0.79803858,7.876535e-09,-1.2387566e-08,-2.3560493,0.0029717595,2.6258044e-07,-4.1802403e-07,0.00025718453,-0.31042675,-4.0808065e-06,6.5212866e-06,-0.00545792,-646.8876,-0.0017067289,0.0027094985,-8.5225538,0,0
566,0.565,0,0,-0.04348388,0,-0,0,0,0,0.047846205,0,0,0,0,0,0.90813661,0,0,0,0.52,1.2921148,-0.32998393,-1.5580076,3.4857341e-09,-1.4763393e-08,0.79804139,8.1370121e-09,-1.2802229e-08,-2.356049,0.0026635217,2.5840515e-07,-4.1135291e-07,0.00025165818,-0.30896747,-4.1437965e-06,6.6211752e-06,-0.0055035357,-645.48732,-0.0016988763,0.002696876,-8.5076426,0,0
567,0.566,0,0,-0.043435603,0,-0,0,0,0,0.048719564,0,0,0,0,0,0.88495094,0,0,0,0.52,1.2921157,-0.32993431,-1.5580049,3.598951e-09,-1.5231663e-08,0.7980439,8.3932843e-09,-1.3210175e-08,-2.3560488,0.0023568816,2.5416977e-07,-4.0458654e-07,0.00024609021,-0.30741586,-4.2048511e-06,6.7179748e-06,-0.0055464947,-644.07965,-0.0016905131,0.0026834414,-8.4922459,0,0
568,0.567,0,0,-0.043386464,0,-0,0,0,0,0.049569561,0,0,0,0,0,0.86164858,0,0,0,0.52,1.2921165,-0.32988399,-1.5580024,3.7102651e-09,-1.5692126e-08,0.79804611,8.6452925e-09,-1.3611309e-08,-2.3560485,0.0020519298,2.4987625e-07,-3.9772801e-07,0.00024048326,-0.30577315,-4.2639639e-06,6.8116756e-06,-0.0055868012,-642.66513,-0.0016816459,0.0026692055,-8.476375,0,0
569,0.568,0,0,-0.043336487,0,-0,0,0,0,0.050396094,0,0,0,0,0,0.83823834,0,0,0,0.52,1.2921173,-0.32983299,-1.5580003,3.8196509e-09,-1.6144677e-08,0.79804801,8.8929796e-09,-1.400554e-08,-2.3560483,0.0017487555,2.4552654e-07,-3.9078045e-07,0.00023483996,-0.30404061,-4.3211297e-06,6.9022689e-06,-0.005624461,-641.24429,-0.0016722817,0.0026541792,-8.4600411,0,0
570,0.569,0,0,-0.043285696,0,-0,0,0,0,0.051199068,0,0,0,0,0,0.81472895,0,0,0,0.52,1.2921179,-0.32978135,-1.5579984,3.9270839e-09,-1.6589216e-08,0.79804961,9.1362903e-09,-1.4392782e-08,-2.3560481,0.0014474465,2.4112259e-07,-3.8374696e-07,0.00022916297,-0.30221951,-4.3763437e-06,6.9897469e-06,-0.0056594814,-639.81768,-0.0016624274,0.0026383739,-8.4432558,0,0
571,0.57,0,0,-0.043234113,0,-0,0,0,0,0.051978398,0,0,0,0,0,0.79112915,0,0,0,0.52,1.2921185,-0.32972907,-1.5579969,4.0325406e-09,-1.7025645e-08,0.79805091,9.3751715e-09,-1.477295e-08,-2.3560478,0.0011480895,2.3666636e-07,-3.7663068e-07,0.00022345491,-0.30031116,-4.4296019e-06,7.0741033e-06,-0.0056918712,-638.3858,-0.0016520904,0.0026218009,-8.4260305,0,0
572,0.571,0,0,-0.043181763,0,-0,0,0,0,0.052734005,0,0,0,0,0,0.76744762,0,0,0,0.52,1.2921189,-0.32967618,-1.5579957,4.135998e-09,-1.7453872e-08,0.79805191,9.6095718e-09,-1.5145962e-08,-2.3560476,0.00085076981,2.321598e-07,-3.6943473e-07,0.00021771838,-0.29831688,-4.480901e-06,7.155333e-06,-0.0057216409,-636.9492,-0.0016412776,0.0026044718,-8.4083768,0,0
573,0.572,0,0,-0.043128669,0,-0,0,0,0,0.05346582,0,0,0,0,0,0.743693,0,0,0,0.52,1.2921193,-0.32962271,-1.5579948,4.2374345e-09,-1.7873807e-08,0.79805261,9.8394418e-09,-1.5511741e-08,-2.3560474,0.00055557122,2.276049e-07,-3.6216225e-07,0.000211956,-0.29623802,-4.5302386e-06,7.2334316e-06,-0.0057488021,-635.50839,-0.0016299966,0.0025863983,-8.3903064,0,0
574,0.573,0,0,-0.043074855,0,-0,0,0,0,0.054173785,0,0,0,0,0,0.71987388,0,0,0,0.52,1.2921196,-0.32956867,-1.5579942,4.3368291e-09,-1.8285363e-08,0.79805302,1.0064734e-08,-1.5870212e-08,-2.3560472,0.00026257635,2.230036e-07,-3.5481637e-07,0.00020617035,-0.29407592,-4.5776128e-06,7.3083963e-06,-0.0057733681,-634.0639,-0.0016182547,0.0025675925,-8.371831,0,0
575,0.574,0,0,-0.043020345,0,-0,0,0,0,0.054857846,0,0,0,0,0,0.69599883,0,0,0,0.52,1.2921198,-0.3295141,-1.5579938,4.4341616e-09,-1.8688458e-08,0.79805314,1.0285404e-08,-1.6221302e-08,-2.356047,-2.8133661e-05,2.1835787e-07,-3.4740023e-07,0.000200364,-0.29183198,-4.6230223e-06,7.3802252e-06,-0.0057953537,-632.61624,-0.0016060595,0.0025480663,-8.3529624,0,0
576,0.575,0,0,-0.042965163,0,-0,0,0,0,0.055517961,0,0,0,0,0,0.67207634,0,0,0,0.52,1.2921199,-0.32945901,-1.5579938,4.5294129e-09,-1.9083014e-08,0.79805297,1.0501406e-08,-1.6564944e-08,-2.3560468,-0.00031647904,2.1366968e-07,-3.3991697e-07,0.00019453952,-0.28950758,-4.6664669e-06,7.4489177e-06,-0.0058147748,-631.16593,-0.0015934187,0.002527832,-8.3337123,0,0
577,0.576,0,0,-0.042909333,0,-0,0,0,0,0.056154095,0,0,0,0,0,0.64811488,0,0,0,0.52000001,1.29212,-0.32940342,-1.5579941,4.6225648e-09,-1.9468953e-08,0.79805251,1.0712701e-08,-1.690107e-08,-2.3560466,-0.00060238146,2.0894099e-07,-3.3236972e-07,0.00018869943,-0.28710414,-4.7079466e-06,7.514474e-06,-0.0058316487,-629.71347,-0.00158034,0.0025069021,-8.3140926,0,0
578,0.577,0,0,-0.042852879,0,-0,0,0,0,0.056766222,0,0,0,0,0,0.62412284,0,0,0,0.52000001,1.2921199,-0.32934736,-1.5579946,4.7135999e-09,-1.9846206e-08,0.79805176,1.0919249e-08,-1.7229621e-08,-2.3560464,-0.00088576401,2.0417377e-07,-3.2476161e-07,0.00018284626,-0.28462308,-4.7474625e-06,7.5768959e-06,-0.0058459942,-628.25939,-0.0015668313,0.0024852891,-8.2941153,0,0
579,0.578,0,0,-0.042795825,0,-0,0,0,0,0.057354323,0,0,0,0,0,0.60010857,0,0,0,0.52000001,1.2921197,-0.32929085,-1.5579955,4.8025017e-09,-2.0214703e-08,0.79805074,1.1121011e-08,-1.7550534e-08,-2.3560462,-0.0011665512,1.9936998e-07,-3.1709578e-07,0.00017698251,-0.28206585,-4.7850162e-06,7.6361857e-06,-0.0058578313,-626.80418,-0.0015529005,0.0024630056,-8.2737921,0,0
580,0.579,0,0,-0.042738194,0,-0,0,0,0,0.05791839,0,0,0,0,0,0.57608035,0,0,0,0.52000001,1.2921195,-0.32923392,-1.5579966,4.8892546e-09,-2.0574381e-08,0.79804943,1.1317953e-08,-1.7863756e-08,-2.356046,-0.0014446692,1.9453157e-07,-3.0937535e-07,0.00017111066,-0.2794339,-4.82061e-06,7.6923474e-06,-0.0058671812,-625.34834,-0.0015385555,0.0024400646,-8.253135,0,0
581,0.58,0,0,-0.042680012,0,-0,0,0,0,0.058458419,0,0,0,0,0,0.55204642,0,0,0,0.52000001,1.2921192,-0.32917658,-1.557998,4.9738438e-09,-2.0925177e-08,0.79804785,1.1510041e-08,-1.8169232e-08,-2.3560459,-0.0017200453,1.8966051e-07,-3.0160345e-07,0.00016523315,-0.2767287,-4.8542467e-06,7.7453856e-06,-0.0058740662,-623.89237,-0.0015238046,0.0024164788,-8.232156,0,0
582,0.581,0,0,-0.042621301,0,-0,0,0,0,0.058974418,0,0,0,0,0,0.52801493,0,0,0,0.52000001,1.2921188,-0.32911886,-1.5579997,5.0562556e-09,-2.1267034e-08,0.798046,1.1697243e-08,-1.8466913e-08,-2.3560457,-0.0019926085,1.8475874e-07,-2.9378318e-07,0.00015935242,-0.27395174,-4.8859301e-06,7.7953063e-06,-0.0058785101,-622.43678,-0.0015086558,0.0023922615,-8.2108669,0,0
583,0.582,0,0,-0.042562087,0,-0,0,0,0,0.059466402,0,0,0,0,0,0.503994,0,0,0,0.52000001,1.2921183,-0.32906078,-1.5580017,5.1364771e-09,-2.1599899e-08,0.79804387,1.1879529e-08,-1.8756752e-08,-2.3560456,-0.0022622894,1.7982821e-07,-2.8591766e-07,0.00015347086,-0.27110453,-4.9156645e-06,7.8421165e-06,-0.0058805376,-620.98203,-0.0014931175,0.0023674259,-8.1892797,0,0
584,0.583,0,0,-0.042502393,0,-0,0,0,0,0.059934392,0,0,0,0,0,0.47999164,0,0,0,0.52000001,1.2921178,-0.32900236,-1.5580039,5.2144962e-09,-2.1923721e-08,0.79804147,1.2056871e-08,-1.9038704e-08,-2.3560454,-0.00252902,1.7487086e-07,-2.7800998e-07,0.00014759087,-0.26818856,-4.9434548e-06,7.885824e-06,-0.0058801745,-619.52863,-0.0014771978,0.0023419851,-8.1674063,0,0
585,0.584,0,0,-0.042442242,0,-0,0,0,0,0.06037842,0,0,0,0,0,0.45601582,0,0,0,0.52000001,1.2921171,-0.32894363,-1.5580065,5.2903017e-09,-2.2238454e-08,0.79803881,1.2229245e-08,-1.9312731e-08,-2.3560453,-0.0027927338,1.6988862e-07,-2.7006324e-07,0.00014171479,-0.26520536,-4.9693066e-06,7.926438e-06,-0.0058774478,-618.07706,-0.0014609053,0.0023159527,-8.1452585,0,0
586,0.585,0,0,-0.04238166,0,-0,0,0,0,0.060798524,0,0,0,0,0,0.43207444,0,0,0,0.52000001,1.2921164,-0.3288846,-1.5580092,5.3638834e-09,-2.2544053e-08,0.79803589,1.2396625e-08,-1.9578793e-08,-2.3560451,-0.0030533658,1.6488344e-07,-2.620805e-07,0.00013584493,-0.26215646,-4.9932261e-06,7.9639686e-06,-0.0058723856,-616.62778,-0.0014442484,0.0022893422,-8.1228483,0,0
587,0.586,0,0,-0.042320669,0,-0,0,0,0,0.06119475,0,0,0,0,0,0.40817532,0,0,0,0.52000001,1.2921156,-0.32882531,-1.5580123,5.4352319e-09,-2.2840479e-08,0.79803271,1.2558989e-08,-1.9836857e-08,-2.356045,-0.0033108527,1.5985722e-07,-2.5406485e-07,0.0001299836,-0.2590434,-5.0152202e-06,7.9984268e-06,-0.0058650168,-615.18128,-0.0014272356,0.0022621671,-8.1001875,0,0
588,0.587,0,0,-0.042259294,0,-0,0,0,0,0.061567151,0,0,0,0,0,0.38432618,0,0,0,0.52000001,1.2921147,-0.32876577,-1.5580156,5.5043386e-09,-2.3127697e-08,0.79802927,1.2716319e-08,-2.0086892e-08,-2.3560449,-0.0035651326,1.5481189e-07,-2.4601932e-07,0.00012413305,-0.25586775,-5.0352963e-06,8.0298248e-06,-0.0058553713,-613.73802,-0.0014098754,0.0022344412,-8.0772878,0,0
589,0.588,0,0,-0.042197559,0,-0,0,0,0,0.06191579,0,0,0,0,0,0.36053471,0,0,0,0.52000001,1.2921138,-0.32870601,-1.5580192,5.5711958e-09,-2.3405672e-08,0.79802558,1.2868595e-08,-2.0328868e-08,-2.3560447,-0.0038161453,1.4974934e-07,-2.3794697e-07,0.00011829552,-0.25263105,-5.0534627e-06,8.0581757e-06,-0.0058434801,-612.29847,-0.0013921765,0.0022061782,-8.054161,0,0
590,0.589,0,0,-0.042135486,0,-0,0,0,0,0.062240736,0,0,0,0,0,0.33680848,0,0,0,0.52000001,1.2921127,-0.32864604,-1.558023,5.6357968e-09,-2.3674377e-08,0.79802164,1.3015801e-08,-2.056276e-08,-2.3560446,-0.0040638321,1.4467148e-07,-2.2985082e-07,0.0001124732,-0.24933489,-5.069728e-06,8.0834936e-06,-0.0058293748,-610.86308,-0.0013741475,0.0021773921,-8.0308187,0,0
591,0.59,0,0,-0.042073101,0,-0,0,0,0,0.062542064,0,0,0,0,0,0.313155,0,0,0,0.52000001,1.2921116,-0.32858588,-1.5580271,5.6981356e-09,-2.3933784e-08,0.79801746,1.3157924e-08,-2.0788547e-08,-2.3560445,-0.0043081359,1.3958019e-07,-2.2173387e-07,0.00010666825,-0.24598084,-5.0841016e-06,8.1057936e-06,-0.0058130882,-609.4323,-0.0013557971,0.0021480967,-8.0072728,0,0
592,0.591,0,0,-0.042010426,0,-0,0,0,0,0.062819859,0,0,0,0,0,0.28958169,0,0,0,0.52000001,1.2921104,-0.32852557,-1.5580314,5.7582071e-09,-2.4183872e-08,0.79801303,1.3294949e-08,-2.1006209e-08,-2.3560444,-0.0045490012,1.3447735e-07,-2.1359913e-07,0.00010088281,-0.24257048,-5.0965933e-06,8.1250916e-06,-0.0057946537,-608.00659,-0.0013371342,0.0021183061,-7.9835346,0,0
593,0.592,0,0,-0.041947484,0,-0,0,0,0,0.063074212,0,0,0,0,0,0.26609588,0,0,0,0.52000001,1.2921092,-0.32846512,-1.558036,5.8160071e-09,-2.4424621e-08,0.79800837,1.3426868e-08,-2.1215729e-08,-2.3560443,-0.0047863741,1.2936483e-07,-2.0544957e-07,9.5118983e-05,-0.23910541,-5.1072137e-06,8.1414048e-06,-0.0057741054,-606.58638,-0.0013181675,0.0020880343,-7.9596157,0,0
594,0.593,0,0,-0.041884301,0,-0,0,0,0,0.063305221,0,0,0,0,0,0.24270481,0,0,0,0.52000001,1.2921078,-0.32840456,-1.5580408,5.8715322e-09,-2.4656017e-08,0.79800346,1.355367e-08,-2.1417095e-08,-2.3560442,-0.0050202022,1.2424447e-07,-1.9728815e-07,8.9378818e-05,-0.23558723,-5.1159738e-06,8.154751e-06,-0.0057514784,-605.17212,-0.0012989059,0.0020572955,-7.9355276,0,0
595,0.594,0,0,-0.041820897,0,-0,0,0,0,0.063512992,0,0,0,0,0,0.21941566,0,0,0,0.52000001,1.2921064,-0.3283439,-1.5580458,5.9247799e-09,-2.4878046e-08,0.79799833,1.367535e-08,-2.1610295e-08,-2.3560441,-0.0052504349,1.1911813e-07,-1.891178e-07,8.3664345e-05,-0.23201755,-5.1228854e-06,8.165149e-06,-0.0057268083,-603.76424,-0.0012793582,0.0020261038,-7.9112817,0,0
596,0.595,0,0,-0.041757298,0,-0,0,0,0,0.063697638,0,0,0,0,0,0.19623548,0,0,0,0.52000001,1.292105,-0.32828316,-1.5580511,5.9757483e-09,-2.5090699e-08,0.79799297,1.3791901e-08,-2.1795323e-08,-2.3560441,-0.0054770231,1.1398763e-07,-1.8094145e-07,7.7977552e-05,-0.22839796,-5.1279607e-06,8.1726187e-06,-0.0057001314,-602.36316,-0.0012595332,0.0019944734,-7.8868891,0,0
597,0.596,0,0,-0.041693525,0,-0,0,0,0,0.063859277,0,0,0,0,0,0.17317126,0,0,0,0.52000001,1.2921034,-0.32822237,-1.5580566,6.0244367e-09,-2.5293973e-08,0.79798738,1.3903322e-08,-2.1972173e-08,-2.356044,-0.0056999193,1.088548e-07,-1.7276199e-07,7.232039e-05,-0.2247301,-5.1312124e-06,8.1771806e-06,-0.0056714846,-600.9693,-0.0012394401,0.0019624186,-7.8623611,0,0
598,0.597,0,0,-0.041629602,0,-0,0,0,0,0.063998036,0,0,0,0,0,0.15022987,0,0,0,0.52000001,1.2921018,-0.32816155,-1.5580623,6.0708448e-09,-2.5487863e-08,0.79798157,1.400961e-08,-2.2140845e-08,-2.3560439,-0.0059190776,1.0372142e-07,-1.6458229e-07,6.6694775e-05,-0.22101556,-5.1326538e-06,8.1788562e-06,-0.0056409055,-599.58308,-0.0012190876,0.0019299537,-7.8377088,0,0
599,0.598,0,0,-0.041565552,0,-0,0,0,0,0.064114048,0,0,0,0,0,0.1274181,0,0,0,0.52000001,1.2921002,-0.32810072,-1.5580683,6.1149736e-09,-2.5672371e-08,0.79797554,1.4110765e-08,-2.2301339e-08,-2.3560439,-0.0061344538,9.85893e-08,-1.5640522e-07,6.1102579e-05,-0.21725599,-5.1322988e-06,8.177668e-06,-0.005608432,-598.2049,-0.0011984847,0.001897093,-7.8129431,0,0
600,0.599,0,0,-0.041501397,0,-0,0,0,0,0.064207453,0,0,0,0,0,0.10474263,0,0,0,0.52000001,1.2920984,-0.32803989,-1.5580745,6.1568245e-09,-2.5847502e-08,0.7979693,1.420679e-08,-2.2453659e-08,-2.3560438,-0.0063460053,9.3460207e-08,-1.4823359e-07,5.5545641e-05,-0.21345299,-5.1301618e-06,8.1736392e-06,-0.0055741029,-596.83518,-0.0011776405,0.0018638509,-7.7880751,0,0
601,0.6,0,0,-0.041437159,0,-0,0,0,0,0.064278397,0,0,0,0,0,0.082210068,0,0,0,0.52000001,1.2920966,-0.3279791,-1.5580809,6.1963998e-09,-2.6013263e-08,0.79796286,1.4297689e-08,-2.2597813e-08,-2.3560437,-0.0065536911,8.8335901e-08,-1.4007022e-07,5.0025757e-05,-0.20960819,-5.1262577e-06,8.1667938e-06,-0.0055379572,-595.47431,-0.001156564,0.0018302418,-7.7631154,0,0
602,0.601,0,0,-0.041372862,0,-0,0,0,0,0.064327032,0,0,0,0,0,0.059826894,0,0,0,0.52000001,1.2920947,-0.32791836,-1.5580875,6.2337027e-09,-2.6169664e-08,0.7979562,1.4383468e-08,-2.273381e-08,-2.3560437,-0.0067574718,8.3218127e-08,-1.3191788e-07,4.4544684e-05,-0.20572323,-5.1206019e-06,8.1571567e-06,-0.0055000342,-594.12268,-0.001135264,0.0017962799,-7.7380747,0,0
603,0.602,0,0,-0.041308528,0,-0,0,0,0,0.064353518,0,0,0,0,0,0.037599498,0,0,0,0.52000001,1.2920928,-0.32785768,-1.5580943,6.268737e-09,-2.631672e-08,0.79794934,1.4464133e-08,-2.2861661e-08,-2.3560437,-0.0069573098,7.8108613e-08,-1.2377933e-07,3.910414e-05,-0.20179973,-5.1132103e-06,8.1447535e-06,-0.005460374,-592.78066,-0.0011137497,0.0017619797,-7.7129637,0,0
604,0.603,0,0,-0.041244177,0,-0,0,0,0,0.064358019,0,0,0,0,0,0.015534168,0,0,0,0.52000001,1.2920908,-0.3277971,-1.5581013,6.3015076e-09,-2.6454448e-08,0.79794229,1.4539694e-08,-2.2981383e-08,-2.3560436,-0.0071531689,7.3009069e-08,-1.1565729e-07,3.3705802e-05,-0.19783932,-5.1040992e-06,8.1296108e-06,-0.0054190168,-591.44866,-0.00109203,0.0017273556,-7.6877928,0,0
605,0.604,0,0,-0.041179833,0,-0,0,0,0,0.064340708,0,0,0,0,0,-0.0063629145,0,0,0,0.52000001,1.2920888,-0.32773663,-1.5581085,6.3320198e-09,-2.6582868e-08,0.79793504,1.4610162e-08,-2.3092994e-08,-2.3560436,-0.0073450147,6.792119e-08,-1.0755446e-07,2.8351306e-05,-0.19384362,-5.0932856e-06,8.1117558e-06,-0.0053760031,-590.12702,-0.001070114,0.001692422,-7.6625723,0,0
606,0.605,0,0,-0.041115518,0,-0,0,0,0,0.064301761,0,0,0,0,0,-0.028085673,0,0,0,0.52000001,1.2920867,-0.32767628,-1.558116,6.3602798e-09,-2.6702002e-08,0.7979276,1.4675549e-08,-2.3196513e-08,-2.3560436,-0.0075328142,6.2846653e-08,-9.9473517e-08,2.3042246e-05,-0.18981426,-5.0807868e-06,8.0912163e-06,-0.0053313737,-588.81613,-0.0010480107,0.0016571932,-7.6373124,0,0
607,0.606,0,0,-0.041051252,0,-0,0,0,0,0.064241362,0,0,0,0,0,-0.049628136,0,0,0,0.52000001,1.2920845,-0.32761609,-1.5581236,6.3862946e-09,-2.6811878e-08,0.79791998,1.4735869e-08,-2.3291964e-08,-2.3560435,-0.0077165364,5.7787115e-08,-9.1417093e-08,1.7780178e-05,-0.18575288,-5.0666206e-06,8.0680213e-06,-0.00528517,-587.51634,-0.001025729,0.0016216837,-7.6120232,0,0
608,0.607,0,0,-0.040987056,0,-0,0,0,0,0.064159699,0,0,0,0,0,-0.070984443,0,0,0,0.52000001,1.2920823,-0.32755606,-1.5581313,6.410072e-09,-2.6912525e-08,0.79791218,1.4791139e-08,-2.3379373e-08,-2.3560435,-0.0078961516,5.2744218e-08,-8.3387804e-08,1.2566614e-05,-0.18166109,-5.0508052e-06,8.0422e-06,-0.005237433,-586.22799,-0.001003278,0.0015859077,-7.5867146,0,0
609,0.608,0,0,-0.040922953,0,-0,0,0,0,0.064056968,0,0,0,0,0,-0.092148838,0,0,0,0.52000001,1.29208,-0.32749622,-1.5581393,6.4316202e-09,-2.7003974e-08,0.79790419,1.4841375e-08,-2.3458768e-08,-2.3560435,-0.0080716319,4.7719581e-08,-7.538823e-08,7.4030237e-06,-0.17754052,-5.0333594e-06,8.0137825e-06,-0.0051882044,-584.95145,-0.00098066667,0.0015498795,-7.5613965,0,0
610,0.609,0,0,-0.040858963,0,-0,0,0,0,0.063933369,0,0,0,0,0,-0.11311568,0,0,0,0.52000001,1.2920777,-0.32743659,-1.5581475,6.4509486e-09,-2.7086262e-08,0.79789604,1.4886597e-08,-2.353018e-08,-2.3560435,-0.0082429508,4.2714808e-08,-6.7420922e-08,2.290837e-06,-0.17339278,-5.0143021e-06,7.9827999e-06,-0.0051375259,-583.68704,-0.0009579039,0.0015136136,-7.5360786,0,0
611,0.61,0,0,-0.040795107,0,-0,0,0,0,0.063789108,0,0,0,0,0,-0.13387943,0,0,0,0.52000001,1.2920753,-0.32737718,-1.5581558,6.468067e-09,-2.7159425e-08,0.79788771,1.4926825e-08,-2.3593643e-08,-2.3560435,-0.0084100836,3.773148e-08,-5.9488396e-08,-2.7685589e-06,-0.16921949,-4.993653e-06,7.9492834e-06,-0.0050854392,-582.4351,-0.00093499867,0.0014771241,-7.5107703,0,0
612,0.611,0,0,-0.040731406,0,-0,0,0,0,0.063624395,0,0,0,0,0,-0.15443468,0,0,0,0.52000001,1.2920728,-0.32731801,-1.5581643,6.4829859e-09,-2.7223506e-08,0.79787922,1.4962082e-08,-2.3649193e-08,-2.3560435,-0.0085730073,3.2771158e-08,-5.159314e-08,-7.7738186e-06,-0.16502226,-4.9714319e-06,7.9132652e-06,-0.0050319863,-581.19596,-0.00091195991,0.0014404254,-7.4854811,0,0
613,0.612,0,0,-0.040667879,0,-0,0,0,0,0.063439448,0,0,0,0,0,-0.17477611,0,0,0,0.52000001,1.2920703,-0.32725911,-1.558173,6.4957167e-09,-2.7278548e-08,0.79787057,1.4992392e-08,-2.3696868e-08,-2.3560435,-0.0087317002,2.7835385e-08,-4.3737606e-08,-1.2723639e-05,-0.1608027,-4.9476592e-06,7.8747782e-06,-0.0049772089,-579.96993,-0.00088879651,0.0014035314,-7.4602203,0,0
614,0.613,0,0,-0.040604547,0,-0,0,0,0,0.063234489,0,0,0,0,0,-0.19489853,0,0,0,0.52000001,1.2920678,-0.32720048,-1.5581818,6.5062712e-09,-2.7324597e-08,0.79786176,1.5017778e-08,-2.3736709e-08,-2.3560435,-0.0088861425,2.2925681e-08,-3.5924211e-08,-1.7616758e-05,-0.15656241,-4.9223557e-06,7.8338556e-06,-0.0049211492,-578.75733,-0.00086551733,0.0013664565,-7.4349969,0,0
615,0.614,0,0,-0.04054143,0,-0,0,0,0,0.063009743,0,0,0,0,0,-0.21479687,0,0,0,0.52000001,1.2920652,-0.32714215,-1.5581908,6.5146621e-09,-2.7361704e-08,0.7978528,1.503827e-08,-2.376876e-08,-2.3560436,-0.0090363157,1.8043546e-08,-2.8155342e-08,-2.2451957e-05,-0.15230299,-4.8955423e-06,7.7905315e-06,-0.004863849,-577.55845,-0.00084213122,0.0013292147,-7.4098199,0,0
616,0.615,0,0,-0.040478547,0,-0,0,0,0,0.062765442,0,0,0,0,0,-0.23446615,0,0,0,0.52000001,1.2920626,-0.32708413,-1.5581999,6.5209026e-09,-2.7389919e-08,0.79784369,1.5053894e-08,-2.3793066e-08,-2.3560436,-0.0091822033,1.3190456e-08,-2.0433347e-08,-2.7228058e-05,-0.14802602,-4.8672406e-06,7.7448404e-06,-0.0048053503,-576.37361,-0.00081864697,0.00129182,-7.3846981,0,0
617,0.616,0,0,-0.040415918,0,-0,0,0,0,0.062501823,0,0,0,0,0,-0.25390153,0,0,0,0.52000001,1.2920599,-0.32702644,-1.5582092,6.5250068e-09,-2.7409298e-08,0.79783444,1.506468e-08,-2.3809675e-08,-2.3560436,-0.0093237899,8.3678678e-09,-1.2760541e-08,-3.1943925e-05,-0.14373309,-4.8374723e-06,7.6968174e-06,-0.0047456949,-575.20308,-0.00079507336,0.0012542864,-7.3596402,0,0
618,0.617,0,0,-0.040353563,0,-0,0,0,0,0.062219126,0,0,0,0,0,-0.27309829,0,0,0,0.52000001,1.2920572,-0.3269691,-1.5582186,6.5269892e-09,-2.7419899e-08,0.79782505,1.5070661e-08,-2.3818637e-08,-2.3560436,-0.009461062,3.5772146e-09,-5.1392026e-09,-3.6598464e-05,-0.13942578,-4.8062596e-06,7.6464982e-06,-0.0046849244,-574.04715,-0.00077141911,0.0012166279,-7.3346547,0,0
619,0.618,0,0,-0.040291499,0,-0,0,0,0,0.061917597,0,0,0,0,0,-0.2920518,0,0,0,0.52000001,1.2920544,-0.32691213,-1.5582282,6.526865e-09,-2.742178e-08,0.79781552,1.5071867e-08,-2.3820006e-08,-2.3560437,-0.0095940076,-1.180093e-09,2.4284268e-09,-4.1190623e-05,-0.13510565,-4.7736249e-06,7.593919e-06,-0.0046230807,-572.9061,-0.00074769291,0.0011788581,-7.30975,0,0
620,0.619,0,0,-0.040229746,0,-0,0,0,0,0.061597487,0,0,0,0,0,-0.31075758,0,0,0,0.52000001,1.2920516,-0.32685553,-1.5582379,6.5246501e-09,-2.7415006e-08,0.79780587,1.5068335e-08,-2.3813835e-08,-2.3560437,-0.0097226162,-5.9026672e-09,9.9401419e-09,-4.571939e-05,-0.13077427,-4.7395911e-06,7.5391164e-06,-0.004560205,-571.78019,-0.0007239034,0.001140991,-7.2849342,0,0
621,0.62,0,0,-0.040168323,0,-0,0,0,0,0.061259049,0,0,0,0,0,-0.32921125,0,0,0,0.52000001,1.2920488,-0.32679933,-1.5582477,6.5203608e-09,-2.739964e-08,0.79779608,1.5060098e-08,-2.3800182e-08,-2.3560438,-0.0098468788,-1.0589144e-08,1.7393775e-08,-5.0183796e-05,-0.12643318,-4.7041813e-06,7.4821277e-06,-0.0044963386,-570.6697,-0.00070005916,0.0011030402,-7.2602154,0,0
622,0.621,0,0,-0.040107246,0,-0,0,0,0,0.060902542,0,0,0,0,0,-0.34740855,0,0,0,0.52000001,1.2920459,-0.32674355,-1.5582577,6.5140143e-09,-2.737575e-08,0.79778618,1.5047193e-08,-2.3779107e-08,-2.3560438,-0.0099667881,-1.5238181e-08,2.4787197e-08,-5.4582911e-05,-0.12208394,-4.6674187e-06,7.4229905e-06,-0.0044315228,-569.57486,-0.00067616875,0.0010650193,-7.2356014,0,0
623,0.622,0,0,-0.040046535,0,-0,0,0,0,0.060528228,0,0,0,0,0,-0.36534536,0,0,0,0.52000001,1.292043,-0.32668819,-1.5582677,6.5056281e-09,-2.7343407e-08,0.79777615,1.5029659e-08,-2.3750669e-08,-2.3560439,-0.010082338,-1.9848463e-08,3.2118316e-08,-5.8915847e-05,-0.11772807,-4.6293273e-06,7.3617429e-06,-0.0043657982,-568.49594,-0.00065224065,0.0010269419,-7.2111001,0,0
624,0.623,0,0,-0.039986207,0,-0,0,0,0,0.060136374,0,0,0,0,0,-0.38301764,0,0,0,0.52000001,1.29204,-0.32663328,-1.5582779,6.4952204e-09,-2.7302682e-08,0.79776602,1.5007536e-08,-2.3714933e-08,-2.3560439,-0.010193525,-2.4418695e-08,3.938508e-08,-6.3181756e-05,-0.1133671,-4.5899308e-06,7.2984234e-06,-0.0042992055,-567.43316,-0.0006282833,0.00098882126,-7.186719,0,0
625,0.624,0,0,-0.03992628,0,-0,0,0,0,0.059727251,0,0,0,0,0,-0.40042152,0,0,0,0.52000001,1.292037,-0.32657882,-1.5582882,6.48281e-09,-2.725365e-08,0.79775577,1.4980863e-08,-2.3671964e-08,-2.356044,-0.010300345,-2.894761e-08,4.6585475e-08,-6.737983e-05,-0.10900255,-4.5492535e-06,7.2330711e-06,-0.004231785,-566.38677,-0.00060430508,0.00095067084,-7.1624654,0,0
626,0.625,0,0,-0.03986677,0,-0,0,0,0,0.059301132,0,0,0,0,0,-0.41755322,0,0,0,0.52000001,1.292034,-0.32652484,-1.5582987,6.4684163e-09,-2.7196389e-08,0.79774542,1.4949682e-08,-2.362183e-08,-2.3560441,-0.010402798,-3.3433963e-08,5.3717527e-08,-7.1509303e-05,-0.10463591,-4.5073199e-06,7.1657252e-06,-0.0041635767,-565.35698,-0.0005803143,0.00091250385,-7.1383466,0,0
627,0.626,0,0,-0.039807695,0,-0,0,0,0,0.058858295,0,0,0,0,0,-0.43440908,0,0,0,0.52000001,1.292031,-0.32647134,-1.5583092,6.452059e-09,-2.7130977e-08,0.79773497,1.4914038e-08,-2.3564599e-08,-2.3560442,-0.010500883,-3.7876535e-08,6.0779303e-08,-7.5569445e-05,-0.10026868,-4.4641547e-06,7.0964256e-06,-0.0040946202,-564.34402,-0.00055631922,0.00087433341,-7.1143698,0,0
628,0.627,0,0,-0.03974907,0,-0,0,0,0,0.058399021,0,0,0,0,0,-0.45098557,0,0,0,0.52000001,1.2920279,-0.32641835,-1.5583198,6.4337585e-09,-2.7057496e-08,0.79772442,1.4873974e-08,-2.3500342e-08,-2.3560442,-0.010594602,-4.2274132e-08,6.7768908e-08,-7.9559567e-05,-0.095902345,-4.4197828e-06,7.0252122e-06,-0.004024955,-563.34809,-0.00053232802,0.00083617257,-7.0905419,0,0
629,0.628,0,0,-0.039690913,0,-0,0,0,0,0.057923595,0,0,0,0,0,-0.4672793,0,0,0,0.52000001,1.2920248,-0.32636588,-1.5583305,6.4135358e-09,-2.6976029e-08,0.79771378,1.4829535e-08,-2.3429134e-08,-2.3560443,-0.010683958,-4.6625585e-08,7.4684491e-08,-8.347902e-05,-0.091538364,-4.3742295e-06,6.9521256e-06,-0.00395462,-562.3694,-0.00050834883,0.00079803424,-7.0668695,0,0
630,0.629,0,0,-0.039633239,0,-0,0,0,0,0.057432304,0,0,0,0,0,-0.48328697,0,0,0,0.52000001,1.2920216,-0.32631393,-1.5583413,6.3914123e-09,-2.6886662e-08,0.79770306,1.4780769e-08,-2.3351048e-08,-2.3560444,-0.010768956,-5.092975e-08,8.1524238e-08,-8.7327191e-05,-0.087178196,-4.3275201e-06,6.8772066e-06,-0.0038836538,-561.40814,-0.0004843897,0.00075993122,-7.0433594,0,0
631,0.63,0,0,-0.039576064,0,-0,0,0,0,0.056925439,0,0,0,0,0,-0.49900541,0,0,0,0.52000001,1.2920184,-0.32626253,-1.5583522,6.3674097e-09,-2.6789482e-08,0.79769225,1.4727723e-08,-2.3266162e-08,-2.3560445,-0.010849602,-5.5185511e-08,8.8286379e-08,-9.1103506e-05,-0.082823285,-4.2796802e-06,6.8004962e-06,-0.0038120946,-560.4645,-0.00046045862,0.00072187621,-7.0200179,0,0
632,0.631,0,0,-0.039519403,0,-0,0,0,0,0.056403294,0,0,0,0,0,-0.5144316,0,0,0,0.52000001,1.2920152,-0.32621168,-1.5583632,6.3415506e-09,-2.6684581e-08,0.79768136,1.4670447e-08,-2.3174554e-08,-2.3560446,-0.010925903,-5.9391774e-08,9.4969184e-08,-9.4807428e-05,-0.078475061,-4.2307356e-06,6.7220357e-06,-0.0037399801,-559.53867,-0.00043656348,0.00068388177,-6.9968515,0,0
633,0.632,0,0,-0.039463273,0,-0,0,0,0,0.055866166,0,0,0,0,0,-0.52956262,0,0,0,0.52000001,1.292012,-0.32616141,-1.5583743,6.3138577e-09,-2.6572048e-08,0.7976704,1.460899e-08,-2.3076304e-08,-2.3560447,-0.010997868,-6.3547474e-08,1.0157097e-07,-9.843846e-05,-0.07413494,-4.1807121e-06,6.6418669e-06,-0.0036673477,-558.6308,-0.00041271213,0.00064596036,-6.9738661,0,0
634,0.633,0,0,-0.039407686,0,-0,0,0,0,0.055314354,0,0,0,0,0,-0.54439566,0,0,0,0.52000001,1.2920088,-0.32611171,-1.5583854,6.2843543e-09,-2.6451978e-08,0.79765937,1.4543403e-08,-2.2971494e-08,-2.3560448,-0.011065507,-6.7651572e-08,1.0809008e-07,-0.00010199614,-0.069804325,-4.1296359e-06,6.5600317e-06,-0.0035942343,-557.74108,-0.0003889123,0.00060812429,-6.9510677,0,0
635,0.634,0,0,-0.039352658,0,-0,0,0,0,0.05474816,0,0,0,0,0,-0.55892805,0,0,0,0.52000001,1.2920055,-0.32606261,-1.5583966,6.2530641e-09,-2.6324466e-08,0.79764828,1.4473739e-08,-2.2860207e-08,-2.3560449,-0.011128832,-7.1703054e-08,1.1452492e-07,-0.00010548003,-0.065484603,-4.0775333e-06,6.4765721e-06,-0.0035206763,-556.86965,-0.00036517167,0.00057038574,-6.9284622,0,0
636,0.635,0,0,-0.039298204,0,-0,0,0,0,0.054167888,0,0,0,0,0,-0.57315725,0,0,0,0.52000001,1.2920022,-0.32601412,-1.5584079,6.2200114e-09,-2.618961e-08,0.79763712,1.440005e-08,-2.2742529e-08,-2.356045,-0.011187855,-7.5700933e-08,1.2087393e-07,-0.00010888976,-0.061177149,-4.0244306e-06,6.3915305e-06,-0.0034467096,-556.01667,-0.00034149784,0.00053275679,-6.9060553,0,0
637,0.636,0,0,-0.039244336,0,-0,0,0,0,0.053573845,0,0,0,0,0,-0.58708083,0,0,0,0.52000001,1.2919989,-0.32596624,-1.5584192,6.1852207e-09,-2.6047508e-08,0.7976259,1.4322391e-08,-2.2618546e-08,-2.3560451,-0.011242592,-7.964425e-08,1.2713559e-07,-0.00011222496,-0.056883321,-3.9703544e-06,6.3049496e-06,-0.0033723696,-555.18228,-0.00031789831,0.00049524933,-6.8838524,0,0
638,0.637,0,0,-0.03919107,0,-0,0,0,0,0.052966341,0,0,0,0,0,-0.60069649,0,0,0,0.52000001,1.2919956,-0.32591899,-1.5584306,6.148717e-09,-2.5898262e-08,0.79761464,1.4240817e-08,-2.2488346e-08,-2.3560452,-0.011293057,-8.3532069e-08,1.3330843e-07,-0.00011548531,-0.052604462,-3.9153313e-06,6.216872e-06,-0.0032976914,-554.36661,-0.00029438049,0.00045787517,-6.8618588,0,0
639,0.638,0,0,-0.039138417,0,-0,0,0,0,0.052345686,0,0,0,0,0,-0.61400203,0,0,0,0.52000001,1.2919922,-0.32587238,-1.558442,6.1105256e-09,-2.5741974e-08,0.79760332,1.4155383e-08,-2.2352019e-08,-2.3560453,-0.011339267,-8.7363486e-08,1.39391e-07,-0.00011867053,-0.048341899,-3.8593881e-06,6.1273406e-06,-0.0032227092,-553.56981,-0.00027095172,0.00042064593,-6.8400797,0,0
640,0.639,0,0,-0.039086391,0,-0,0,0,0,0.051712194,0,0,0,0,0,-0.6269954,0,0,0,0.52000001,1.2919889,-0.32582642,-1.5584535,6.0706724e-09,-2.5578747e-08,0.79759196,1.4066147e-08,-2.2209655e-08,-2.3560455,-0.011381242,-9.1137619e-08,1.4538193e-07,-0.00012178036,-0.044096944,-3.8025517e-06,6.0363985e-06,-0.003147457,-552.79197,-0.00024761923,0.0003835731,-6.8185202,0,0
641,0.64,0,0,-0.039035005,0,-0,0,0,0,0.05106618,0,0,0,0,0,-0.63967466,0,0,0,0.52000001,1.2919855,-0.32578112,-1.558465,6.0291834e-09,-2.5408689e-08,0.79758056,1.3973165e-08,-2.2061347e-08,-2.3560456,-0.011419,-9.4853617e-08,1.5127986e-07,-0.00012481459,-0.039870891,-3.7448491e-06,5.9440889e-06,-0.003071968,-552.03323,-0.00022439018,0.00034666804,-6.7971852,0,0
642,0.641,0,0,-0.038984271,0,-0,0,0,0,0.05040796,0,0,0,0,0,-0.65203799,0,0,0,0.52000001,1.2919821,-0.3257365,-1.5584766,5.9860852e-09,-2.5231905e-08,0.79756913,1.3876498e-08,-2.1907189e-08,-2.3560457,-0.011452562,-9.8510653e-08,1.570835e-07,-0.00012777301,-0.035665019,-3.6863071e-06,5.8504551e-06,-0.0029962752,-551.29368,-0.00020127163,0.00030994194,-6.7760793,0,0
643,0.642,0,0,-0.038934202,0,-0,0,0,0,0.049737854,0,0,0,0,0,-0.66408369,0,0,0,0.52000001,1.2919787,-0.32569255,-1.5584882,5.9414045e-09,-2.5048505e-08,0.79755766,1.3776203e-08,-2.1747275e-08,-2.3560458,-0.01148195,-1.0210793e-07,1.6279158e-07,-0.00013065549,-0.03148059,-3.626953e-06,5.7555405e-06,-0.0029204107,-550.57343,-0.00017827052,0.00027340583,-6.7552071,0,0
644,0.643,0,0,-0.038884807,0,-0,0,0,0,0.04905618,0,0,0,0,0,-0.67581019,0,0,0,0.52000001,1.2919753,-0.3256493,-1.5584998,5.8951685e-09,-2.4858598e-08,0.79754617,1.3672342e-08,-2.1581702e-08,-2.356046,-0.011507188,-1.0564467e-07,1.684029e-07,-0.0001334619,-0.027318846,-3.566814e-06,5.6593886e-06,-0.0028444061,-549.87257,-0.00015539374,0.00023707061,-6.7345731,0,0
645,0.644,0,0,-0.038836101,0,-0,0,0,0,0.048363261,0,0,0,0,0,-0.68721604,0,0,0,0.52000001,1.2919719,-0.32560674,-1.5585114,5.8474047e-09,-2.4662297e-08,0.79753465,1.3564975e-08,-2.1410566e-08,-2.3560461,-0.0115283,-1.0912014e-07,1.7391627e-07,-0.00013619213,-0.023181016,-3.5059171e-06,5.5620429e-06,-0.0027682926,-549.19117,-0.00013264804,0.000200947,-6.7141816,0,0
646,0.645,0,0,-0.038788092,0,-0,0,0,0,0.04765942,0,0,0,0,0,-0.69829988,0,0,0,0.52000001,1.2919685,-0.32556489,-1.5585231,5.7981409e-09,-2.4459714e-08,0.79752312,1.3454163e-08,-2.1233968e-08,-2.3560462,-0.011545312,-1.1253362e-07,1.7933056e-07,-0.00013884614,-0.019068307,-3.4442897e-06,5.4635471e-06,-0.0026921007,-548.52932,-0.00011004008,0.00016504556,-6.6940365,0,0
647,0.646,0,0,-0.038740792,0,-0,0,0,0,0.046944979,0,0,0,0,0,-0.70906052,0,0,0,0.52000001,1.2919651,-0.32552376,-1.5585348,5.7474051e-09,-2.4250962e-08,0.79751157,1.333997e-08,-2.1052005e-08,-2.3560464,-0.011558251,-1.1588441e-07,1.8464471e-07,-0.00014142388,-0.01498191,-3.3819591e-06,5.3639447e-06,-0.0026158602,-547.88709,-8.7576442e-05,0.00012937671,-6.674142,0,0
648,0.647,0,0,-0.038694212,0,-0,0,0,0,0.046220264,0,0,0,0,0,-0.71949684,0,0,0,0.52000001,1.2919616,-0.32548336,-1.5585465,5.6952257e-09,-2.4036159e-08,0.79750001,1.3222458e-08,-2.0864779e-08,-2.3560465,-0.011567144,-1.1917186e-07,1.8985766e-07,-0.00014392535,-0.010922997,-3.3189524e-06,5.2632795e-06,-0.0025396005,-547.26454,-6.5263578e-05,9.3950671e-05,-6.6545019,0,0
649,0.648,0,0,-0.038648362,0,-0,0,0,0,0.0454856,0,0,0,0,0,-0.72960787,0,0,0,0.52000001,1.2919582,-0.32544368,-1.5585582,5.6416312e-09,-2.3815419e-08,0.79748844,1.310169e-08,-2.0672391e-08,-2.3560467,-0.011572022,-1.2239533e-07,1.9496841e-07,-0.00014635057,-0.0068927222,-3.2552971e-06,5.1615951e-06,-0.0024633504,-546.66172,-4.3107847e-05,5.8777526e-05,-6.6351198,0,0
650,0.649,0,0,-0.038603251,0,-0,0,0,0,0.044741315,0,0,0,0,0,-0.73939275,0,0,0,0.52000001,1.2919548,-0.32540475,-1.5585699,5.5866507e-09,-2.358886e-08,0.79747687,1.2977731e-08,-2.0474945e-08,-2.3560468,-0.011572914,-1.2555421e-07,1.9997601e-07,-0.0001486996,-0.0028922202,-3.1910203e-06,5.058935e-06,-0.0023871379,-546.07869,-2.1115502e-05,2.3867174e-05,-6.6159994,0,0
651,0.65,0,0,-0.038558889,0,-0,0,0,0,0.043987735,0,0,0,0,0,-0.74885073,0,0,0,0.52000001,1.2919513,-0.32536657,-1.5585817,5.5303131e-09,-2.3356602e-08,0.79746529,1.2850646e-08,-2.0272543e-08,-2.356047,-0.011569852,-1.2864793e-07,2.0487956e-07,-0.00015097252,0.0010773933,-3.1261495e-06,4.9553429e-06,-0.0023109906,-545.51548,7.0731103e-07,-1.0770655e-05,-6.5971439,0,0
652,0.651,0,0,-0.038515285,0,-0,0,0,0,0.043225189,0,0,0,0,0,-0.75798117,0,0,0,0.52000001,1.2919479,-0.32532914,-1.5585934,5.4726478e-09,-2.3118764e-08,0.79745373,1.2720501e-08,-2.006529e-08,-2.3560471,-0.011562868,-1.3167592e-07,2.0967818e-07,-0.00015316943,0.0050150219,-3.0607117e-06,4.8508624e-06,-0.0022349355,-544.97213,2.2354554e-05,-4.5126403e-05,-6.5785568,0,0
653,0.652,0,0,-0.038472447,0,-0,0,0,0,0.042454004,0,0,0,0,0,-0.76678358,0,0,0,0.52000001,1.2919444,-0.32529248,-1.5586051,5.4136844e-09,-2.2875467e-08,0.79744217,1.2587361e-08,-1.9853292e-08,-2.3560473,-0.011551996,-1.3463767e-07,2.1437106e-07,-0.00015529046,0.0089195888,-2.9947344e-06,4.7455369e-06,-0.0021589988,-544.44867,4.3820297e-05,-7.9190688e-05,-6.5602411,0,0
654,0.653,0,0,-0.038430385,0,-0,0,0,0,0.04167451,0,0,0,0,0,-0.77525754,0,0,0,0.52000001,1.291941,-0.32525658,-1.5586168,5.3534526e-09,-2.2626832e-08,0.79743063,1.2451292e-08,-1.9636654e-08,-2.3560474,-0.011537271,-1.3753266e-07,2.189574e-07,-0.00015733577,0.012790037,-2.9282445e-06,4.6394099e-06,-0.0020832063,-543.94511,6.5098722e-05,-0.0001129543,-6.5421998,0,0
655,0.654,0,0,-0.038389106,0,-0,0,0,0,0.040887034,0,0,0,0,0,-0.78340277,0,0,0,0.52000001,1.2919376,-0.32522146,-1.5586285,5.2919824e-09,-2.2372982e-08,0.7974191,1.2312362e-08,-1.9415484e-08,-2.3560476,-0.011518728,-1.4036045e-07,2.2343648e-07,-0.00015930554,0.016625329,-2.8612694e-06,4.5325246e-06,-0.0020075831,-543.46147,8.6184122e-05,-0.00014640823,-6.5244359,0,0
656,0.655,0,0,-0.038348619,0,-0,0,0,0,0.040091907,0,0,0,0,0,-0.79121911,0,0,0,0.52000001,1.2919341,-0.32518712,-1.5586401,5.229304e-09,-2.211404e-08,0.7974076,1.2170639e-08,-1.9189889e-08,-2.3560477,-0.011496404,-1.4312057e-07,2.2780761e-07,-0.00016119998,0.020424448,-2.793836e-06,4.4249243e-06,-0.0019321537,-542.99776,0.0001070709,-0.0001795436,-6.506952,0,0
657,0.656,0,0,-0.03830893,0,-0,0,0,0,0.039289457,0,0,0,0,0,-0.79870649,0,0,0,0.52000001,1.2919307,-0.32515356,-1.5586518,5.1654476e-09,-2.1850131e-08,0.79739611,1.2026189e-08,-1.8959977e-08,-2.3560479,-0.011470336,-1.458126e-07,2.3207012e-07,-0.00016301932,0.024186397,-2.7259713e-06,4.316652e-06,-0.001856942,-542.55398,0.00012775358,-0.00021235177,-6.4897508,0,0
658,0.657,0,0,-0.038270047,0,-0,0,0,0,0.038480013,0,0,0,0,0,-0.80586496,0,0,0,0.52000001,1.2919273,-0.3251208,-1.5586634,5.1004437e-09,-2.1581379e-08,0.79738466,1.1879082e-08,-1.8725857e-08,-2.3560481,-0.011440564,-1.4843617e-07,2.3622342e-07,-0.0001647638,0.0279102,-2.6577023e-06,4.2077508e-06,-0.0017819714,-542.13011,0.00014822678,-0.00024482425,-6.4728347,0,0
659,0.658,0,0,-0.038231977,0,-0,0,0,0,0.037663903,0,0,0,0,0,-0.81269469,0,0,0,0.52000001,1.2919239,-0.32508883,-1.558675,5.0343229e-09,-2.1307909e-08,0.79737324,1.1729385e-08,-1.848764e-08,-2.3560482,-0.011407127,-1.5099091e-07,2.4026694e-07,-0.00016643371,0.031594901,-2.5890558e-06,4.0982633e-06,-0.0017072645,-541.72615,0.00016848526,-0.00027695274,-6.4562062,0,0
660,0.659,0,0,-0.038194726,0,-0,0,0,0,0.036841457,0,0,0,0,0,-0.81919596,0,0,0,0.52000001,1.2919205,-0.32505766,-1.5586866,4.9671159e-09,-2.1029849e-08,0.79736185,1.1577169e-08,-1.8245434e-08,-2.3560484,-0.011370065,-1.5347647e-07,2.4420016e-07,-0.00016802935,0.035239566,-2.5200586e-06,3.9882323e-06,-0.0016328435,-541.34208,0.00018852388,-0.00030872913,-6.4398673,0,0
661,0.66,0,0,-0.0381583,0,-0,0,0,0,0.036013001,0,0,0,0,0,-0.82536913,0,0,0,0.52000001,1.2919171,-0.32502729,-1.5586981,4.8988537e-09,-2.0747325e-08,0.7973505,1.1422502e-08,-1.799935e-08,-2.3560486,-0.01132942,-1.5589254e-07,2.4802259e-07,-0.00016955102,0.03884328,-2.4507372e-06,3.8777002e-06,-0.0015587299,-540.97786,0.00020833763,-0.00034014548,-6.4238204,0,0
662,0.661,0,0,-0.038122706,0,-0,0,0,0,0.035178863,0,0,0,0,0,-0.83121471,0,0,0,0.52000001,1.2919137,-0.32499774,-1.5587095,4.8295672e-09,-2.0460463e-08,0.79733919,1.1265453e-08,-1.7749499e-08,-2.3560487,-0.011285234,-1.5823885e-07,2.5173381e-07,-0.00017099907,0.042405152,-2.3811182e-06,3.7667092e-06,-0.0014849447,-540.63347,0.00022792158,-0.00037119407,-6.4080673,0,0
663,0.662,0,0,-0.038087948,0,-0,0,0,0,0.034339371,0,0,0,0,0,-0.83673329,0,0,0,0.52000001,1.2919103,-0.32496899,-1.558721,4.7592874e-09,-2.0169393e-08,0.79732793,1.1106094e-08,-1.7495994e-08,-2.3560489,-0.01123755,-1.6051513e-07,2.5533341e-07,-0.00017237386,0.045924309,-2.3112281e-06,3.6553014e-06,-0.0014115082,-540.30886,0.00024727098,-0.00040186735,-6.39261,0,0
664,0.663,0,0,-0.038054032,0,-0,0,0,0,0.033494849,0,0,0,0,0,-0.84192557,0,0,0,0.52000001,1.291907,-0.32494106,-1.5587324,4.6880455e-09,-1.9874241e-08,0.79731672,1.0944493e-08,-1.7238944e-08,-2.3560491,-0.011186412,-1.6272116e-07,2.5882103e-07,-0.00017367577,0.049399902,-2.241093e-06,3.5435187e-06,-0.0013384401,-540.004,0.00026638113,-0.00043215795,-6.3774501,0,0
665,0.664,0,0,-0.038020963,0,-0,0,0,0,0.032645623,0,0,0,0,0,-0.84679236,0,0,0,0.52000001,1.2919036,-0.32491395,-1.5587437,4.6158727e-09,-1.9575138e-08,0.79730556,1.0780722e-08,-1.6978464e-08,-2.3560493,-0.011131866,-1.6485672e-07,2.6219638e-07,-0.00017490519,0.052831101,-2.1707391e-06,3.4314026e-06,-0.0012657598,-539.71882,0.00028524751,-0.00046205871,-6.3625894,0,0
666,0.665,0,0,-0.037988745,0,-0,0,0,0,0.031792018,0,0,0,0,0,-0.85133457,0,0,0,0.52,1.2919003,-0.32488767,-1.558755,4.5428004e-09,-1.9272211e-08,0.79729446,1.061485e-08,-1.6714664e-08,-2.3560494,-0.011073956,-1.6692164e-07,2.6545917e-07,-0.00017606254,0.056217101,-2.1001924e-06,3.3189946e-06,-0.0011934858,-539.45326,0.00030386568,-0.00049156264,-6.3480293,0,0
667,0.666,0,0,-0.037957383,0,-0,0,0,0,0.030934355,0,0,0,0,0,-0.85555322,0,0,0,0.52,1.291897,-0.3248622,-1.5587662,4.4688598e-09,-1.896559e-08,0.79728342,1.0446949e-08,-1.6447658e-08,-2.3560496,-0.011012729,-1.6891576e-07,2.6860917e-07,-0.00017714825,0.059557115,-2.0294788e-06,3.2063356e-06,-0.0011216362,-539.20727,0.00032223135,-0.00052066297,-6.3337714,0,0
668,0.667,0,0,-0.037926881,0,-0,0,0,0,0.030072958,0,0,0,0,0,-0.85944941,0,0,0,0.52,1.2918937,-0.32483756,-1.5587773,4.3940823e-09,-1.8655404e-08,0.79727244,1.027709e-08,-1.6177559e-08,-2.3560498,-0.010948231,-1.7083896e-07,2.7164621e-07,-0.00017816277,0.06285038,-1.9586238e-06,3.0934667e-06,-0.0010502286,-538.98077,0.00034034031,-0.00054935311,-6.3198169,0,0
669,0.668,0,0,-0.037897241,0,-0,0,0,0,0.029208146,0,0,0,0,0,-0.86302437,0,0,0,0.52,1.2918904,-0.32481375,-1.5587884,4.3184993e-09,-1.8341784e-08,0.79726153,1.0105342e-08,-1.5904479e-08,-2.35605,-0.010880512,-1.7269113e-07,2.7457012e-07,-0.00017910658,0.066096155,-1.8876531e-06,2.9804282e-06,-0.00097927985,-538.77369,0.00035818851,-0.00057762665,-6.306167,0,0
670,0.669,0,0,-0.037868468,0,-0,0,0,0,0.028340239,0,0,0,0,0,-0.8662794,0,0,0,0.52,1.2918871,-0.32479077,-1.5587995,4.2421424e-09,-1.8024859e-08,0.79725068,9.9317785e-09,-1.5628531e-08,-2.3560501,-0.01080962,-1.7447219e-07,2.7738079e-07,-0.00017998015,0.069293719,-1.8165918e-06,2.8672604e-06,-0.0009088065,-538.58594,0.00037577201,-0.00060547739,-6.2928229,0,0
671,0.67,0,0,-0.037840563,0,-0,0,0,0,0.027469555,0,0,0,0,0,-0.86921592,0,0,0,0.52,1.2918839,-0.32476862,-1.5588104,4.1650428e-09,-1.7704759e-08,0.79723991,9.7564691e-09,-1.534983e-08,-2.3560503,-0.010735603,-1.7618209e-07,2.8007817e-07,-0.00018078398,0.072442376,-1.7454652e-06,2.7540034e-06,-0.00083882441,-538.41743,0.00039308699,-0.00063289932,-6.2797855,0,0
672,0.671,0,0,-0.037813531,0,-0,0,0,0,0.026596409,0,0,0,0,0,-0.87183545,0,0,0,0.52,1.2918807,-0.3247473,-1.5588213,4.087232e-09,-1.7381614e-08,0.79722921,9.5794855e-09,-1.5068488e-08,-2.3560505,-0.010658512,-1.778208e-07,2.8266221e-07,-0.00018151859,0.075541448,-1.6742983e-06,2.6406968e-06,-0.00076934899,-538.26807,0.00041012975,-0.00065988663,-6.2670558,0,0
673,0.672,0,0,-0.037787373,0,-0,0,0,0,0.025721118,0,0,0,0,0,-0.87413957,0,0,0,0.52,1.2918775,-0.32472681,-1.5588321,4.0087414e-09,-1.7055555e-08,0.7972186,9.4008987e-09,-1.4784619e-08,-2.3560507,-0.010578398,-1.7938833e-07,2.8513293e-07,-0.00018218451,0.078590284,-1.6031157e-06,2.5273798e-06,-0.00070039509,-538.13776,0.00042689671,-0.0006864337,-6.2546344,0,0
674,0.673,0,0,-0.037762091,0,-0,0,0,0,0.024843993,0,0,0,0,0,-0.87612999,0,0,0,0.52,1.2918743,-0.32470715,-1.5588428,3.9296025e-09,-1.672671e-08,0.79720806,9.22078e-09,-1.4498336e-08,-2.3560509,-0.01049531,-1.8088468e-07,2.8749038e-07,-0.00018278228,0.081588252,-1.531942e-06,2.4140915e-06,-0.00063197708,-538.02639,0.00044338442,-0.00071253511,-6.2425223,0,0
675,0.674,0,0,-0.037737687,0,-0,0,0,0,0.023965345,0,0,0,0,0,-0.87780851,0,0,0,0.52,1.2918712,-0.32468833,-1.5588534,3.8498465e-09,-1.6395211e-08,0.79719761,9.0392005e-09,-1.4209752e-08,-2.3560511,-0.010409302,-1.8230992e-07,2.8973464e-07,-0.00018331245,0.084534741,-1.4608015e-06,2.3008705e-06,-0.00056410883,-537.93386,0.00045958955,-0.00073818562,-6.2307199,0,0
676,0.675,0,0,-0.037714162,0,-0,0,0,0,0.023085484,0,0,0,0,0,-0.87917699,0,0,0,0.52,1.291868,-0.32467034,-1.558864,3.7695047e-09,-1.6061188e-08,0.79718724,8.8562312e-09,-1.391898e-08,-2.3560512,-0.010320426,-1.8366409e-07,2.9186584e-07,-0.0001837756,0.087429167,-1.3897184e-06,2.187755e-06,-0.00049680371,-537.86003,0.0004755089,-0.0007633802,-6.2192278,0,0
677,0.676,0,0,-0.037691517,0,-0,0,0,0,0.022204716,0,0,0,0,0,-0.88023742,0,0,0,0.52,1.2918649,-0.32465318,-1.5588745,3.6886085e-09,-1.5724769e-08,0.79717697,8.6719433e-09,-1.3626133e-08,-2.3560514,-0.010228734,-1.8494731e-07,2.9388413e-07,-0.00018417231,0.090270963,-1.3187166e-06,2.0747829e-06,-0.00043007461,-537.8048,0.00049113937,-0.00078811402,-6.2080464,0,0
678,0.677,0,0,-0.037669753,0,-0,0,0,0,0.021323347,0,0,0,0,0,-0.88099186,0,0,0,0.52,1.2918619,-0.32463686,-1.5588848,3.6071889e-09,-1.5386084e-08,0.79716679,8.4864075e-09,-1.3331324e-08,-2.3560516,-0.01013428,-1.8615968e-07,2.9578973e-07,-0.00018450318,0.093059588,-1.2478196e-06,1.9619919e-06,-0.00036393396,-537.76803,0.00050647802,-0.00081238244,-6.197176,0,0
679,0.678,0,0,-0.03764887,0,-0,0,0,0,0.020441679,0,0,0,0,0,-0.88144244,0,0,0,0.52,1.2918588,-0.32462136,-1.5588951,3.5252771e-09,-1.5045263e-08,0.7971567,8.2996947e-09,-1.3034666e-08,-2.3560518,-0.010037118,-1.8730135e-07,2.9758286e-07,-0.0001847688,0.095794521,-1.177051e-06,1.8494189e-06,-0.00029839372,-537.74958,0.00052152199,-0.00083618101,-6.1866169,0,0
680,0.679,0,0,-0.03762887,0,-0,0,0,0,0.019560013,0,0,0,0,0,-0.88159141,0,0,0,0.52,1.2918558,-0.32460669,-1.5589053,3.4429041e-09,-1.4702435e-08,0.79714672,8.1118754e-09,-1.2736271e-08,-2.356052,-0.0099373026,-1.8837247e-07,2.992638e-07,-0.0001849698,0.098475265,-1.1064339e-06,1.7371008e-06,-0.0002334654,-537.74934,0.00053626858,-0.00085950548,-6.1763692,0,0
681,0.68,0,0,-0.03760975,0,-0,0,0,0,0.018678647,0,0,0,0,0,-0.88144109,0,0,0,0.52,1.2918528,-0.32459285,-1.5589153,3.3601008e-09,-1.4357729e-08,0.79713683,7.9230202e-09,-1.243625e-08,-2.3560522,-0.0098348882,-1.8937324e-07,3.0083286e-07,-0.00018510681,0.10110134,-1.0359912e-06,1.6250739e-06,-0.00016916008,-537.76714,0.00055071519,-0.0008823518,-6.1664331,0,0
682,0.681,0,0,-0.037591512,0,-0,0,0,0,0.017797877,0,0,0,0,0,-0.88099387,0,0,0,0.52,1.2918498,-0.32457984,-1.5589253,3.2768979e-09,-1.4011272e-08,0.79712705,7.7331992e-09,-1.2134717e-08,-2.3560523,-0.0097299304,-1.9030386e-07,3.0229039e-07,-0.00018518046,0.1036723,-9.6574559e-07,1.5133741e-06,-0.0001054884,-537.80284,0.00056485936,-0.00090471611,-6.1568084,0,0
683,0.682,0,0,-0.037574154,0,-0,0,0,0,0.016917996,0,0,0,0,0,-0.88025223,0,0,0,0.52,1.2918469,-0.32456765,-1.5589352,3.1933263e-09,-1.3663192e-08,0.79711737,7.5424825e-09,-1.1831781e-08,-2.3560525,-0.009622485,-1.9116457e-07,3.0363676e-07,-0.00018519141,0.10618771,-8.9571951e-07,1.4020368e-06,-4.2460561e-05,-537.85628,0.00057869872,-0.00092659473,-6.1474952,0,0
684,0.683,0,0,-0.037557675,0,-0,0,0,0,0.016039294,0,0,0,0,0,-0.87921875,0,0,0,0.52,1.291844,-0.32455628,-1.5589449,3.1094164e-09,-1.3313618e-08,0.79710781,7.3509398e-09,-1.1527554e-08,-2.3560527,-0.0095126081,-1.9195561e-07,3.0487238e-07,-0.00018514031,0.10864717,-8.2593509e-07,1.2910972e-06,1.9913614e-05,-537.92732,0.00059223107,-0.00094798421,-6.1384932,0,0
685,0.684,0,0,-0.037542074,0,-0,0,0,0,0.015162059,0,0,0,0,0,-0.87789606,0,0,0,0.52,1.2918412,-0.32454572,-1.5589545,3.0251988e-09,-1.2962675e-08,0.79709835,7.1586408e-09,-1.1222147e-08,-2.3560529,-0.0094003563,-1.9267727e-07,3.0599772e-07,-0.00018502783,0.11105027,-7.5641421e-07,1.1805899e-06,8.1624729e-05,-538.01579,0.00060545429,-0.00096888127,-6.1298021,0,0
686,0.685,0,0,-0.037527349,0,-0,0,0,0,0.014286577,0,0,0,0,0,-0.87628687,0,0,0,0.52,1.2918383,-0.32453599,-1.5589641,2.9407035e-09,-1.2610492e-08,0.79708901,6.9656545e-09,-1.0915669e-08,-2.3560531,-0.0092857864,-1.9332983e-07,3.0701325e-07,-0.00018485465,0.11339667,-6.8717846e-07,1.070549e-06,0.00014266377,-538.12151,0.00061836641,-0.00098928281,-6.1214218,0,0
687,0.686,0,0,-0.037513499,0,-0,0,0,0,0.013413129,0,0,0,0,0,-0.87439399,0,0,0,0.52,1.2918355,-0.32452707,-1.5589735,2.8559609e-09,-1.2257192e-08,0.79707978,6.7720501e-09,-1.060823e-08,-2.3560533,-0.0091689557,-1.9391361e-07,3.0791949e-07,-0.00018462144,0.11568602,-6.1824915e-07,9.6100834e-07,0.0002030221,-538.24433,0.00063096555,-0.0010091859,-6.1133516,0,0
688,0.687,0,0,-0.037500521,0,-0,0,0,0,0.012541996,0,0,0,0,0,-0.87222027,0,0,0,0.52,1.2918328,-0.32451895,-1.5589828,2.7710009e-09,-1.1902902e-08,0.79707067,6.5778959e-09,-1.0299939e-08,-2.3560535,-0.0090499217,-1.9442896e-07,3.0871698e-07,-0.00018432892,0.11791799,-5.4964733e-07,8.5200105e-07,0.00026269146,-538.38405,0.00064324999,-0.001028588,-6.1055912,0,0
689,0.688,0,0,-0.037488412,0,-0,0,0,0,0.011673453,0,0,0,0,0,-0.86976867,0,0,0,0.52,1.29183,-0.32451164,-1.558992,2.6858532e-09,-1.1547746e-08,0.79706168,6.3832604e-09,-9.9909043e-09,-2.3560536,-0.0089287423,-1.9487622e-07,3.0940632e-07,-0.00018397777,0.12009229,-4.8139373e-07,7.4355996e-07,0.00032166394,-538.54051,0.0006552181,-0.0010474864,-6.0981401,0,0
690,0.689,0,0,-0.037477171,0,-0,0,0,0,0.010807774,0,0,0,0,0,-0.86704219,0,0,0,0.52,1.2918273,-0.32450514,-1.559001,2.6005476e-09,-1.1191848e-08,0.79705282,6.1882114e-09,-9.681234e-09,-2.3560538,-0.0088054755,-1.9525579e-07,3.0998812e-07,-0.0001835687,0.12220863,-4.1350879e-07,6.3571738e-07,0.000379932,-538.71351,0.00066686839,-0.0010658789,-6.0909975,0,0
691,0.69,0,0,-0.037466794,0,-0,0,0,0,0.0099452291,0,0,0,0,0,-0.8640439,0,0,0,0.52,1.2918247,-0.32449943,-1.5590099,2.5151133e-09,-1.0835332e-08,0.79704408,5.9928163e-09,-9.3710353e-09,-2.356054,-0.0086801796,-1.9556806e-07,3.1046302e-07,-0.00018310244,0.12426678,-3.4601266e-07,5.2850513e-07,0.00043748842,-538.90288,0.00067819946,-0.0010837633,-6.0841627,0,0
692,0.691,0,0,-0.037457277,0,-0,0,0,0,0.0090860856,0,0,0,0,0,-0.86077697,0,0,0,0.52,1.291822,-0.32449451,-1.5590187,2.4295797e-09,-1.0478319e-08,0.79703546,5.7971423e-09,-9.0604145e-09,-2.3560542,-0.0085529133,-1.9581344e-07,3.108317e-07,-0.00018257969,0.12626649,-2.7892518e-07,4.2195456e-07,0.00049432633,-539.10841,0.00068921007,-0.0011011378,-6.0776351,0,0
693,0.692,0,0,-0.037448618,0,-0,0,0,0,0.0082306072,0,0,0,0,0,-0.8572446,0,0,0,0.52,1.2918195,-0.32449039,-1.5590274,2.3439758e-09,-1.0120932e-08,0.79702697,5.6012561e-09,-8.7494777e-09,-2.3560544,-0.0084237352,-1.9599237e-07,3.1109487e-07,-0.00018200119,0.12820754,-2.1226589e-07,3.1609649e-07,0.00055043916,-539.32991,0.00069989906,-0.0011180004,-6.0714138,0,0
694,0.693,0,0,-0.037440812,0,-0,0,0,0,0.0073790544,0,0,0,0,0,-0.85345007,0,0,0,0.52,1.2918169,-0.32448705,-1.5590359,2.2583304e-09,-9.763291e-09,0.79701861,5.4052238e-09,-8.4383299e-09,-2.3560546,-0.0082927044,-1.9610532e-07,3.1125326e-07,-0.00018136768,0.13008976,-1.4605399e-07,2.1096126e-07,0.00060582067,-539.56717,0.00071026542,-0.0011343498,-6.0654978,0,0
695,0.694,0,0,-0.037433856,0,-0,0,0,0,0.0065316843,0,0,0,0,0,-0.84939672,0,0,0,0.52,1.2918144,-0.32448448,-1.5590443,2.1726722e-09,-9.4055166e-09,0.79701039,5.2091112e-09,-8.1270756e-09,-2.3560547,-0.0081598798,-1.9615276e-07,3.1130765e-07,-0.0001806799,0.13191297,-8.0308399e-08,1.0657869e-07,0.00066046489,-539.82,0.00072030823,-0.0011501845,-6.0598862,0,0
696,0.695,0,0,-0.037427745,0,-0,0,0,0,0.0056887508,0,0,0,0,0,-0.84508795,0,0,0,0.52,1.2918119,-0.32448269,-1.5590526,2.0870294e-09,-9.0477276e-09,0.7970023,5.0129836e-09,-7.8158182e-09,-2.3560549,-0.0080253208,-1.9613517e-07,3.1125882e-07,-0.00017993858,0.13367702,-1.5047705e-08,2.9781192e-09,0.00071436618,-540.08819,0.00073002669,-0.0011655032,-6.054578,0,0
697,0.696,0,0,-0.037422474,0,-0,0,0,0,0.0048505039,0,0,0,0,0,-0.84052724,0,0,0,0.52,1.2918095,-0.32448167,-1.5590608,2.0014302e-09,-8.6900423e-09,0.79699434,4.8169056e-09,-7.5046607e-09,-2.3560551,-0.0078890866,-1.9605309e-07,3.1110762e-07,-0.00017914448,0.13538178,4.970983e-08,-9.9811671e-08,0.00076751915,-540.37152,0.00073942015,-0.0011803051,-6.0495721,0,0
698,0.697,0,0,-0.037418039,0,-0,0,0,0,0.0040171904,0,0,0,0,0,-0.83571809,0,0,0,0.52,1.2918071,-0.32448141,-1.5590688,1.9159025e-09,-8.3325778e-09,0.79698652,4.6209416e-09,-7.193705e-09,-2.3560553,-0.0077512367,-1.9590702e-07,3.1085488e-07,-0.00017829837,0.13702716,1.1394627e-07,-2.0176241e-07,0.0008199187,-540.66978,0.00074848803,-0.0011945892,-6.0448673,0,0
699,0.698,0,0,-0.037414435,0,-0,0,0,0,0.0031890533,0,0,0,0,0,-0.83066408,0,0,0,0.52,1.2918047,-0.32448191,-1.5590766,1.830474e-09,-7.9754505e-09,0.79697884,4.4251553e-09,-6.883052e-09,-2.3560555,-0.0076118307,-1.9569753e-07,3.1050149e-07,-0.00017740098,0.13861306,1.7764401e-07,-3.0284634e-07,0.00087155999,-540.98276,0.00075722988,-0.0012083549,-6.0404623,0,0
700,0.699,0,0,-0.037411655,0,-0,0,0,0,0.0023663321,0,0,0,0,0,-0.82536885,0,0,0,0.52,1.2918024,-0.32448316,-1.5590843,1.7451721e-09,-7.6187755e-09,0.7969713,4.2296097e-09,-6.5728022e-09,-2.3560556,-0.0074709281,-1.9542517e-07,3.1004836e-07,-0.00017645311,0.14013942,2.4078577e-07,-4.0303627e-07,0.00092243843,-541.31022,0.00076564537,-0.0012216017,-6.036356,0,0
701,0.7,0,0,-0.037409696,0,-0,0,0,0,0.0015492624,0,0,0,0,0,-0.81983607,0,0,0,0.52,1.2918002,-0.32448515,-1.5590919,1.6600238e-09,-7.2626671e-09,0.7969639,4.0343675e-09,-6.2630546e-09,-2.3560558,-0.0073285885,-1.9509053e-07,3.0949642e-07,-0.0001754555,0.1416062,3.0335462e-07,-5.023055e-07,0.00097254966,-541.65195,0.00077373429,-0.0012343294,-6.0325469,0,0
702,0.701,0,0,-0.037408551,0,-0,0,0,0,0.00073807616,0,0,0,0,0,-0.8140695,0,0,0,0.52,1.2917979,-0.32448788,-1.5590993,1.575056e-09,-6.9072382e-09,0.79695664,3.8394906e-09,-5.9539076e-09,-2.356056,-0.0071848716,-1.9469421e-07,3.0884663e-07,-0.00017440894,0.14301337,3.6533394e-07,-6.0062791e-07,0.0010218896,-542.00772,0.00078149652,-0.0012465378,-6.0290337,0,0
703,0.702,0,0,-0.037408214,0,-0,0,0,0,-6.6998439e-05,0,0,0,0,0,-0.8080729,0,0,0,0.52,1.2917958,-0.32449134,-1.5591066,1.4902953e-09,-6.5526008e-09,0.79694953,3.6450404e-09,-5.6454587e-09,-2.3560562,-0.0070398369,-1.9423681e-07,3.0809998e-07,-0.00017331421,0.14436094,4.2670747e-07,-6.979779e-07,0.0010704543,-542.37729,0.00078893205,-0.001258227,-6.025815,0,0
704,0.703,0,0,-0.037408679,0,-0,0,0,0,-0.00086573717,0,0,0,0,0,-0.80185012,0,0,0,0.52,1.2917936,-0.32449553,-1.5591138,1.405768e-09,-6.1988659e-09,0.79694256,3.4510777e-09,-5.337804e-09,-2.3560563,-0.006893544,-1.9371898e-07,3.0725747e-07,-0.00017217207,0.14564891,4.874593e-07,-7.9433042e-07,0.0011182402,-542.76043,0.00079604101,-0.0012693972,-6.0228891,0,0
705,0.704,0,0,-0.037409939,0,-0,0,0,0,-0.0016579197,0,0,0,0,0,-0.79540503,0,0,0,0.52,1.2917915,-0.32450043,-1.5591208,1.3215001e-09,-5.846143e-09,0.79693574,3.2576626e-09,-5.0310391e-09,-2.3560565,-0.0067460524,-1.9314135e-07,3.0632015e-07,-0.00017098333,0.14687733,5.4757385e-07,-8.89661e-07,0.0011652438,-543.15692,0.00080282361,-0.0012800488,-6.0202545,0,0
706,0.705,0,0,-0.037411988,0,-0,0,0,0,-0.0024433295,0,0,0,0,0,-0.78874156,0,0,0,0.52,1.2917895,-0.32450604,-1.5591276,1.2375173e-09,-5.4945406e-09,0.79692907,3.0648545e-09,-4.725258e-09,-2.3560567,-0.0065974217,-1.9250458e-07,3.0528906e-07,-0.00016974876,0.14804625,6.0703589e-07,-9.839457e-07,0.0012114618,-543.5665,0.00080928018,-0.0012901824,-6.0179096,0,0
707,0.706,0,0,-0.037414819,0,-0,0,0,0,-0.0032217542,0,0,0,0,0,-0.78186368,0,0,0,0.52,1.2917874,-0.32451235,-1.5591343,1.153845e-09,-5.144166e-09,0.79692255,2.8727122e-09,-4.4205542e-09,-2.3560568,-0.0064477112,-1.9180935e-07,3.0416529e-07,-0.00016846915,0.14915575,6.6583054e-07,-1.0771611e-06,0.0012568913,-543.98894,0.00081541116,-0.0012997987,-6.0158528,0,0
708,0.707,0,0,-0.037418425,0,-0,0,0,0,-0.0039929855,0,0,0,0,0,-0.77477539,0,0,0,0.52,1.2917855,-0.32451936,-1.5591408,1.0705082e-09,-4.7951251e-09,0.79691618,2.6812939e-09,-4.1170196e-09,-2.356057,-0.0062969802,-1.9105635e-07,3.0294994e-07,-0.0001671453,0.15020593,7.2394328e-07,-1.1692845e-06,0.0013015292,-544.42399,0.00082121708,-0.0013088987,-6.0140822,0,0
709,0.708,0,0,-0.037422798,0,-0,0,0,0,-0.0047568189,0,0,0,0,0,-0.76748075,0,0,0,0.52,1.2917836,-0.32452706,-1.5591472,9.8753188e-10,-4.4475227e-09,0.79690996,2.4906569e-09,-3.8147453e-09,-2.3560572,-0.0061452878,-1.9024629e-07,3.0164415e-07,-0.00016577801,0.15119689,7.8135994e-07,-1.2602935e-06,0.001345373,-544.87141,0.00082669858,-0.0013174835,-6.0125962,0,0
710,0.709,0,0,-0.037427931,0,-0,0,0,0,-0.0055130543,0,0,0,0,0,-0.75998383,0,0,0,0.52,1.2917817,-0.32453543,-1.5591534,9.0494037e-10,-4.1014621e-09,0.79690389,2.300858e-09,-3.5138212e-09,-2.3560573,-0.0059926931,-1.8937987e-07,3.0024904e-07,-0.00016436806,0.15212878,8.3806668e-07,-1.3501664e-06,0.0013884202,-545.33094,0.00083185643,-0.0013255542,-6.0113928,0,0
711,0.71,0,0,-0.037433816,0,-0,0,0,0,-0.0062614955,0,0,0,0,0,-0.75228877,0,0,0,0.52,1.2917798,-0.32454448,-1.5591595,8.2275783e-10,-3.7570455e-09,0.79689797,2.1119532e-09,-3.2143359e-09,-2.3560575,-0.0058392549,-1.8845782e-07,2.987658e-07,-0.00016291627,0.15300175,8.9405005e-07,-1.4388822e-06,0.0014306683,-545.80234,0.00083669146,-0.0013331122,-6.0104701,0,0
712,0.711,0,0,-0.037440446,0,-0,0,0,0,-0.0070019507,0,0,0,0,0,-0.74439972,0,0,0,0.52,1.2917781,-0.32455418,-1.5591655,7.4100807e-10,-3.4143736e-09,0.79689221,1.9239976e-09,-2.9163771e-09,-2.3560577,-0.0056850318,-1.874809e-07,2.9719561e-07,-0.00016142343,0.15381597,9.4929695e-07,-1.5264203e-06,0.0014721153,-546.28536,0.00084120464,-0.0013401592,-6.0098264,0,0
713,0.712,0,0,-0.037447812,0,-0,0,0,0,-0.0077342322,0,0,0,0,0,-0.73632088,0,0,0,0.52,1.2917763,-0.32456454,-1.5591712,6.5971456e-10,-3.0735458e-09,0.7968866,1.7370459e-09,-2.620031e-09,-2.3560578,-0.0055300823,-1.8644986e-07,2.9553968e-07,-0.00015989035,0.15457163,1.0037946e-06,-1.6127607e-06,0.001512759,-546.77974,0.00084539701,-0.0013466969,-6.0094594,0,0
714,0.713,0,0,-0.037455906,0,-0,0,0,0,-0.0084581564,0,0,0,0,0,-0.72805645,0,0,0,0.52,1.2917746,-0.32457555,-1.5591768,5.7890045e-10,-2.7346601e-09,0.79688115,1.5511517e-09,-2.3253829e-09,-2.356058,-0.0053744647,-1.8536546e-07,2.9379924e-07,-0.00015831783,0.15526894,1.0575307e-06,-1.697884e-06,0.0015525977,-547.28522,0.00084926973,-0.001352727,-6.0093673,0,0
715,0.714,0,0,-0.03746472,0,-0,0,0,0,-0.0091735442,0,0,0,0,0,-0.7196107,0,0,0,0.52,1.291773,-0.32458719,-1.5591823,4.985885e-10,-2.3978129e-09,0.79687585,1.3663679e-09,-2.0325164e-09,-2.3560581,-0.005218237,-1.8422849e-07,2.9197552e-07,-0.00015670669,0.15590812,1.1104931e-06,-1.7817714e-06,0.0015916295,-547.80155,0.00085282404,-0.0013582518,-6.0095479,0,0
716,0.715,0,0,-0.037474244,0,-0,0,0,0,-0.0098802207,0,0,0,0,0,-0.71098791,0,0,0,0.52,1.2917714,-0.32459946,-1.5591876,4.1880118e-10,-2.0630995e-09,0.79687072,1.1827469e-09,-1.7415144e-09,-2.3560583,-0.0050614569,-1.8303973e-07,2.900698e-07,-0.00015505772,0.15648943,1.1626702e-06,-1.8644045e-06,0.001629853,-548.32847,0.0008560613,-0.0013632733,-6.0099991,0,0
717,0.716,0,0,-0.037484471,0,-0,0,0,0,-0.010578015,0,0,0,0,0,-0.70219237,0,0,0,0.52,1.2917698,-0.32461235,-1.5591927,3.3956055e-10,-1.7306134e-09,0.79686573,1.0003398e-09,-1.4524582e-09,-2.3560584,-0.004904182,-1.8179999e-07,2.8808335e-07,-0.00015337175,0.15701311,1.2140507e-06,-1.9457657e-06,0.0016672665,-548.86571,0.00085898295,-0.0013677939,-6.0107187,0,0
718,0.717,0,0,-0.037495392,0,-0,0,0,0,-0.011266762,0,0,0,0,0,-0.69322843,0,0,0,0.52,1.2917683,-0.32462585,-1.5591977,2.6088835e-10,-1.4004469e-09,0.79686091,8.1919745e-10,-1.1654278e-09,-2.3560586,-0.0047464694,-1.8051008e-07,2.8601748e-07,-0.00015164958,0.15747945,1.2646236e-06,-2.0258379e-06,0.0017038688,-549.41301,0.00086159052,-0.001371816,-6.0117045,0,0
719,0.718,0,0,-0.037506996,0,-0,0,0,0,-0.011946298,0,0,0,0,0,-0.68410043,0,0,0,0.52,1.2917668,-0.32463994,-1.5592025,1.8280595e-10,-1.0726906e-09,0.79685624,6.3936944e-10,-8.8050202e-10,-2.3560588,-0.004588376,-1.7917082e-07,2.8387349e-07,-0.00014989203,0.15788875,1.3143784e-06,-2.1046046e-06,0.0017396587,-549.97011,0.00086388564,-0.0013753424,-6.0129541,0,0
720,0.719,0,0,-0.037519275,0,-0,0,0,0,-0.012616467,0,0,0,0,0,-0.67481275,0,0,0,0.52,1.2917654,-0.32465463,-1.5592072,1.0533434e-10,-7.4743369e-10,0.79685173,4.6090474e-10,-5.9775827e-10,-2.3560589,-0.0044299584,-1.7778305e-07,2.8165272e-07,-0.0001480999,0.15824132,1.3633048e-06,-2.1820497e-06,0.001774635,-550.53675,0.00086587003,-0.0013783757,-6.0144654,0,0
721,0.72,0,0,-0.037532219,0,-0,0,0,0,-0.013277115,0,0,0,0,0,-0.66536977,0,0,0,0.52,1.291764,-0.3246699,-1.5592117,2.8494146e-11,-4.2476385e-10,0.79684738,2.8385142e-10,-3.1727269e-10,-2.356059,-0.0042712728,-1.7634762e-07,2.7935651e-07,-0.00014627403,0.15853749,1.411393e-06,-2.258158e-06,0.0018087969,-551.11265,0.00086754551,-0.0013809189,-6.0162359,0,0
722,0.721,0,0,-0.037545819,0,-0,0,0,0,-0.013928094,0,0,0,0,0,-0.65577593,0,0,0,0.52,1.2917627,-0.32468574,-1.559216,-4.7694368e-11,-1.0476712e-10,0.79684319,1.0825674e-10,-3.9120014e-11,-2.3560592,-0.0041123751,-1.7486536e-07,2.7698621e-07,-0.00014441521,0.1587776,1.4586336e-06,-2.3329145e-06,0.0018421434,-551.69755,0.00086891398,-0.0013829751,-6.0182631,0,0
723,0.722,0,0,-0.037560066,0,-0,0,0,0,-0.01456926,0,0,0,0,0,-0.64603563,0,0,0,0.52,1.2917614,-0.32470214,-1.5592202,-1.2321133e-10,2.1247197e-10,0.79683916,-6.5832919e-11,2.3662635e-10,-2.3560593,-0.0039533209,-1.7333715e-07,2.7454321e-07,-0.00014252427,0.15896202,1.5050173e-06,-2.406305e-06,0.0018746737,-552.29118,0.00086997741,-0.0013845474,-6.0205448,0,0
724,0.723,0,0,-0.037574948,0,-0,0,0,0,-0.015200472,0,0,0,0,0,-0.63615334,0,0,0,0.52,1.2917602,-0.32471909,-1.5592242,-1.9803723e-10,5.2687051e-10,0.79683528,-2.3837205e-10,5.098944e-10,-2.3560595,-0.0037941652,-1.7176386e-07,2.7202889e-07,-0.00014060203,0.15909113,1.5505354e-06,-2.478316e-06,0.0019063872,-552.89327,0.0008707379,-0.0013856392,-6.0230782,0,0
725,0.724,0,0,-0.037590457,0,-0,0,0,0,-0.015821596,0,0,0,0,0,-0.62613349,0,0,0,0.52,1.291759,-0.32473658,-1.5592281,-2.7215297e-10,8.3834715e-10,0.79683157,-4.0931599e-10,7.8061352e-10,-2.3560596,-0.0036349628,-1.7014636e-07,2.6944465e-07,-0.00013864929,0.15916532,1.5951796e-06,-2.5489342e-06,0.0019372834,-553.50356,0.00087119759,-0.0013862539,-6.025861,0,0
726,0.725,0,0,-0.037606581,0,-0,0,0,0,-0.0164325,0,0,0,0,0,-0.61598057,0,0,0,0.52,1.2917579,-0.32475461,-1.5592317,-3.4553981e-10,1.1468222e-09,0.79682801,-5.78621e-10,1.0487145e-09,-2.3560598,-0.003475768,-1.6848553e-07,2.667919e-07,-0.00013666689,0.15918499,1.6389417e-06,-2.6181473e-06,0.0019673618,-554.12176,0.00087135872,-0.0013863952,-6.0288904,0,0
727,0.726,0,0,-0.037623311,0,-0,0,0,0,-0.017033058,0,0,0,0,0,-0.60569904,0,0,0,0.52,1.2917568,-0.32477315,-1.5592353,-4.1817943e-10,1.4522175e-09,0.79682462,-7.4624419e-10,1.3141295e-09,-2.3560599,-0.0033166346,-1.6678228e-07,2.6407205e-07,-0.00013465564,0.15915058,1.6818141e-06,-2.6859432e-06,0.001996622,-554.74762,0.00087122363,-0.0013860667,-6.032164,0,0
728,0.727,0,0,-0.037640637,0,-0,0,0,0,-0.017623149,0,0,0,0,0,-0.5952934,0,0,0,0.52,1.2917558,-0.3247922,-1.5592386,-4.9005386e-10,1.7544567e-09,0.79682138,-9.1214359e-10,1.5767922e-09,-2.35606,-0.0031576161,-1.6503751e-07,2.6128656e-07,-0.00013261636,0.15906252,1.7237896e-06,-2.7523107e-06,0.0020250639,-555.38085,0.00087079472,-0.0013852724,-6.035679,0,0
729,0.728,0,0,-0.037658547,0,-0,0,0,0,-0.018202654,0,0,0,0,0,-0.58476813,0,0,0,0.52,1.2917548,-0.32481176,-1.5592419,-5.6114557e-10,2.0534649e-09,0.7968183,-1.0762781e-09,1.8366377e-09,-2.3560602,-0.0029987655,-1.6325211e-07,2.5843686e-07,-0.00013054986,0.15892127,1.764861e-06,-2.8172388e-06,0.0020526871,-556.0212,0.00087007446,-0.0013840162,-6.0394327,0,0
730,0.729,0,0,-0.037677032,0,-0,0,0,0,-0.018771462,0,0,0,0,0,-0.57412775,0,0,0,0.52,1.2917538,-0.3248318,-1.5592449,-6.3143741e-10,2.3491691e-09,0.79681538,-1.2386077e-09,2.0936025e-09,-2.3560603,-0.0028401352,-1.6142701e-07,2.555244e-07,-0.00012845696,0.15872729,1.805022e-06,-2.8807174e-06,0.0020794916,-556.66837,0.00086906542,-0.0013823021,-6.0434223,0,0
731,0.73,0,0,-0.037696079,0,-0,0,0,0,-0.019329463,0,0,0,0,0,-0.56337674,0,0,0,0.52,1.2917529,-0.32485233,-1.5592478,-7.0091261e-10,2.6414977e-09,0.79681262,-1.3990929e-09,2.3476245e-09,-2.3560604,-0.0026817772,-1.5956312e-07,2.5255065e-07,-0.00012633849,0.15848107,1.8442661e-06,-2.9427368e-06,0.0021054775,-557.32211,0.00086777024,-0.0013801345,-6.0476451,0,0
732,0.731,0,0,-0.03771568,0,-0,0,0,0,-0.019876554,0,0,0,0,0,-0.55251961,0,0,0,0.52,1.2917521,-0.32487332,-1.5592505,-7.6955484e-10,2.930381e-09,0.79681002,-1.5576956e-09,2.5986432e-09,-2.3560605,-0.0025237431,-1.5766137e-07,2.4951709e-07,-0.00012419527,0.1581831,1.8825875e-06,-3.003288e-06,0.0021306448,-557.98214,0.00086619164,-0.0013775176,-6.0520982,0,0
733,0.732,0,0,-0.037735821,0,-0,0,0,0,-0.020412635,0,0,0,0,0,-0.54156087,0,0,0,0.52,1.2917513,-0.32489476,-1.5592531,-8.3734814e-10,3.2157509e-09,0.79680757,-1.7143783e-09,2.8465996e-09,-2.3560607,-0.0023660838,-1.5572269e-07,2.4642519e-07,-0.0001220281,0.15783389,1.9199808e-06,-3.0623623e-06,0.0021549938,-558.64819,0.00086433238,-0.0013744559,-6.0567788,0,0
734,0.733,0,0,-0.037756494,0,-0,0,0,0,-0.020937613,0,0,0,0,0,-0.53050501,0,0,0,0.52,1.2917505,-0.32491666,-1.5592555,-9.0427698e-10,3.4975411e-09,0.79680528,-1.8691045e-09,3.091436e-09,-2.3560608,-0.0022088498,-1.5374802e-07,2.4327644e-07,-0.00011983781,0.15743397,1.9564408e-06,-3.1199519e-06,0.0021785246,-559.31998,0.00086219534,-0.001370954,-6.0616839,0,0
735,0.734,0,0,-0.037777686,0,-0,0,0,0,-0.021451395,0,0,0,0,0,-0.51935655,0,0,0,0.52,1.2917498,-0.32493899,-1.5592577,-9.7032622e-10,3.7756869e-09,0.79680315,-2.0218388e-09,3.3330964e-09,-2.3560609,-0.002052091,-1.517383e-07,2.4007235e-07,-0.00011762521,0.15698386,1.9919625e-06,-3.1760492e-06,0.0022012376,-559.99724,0.00085978344,-0.0013670166,-6.0668105,0,0
736,0.735,0,0,-0.037799385,0,-0,0,0,0,-0.021953897,0,0,0,0,0,-0.50811998,0,0,0,0.52,1.2917492,-0.32496174,-1.5592598,-1.0354812e-09,4.0501254e-09,0.79680118,-2.1725465e-09,3.5715261e-09,-2.356061,-0.0018958567,-1.4969447e-07,2.368144e-07,-0.00011539113,0.15648413,2.0265417e-06,-3.2306476e-06,0.0022231334,-560.67971,0.00085709967,-0.0013626483,-6.0721558,0,0
737,0.736,0,0,-0.037821582,0,-0,0,0,0,-0.022445036,0,0,0,0,0,-0.49679978,0,0,0,0.52,1.2917485,-0.32498491,-1.5592618,-1.0997275e-09,4.3207953e-09,0.79679936,-2.3211941e-09,3.8066721e-09,-2.3560611,-0.0017401958,-1.4761748e-07,2.3350411e-07,-0.00011313638,0.15593532,2.0601741e-06,-3.2837405e-06,0.0022442124,-561.36711,0.0008541471,-0.0013578542,-6.0777167,0,0
738,0.737,0,0,-0.037844264,0,-0,0,0,0,-0.022924737,0,0,0,0,0,-0.48540045,0,0,0,0.52,1.291748,-0.32500848,-1.5592635,-1.1630512e-09,4.5876373e-09,0.7967977,-2.4677488e-09,4.0384828e-09,-2.3560612,-0.0015851565,-1.4550828e-07,2.30143e-07,-0.00011086177,0.15533802,2.0928561e-06,-3.3353224e-06,0.0022644752,-562.05916,0.00085092885,-0.0013526391,-6.08349,0,0
739,0.738,0,0,-0.03786742,0,-0,0,0,0,-0.023392926,0,0,0,0,0,-0.47392645,0,0,0,0.52,1.2917474,-0.32503244,-1.5592652,-1.225439e-09,4.8505935e-09,0.79679619,-2.6121789e-09,4.266908e-09,-2.3560614,-0.0014307863,-1.4336783e-07,2.2673258e-07,-0.00010856813,0.1546928,2.1245842e-06,-3.385388e-06,0.0022839226,-562.75561,0.00084744811,-0.0013470083,-6.0894727,0,0
740,0.739,0,0,-0.037891038,0,-0,0,0,0,-0.023849537,0,0,0,0,0,-0.46238226,0,0,0,0.52,1.291747,-0.32505679,-1.5592666,-1.2868777e-09,5.1096081e-09,0.79679484,-2.7544537e-09,4.4918994e-09,-2.3560615,-0.0012771323,-1.4119709e-07,2.2327437e-07,-0.00010625626,0.15400026,2.1553553e-06,-3.4339327e-06,0.0023025553,-563.45617,0.00084370814,-0.0013409668,-6.0956617,0,0
741,0.74,0,0,-0.037915107,0,-0,0,0,0,-0.024294504,0,0,0,0,0,-0.45077233,0,0,0,0.52,1.2917465,-0.3250815,-1.5592679,-1.3473547e-09,5.3646268e-09,0.79679364,-2.8945433e-09,4.7134098e-09,-2.3560616,-0.0011242409,-1.3899702e-07,2.1976991e-07,-0.00010392697,0.15326102,2.1851667e-06,-3.4809522e-06,0.0023203742,-564.16058,0.00083971226,-0.00133452,-6.1020538,0,0
742,0.741,0,0,-0.037939616,0,-0,0,0,0,-0.02472777,0,0,0,0,0,-0.43910111,0,0,0,0.52,1.2917462,-0.32510657,-1.5592691,-1.4068576e-09,5.6155971e-09,0.79679259,-3.0324189e-09,4.9313937e-09,-2.3560617,-0.00097215786,-1.3676858e-07,2.1622072e-07,-0.00010158109,0.15247568,2.2140161e-06,-3.5264431e-06,0.0023373802,-564.86858,0.00083546384,-0.0013276733,-6.1086457,0,0
743,0.742,0,0,-0.037964551,0,-0,0,0,0,-0.025149278,0,0,0,0,0,-0.42737301,0,0,0,0.52,1.2917458,-0.32513198,-1.5592701,-1.4653748e-09,5.8624684e-09,0.79679169,-3.1680526e-09,5.1458072e-09,-2.3560618,-0.00082092838,-1.3451273e-07,2.1262834e-07,-9.9219417e-05,0.15164488,2.2419014e-06,-3.5704023e-06,0.0023535746,-565.57989,0.0008309663,-0.0013204321,-6.1154342,0,0
744,0.743,0,0,-0.037989902,0,-0,0,0,0,-0.025558981,0,0,0,0,0,-0.41559245,0,0,0,0.52,1.2917455,-0.32515773,-1.5592709,-1.5228948e-09,6.1051917e-09,0.79679094,-3.3014174e-09,5.356608e-09,-2.3560619,-0.00067059694,-1.3223045e-07,2.089943e-07,-9.6842767e-05,0.15076926,2.2688209e-06,-3.6128274e-06,0.0023689583,-566.29425,0.00082622314,-0.0013128019,-6.1224161,0,0
745,0.744,0,0,-0.038015657,0,-0,0,0,0,-0.02595683,0,0,0,0,0,-0.40376383,0,0,0,0.52,1.2917453,-0.32518381,-1.5592716,-1.5794066e-09,6.3437199e-09,0.79679035,-3.4324875e-09,5.563755e-09,-2.356062,-0.00052120738,-1.299227e-07,2.0532014e-07,-9.4451947e-05,0.14984946,2.2947732e-06,-3.6537162e-06,0.0023835326,-567.01139,0.0008212379,-0.0013047884,-6.129588,0,0
746,0.745,0,0,-0.038041804,0,-0,0,0,0,-0.026342786,0,0,0,0,0,-0.39189153,0,0,0,0.52,1.2917451,-0.32521019,-1.5592722,-1.6348997e-09,6.5780075e-09,0.7967899,-3.5612379e-09,5.7672089e-09,-2.3560621,-0.00037280289,-1.2759046e-07,2.016074e-07,-9.2047765e-05,0.14888614,2.3197573e-06,-3.6930673e-06,0.0023972989,-567.73105,0.00081601417,-0.0012963974,-6.1369466,0,0
747,0.746,0,0,-0.038068331,0,-0,0,0,0,-0.02671681,0,0,0,0,0,-0.37997989,0,0,0,0.52,1.2917449,-0.32523688,-1.5592725,-1.6893639e-09,6.8080109e-09,0.7967896,-3.6876444e-09,5.9669319e-09,-2.3560621,-0.00022542599,-1.2523468e-07,1.9785761e-07,-8.9631026e-05,0.14787998,2.3437725e-06,-3.7308799e-06,0.0024102586,-568.45296,0.0008105556,-0.0012876347,-6.1444885,0,0
748,0.747,0,0,-0.038095226,0,-0,0,0,0,-0.02707887,0,0,0,0,0,-0.36803327,0,0,0,0.52,1.2917448,-0.32526386,-1.5592728,-1.7427894e-09,7.0336884e-09,0.79678945,-3.8116842e-09,6.1628878e-09,-2.3560622,-7.9118505e-05,-1.2285633e-07,1.9407232e-07,-8.7202536e-05,0.14683165,2.3668184e-06,-3.7671535e-06,0.0024224132,-569.17687,0.00080486588,-0.001278506,-6.1522103,0,0
749,0.748,0,0,-0.038122477,0,-0,0,0,0,-0.027428937,0,0,0,0,0,-0.35605597,0,0,0,0.52,1.2917447,-0.32529111,-1.5592729,-1.795167e-09,7.2549996e-09,0.79678944,-3.933335e-09,6.3550418e-09,-2.3560623,6.6078428e-05,-1.204564e-07,1.9025307e-07,-8.4763096e-05,0.14574184,2.388895e-06,-3.8018881e-06,0.0024337644,-569.90252,0.00079894875,-0.0012690174,-6.1601085,0,0
750,0.749,0,0,-0.038150072,0,-0,0,0,0,-0.027766987,0,0,0,0,0,-0.34405228,0,0,0,0.52,1.2917447,-0.32531863,-1.5592728,-1.8464877e-09,7.4719065e-09,0.79678958,-4.0525759e-09,6.5433608e-09,-2.3560624,0.00021012437,-1.1803584e-07,1.8640138e-07,-8.2313507e-05,0.14461124,2.4100025e-06,-3.8350843e-06,0.0024443139,-570.62964,0.00079280801,-0.001259175,-6.1681796,0,0
751,0.75,0,0,-0.038177999,0,-0,0,0,0,-0.028093001,0,0,0,0,0,-0.33202647,0,0,0,0.52,1.2917447,-0.32534641,-1.5592726,-1.8967431e-09,7.6843723e-09,0.79678986,-4.1693866e-09,6.7278129e-09,-2.3560625,0.00035297958,-1.1559563e-07,1.8251881e-07,-7.9854569e-05,0.14344056,2.4301416e-06,-3.8667433e-06,0.0024540635,-571.35798,0.00078644749,-0.0012489847,-6.1764202,0,0
752,0.751,0,0,-0.038206246,0,-0,0,0,0,-0.028406962,0,0,0,0,0,-0.31998279,0,0,0,0.52,1.2917448,-0.32537443,-1.5592723,-1.9459251e-09,7.8923624e-09,0.79679029,-4.2837479e-09,6.9083683e-09,-2.3560626,0.00049460505,-1.1313673e-07,1.7860688e-07,-7.7387078e-05,0.1422305,2.449313e-06,-3.8968667e-06,0.0024630152,-572.08728,0.00077987107,-0.0012384528,-6.1848268,0,0
753,0.752,0,0,-0.038234801,0,-0,0,0,0,-0.028708859,0,0,0,0,0,-0.30792543,0,0,0,0.52,1.2917449,-0.32540269,-1.5592718,-1.9940261e-09,8.0958436e-09,0.79679085,-4.3956418e-09,7.0849981e-09,-2.3560626,0.00063496248,-1.1066011e-07,1.7466713e-07,-7.4911829e-05,0.14098179,2.4675181e-06,-3.9254565e-06,0.002471171,-572.81729,0.00077308266,-0.0012275856,-6.1933956,0,0
754,0.753,0,0,-0.038263651,0,-0,0,0,0,-0.028998684,0,0,0,0,0,-0.2958586,0,0,0,0.52,1.291745,-0.32543116,-1.5592712,-2.0410388e-09,8.2947848e-09,0.79679155,-4.5050509e-09,7.2576755e-09,-2.3560627,0.00077401431,-1.0816674e-07,1.7070109e-07,-7.2429615e-05,0.13969515,2.4847584e-06,-3.9525152e-06,0.0024785331,-573.54776,0.00076608622,-0.0012163892,-6.2021233,0,0
755,0.754,0,0,-0.038292786,0,-0,0,0,0,-0.029276434,0,0,0,0,0,-0.28378643,0,0,0,0.52,1.2917452,-0.32545985,-1.5592704,-2.0869565e-09,8.4891565e-09,0.7967924,-4.611959e-09,7.4263748e-09,-2.3560628,0.00091172371,-1.0565756e-07,1.6671027e-07,-6.9941226e-05,0.13837131,2.5010357e-06,-3.9780461e-06,0.0024851038,-574.27843,0.00075888576,-0.0012048701,-6.211006,0,0
756,0.755,0,0,-0.038322192,0,-0,0,0,0,-0.02954211,0,0,0,0,0,-0.27171307,0,0,0,0.52,1.2917454,-0.32548873,-1.5592695,-2.1317727e-09,8.6789308e-09,0.79679338,-4.7163507e-09,7.591072e-09,-2.3560629,0.0010480546,-1.0313355e-07,1.6269622e-07,-6.744745e-05,0.13701103,2.5163521e-06,-4.0020525e-06,0.0024908854,-575.00906,0.00075148529,-0.0011930347,-6.2200403,0,0
757,0.756,0,0,-0.038351858,0,-0,0,0,0,-0.029795718,0,0,0,0,0,-0.25964259,0,0,0,0.52,1.2917457,-0.3255178,-1.5592684,-2.1754813e-09,8.8640818e-09,0.79679449,-4.8182118e-09,7.7517447e-09,-2.3560629,0.0011829716,-1.0059566e-07,1.5866044e-07,-6.4949072e-05,0.13561503,2.5307102e-06,-4.0245385e-06,0.0024958806,-575.73941,0.0007438889,-0.0011808894,-6.2292223,0,0
758,0.757,0,0,-0.038381772,0,-0,0,0,0,-0.030037265,0,0,0,0,0,-0.24757906,0,0,0,0.52,1.291746,-0.32554705,-1.5592672,-2.218077e-09,9.0445853e-09,0.79679574,-4.9175287e-09,7.9083719e-09,-2.356063,0.0013164402,-9.8044848e-08,1.5460444e-07,-6.2446874e-05,0.13418408,2.5441125e-06,-4.0455086e-06,0.0025000918,-576.46922,0.00073610067,-0.0011684408,-6.2385484,0,0
759,0.758,0,0,-0.038411921,0,-0,0,0,0,-0.030266765,0,0,0,0,0,-0.2355265,0,0,0,0.52,1.2917463,-0.32557646,-1.5592659,-2.2595544e-09,9.2204187e-09,0.79679712,-5.014289e-09,8.0609341e-09,-2.356063,0.0014484266,-9.5482061e-08,1.5052975e-07,-5.9941637e-05,0.13271893,2.5565623e-06,-4.0649677e-06,0.002503522,-577.19825,0.00072812475,-0.0011556954,-6.248015,0,0
760,0.759,0,0,-0.038442293,0,-0,0,0,0,-0.030484235,0,0,0,0,0,-0.22348891,0,0,0,0.52,1.2917467,-0.32560603,-1.5592645,-2.2999088e-09,9.3915612e-09,0.79679864,-5.1084813e-09,8.2094135e-09,-2.3560631,0.0015788977,-9.2908248e-08,1.4643785e-07,-5.7434137e-05,0.13122036,2.5680627e-06,-4.0829212e-06,0.0025061739,-577.92627,0.0007199653,-0.0011426599,-6.2576181,0,0
761,0.76,0,0,-0.038472877,0,-0,0,0,0,-0.030689696,0,0,0,0,0,-0.21147023,0,0,0,0.52,1.2917471,-0.32563574,-1.5592629,-2.3391358e-09,9.5579938e-09,0.79680028,-5.2000949e-09,8.3537934e-09,-2.3560632,0.0017078211,-9.0324353e-08,1.4233025e-07,-5.4925148e-05,0.12968911,2.5786174e-06,-4.099375e-06,0.0025080506,-578.65304,0.00071162651,-0.0011293409,-6.2673541,0,0
762,0.761,0,0,-0.03850366,0,-0,0,0,0,-0.030883173,0,0,0,0,0,-0.19947438,0,0,0,0.52,1.2917476,-0.32566557,-1.5592612,-2.3772316e-09,9.7196992e-09,0.79680205,-5.2891204e-09,8.494059e-09,-2.3560632,0.0018351656,-8.7731316e-08,1.3820843e-07,-5.2415441e-05,0.12812598,2.5882304e-06,-4.1143354e-06,0.0025091552,-579.37832,0.0007031126,-0.0011157451,-6.2772191,0,0
763,0.762,0,0,-0.038534631,0,-0,0,0,0,-0.031064693,0,0,0,0,0,-0.18750523,0,0,0,0.52,1.2917481,-0.32569553,-1.5592593,-2.4141925e-09,9.8766617e-09,0.79680395,-5.3755489e-09,8.6301968e-09,-2.3560633,0.0019609002,-8.5130073e-08,1.3407389e-07,-4.9905782e-05,0.12653174,2.5969057e-06,-4.127809e-06,0.0025094911,-580.10187,0.00069442781,-0.0011018793,-6.2872094,0,0
764,0.763,0,0,-0.038565778,0,-0,0,0,0,-0.031234291,0,0,0,0,0,-0.17556663,0,0,0,0.52,1.2917486,-0.3257256,-1.5592573,-2.4500154e-09,1.0028867e-08,0.79680597,-5.4593728e-09,8.7621948e-09,-2.3560633,0.0020849951,-8.2521554e-08,1.2992809e-07,-4.7396935e-05,0.12490718,2.6046479e-06,-4.1398031e-06,0.0025090616,-580.82347,0.00068557641,-0.0010877502,-6.2973211,0,0
765,0.764,0,0,-0.038597088,0,-0,0,0,0,-0.031392001,0,0,0,0,0,-0.16366238,0,0,0,0.52,1.2917492,-0.32575577,-1.5592552,-2.4846975e-09,1.0176304e-08,0.79680812,-5.5405852e-09,8.8900424e-09,-2.3560634,0.0022074211,-7.9906685e-08,1.257725e-07,-4.488966e-05,0.12325307,2.6114616e-06,-4.1503253e-06,0.0025078704,-581.54289,0.00067656269,-0.0010733646,-6.3075502,0,0
766,0.765,0,0,-0.03862855,0,-0,0,0,0,-0.031537864,0,0,0,0,0,-0.15179622,0,0,0,0.52,1.2917498,-0.32578602,-1.559253,-2.5182365e-09,1.0318961e-08,0.79681038,-5.6191803e-09,9.0137307e-09,-2.3560634,0.0023281499,-7.7286388e-08,1.2160859e-07,-4.2384714e-05,0.12157022,2.6173519e-06,-4.1593835e-06,0.0025059211,-582.25991,0.00066739095,-0.0010587295,-6.3178931,0,0
767,0.766,0,0,-0.038660152,0,-0,0,0,0,-0.031671924,0,0,0,0,0,-0.13997187,0,0,0,0.52,1.2917505,-0.32581635,-1.5592507,-2.5506305e-09,1.045683e-08,0.79681277,-5.695153e-09,9.133252e-09,-2.3560634,0.0024471539,-7.4661578e-08,1.174378e-07,-3.9882848e-05,0.11985941,2.6223241e-06,-4.1669863e-06,0.0025032176,-582.97429,0.00065806554,-0.0010438516,-6.3283457,0,0
768,0.767,0,0,-0.038691882,0,-0,0,0,0,-0.031794227,0,0,0,0,0,-0.12819301,0,0,0,0.52,1.2917512,-0.32584674,-1.5592482,-2.5818778e-09,1.0589903e-08,0.79681528,-5.7684994e-09,9.2486001e-09,-2.3560635,0.0025644064,-7.2033165e-08,1.1326158e-07,-3.7384811e-05,0.11812145,2.6263836e-06,-4.1731425e-06,0.0024997639,-583.68582,0.00064859079,-0.0010287379,-6.3389042,0,0
769,0.768,0,0,-0.038723729,0,-0,0,0,0,-0.031904826,0,0,0,0,0,-0.11646325,0,0,0,0.52,1.2917519,-0.32587719,-1.5592456,-2.6119774e-09,1.0718175e-08,0.7968179,-5.8392162e-09,9.3597704e-09,-2.3560635,0.0026798813,-6.9402052e-08,1.0908136e-07,-3.4891347e-05,0.11635713,2.6295362e-06,-4.1778613e-06,0.0024955642,-584.39428,0.00063897107,-0.0010133953,-6.3495645,0,0
770,0.769,0,0,-0.03875568,0,-0,0,0,0,-0.032003773,0,0,0,0,0,-0.10478618,0,0,0,0.52,1.2917527,-0.32590768,-1.5592429,-2.6409283e-09,1.0841641e-08,0.79682063,-5.9073012e-09,9.4667596e-09,-2.3560636,0.0027935537,-6.6769138e-08,1.0489856e-07,-3.2403195e-05,0.11456726,2.6317881e-06,-4.1811525e-06,0.0024906227,-585.09945,0.00062921075,-0.00099783077,-6.3603229,0,0
771,0.77,0,0,-0.038787725,0,-0,0,0,0,-0.032091128,0,0,0,0,0,-0.093165328,0,0,0,0.52,1.2917534,-0.3259382,-1.5592401,-2.6687302e-09,1.0960301e-08,0.79682348,-5.9727531e-09,9.5695657e-09,-2.3560636,0.002905399,-6.4135314e-08,1.007146e-07,-2.992109e-05,0.11275264,2.6331454e-06,-4.183026e-06,0.002484944,-585.80113,0.00061931423,-0.00098205126,-6.3711752,0,0
772,0.771,0,0,-0.038819851,0,-0,0,0,0,-0.032166952,0,0,0,0,0,-0.081604191,0,0,0,0.52,1.2917543,-0.32596875,-1.5592372,-2.695383e-09,1.1074152e-08,0.79682644,-6.0355714e-09,9.6681883e-09,-2.3560636,0.0030153938,-6.1501465e-08,9.6530871e-08,-2.7445763e-05,0.11091409,2.6336146e-06,-4.1834922e-06,0.0024785327,-586.4991,0.00060928589,-0.00096606377,-6.3821176,0,0
773,0.772,0,0,-0.038852047,0,-0,0,0,0,-0.032231309,0,0,0,0,0,-0.070106205,0,0,0,0.52,1.2917551,-0.32599931,-1.5592341,-2.7208872e-09,1.1183196e-08,0.79682951,-6.0957564e-09,9.7626283e-09,-2.3560636,0.0031235154,-5.8868468e-08,9.2348774e-08,-2.4977939e-05,0.1090524,2.6332027e-06,-4.1825621e-06,0.0024713935,-587.19316,0.00059913016,-0.00094987529,-6.393146,0,0
774,0.773,0,0,-0.038884302,0,-0,0,0,0,-0.032284268,0,0,0,0,0,-0.058674763,0,0,0,0.52,1.291756,-0.32602987,-1.559231,-2.7452434e-09,1.1287436e-08,0.79683269,-6.1533096e-09,9.8528882e-09,-2.3560637,0.0032297418,-5.6237195e-08,8.8169685e-08,-2.2518339e-05,0.1071684,2.6319166e-06,-4.1802468e-06,0.0024635315,-587.8831,0.00058885145,-0.00093349283,-6.4042565,0,0
775,0.774,0,0,-0.038916604,0,-0,0,0,0,-0.032325901,0,0,0,0,0,-0.047313208,0,0,0,0.52,1.2917569,-0.32606042,-1.5592277,-2.7684528e-09,1.1386875e-08,0.79683597,-6.208233e-09,9.9389714e-09,-2.3560637,0.0033340519,-5.3608508e-08,8.3994971e-08,-2.0067677e-05,0.10526289,2.6297635e-06,-4.1765579e-06,0.0024549517,-588.56872,0.00057845419,-0.00091692343,-6.4154451,0,0
776,0.775,0,0,-0.038948942,0,-0,0,0,0,-0.032356281,0,0,0,0,0,-0.036024832,0,0,0,0.52,1.2917579,-0.32609095,-1.5592243,-2.7905167e-09,1.1481519e-08,0.79683935,-6.2605296e-09,1.0020883e-08,-2.3560637,0.0034364255,-5.0983263e-08,7.9825989e-08,-1.7626663e-05,0.10333668,2.6267509e-06,-4.1715072e-06,0.0024456594,-589.24982,0.0005679428,-0.0009001741,-6.4267077,0,0
777,0.776,0,0,-0.038981306,0,-0,0,0,0,-0.032375488,0,0,0,0,0,-0.024812878,0,0,0,0.52,1.2917589,-0.32612145,-1.5592209,-2.8114371e-09,1.1571376e-08,0.79684284,-6.3102034e-09,1.009863e-08,-2.3560637,0.003536843,-4.8362309e-08,7.5664082e-08,-1.5196003e-05,0.1013906,2.6228865e-06,-4.165107e-06,0.0024356602,-589.92622,0.00055732171,-0.0008832519,-6.4380403,0,0
778,0.777,0,0,-0.039013682,0,-0,0,0,0,-0.032383603,0,0,0,0,0,-0.013680538,0,0,0,0.52,1.2917599,-0.32615192,-1.5592173,-2.8312162e-09,1.1656455e-08,0.79684643,-6.3572589e-09,1.0172219e-08,-2.3560637,0.0036352859,-4.5746485e-08,7.1510581e-08,-1.2776394e-05,0.099425445,2.6181783e-06,-4.1573701e-06,0.0024249596,-590.59771,0.00054659537,-0.00086616386,-6.4494389,0,0
779,0.778,0,0,-0.039046062,0,-0,0,0,0,-0.032380709,0,0,0,0,0,-0.0026309494,0,0,0,0.52,1.291761,-0.32618233,-1.5592136,-2.8498564e-09,1.1736765e-08,0.79685011,-6.4017019e-09,1.024166e-08,-2.3560637,0.0037317362,-4.3136622e-08,6.7366802e-08,-1.0368528e-05,0.097442038,2.6126344e-06,-4.1483092e-06,0.0024135634,-591.26412,0.00053576821,-0.00084891701,-6.4608994,0,0
780,0.779,0,0,-0.039078433,0,-0,0,0,0,-0.032366894,0,0,0,0,0,0.0083327998,0,0,0,0.52,1.291762,-0.32621268,-1.5592099,-2.8673607e-09,1.1812318e-08,0.79685389,-6.4435386e-09,1.0306963e-08,-2.3560638,0.003826177,-4.0533545e-08,6.323405e-08,-7.9730937e-06,0.09544119,2.606263e-06,-4.1379378e-06,0.0024014776,-591.92524,0.00052484465,-0.0008315184,-6.4724179,0,0
781,0.78,0,0,-0.039110785,0,-0,0,0,0,-0.032342249,0,0,0,0,0,0.019207677,0,0,0,0.52,1.2917631,-0.32624297,-1.559206,-2.8837324e-09,1.1883128e-08,0.79685776,-6.4827762e-09,1.036814e-08,-2.3560638,0.003918592,-3.7938067e-08,5.9113615e-08,-5.59077e-06,0.093423715,2.5990729e-06,-4.1262695e-06,0.0023887083,-592.58091,0.00051382914,-0.00081397506,-6.4839903,0,0
782,0.781,0,0,-0.039143107,0,-0,0,0,0,-0.032306867,0,0,0,0,0,0.029990702,0,0,0,0.52,1.2917643,-0.32627318,-1.559202,-2.8989751e-09,1.194921e-08,0.79686172,-6.5194227e-09,1.0425203e-08,-2.3560638,0.0040089658,-3.5350994e-08,5.5006772e-08,-3.2222311e-06,0.091390425,2.5910728e-06,-4.1133181e-06,0.002375262,-593.23094,0.00050272611,-0.00079629402,-6.4956125,0,0
783,0.782,0,0,-0.039175388,0,-0,0,0,0,-0.032260844,0,0,0,0,0,0.04067895,0,0,0,0.52,1.2917654,-0.32630329,-1.559198,-2.9130927e-09,1.2010579e-08,0.79686577,-6.553487e-09,1.0478168e-08,-2.3560638,0.0040972837,-3.2773123e-08,5.0914784e-08,-8.6814452e-07,0.089342131,2.5822715e-06,-4.099098e-06,0.0023611451,-593.87516,0.00049153996,-0.0007784823,-6.5072805,0,0
784,0.783,0,0,-0.039207618,0,-0,0,0,0,-0.032204279,0,0,0,0,0,0.051269552,0,0,0,0.52,1.2917666,-0.32633331,-1.5591939,-2.9260895e-09,1.2067254e-08,0.79686991,-6.5849785e-09,1.0527048e-08,-2.3560638,0.0041835321,-3.0205241e-08,4.6838898e-08,1.4708293e-06,0.087279642,2.5726784e-06,-4.0836236e-06,0.0023463643,-594.5134,0.00048027513,-0.0007605469,-6.5189902,0,0
785,0.784,0,0,-0.039239786,0,-0,0,0,0,-0.032137274,0,0,0,0,0,0.061759693,0,0,0,0.52,1.2917678,-0.32636323,-1.5591896,-2.9379702e-09,1.2119254e-08,0.79687414,-6.6139078e-09,1.0571862e-08,-2.3560638,0.004267698,-2.7648127e-08,4.2780345e-08,3.7940368e-06,0.085203767,2.5623027e-06,-4.06691e-06,0.0023309264,-595.14548,0.00046893602,-0.00074249483,-6.5307377,0,0
786,0.785,0,0,-0.039271882,0,-0,0,0,0,-0.032059934,0,0,0,0,0,0.072146615,0,0,0,0.52,1.2917691,-0.32639302,-1.5591853,-2.9487397e-09,1.2166598e-08,0.79687845,-6.6402859e-09,1.0612627e-08,-2.3560638,0.0043497691,-2.5102547e-08,3.8740341e-08,6.1008315e-06,0.083115312,2.5511539e-06,-4.0489721e-06,0.0023148386,-595.77125,0.00045752703,-0.00072433305,-6.5425188,0,0
787,0.786,0,0,-0.039303895,0,-0,0,0,0,-0.031972366,0,0,0,0,0,0.082427616,0,0,0,0.52,1.2917704,-0.32642269,-1.5591809,-2.9584033e-09,1.220931e-08,0.79688284,-6.6641248e-09,1.0649362e-08,-2.3560638,0.004429734,-2.2569261e-08,3.4720089e-08,8.3905742e-06,0.081015082,2.5392418e-06,-4.0298255e-06,0.002298108,-596.39054,0.00044605255,-0.00070606854,-6.5543296,0,0
788,0.787,0,0,-0.039335816,0,-0,0,0,0,-0.03187468,0,0,0,0,0,0.092600052,0,0,0,0.52,1.2917716,-0.32645223,-1.5591764,-2.9669667e-09,1.2247412e-08,0.79688731,-6.6854371e-09,1.0682087e-08,-2.3560637,0.0045075823,-2.0049018e-08,3.0720773e-08,1.0662633e-05,0.078903879,2.5265763e-06,-4.0094859e-06,0.0022807421,-597.00318,0.00043451694,-0.00068770824,-6.566166,0,0
789,0.788,0,0,-0.039367635,0,-0,0,0,0,-0.031766988,0,0,0,0,0,0.10266133,0,0,0,0.52,1.291773,-0.32648162,-1.5591719,-2.9744358e-09,1.2280929e-08,0.79689185,-6.7042363e-09,1.0710825e-08,-2.3560637,0.0045833041,-1.7542555e-08,2.6743562e-08,1.2916385e-05,0.076782501,2.5131675e-06,-3.9879692e-06,0.0022627485,-597.60904,0.00042292459,-0.00066925906,-6.578024,0,0
790,0.789,0,0,-0.03939934,0,-0,0,0,0,-0.031649405,0,0,0,0,0,0.11260893,0,0,0,0.52,1.2917743,-0.32651086,-1.5591672,-2.9808167e-09,1.2309887e-08,0.79689647,-6.7205364e-09,1.0735597e-08,-2.3560637,0.0046568905,-1.50506e-08,2.2789609e-08,1.5151213e-05,0.074651746,2.4990255e-06,-3.9652918e-06,0.0022441349,-598.20795,0.00041127982,-0.00065072791,-6.5898996,0,0
791,0.79,0,0,-0.039430924,0,-0,0,0,0,-0.031522049,0,0,0,0,0,0.12244038,0,0,0,0.52,1.2917757,-0.32653994,-1.5591625,-2.9861162e-09,1.2334314e-08,0.79690116,-6.7343523e-09,1.0756428e-08,-2.3560637,0.0047283332,-1.2573872e-08,1.886005e-08,1.736651e-05,0.072512408,2.4841608e-06,-3.94147e-06,0.0022249094,-598.79977,0.00039958698,-0.00063212165,-6.6017888,0,0
792,0.791,0,0,-0.039462375,0,-0,0,0,0,-0.031385039,0,0,0,0,0,0.13215326,0,0,0,0.52,1.291777,-0.32656885,-1.5591578,-2.9903411e-09,1.2354237e-08,0.79690592,-6.7456997e-09,1.0773342e-08,-2.3560637,0.0047976249,-1.0113076e-08,1.4956004e-08,1.9561675e-05,0.070365275,2.4685839e-06,-3.9165207e-06,0.00220508,-599.38435,0.00038785037,-0.00061344713,-6.6136876,0,0
793,0.792,0,0,-0.039493684,0,-0,0,0,0,-0.031238498,0,0,0,0,0,0.14174523,0,0,0,0.52,1.2917784,-0.32659758,-1.5591529,-2.9934984e-09,1.2369687e-08,0.79691076,-6.7545948e-09,1.0786366e-08,-2.3560637,0.004864759,-7.6689101e-09,1.1078573e-08,2.1736118e-05,0.068211136,2.4523055e-06,-3.8904609e-06,0.0021846552,-599.96155,0.00037607429,-0.00059471117,-6.625592,0,0
794,0.793,0,0,-0.039524842,0,-0,0,0,0,-0.03108255,0,0,0,0,0,0.15121398,0,0,0,0.52,1.2917799,-0.32662612,-1.559148,-2.9955958e-09,1.2380694e-08,0.79691565,-6.7610545e-09,1.0795527e-08,-2.3560636,0.0049297296,-5.2420581e-09,7.2288417e-09,2.3889255e-05,0.066050772,2.4353365e-06,-3.8633078e-06,0.0021636434,-600.53124,0.00036426302,-0.00057592054,-6.6374981,0,0
795,0.794,0,0,-0.03955584,0,-0,0,0,0,-0.030917321,0,0,0,0,0,0.16055728,0,0,0,0.52,1.2917813,-0.32665447,-1.559143,-2.996641e-09,1.2387292e-08,0.79692061,-6.7650965e-09,1.0800852e-08,-2.3560636,0.0049925316,-2.8331946e-09,3.4078772e-09,2.6020514e-05,0.063884963,2.4176879e-06,-3.8350789e-06,0.0021420532,-601.09328,0.0003524208,-0.00055708198,-6.6494018,0,0
796,0.795,0,0,-0.039586668,0,-0,0,0,0,-0.03074294,0,0,0,0,0,0.16977297,0,0,0,0.52,1.2917828,-0.32668262,-1.559138,-2.996642e-09,1.2389514e-08,0.79692563,-6.7667392e-09,1.0802372e-08,-2.3560636,0.0050531609,-4.429823e-10,-3.8327104e-10,2.8129327e-05,0.061714483,2.3993708e-06,-3.8057918e-06,0.0021198937,-601.64754,0.00034055187,-0.00053820222,-6.6612994,0,0
797,0.796,0,0,-0.039617317,0,-0,0,0,0,-0.030559538,0,0,0,0,0,0.17885892,0,0,0,0.52,1.2917843,-0.32671056,-1.5591328,-2.9956071e-09,1.2387395e-08,0.79693072,-6.7660015e-09,1.0800116e-08,-2.3560636,0.0051116138,1.9279271e-09,-4.1435719e-09,3.0215141e-05,0.059540103,2.3803965e-06,-3.7754645e-06,0.0020971738,-602.1939,0.00032866044,-0.00051928793,-6.6731868,0,0
798,0.797,0,0,-0.039647778,0,-0,0,0,0,-0.030367248,0,0,0,0,0,0.18781308,0,0,0,0.52,1.2917858,-0.32673827,-1.5591277,-2.9935451e-09,1.238097e-08,0.79693586,-6.762903e-09,1.0794116e-08,-2.3560635,0.0051678876,4.2788936e-09,-7.8720121e-09,3.2277408e-05,0.057362586,2.3607765e-06,-3.744115e-06,0.0020739027,-602.73223,0.00031675068,-0.00050034573,-6.6850601,0,0
799,0.798,0,0,-0.039678042,0,-0,0,0,0,-0.030166204,0,0,0,0,0,0.19663346,0,0,0,0.52,1.2917873,-0.32676577,-1.5591224,-2.9904647e-09,1.2370277e-08,0.79694105,-6.7574639e-09,1.0784404e-08,-2.3560635,0.0052219804,6.6092886e-09,-1.1567597e-08,3.4315592e-05,0.055182695,2.3405222e-06,-3.7117616e-06,0.0020500899,-603.26241,0.00030482675,-0.00048138222,-6.6969156,0,0
800,0.799,0,0,-0.039708102,0,-0,0,0,0,-0.029956544,0,0,0,0,0,0.20531812,0,0,0,0.52,1.2917888,-0.32679302,-1.5591172,-2.9863751e-09,1.2355354e-08,0.7969463,-6.7497053e-09,1.0771014e-08,-2.3560635,0.0052738908,8.9184954e-09,-1.5229351e-08,3.6329164e-05,0.053001184,2.3196453e-06,-3.6784229e-06,0.0020257449,-603.78433,0.00029289279,-0.00046240394,-6.7087493,0,0
801,0.8,0,0,-0.039737947,0,-0,0,0,0,-0.029738405,0,0,0,0,0,0.21386521,0,0,0,0.52,1.2917904,-0.32682004,-1.5591118,-2.9812858e-09,1.233624e-08,0.7969516,-6.7396484e-09,1.075398e-08,-2.3560634,0.0053236184,1.1205909e-08,-1.8856316e-08,3.8317608e-05,0.050818802,2.2981576e-06,-3.6441175e-06,0.0020008776,-604.29788,0.00028095288,-0.00044341741,-6.7205573,0,0
802,0.801,0,0,-0.03976757,0,-0,0,0,0,-0.029511928,0,0,0,0,0,0.22227289,0,0,0,0.52,1.2917919,-0.32684681,-1.5591064,-2.9752064e-09,1.2312976e-08,0.79695694,-6.7273155e-09,1.0733337e-08,-2.3560634,0.0053711635,1.3470937e-08,-2.2447553e-08,4.0280416e-05,0.048636296,2.2760709e-06,-3.6088643e-06,0.0019754977,-604.80295,0.00026901109,-0.00042442906,-6.732336,0,0
803,0.802,0,0,-0.039796962,0,-0,0,0,0,-0.029277255,0,0,0,0,0,0.23053944,0,0,0,0.52,1.2917935,-0.32687332,-1.559101,-2.9681469e-09,1.2285603e-08,0.79696234,-6.7127292e-09,1.0709121e-08,-2.3560633,0.0054165269,1.5712997e-08,-2.6002144e-08,4.221709e-05,0.046454402,2.2533973e-06,-3.5726822e-06,0.0019496154,-605.29943,0.00025707148,-0.00040544532,-6.7440815,0,0
804,0.803,0,0,-0.039826116,0,-0,0,0,0,-0.02903453,0,0,0,0,0,0.23866316,0,0,0,0.52,1.2917951,-0.32689957,-1.5590955,-2.9601175e-09,1.2254164e-08,0.79696777,-6.6959128e-09,1.0681369e-08,-2.3560633,0.0054597105,1.7931522e-08,-2.9519189e-08,4.4127144e-05,0.044273853,2.2301488e-06,-3.5355906e-06,0.001923241,-605.78723,0.00024513803,-0.00038647252,-6.75579,0,0
805,0.804,0,0,-0.039855024,0,-0,0,0,0,-0.028783898,0,0,0,0,0,0.24664243,0,0,0,0.52,1.2917967,-0.32692555,-1.55909,-2.9511285e-09,1.2218703e-08,0.79697325,-6.67689e-09,1.065012e-08,-2.3560633,0.0055007166,2.0125954e-08,-3.2997807e-08,4.6010101e-05,0.042095377,2.2063377e-06,-3.4976086e-06,0.0018963848,-606.26624,0.00023321473,-0.00036751698,-6.7674579,0,0
806,0.805,0,0,-0.039883676,0,-0,0,0,0,-0.028525506,0,0,0,0,0,0.25447567,0,0,0,0.52,1.2917983,-0.32695126,-1.5590844,-2.9411907e-09,1.2179264e-08,0.79697877,-6.6556852e-09,1.0615413e-08,-2.3560632,0.0055395485,2.2295749e-08,-3.6437136e-08,4.7865495e-05,0.039919692,2.1819761e-06,-3.4587557e-06,0.0018690574,-606.73638,0.00022130552,-0.00034858495,-6.7790814,0,0
807,0.806,0,0,-0.039912067,0,-0,0,0,0,-0.028259502,0,0,0,0,0,0.2621614,0,0,0,0.52,1.2918,-0.32697668,-1.5590788,-2.9303149e-09,1.2135892e-08,0.79698433,-6.6323234e-09,1.0577286e-08,-2.3560632,0.0055762099,2.4440376e-08,-3.9836336e-08,4.969287e-05,0.037747513,2.1570766e-06,-3.4190517e-06,0.0018412697,-607.19755,0.00020941429,-0.00032968261,-6.7906569,0,0
808,0.807,0,0,-0.039940188,0,-0,0,0,0,-0.027986035,0,0,0,0,0,0.26969817,0,0,0,0.52,1.2918016,-0.32700182,-1.5590732,-2.9185123e-09,1.2088635e-08,0.79698992,-6.6068299e-09,1.053578e-08,-2.3560631,0.0056107055,2.6559315e-08,-4.3194584e-08,5.1491784e-05,0.035579545,2.1316515e-06,-3.3785163e-06,0.0018130324,-607.64968,0.00019754492,-0.0003108161,-6.8021808,0,0
809,0.808,0,0,-0.039968032,0,-0,0,0,0,-0.027705257,0,0,0,0,0,0.2770846,0,0,0,0.52,1.2918033,-0.32702666,-1.5590675,-2.9057942e-09,1.2037539e-08,0.79699555,-6.5792307e-09,1.0490938e-08,-2.3560631,0.0056430404,2.8652059e-08,-4.651108e-08,5.3261803e-05,0.033416489,2.1057134e-06,-3.3371693e-06,0.0017843565,-608.09267,0.00018570124,-0.0002919915,-6.8136493,0,0
810,0.809,0,0,-0.039995591,0,-0,0,0,0,-0.027417321,0,0,0,0,0,0.28431937,0,0,0,0.52,1.291805,-0.3270512,-1.5590618,-2.8921723e-09,1.1982654e-08,0.79700121,-6.5495522e-09,1.04428e-08,-2.356063,0.0056732207,3.0718115e-08,-4.9785042e-08,5.5002504e-05,0.031259038,2.0792749e-06,-3.2950307e-06,0.0017552534,-608.52645,0.00017388704,-0.00027321481,-6.8250591,0,0
811,0.81,0,0,-0.040022859,0,-0,0,0,0,-0.027122378,0,0,0,0,0,0.29140124,0,0,0,0.52,1.2918066,-0.32707543,-1.559056,-2.8776582e-09,1.1924028e-08,0.79700689,-6.5178214e-09,1.0391411e-08,-2.3560629,0.005701253,3.2757001e-08,-5.3015707e-08,5.6713479e-05,0.029107876,2.0523486e-06,-3.2521207e-06,0.0017257343,-608.95094,0.00016210607,-0.000254492,-6.8364065,0,0
812,0.811,0,0,-0.040049829,0,-0,0,0,0,-0.026820586,0,0,0,0,0,0.298329,0,0,0,0.52,1.2918083,-0.32709935,-1.5590503,-2.8622639e-09,1.1861711e-08,0.79701261,-6.4840656e-09,1.0336813e-08,-2.3560629,0.0057271446,3.4768247e-08,-5.6202336e-08,5.8394328e-05,0.026963681,2.0249474e-06,-3.2084595e-06,0.0016958106,-609.36609,0.00015036204,-0.00023582895,-6.847688,0,0
813,0.812,0,0,-0.040076494,0,-0,0,0,0,-0.026512098,0,0,0,0,0,0.30510152,0,0,0,0.52,1.29181,-0.32712295,-1.5590445,-2.8460017e-09,1.1795755e-08,0.79701835,-6.4483128e-09,1.0279051e-08,-2.3560628,0.0057509035,3.67514e-08,-5.9344207e-08,6.0044664e-05,0.024827124,1.997084e-06,-3.1640673e-06,0.0016654941,-609.7718,0.00013865864,-0.00021723149,-6.8589003,0,0
814,0.813,0,0,-0.040102846,0,-0,0,0,0,-0.026197072,0,0,0,0,0,0.31171774,0,0,0,0.52,1.2918117,-0.32714623,-1.5590387,-2.828884e-09,1.1726211e-08,0.79702411,-6.4105911e-09,1.0218169e-08,-2.3560628,0.0057725382,3.8706015e-08,-6.2440621e-08,6.1664111e-05,0.022698867,1.9687713e-06,-3.1189646e-06,0.0016347963,-610.16804,0.00012699948,-0.00019870536,-6.8700399,0,0
815,0.814,0,0,-0.040128881,0,-0,0,0,0,-0.025875666,0,0,0,0,0,0.31817663,0,0,0,0.52,1.2918134,-0.32716917,-1.5590328,-2.8109232e-09,1.1653132e-08,0.79702989,-6.3709295e-09,1.0154215e-08,-2.3560627,0.0057920581,4.0631662e-08,-6.5490896e-08,6.3252307e-05,0.020579564,1.9400221e-06,-3.0731719e-06,0.0016037293,-610.55473,0.00011538816,-0.00018025627,-6.8811034,0,0
816,0.815,0,0,-0.040154591,0,-0,0,0,0,-0.025548038,0,0,0,0,0,0.32447727,0,0,0,0.52,1.2918151,-0.32719179,-1.559027,-2.7921322e-09,1.1576571e-08,0.79703569,-6.329357e-09,1.0087234e-08,-2.3560626,0.0058094731,4.2527925e-08,-6.8494375e-08,6.48089e-05,0.018469861,1.9108496e-06,-3.0267096e-06,0.001572305,-610.93181,0.00010382822,-0.00016188983,-6.8920875,0,0
817,0.816,0,0,-0.040179971,0,-0,0,0,0,-0.025214349,0,0,0,0,0,0.33061875,0,0,0,0.52,1.2918169,-0.32721406,-1.5590211,-2.7725239e-09,1.1496582e-08,0.79704151,-6.2859032e-09,1.0017273e-08,-2.3560626,0.0058247938,4.43944e-08,-7.1450418e-08,6.6333551e-05,0.016370397,1.8812666e-06,-2.9795985e-06,0.0015405354,-611.29925,9.2323159e-05,-0.00014361158,-6.9029889,0,0
818,0.817,0,0,-0.040205014,0,-0,0,0,0,-0.024874758,0,0,0,0,0,0.33660025,0,0,0,0.52,1.2918186,-0.32723599,-1.5590152,-2.7521115e-09,1.141322e-08,0.79704734,-6.2405982e-09,9.9443809e-09,-2.3560625,0.0058380313,4.6230696e-08,-7.4358407e-08,6.7825932e-05,0.014281801,1.8512861e-06,-2.9318592e-06,0.0015084329,-611.65698,8.0876426e-05,-0.00012542701,-6.9138044,0,0
819,0.818,0,0,-0.040229715,0,-0,0,0,0,-0.024529426,0,0,0,0,0,0.342421,0,0,0,0.52,1.2918203,-0.32725757,-1.5590093,-2.730908e-09,1.1326542e-08,0.79705318,-6.1934722e-09,9.868605e-09,-2.3560624,0.0058491974,4.8036435e-08,-7.7217746e-08,6.928573e-05,0.012204694,1.8209214e-06,-2.8835124e-06,0.0014760098,-612.00496,6.9491433e-05,-0.00010734152,-6.9245308,0,0
820,0.819,0,0,-0.040254067,0,-0,0,0,0,-0.024178516,0,0,0,0,0,0.3480803,0,0,0,0.52,1.2918221,-0.3272788,-1.5590033,-2.7089272e-09,1.1236602e-08,0.79705903,-6.144556e-09,9.7899944e-09,-2.3560624,0.0058583046,4.9811253e-08,-8.0027859e-08,7.0712643e-05,0.010139687,1.7901854e-06,-2.8345789e-06,0.0014432785,-612.34316,5.8171538e-05,-8.9360427e-05,-6.9351649,0,0
821,0.82,0,0,-0.040278066,0,-0,0,0,0,-0.02382219,0,0,0,0,0,0.35357751,0,0,0,0.52,1.2918238,-0.32729967,-1.5589974,-2.6861824e-09,1.1143457e-08,0.79706489,-6.0938808e-09,9.7085987e-09,-2.3560623,0.0058653658,5.1554797e-08,-8.2788188e-08,7.2106381e-05,0.0080873855,1.7590913e-06,-2.7850796e-06,0.0014102515,-612.67153,4.6920054e-05,-7.1488995e-05,-6.9457037,0,0
822,0.821,0,0,-0.040301706,0,-0,0,0,0,-0.023460611,0,0,0,0,0,0.35891203,0,0,0,0.52,1.2918256,-0.32732018,-1.5589915,-2.6626875e-09,1.1047166e-08,0.79707076,-6.0414779e-09,9.6244681e-09,-2.3560622,0.0058703947,5.326673e-08,-8.5498201e-08,7.3466668e-05,0.0060483823,1.7276522e-06,-2.7350352e-06,0.0013769415,-612.99005,3.5740245e-05,-5.3732396e-05,-6.956144,0,0
823,0.822,0,0,-0.040324982,0,-0,0,0,0,-0.023093942,0,0,0,0,0,0.36408334,0,0,0,0.52,1.2918273,-0.32734032,-1.5589855,-2.6384563e-09,1.0947786e-08,0.79707663,-5.9873791e-09,9.5376529e-09,-2.3560621,0.0058734054,5.4946726e-08,-8.8157384e-08,7.4793239e-05,0.0040232631,1.6958814e-06,-2.6844667e-06,0.0013433612,-613.29867,2.4635326e-05,-3.6095726e-05,-6.9664829,0,0
824,0.823,0,0,-0.040347889,0,-0,0,0,0,-0.022722347,0,0,0,0,0,0.36909098,0,0,0,0.52,1.2918291,-0.32736009,-1.5589796,-2.613503e-09,1.0845376e-08,0.79708251,-5.9316165e-09,9.4482044e-09,-2.3560621,0.0058744127,5.6594473e-08,-9.0765243e-08,7.6085843e-05,0.0020126036,1.6637919e-06,-2.6333949e-06,0.0013095234,-613.59738,1.3608461e-05,-1.8584004e-05,-6.9767175,0,0
825,0.824,0,0,-0.040370422,0,-0,0,0,0,-0.022345991,0,0,0,0,0,0.37393453,0,0,0,0.52,1.2918308,-0.32737949,-1.5589736,-2.5878415e-09,1.0739995e-08,0.79708838,-5.8742225e-09,9.356174e-09,-2.356062,0.0058734319,5.8209672e-08,-9.3321307e-08,7.7344243e-05,1.6970552e-05,1.631397e-06,-2.5818408e-06,0.001275441,-613.88614,2.6627652e-06,-1.2021655e-06,-6.9868448,0,0
826,0.825,0,0,-0.040392577,0,-0,0,0,0,-0.021965038,0,0,0,0,0,0.37861365,0,0,0,0.52,1.2918325,-0.3273985,-1.5589677,-2.5614864e-09,1.0631704e-08,0.79709425,-5.8152299e-09,9.2616138e-09,-2.3560619,0.0058704788,5.9792039e-08,-9.5825124e-08,7.8568213e-05,-0.001963079,1.5987098e-06,-2.5298252e-06,0.001241127,-614.16495,-8.1986998e-06,1.6044932e-05,-6.9968621,0,0
827,0.826,0,0,-0.040414348,0,-0,0,0,0,-0.021579653,0,0,0,0,0,0.38312805,0,0,0,0.52,1.2918343,-0.32741714,-1.5589617,-2.5344519e-09,1.0520561e-08,0.79710012,-5.7546714e-09,9.1645762e-09,-2.3560618,0.0058655698,6.1341299e-08,-9.8276265e-08,7.9757541e-05,-0.0039269977,1.5657435e-06,-2.4773691e-06,0.0012065944,-614.43378,-1.8972923e-05,3.3152517e-05,-7.0067664,0,0
828,0.827,0,0,-0.040435732,0,-0,0,0,0,-0.02119,0,0,0,0,0,0.38747749,0,0,0,0.52,1.291836,-0.3274354,-1.5589558,-2.5067525e-09,1.0406628e-08,0.79710598,-5.6925805e-09,9.0651141e-09,-2.3560618,0.0058587219,6.2857194e-08,-1.0067432e-07,8.0912028e-05,-0.0058742478,1.5325112e-06,-2.4244933e-06,0.0011718563,-614.69263,-2.9656945e-05,5.0115898e-05,-7.0165552,0,0
829,0.828,0,0,-0.040456724,0,-0,0,0,0,-0.020796246,0,0,0,0,0,0.3916618,0,0,0,0.52,1.2918378,-0.32745326,-1.5589498,-2.478403e-09,1.0289966e-08,0.79711183,-5.6289905e-09,8.9632808e-09,-2.3560617,0.0058499526,6.4339478e-08,-1.030189e-07,8.2031489e-05,-0.0078043013,1.4990262e-06,-2.3712188e-06,0.0011369259,-614.94147,-4.0247862e-05,6.693047e-05,-7.0262256,0,0
830,0.829,0,0,-0.04047732,0,-0,0,0,0,-0.020398556,0,0,0,0,0,0.39568085,0,0,0,0.52,1.2918395,-0.32747074,-1.5589439,-2.4494182e-09,1.0170637e-08,0.79711768,-5.5639353e-09,8.85913e-09,-2.3560616,0.0058392798,6.5787917e-08,-1.0530964e-07,8.311575e-05,-0.0097166403,1.4653016e-06,-2.3175663e-06,0.0011018163,-615.18032,-5.0742822e-05,8.3591714e-05,-7.0357752,0,0
831,0.83,0,0,-0.040497517,0,-0,0,0,0,-0.019997095,0,0,0,0,0,0.3995346,0,0,0,0.52,1.2918413,-0.32748782,-1.558938,-2.4198127e-09,1.0048703e-08,0.79712351,-5.4974486e-09,8.7527155e-09,-2.3560615,0.005826722,6.7202292e-08,-1.0754619e-07,8.4164653e-05,-0.011610757,1.4313505e-06,-2.2635568e-06,0.0010665407,-615.40915,-6.1139028e-05,0.00010009519,-7.0452012,0,0
832,0.831,0,0,-0.040517311,0,-0,0,0,0,-0.019592027,0,0,0,0,0,0.40322304,0,0,0,0.52,1.291843,-0.32750451,-1.5589321,-2.3896016e-09,9.9242255e-09,0.79712933,-5.4295648e-09,8.6440919e-09,-2.3560614,0.0058122981,6.8582396e-08,-1.0972823e-07,8.5178052e-05,-0.013486153,1.397186e-06,-2.2092109e-06,0.0010311126,-615.62799,-7.1433737e-05,0.00011643657,-7.0545014,0,0
833,0.832,0,0,-0.040536697,0,-0,0,0,0,-0.019183519,0,0,0,0,0,0.4067462,0,0,0,0.52,1.2918448,-0.32752079,-1.5589262,-2.3588e-09,9.7972683e-09,0.79713513,-5.3603182e-09,8.5333137e-09,-2.3560613,0.0057960277,6.9928035e-08,-1.1185545e-07,8.6155813e-05,-0.015342342,1.3628212e-06,-2.1545495e-06,0.00099554511,-615.83682,-8.1624262e-05,0.00013261157,-7.0636731,0,0
834,0.833,0,0,-0.040555674,0,-0,0,0,0,-0.018771736,0,0,0,0,0,0.41010422,0,0,0,0.52,1.2918465,-0.32753668,-1.5589203,-2.3274228e-09,9.6678943e-09,0.79714092,-5.2897433e-09,8.420436e-09,-2.3560613,0.0057779306,7.1239028e-08,-1.1392757e-07,8.7097818e-05,-0.017178845,1.3282691e-06,-2.0995932e-06,0.00095985166,-616.03566,-9.1707972e-05,0.00014861603,-7.072714,0,0
835,0.834,0,0,-0.040574238,0,-0,0,0,0,-0.018356843,0,0,0,0,0,0.41329723,0,0,0,0.52,1.2918482,-0.32755217,-1.5589145,-2.2954854e-09,9.5361667e-09,0.79714669,-5.2178749e-09,8.3055138e-09,-2.3560612,0.0057580272,7.2515207e-08,-1.1594431e-07,8.8003961e-05,-0.018995196,1.2935428e-06,-2.0443627e-06,0.00092404559,-616.22452,-0.00010168229,0.00016444588,-7.0816218,0,0
836,0.835,0,0,-0.040592385,0,-0,0,0,0,-0.017939003,0,0,0,0,0,0.41632547,0,0,0,0.52,1.2918499,-0.32756724,-1.5589086,-2.263003e-09,9.4021495e-09,0.79715243,-5.1447478e-09,8.1886028e-09,-2.3560611,0.0057363384,7.3756419e-08,-1.1790545e-07,8.8874148e-05,-0.020790938,1.2586551e-06,-1.9888785e-06,0.00088814027,-616.40341,-0.0001115447,0.00018009711,-7.0903942,0,0
837,0.836,0,0,-0.040610113,0,-0,0,0,0,-0.017518382,0,0,0,0,0,0.41918919,0,0,0,0.52,1.2918517,-0.32758191,-1.5589028,-2.2299908e-09,9.2659066e-09,0.79715816,-5.0703971e-09,8.0697587e-09,-2.356061,0.0057128854,7.496252e-08,-1.1981075e-07,8.9708302e-05,-0.022565626,1.2236191e-06,-1.9331612e-06,0.00085214908,-616.57235,-0.00012129274,0.00019556583,-7.0990291,0,0
838,0.837,0,0,-0.040627419,0,-0,0,0,0,-0.017095143,0,0,0,0,0,0.42188873,0,0,0,0.52,1.2918534,-0.32759618,-1.558897,-2.1964644e-09,9.1275022e-09,0.79716386,-4.9948579e-09,7.9490373e-09,-2.3560609,0.00568769,7.6133381e-08,-1.2166002e-07,9.0506355e-05,-0.024318824,1.1884475e-06,-1.8772311e-06,0.0008160854,-616.73137,-0.00013092401,0.00021084823,-7.1075243,0,0
839,0.838,0,0,-0.040644301,0,-0,0,0,0,-0.016669451,0,0,0,0,0,0.42442446,0,0,0,0.52,1.2918551,-0.32761003,-1.5588913,-2.1624391e-09,8.9870008e-09,0.79716953,-4.9181656e-09,7.8264947e-09,-2.3560608,0.0056607743,7.7268888e-08,-1.2345307e-07,9.1268257e-05,-0.026050107,1.1531533e-06,-1.8211087e-06,0.0007799626,-616.88048,-0.00014043616,0.00022594059,-7.1158777,0,0
840,0.839,0,0,-0.040660755,0,-0,0,0,0,-0.016241468,0,0,0,0,0,0.42679681,0,0,0,0.52,1.2918568,-0.32762347,-1.5588855,-2.1279305e-09,8.8444671e-09,0.79717518,-4.8403556e-09,7.7021874e-09,-2.3560607,0.0056321607,7.8368935e-08,-1.2518973e-07,9.1993966e-05,-0.027759062,1.1177492e-06,-1.7648142e-06,0.00074379405,-617.01972,-0.0001498269,0.00024083929,-7.1240874,0,0
841,0.84,0,0,-0.040676781,0,-0,0,0,0,-0.015811357,0,0,0,0,0,0.42900627,0,0,0,0.52,1.2918585,-0.3276365,-1.5588798,-2.0929541e-09,8.699966e-09,0.79718079,-4.7614633e-09,7.5761717e-09,-2.3560606,0.0056018723,7.9433432e-08,-1.2686988e-07,9.2683459e-05,-0.029445285,1.0822478e-06,-1.7083678e-06,0.00070759309,-617.1491,-0.000159094,0.0002555408,-7.1321513,0,0
842,0.841,0,0,-0.040692376,0,-0,0,0,0,-0.01537928,0,0,0,0,0,0.43105335,0,0,0,0.52,1.2918601,-0.32764911,-1.5588742,-2.0575254e-09,8.5535624e-09,0.79718638,-4.6815243e-09,7.4485042e-09,-2.3560605,0.0055699324,8.0462301e-08,-1.2849338e-07,9.3336722e-05,-0.031108383,1.046662e-06,-1.6517896e-06,0.00067137303,-617.26868,-0.00016823529,0.00027004168,-7.1400677,0,0
843,0.842,0,0,-0.040707538,0,-0,0,0,0,-0.014945399,0,0,0,0,0,0.43293865,0,0,0,0.52,1.2918618,-0.3276613,-1.5588685,-2.0216601e-09,8.4053215e-09,0.79719193,-4.6005743e-09,7.3192417e-09,-2.3560604,0.0055363646,8.1455476e-08,-1.3006013e-07,9.3953756e-05,-0.032747976,1.0110041e-06,-1.5950994e-06,0.00063514717,-617.37848,-0.00017724866,0.00028433858,-7.1478347,0,0
844,0.843,0,0,-0.040722265,0,-0,0,0,0,-0.014509874,0,0,0,0,0,0.4346628,0,0,0,0.52,1.2918635,-0.32767308,-1.5588629,-1.9853738e-09,8.2553085e-09,0.79719745,-4.518649e-09,7.1884408e-09,-2.3560603,0.0055011931,8.2412904e-08,-1.3157006e-07,9.4534576e-05,-0.034363692,9.7528679e-07,-1.5383172e-06,0.00059892875,-617.47854,-0.00018613207,0.00029842826,-7.1554505,0,0
845,0.844,0,0,-0.040736556,0,-0,0,0,0,-0.014072866,0,0,0,0,0,0.43622648,0,0,0,0.52,1.2918651,-0.32768445,-1.5588573,-1.9486821e-09,8.1035887e-09,0.79720293,-4.4357843e-09,7.0561584e-09,-2.3560602,0.0054644422,8.3334544e-08,-1.3302309e-07,9.5079208e-05,-0.035955172,9.3952245e-07,-1.4814628e-06,0.00056273098,-617.5689,-0.00019488351,0.00031230755,-7.1629136,0,0
846,0.845,0,0,-0.04075041,0,-0,0,0,0,-0.013634533,0,0,0,0,0,0.43763043,0,0,0,0.52,1.2918668,-0.32769539,-1.5588518,-1.9116008e-09,7.9502275e-09,0.79720838,-4.3520158e-09,6.9224515e-09,-2.3560602,0.0054261366,8.4220368e-08,-1.344192e-07,9.5587693e-05,-0.037522068,9.0372343e-07,-1.4245557e-06,0.00052656701,-617.64962,-0.00020350105,0.00032597341,-7.1702222,0,0
847,0.846,0,0,-0.040763824,0,-0,0,0,0,-0.013195035,0,0,0,0,0,0.43887542,0,0,0,0.52,1.2918684,-0.32770592,-1.5588463,-1.8741455e-09,7.7952903e-09,0.79721378,-4.2673793e-09,6.7873769e-09,-2.3560601,0.0053863016,8.507036e-08,-1.3575834e-07,9.6060084e-05,-0.039064041,8.6790202e-07,-1.3676154e-06,0.00049044994,-617.72074,-0.00021198283,0.00033942286,-7.1773749,0,0
848,0.847,0,0,-0.040776799,0,-0,0,0,0,-0.01275453,0,0,0,0,0,0.43996227,0,0,0,0.52,1.29187,-0.32771603,-1.5588408,-1.8363319e-09,7.6388425e-09,0.79721915,-4.1819109e-09,6.6509917e-09,-2.35606,0.0053449625,8.5884514e-08,-1.3704053e-07,9.6496449e-05,-0.040580766,8.320704e-07,-1.3106613e-06,0.0004543928,-617.7823,-0.00022032703,0.00035265304,-7.1843702,0,0
849,0.848,0,0,-0.040789332,0,-0,0,0,0,-0.012313173,0,0,0,0,0,0.44089188,0,0,0,0.52,1.2918716,-0.32772572,-1.5588354,-1.7981757e-09,7.4809497e-09,0.79722447,-4.0956462e-09,6.5133528e-09,-2.3560599,0.005302145,8.666284e-08,-1.3826576e-07,9.6896865e-05,-0.042071926,7.9624069e-07,-1.2537125e-06,0.00041840856,-617.83438,-0.00022853189,0.00036566118,-7.1912067,0,0
850,0.849,0,0,-0.040801424,0,-0,0,0,0,-0.011871121,0,0,0,0,0,0.44166515,0,0,0,0.52,1.2918732,-0.32773499,-1.55883,-1.7596926e-09,7.3216771e-09,0.79722975,-4.008621e-09,6.3745171e-09,-2.3560598,0.0052578751,8.7405357e-08,-1.3943409e-07,9.7261426e-05,-0.043537218,7.6042488e-07,-1.1967883e-06,0.0003825101,-617.87701,-0.00023659574,0.00037844459,-7.197883,0,0
851,0.85,0,0,-0.040813074,0,-0,0,0,0,-0.011428529,0,0,0,0,0,0.44228305,0,0,0,0.52,1.2918748,-0.32774385,-1.5588247,-1.7208983e-09,7.1610901e-09,0.79723499,-3.9208712e-09,6.2345415e-09,-2.3560597,0.0052121792,8.8112097e-08,-1.4054556e-07,9.7590236e-05,-0.044976349,7.2463491e-07,-1.1399074e-06,0.00034671023,-617.91026,-0.00024451692,0.00039100071,-7.2043979,0,0
852,0.851,0,0,-0.040824281,0,-0,0,0,0,-0.010985551,0,0,0,0,0,0.44274659,0,0,0,0.52,1.2918764,-0.32775228,-1.5588194,-1.6818084e-09,6.999254e-09,0.79724018,-3.8324326e-09,6.0934828e-09,-2.3560596,0.0051650838,8.8783103e-08,-1.4160024e-07,9.7883414e-05,-0.046389035,6.8888257e-07,-1.0830887e-06,0.00031102167,-617.9342,-0.00025229389,0.00040332704,-7.2107502,0,0
853,0.852,0,0,-0.040835045,0,-0,0,0,0,-0.010542339,0,0,0,0,0,0.44305683,0,0,0,0.52,1.2918779,-0.3277603,-1.5588142,-1.6424386e-09,6.836234e-09,0.79724532,-3.7433407e-09,5.9513978e-09,-2.3560595,0.0051166158,8.9418432e-08,-1.4259822e-07,9.8141088e-05,-0.047775006,6.5317961e-07,-1.0263507e-06,0.00027545705,-617.94888,-0.00025992512,0.0004154212,-7.2169387,0,0
854,0.853,0,0,-0.040845365,0,-0,0,0,0,-0.010099045,0,0,0,0,0,0.44321487,0,0,0,0.52,1.2918795,-0.3277679,-1.558809,-1.6028045e-09,6.6720952e-09,0.79725041,-3.6536313e-09,5.808343e-09,-2.3560594,0.0050668023,9.0018148e-08,-1.4353961e-07,9.8363403e-05,-0.049134003,6.1753762e-07,-9.6971196e-07,0.00024002888,-617.95439,-0.00026740917,0.0004272809,-7.2229624,0,0
855,0.854,0,0,-0.040855243,0,-0,0,0,0,-0.0096558196,0,0,0,0,0,0.44322185,0,0,0,0.52,1.291881,-0.32777509,-1.5588038,-1.5629217e-09,6.5069025e-09,0.79725545,-3.56334e-09,5.6643751e-09,-2.3560593,0.0050156707,9.0582332e-08,-1.4442454e-07,9.8550513e-05,-0.050465777,5.8196812e-07,-9.1319069e-07,0.00020474958,-617.95077,-0.00027474466,0.00043890395,-7.2288204,0,0
856,0.855,0,0,-0.040864677,0,-0,0,0,0,-0.0092128121,0,0,0,0,0,0.44307895,0,0,0,0.52,1.2918825,-0.32778186,-1.5587987,-1.5228056e-09,6.3407206e-09,0.79726044,-3.4725022e-09,5.5195504e-09,-2.3560592,0.0049632484,9.1111071e-08,-1.4525315e-07,9.8702585e-05,-0.05177009,5.4648249e-07,-8.5680498e-07,0.00016963145,-617.93812,-0.00028193025,0.00045028825,-7.2345117,0,0
857,0.856,0,0,-0.040873669,0,-0,0,0,0,-0.0087701705,0,0,0,0,0,0.44278741,0,0,0,0.52,1.291884,-0.32778821,-1.5587937,-1.4824719e-09,6.1736142e-09,0.79726537,-3.3811532e-09,5.373925e-09,-2.3560591,0.0049095634,9.1604468e-08,-1.4602561e-07,9.88198e-05,-0.053046716,5.1109201e-07,-8.0057275e-07,0.00013468669,-617.9165,-0.00028896468,0.0004614318,-7.2400353,0,0
858,0.857,0,0,-0.040882218,0,-0,0,0,0,-0.0083280415,0,0,0,0,0,0.44234847,0,0,0,0.52,1.2918855,-0.32779416,-1.5587887,-1.441936e-09,6.0056478e-09,0.79727026,-3.2893285e-09,5.2275552e-09,-2.356059,0.0048546436,9.2062634e-08,-1.4674209e-07,9.8902347e-05,-0.054295439,4.7580786e-07,-7.4451175e-07,9.9927345e-05,-617.88599,-0.00029584674,0.00047233269,-7.2453907,0,0
859,0.858,0,0,-0.040890325,0,-0,0,0,0,-0.0078865705,0,0,0,0,0,0.44176346,0,0,0,0.52,1.2918869,-0.32779968,-1.5587838,-1.4012133e-09,5.8368854e-09,0.79727508,-3.1970631e-09,5.0804967e-09,-2.3560589,0.0047985172,9.2485691e-08,-1.4740279e-07,9.8950432e-05,-0.055516056,4.4064108e-07,-6.886395e-07,6.5365359e-05,-617.84667,-0.0003025753,0.00048298913,-7.250577,0,0
860,0.859,0,0,-0.040897992,0,-0,0,0,0,-0.0074459017,0,0,0,0,0,0.44103371,0,0,0,0.52,1.2918884,-0.3278048,-1.5587789,-1.3603191e-09,5.667391e-09,0.79727985,-3.1043922e-09,4.9328053e-09,-2.3560588,0.0047412127,9.2873775e-08,-1.4800793e-07,9.8964268e-05,-0.056708374,4.0560258e-07,-6.3297336e-07,3.1012522e-05,-617.79863,-0.00030914927,0.00049339941,-7.2555936,0,0
861,0.86,0,0,-0.040905218,0,-0,0,0,0,-0.0070061777,0,0,0,0,0,0.44016061,0,0,0,0.52,1.2918898,-0.32780951,-1.5587741,-1.3192688e-09,5.4972285e-09,0.79728456,-3.0113505e-09,4.7845363e-09,-2.3560587,0.0046827586,9.3227028e-08,-1.4855774e-07,9.8944082e-05,-0.05787221,3.7070317e-07,-5.7753048e-07,-3.1195091e-06,-617.74194,-0.00031556762,0.0005035619,-7.26044,0,0
862,0.861,0,0,-0.040912005,0,-0,0,0,0,-0.0065675396,0,0,0,0,0,0.43914557,0,0,0,0.52,1.2918912,-0.32781382,-1.5587694,-1.2780776e-09,5.326461e-09,0.79728922,-2.9179729e-09,4.635745e-09,-2.3560586,0.0046231836,9.3545607e-08,-1.4905247e-07,9.8890113e-05,-0.059007393,3.3595351e-07,-5.2232779e-07,-3.7019225e-05,-617.6767,-0.00032182939,0.0005134751,-7.2651156,0,0
863,0.862,0,0,-0.040918354,0,-0,0,0,0,-0.0061301273,0,0,0,0,0,0.43799007,0,0,0,0.52,1.2918926,-0.32781771,-1.5587647,-1.2367607e-09,5.1551519e-09,0.79729381,-2.8242939e-09,4.4864863e-09,-2.3560585,0.0045625166,9.3829676e-08,-1.4949238e-07,9.880261e-05,-0.060113765,3.0136415e-07,-4.6738206e-07,-7.0675268e-05,-617.60299,-0.00032793369,0.00052313758,-7.26962,0,0
864,0.863,0,0,-0.040924267,0,-0,0,0,0,-0.0056940789,0,0,0,0,0,0.43669559,0,0,0,0.52,1.291894,-0.3278212,-1.55876,-1.1953331e-09,4.983364e-09,0.79729834,-2.7303479e-09,4.3368149e-09,-2.3560584,0.0045007868,9.4079413e-08,-1.4987775e-07,9.8681833e-05,-0.061191175,2.6694548e-07,-4.1270979e-07,-0.00010407643,-617.52091,-0.00033387967,0.00053254802,-7.2739528,0,0
865,0.864,0,0,-0.040929744,0,-0,0,0,0,-0.0052595312,0,0,0,0,0,0.43526365,0,0,0,0.52,1.2918954,-0.32782429,-1.5587555,-1.1538098e-09,4.8111596e-09,0.79730281,-2.6361693e-09,4.1867852e-09,-2.3560583,0.0044380231,9.4295001e-08,-1.5020889e-07,9.8528054e-05,-0.062239487,2.3270778e-07,-3.5832731e-07,-0.00013721169,-617.43055,-0.00033966654,0.00054170518,-7.2781137,0,0
866,0.865,0,0,-0.040934787,0,-0,0,0,0,-0.0048266193,0,0,0,0,0,0.43369584,0,0,0,0.52,1.2918967,-0.32782698,-1.558751,-1.1122058e-09,4.638601e-09,0.79730721,-2.541792e-09,4.0364512e-09,-2.3560582,0.004374255,9.4476639e-08,-1.504861e-07,9.8341554e-05,-0.063258572,1.9866118e-07,-3.0425071e-07,-0.00017007016,-617.332,-0.0003452936,0.00055060795,-7.2821025,0,0
867,0.866,0,0,-0.040939399,0,-0,0,0,0,-0.0043954766,0,0,0,0,0,0.43199373,0,0,0,0.52,1.2918981,-0.32782928,-1.5587465,-1.0705359e-09,4.4657499e-09,0.79731156,-2.4472498e-09,3.8858667e-09,-2.3560581,0.0043095118,9.4624532e-08,-1.5070972e-07,9.8122628e-05,-0.064248316,1.6481566e-07,-2.5049586e-07,-0.00020264113,-617.22537,-0.00035076017,0.00055925526,-7.2859191,0,0
868,0.867,0,0,-0.04094358,0,-0,0,0,0,-0.0039662351,0,0,0,0,0,0.43015896,0,0,0,0.52,1.2918994,-0.32783117,-1.5587422,-1.0288149e-09,4.2926676e-09,0.79731583,-2.3525765e-09,3.7350852e-09,-2.356058,0.0042438231,9.4738896e-08,-1.5088009e-07,9.7871577e-05,-0.065208612,1.3118109e-07,-1.9707841e-07,-0.0002349141,-617.11075,-0.00035606565,0.00056764619,-7.2895633,0,0
869,0.868,0,0,-0.040947333,0,-0,0,0,0,-0.0035390248,0,0,0,0,0,0.42819319,0,0,0,0.52,1.2919007,-0.32783268,-1.5587379,-9.8705739e-10,4.1194153e-09,0.79732004,-2.2578055e-09,3.5841596e-09,-2.3560579,0.0041772183,9.4819956e-08,-1.5099757e-07,9.7588716e-05,-0.066139366,9.7767148e-08,-1.4401376e-07,-0.00026687871,-616.98824,-0.00036120951,0.00057577987,-7.2930351,0,0
870,0.869,0,0,-0.04095066,0,-0,0,0,0,-0.0031139742,0,0,0,0,0,0.42609812,0,0,0,0.52,1.2919019,-0.32783379,-1.5587336,-9.4527794e-10,3.9460533e-09,0.79732419,-2.1629698e-09,3.4331427e-09,-2.3560578,0.0041097272,9.4867948e-08,-1.5106254e-07,9.7274368e-05,-0.067040495,6.4583409e-08,-9.1317115e-08,-0.00029852481,-616.85795,-0.00036619125,0.00058365556,-7.2963345,0,0
871,0.87,0,0,-0.040953563,0,-0,0,0,0,-0.00269121,0,0,0,0,0,0.42387547,0,0,0,0.52,1.2919032,-0.32783452,-1.5587294,-9.03491e-10,3.7726419e-09,0.79732826,-2.0681025e-09,3.2820869e-09,-2.3560577,0.0040413796,9.4883115e-08,-1.5107539e-07,9.6928867e-05,-0.067911925,3.1639266e-08,-3.9003397e-08,-0.00032984242,-616.71997,-0.00037101045,0.00059127259,-7.2994617,0,0
872,0.871,0,0,-0.040956045,0,-0,0,0,0,-0.0022708573,0,0,0,0,0,0.421527,0,0,0,0.52,1.2919044,-0.32783486,-1.5587253,-8.6171089e-10,3.5992406e-09,0.79733227,-1.9732363e-09,3.1310439e-09,-2.3560576,0.0039722052,9.4865711e-08,-1.5103652e-07,9.6552555e-05,-0.068753594,-1.0560206e-09,1.2912685e-08,-0.00036082177,-616.57443,-0.00037566674,0.00059863038,-7.3024168,0,0
873,0.872,0,0,-0.040958107,0,-0,0,0,0,-0.001853039,0,0,0,0,0,0.41905448,0,0,0,0.52,1.2919056,-0.32783482,-1.5587213,-8.1995185e-10,3.4259087e-09,0.79733621,-1.8784035e-09,2.9800653e-09,-2.3560575,0.0039022338,9.4815999e-08,-1.5094635e-07,9.6145786e-05,-0.06956545,-3.3493346e-08,6.4416666e-08,-0.00039145329,-616.42143,-0.00038015982,0.00060572847,-7.3052,0,0
874,0.873,0,0,-0.040959754,0,-0,0,0,0,-0.0014378767,0,0,0,0,0,0.41645972,0,0,0,0.52,1.2919068,-0.3278344,-1.5587173,-7.7822797e-10,3.2527049e-09,0.79734007,-1.7836365e-09,2.8292023e-09,-2.3560574,0.0038314953,9.473425e-08,-1.5080531e-07,9.5708922e-05,-0.070347452,-6.5663775e-08,1.1549434e-07,-0.00042172759,-616.26107,-0.00038448943,0.00061256645,-7.3078117,0,0
875,0.874,0,0,-0.040960986,0,-0,0,0,0,-0.0010254897,0,0,0,0,0,0.41374457,0,0,0,0.52,1.291908,-0.32783361,-1.5587135,-7.3655326e-10,3.0796872e-09,0.79734387,-1.6889669e-09,2.6785053e-09,-2.3560573,0.0037600197,9.4620744e-08,-1.5061386e-07,9.5242332e-05,-0.071099568,-9.7558513e-08,1.6613176e-07,-0.00045163551,-616.09347,-0.00038865538,0.00061914405,-7.3102522,0,0
876,0.875,0,0,-0.040961807,0,-0,0,0,0,-0.00061599568,0,0,0,0,0,0.41091088,0,0,0,0.52,1.2919091,-0.32783244,-1.5587096,-6.9494155e-10,2.9069135e-09,0.79734759,-1.5944266e-09,2.5280247e-09,-2.3560572,0.0036878368,9.447577e-08,-1.5037246e-07,9.4746398e-05,-0.071821779,-1.2916894e-07,2.163152e-07,-0.00048116809,-615.91874,-0.00039265752,0.00062546104,-7.3125218,0,0
877,0.876,0,0,-0.040962221,0,-0,0,0,0,-0.0002095103,0,0,0,0,0,0.40796054,0,0,0,0.52,1.2919102,-0.3278309,-1.5587059,-6.5340659e-10,2.7344409e-09,0.79735124,-1.5000467e-09,2.3778101e-09,-2.3560571,0.0036149766,9.4299625e-08,-1.5008157e-07,9.4221507e-05,-0.072514073,-1.6048658e-07,2.6603121e-07,-0.00051031658,-615.737,-0.00039649579,0.00063151733,-7.3146212,0,0
878,0.877,0,0,-0.040962229,0,-0,0,0,0,0.00019385264,0,0,0,0,0,0.40489548,0,0,0,0.52,1.2919113,-0.327829,-1.5587022,-6.1196198e-10,2.5623258e-09,0.79735482,-1.4058583e-09,2.2279108e-09,-2.356057,0.003541469,9.4092613e-08,-1.4974168e-07,9.3668057e-05,-0.07317645,-1.9150313e-07,3.152666e-07,-0.00053907244,-615.54837,-0.00040017015,0.00063731287,-7.3165509,0,0
879,0.878,0,0,-0.040961836,0,-0,0,0,0,0.00059398132,0,0,0,0,0,0.40171761,0,0,0,0.52,1.2919124,-0.32782673,-1.5586986,-5.7062117e-10,2.3906244e-09,0.79735832,-1.3118922e-09,2.0783755e-09,-2.3560569,0.0034673438,9.3855049e-08,-1.493533e-07,9.3086452e-05,-0.073808921,-2.2221045e-07,3.6400845e-07,-0.00056742736,-615.35295,-0.00040368064,0.00064284774,-7.3183113,0,0
880,0.879,0,0,-0.040961045,0,-0,0,0,0,0.00099076589,0,0,0,0,0,0.39842892,0,0,0,0.52,1.2919135,-0.32782411,-1.5586951,-5.293975e-10,2.219392e-09,0.79736175,-1.2181786e-09,1.9292525e-09,-2.3560568,0.003392631,9.3587254e-08,-1.4891694e-07,9.2477106e-05,-0.074411506,-2.5260057e-07,4.1224408e-07,-0.00059537326,-615.15088,-0.00040702734,0.00064812208,-7.3199033,0,0
881,0.88,0,0,-0.040959858,0,-0,0,0,0,0.0013840985,0,0,0,0,0,0.39503137,0,0,0,0.52,1.2919145,-0.32782113,-1.5586916,-4.8830414e-10,2.0486836e-09,0.79736511,-1.1247477e-09,1.7805893e-09,-2.3560568,0.0033173604,9.3289555e-08,-1.4843312e-07,9.1840439e-05,-0.074984234,-2.8266569e-07,4.5996109e-07,-0.00062290225,-614.94227,-0.00041021039,0.00065313614,-7.3213276,0,0
882,0.881,0,0,-0.04095828,0,-0,0,0,0,0.0017738732,0,0,0,0,0,0.39152697,0,0,0,0.52,1.2919155,-0.3278178,-1.5586883,-4.4735413e-10,1.8785532e-09,0.79736839,-1.0316293e-09,1.6324334e-09,-2.3560567,0.0032415618,9.2962291e-08,-1.4790238e-07,9.117688e-05,-0.075527146,-3.1239815e-07,5.0714736e-07,-0.00065000672,-614.72724,-0.00041322999,0.00065789024,-7.3225849,0,0
883,0.882,0,0,-0.040956314,0,-0,0,0,0,0.0021599864,0,0,0,0,0,0.38791774,0,0,0,0.52,1.2919165,-0.32781412,-1.558685,-4.0656035e-10,1.7090546e-09,0.79737159,-9.3885255e-10,1.4848312e-09,-2.3560566,0.003165265,9.2605804e-08,-1.4732527e-07,9.0486864e-05,-0.076040291,-3.4179051e-07,5.5379101e-07,-0.00067667924,-614.50592,-0.00041608639,0.00066238478,-7.3236761,0,0
884,0.883,0,0,-0.040953964,0,-0,0,0,0,0.0025423361,0,0,0,0,0,0.38420573,0,0,0,0.52,1.2919175,-0.3278101,-1.5586818,-3.6593554e-10,1.5402407e-09,0.79737472,-8.4644669e-10,1.3378289e-09,-2.3560565,0.0030884995,9.2220446e-08,-1.4670234e-07,8.9770835e-05,-0.076523728,-3.7083545e-07,5.9988046e-07,-0.00070291264,-614.27843,-0.0004187799,0.00066662027,-7.3246021,0,0
885,0.884,0,0,-0.040951233,0,-0,0,0,0,0.0029208227,0,0,0,0,0,0.380393,0,0,0,0.52,1.2919184,-0.32780574,-1.5586786,-3.2549226e-10,1.3721638e-09,0.79737777,-7.5444035e-10,1.1914721e-09,-2.3560564,0.0030112951,9.1806575e-08,-1.4603418e-07,8.9029241e-05,-0.076977526,-3.9952587e-07,6.4540441e-07,-0.00072869998,-614.0449,-0.00042131086,0.00067059728,-7.3253638,0,0
886,0.885,0,0,-0.040948126,0,-0,0,0,0,0.0032953487,0,0,0,0,0,0.37648163,0,0,0,0.52,1.2919194,-0.32780105,-1.5586756,-2.8524294e-10,1.2048756e-09,0.79738074,-6.6286187e-10,1.0458055e-09,-2.3560563,0.0029336812,9.1364556e-08,-1.4532135e-07,8.826254e-05,-0.077401765,-4.278548e-07,6.903518e-07,-0.00075403455,-613.80545,-0.00042367969,0.00067431648,-7.3259622,0,0
887,0.886,0,0,-0.040944647,0,-0,0,0,0,0.0036658184,0,0,0,0,0,0.37247372,0,0,0,0.52,1.2919203,-0.32779602,-1.5586726,-2.4519984e-10,1.0384271e-09,0.79738364,-5.717392e-10,9.0087373e-10,-2.3560562,0.0028556873,9.089476e-08,-1.4456446e-07,8.7471192e-05,-0.077796531,-4.5581548e-07,7.3471189e-07,-0.00077890988,-613.56021,-0.00042588684,0.00067777861,-7.3263985,0,0
888,0.887,0,0,-0.040940799,0,-0,0,0,0,0.0040321386,0,0,0,0,0,0.36837137,0,0,0,0.52,1.2919212,-0.32779067,-1.5586697,-2.0537503e-10,8.7286852e-10,0.79738645,-4.8109993e-10,7.5672038e-10,-2.3560561,0.0027773427,9.0397566e-08,-1.437641e-07,8.6655667e-05,-0.078161921,-4.8340131e-07,7.7847419e-07,-0.00080331976,-613.30931,-0.00042793283,0.0006809845,-7.3266738,0,0
889,0.888,0,0,-0.040936586,0,-0,0,0,0,0.004394218,0,0,0,0,0,0.36417673,0,0,0,0.52,1.291922,-0.327785,-1.5586669,-1.6578043e-10,7.0824951e-10,0.79738919,-3.9097127e-10,6.1338867e-10,-2.356056,0.0026986766,8.9873358e-08,-1.429209e-07,8.581644e-05,-0.078498043,-5.1060586e-07,8.2162851e-07,-0.00082725819,-613.05287,-0.00042981823,0.00068393506,-7.3267891,0,0
890,0.889,0,0,-0.040932014,0,-0,0,0,0,0.0047519676,0,0,0,0,0,0.35989192,0,0,0,0.52,1.2919228,-0.327779,-1.5586641,-1.2642781e-10,5.4461895e-10,0.79739185,-3.0138003e-10,4.7092112e-10,-2.356056,0.0026197181,8.9322527e-08,-1.4203547e-07,8.495399e-05,-0.078805011,-5.374229e-07,8.6416494e-07,-0.00085071944,-612.79104,-0.00043154363,0.00068663127,-7.3267459,0,0
891,0.89,0,0,-0.040927087,0,-0,0,0,0,0.0051053003,0,0,0,0,0,0.35551911,0,0,0,0.52,1.2919237,-0.3277727,-1.5586614,-8.7328724e-11,3.8202502e-10,0.79739443,-2.1235264e-10,3.2935965e-10,-2.3560559,0.0025404962,8.8745468e-08,-1.4110844e-07,8.4068803e-05,-0.07908295,-5.6384635e-07,9.0607385e-07,-0.000873698,-612.52393,-0.00043310971,0.0006890742,-7.3265452,0,0
892,0.891,0,0,-0.040921808,0,-0,0,0,0,0.0054541314,0,0,0,0,0,0.35106046,0,0,0,0.52,1.2919244,-0.32776608,-1.5586589,-4.8494582e-11,2.2051517e-10,0.79739693,-1.2391512e-10,1.8874552e-10,-2.3560558,0.0024610396,8.8142586e-08,-1.4014045e-07,8.3161369e-05,-0.079331993,-5.8987034e-07,9.4734589e-07,-0.00089618863,-612.25168,-0.00043451717,0.000691265,-7.3261885,0,0
893,0.892,0,0,-0.040916183,0,-0,0,0,0,0.0057983784,0,0,0,0,0,0.34651817,0,0,0,0.52,1.2919252,-0.32775916,-1.5586564,-9.9366e-12,6.0136081e-11,0.79739935,-3.6093088e-11,4.9119367e-11,-2.3560557,0.0023813772,8.7514288e-08,-1.3913217e-07,8.2232184e-05,-0.079552282,-6.1548916e-07,9.8797202e-07,-0.00091818632,-611.97443,-0.00043576678,0.00069320488,-7.3256771,0,0
894,0.893,0,0,-0.040910216,0,-0,0,0,0,0.006137961,0,0,0,0,0,0.34189441,0,0,0,0.52,1.2919259,-0.32775195,-1.5586539,2.8334183e-11,-9.9066285e-11,0.79740169,5.1088247e-11,-8.9478846e-11,-2.3560556,0.0023015374,8.6860986e-08,-1.3808424e-07,8.1281747e-05,-0.079743967,-6.4069728e-07,1.0279435e-06,-0.00093968631,-611.6923,-0.00043685934,0.00069489515,-7.3250125,0,0
895,0.894,0,0,-0.040903912,0,-0,0,0,0,0.0064728008,0,0,0,0,0,0.33719139,0,0,0,0.52,1.2919267,-0.32774443,-1.5586516,6.6306913e-11,-2.5704674e-10,0.79740395,1.3760409e-10,-2.2700981e-10,-2.3560555,0.0022215486,8.6183101e-08,-1.3699733e-07,8.0310564e-05,-0.079907208,-6.6548936e-07,1.0672517e-06,-0.0009606841,-611.40543,-0.00043779571,0.00069633716,-7.3241962,0,0
896,0.895,0,0,-0.040897275,0,-0,0,0,0,0.0068028221,0,0,0,0,0,0.33241133,0,0,0,0.52,1.2919273,-0.32773663,-1.5586493,1.0397092e-10,-4.1376088e-10,0.79740614,2.2343008e-10,-3.6343488e-10,-2.3560555,0.0021414389,8.5481055e-08,-1.3587213e-07,7.9319143e-05,-0.080042171,-6.8986024e-07,1.1058887e-06,-0.00098117542,-611.11396,-0.00043857678,0.00069753238,-7.3232296,0,0
897,0.896,0,0,-0.040890311,0,-0,0,0,0,0.0071279511,0,0,0,0,0,0.32755645,0,0,0,0.52,1.291928,-0.32772854,-1.5586472,1.4131573e-10,-5.6916504e-10,0.79740824,3.0854226e-10,-4.987161e-10,-2.3560554,0.0020612365,8.4755278e-08,-1.347093e-07,7.8307996e-05,-0.080149034,-7.1380495e-07,1.1438463e-06,-0.0010011563,-610.81801,-0.0004392035,0.00069848232,-7.3221143,0,0
898,0.897,0,0,-0.040883024,0,-0,0,0,0,0.0074481164,0,0,0,0,0,0.32262897,0,0,0,0.52,1.2919287,-0.32772018,-1.5586451,1.7833105e-10,-7.232164e-10,0.79741026,3.9291712e-10,-6.3281621e-10,-2.3560553,0.001980969,8.4006202e-08,-1.3350955e-07,7.727764e-05,-0.080227979,-7.3731869e-07,1.1811172e-06,-0.0010206229,-610.51773,-0.00043967687,0.00069918856,-7.3208519,0,0
899,0.898,0,0,-0.04087542,0,-0,0,0,0,0.0077632486,0,0,0,0,0,0.31763113,0,0,0,0.52,1.2919293,-0.32771154,-1.558643,2.1500678e-10,-8.7587289e-10,0.7974122,4.7653158e-10,-7.6569863e-10,-2.3560552,0.0019006642,8.3234266e-08,-1.3227357e-07,7.6228594e-05,-0.080279199,-7.6039683e-07,1.2176938e-06,-0.0010395717,-610.21324,-0.00043999791,0.00069965277,-7.3194441,0,0
900,0.899,0,0,-0.040867503,0,-0,0,0,0,0.0080732808,0,0,0,0,0,0.31256517,0,0,0,0.52,1.2919299,-0.32770262,-1.5586411,2.5133303e-10,-1.0270933e-09,0.79741406,5.5936301e-10,-8.9732747e-10,-2.3560552,0.0018203495,8.2439912e-08,-1.3100206e-07,7.5161381e-05,-0.080302892,-7.8303496e-07,1.2535693e-06,-0.0010579995,-609.90469,-0.00044016771,0.00069987668,-7.3178925,0,0
901,0.9,0,0,-0.040859278,0,-0,0,0,0,0.0083781482,0,0,0,0,0,0.30743334,0,0,0,0.52,1.2919304,-0.32769345,-1.5586392,2.8730008e-10,-1.1768371e-09,0.79741584,6.4138921e-10,-1.0276676e-09,-2.3560551,0.001740052,8.1623587e-08,-1.2969574e-07,7.4076526e-05,-0.080299268,-8.0522883e-07,1.2887368e-06,-0.0010759033,-609.59222,-0.00044018739,0.00069986208,-7.316199,0,0
902,0.901,0,0,-0.040850752,0,-0,0,0,0,0.0086777884,0,0,0,0,0,0.30223789,0,0,0,0.52,1.291931,-0.32768401,-1.5586375,3.2289843e-10,-1.3250647e-09,0.79741754,7.2258844e-10,-1.1566845e-09,-2.356055,0.0016597988,8.0785739e-08,-1.2835532e-07,7.2974557e-05,-0.080268541,-8.2697437e-07,1.3231899e-06,-0.0010932802,-609.27595,-0.00044005812,0.00069961084,-7.3143652,0,0
903,0.902,0,0,-0.040841928,0,-0,0,0,0,0.008972141,0,0,0,0,0,0.29698108,0,0,0,0.52,1.2919315,-0.32767432,-1.5586358,3.5811878e-10,-1.4717374e-09,0.79741916,8.029394e-10,-1.2843445e-09,-2.3560549,0.0015796167,7.9926825e-08,-1.2698153e-07,7.1856005e-05,-0.080210933,-8.482677e-07,1.3569226e-06,-0.0011101278,-608.95602,-0.0004397811,0.0006991249,-7.312393,0,0
904,0.903,0,0,-0.040832813,0,-0,0,0,0,0.0092611482,0,0,0,0,0,0.29166516,0,0,0,0.52,1.291932,-0.32766439,-1.5586342,3.9295201e-10,-1.6168172e-09,0.7974207,8.8242125e-10,-1.4106146e-09,-2.3560549,0.0014995321,7.9047301e-08,-1.255751e-07,7.0721404e-05,-0.080126675,-8.6910513e-07,1.3899288e-06,-0.0011264438,-608.63258,-0.00043935757,0.00069840624,-7.3102842,0,0
905,0.904,0,0,-0.040823411,0,-0,0,0,0,0.0095447543,0,0,0,0,0,0.2862924,0,0,0,0.52,1.2919325,-0.3276542,-1.5586326,4.2738924e-10,-1.7602669e-09,0.79742216,9.6101362e-10,-1.5354624e-09,-2.3560548,0.0014195715,7.8147629e-08,-1.2413676e-07,6.9571286e-05,-0.080016004,-8.8948314e-07,1.4222032e-06,-0.0011422261,-608.30575,-0.00043878883,0.00069745693,-7.3080407,0,0
906,0.905,0,0,-0.040813729,0,-0,0,0,0,0.0098229057,0,0,0,0,0,0.28086507,0,0,0,0.52,1.291933,-0.32764378,-1.5586312,4.6142176e-10,-1.9020503e-09,0.79742354,1.0386966e-09,-1.6588566e-09,-2.3560547,0.0013397607,7.7228273e-08,-1.2266725e-07,6.840619e-05,-0.079879164,-9.093984e-07,1.4537403e-06,-0.001157473,-607.97569,-0.0004380762,0.0006962791,-7.3056645,0,0
907,0.906,0,0,-0.040803771,0,-0,0,0,0,0.010095551,0,0,0,0,0,0.27538541,0,0,0,0.52,1.2919334,-0.32763313,-1.5586298,4.9504108e-10,-2.042132e-09,0.79742484,1.1154507e-09,-1.7807661e-09,-2.3560547,0.0012601257,7.6289701e-08,-1.2116732e-07,6.7226652e-05,-0.079716406,-9.2884777e-07,1.4845353e-06,-0.0011721828,-607.64251,-0.00043722104,0.00069487491,-7.3031574,0,0
908,0.907,0,0,-0.040793543,0,-0,0,0,0,0.010362642,0,0,0,0,0,0.2698557,0,0,0,0.52,1.2919338,-0.32762225,-1.5586285,5.2823893e-10,-2.1804774e-09,0.79742606,1.191257e-09,-1.9011611e-09,-2.3560546,0.0011806919,7.5332382e-08,-1.1963771e-07,6.6033212e-05,-0.079527989,-9.4782828e-07,1.5145834e-06,-0.0011863544,-607.30636,-0.00043622476,0.00069324662,-7.3005216,0,0
909,0.908,0,0,-0.040783051,0,-0,0,0,0,0.010624132,0,0,0,0,0,0.2642782,0,0,0,0.52,1.2919342,-0.32761115,-1.5586273,5.6100722e-10,-2.3170529e-09,0.7974272,1.266097e-09,-2.0200123e-09,-2.3560545,0.0011014847,7.435679e-08,-1.1807918e-07,6.4826409e-05,-0.079314178,-9.6633714e-07,1.5438802e-06,-0.0011999866,-606.96738,-0.0004350888,0.00069139654,-7.2977589,0,0
910,0.909,0,0,-0.040772301,0,-0,0,0,0,0.010879975,0,0,0,0,0,0.25865517,0,0,0,0.52,1.2919345,-0.32759983,-1.5586262,5.9333809e-10,-2.4518255e-09,0.79742826,1.3399526e-09,-2.137291e-09,-2.3560545,0.0010225289,7.3363401e-08,-1.1649249e-07,6.3606785e-05,-0.079075243,-9.8437176e-07,1.5724217e-06,-0.0012130786,-606.62571,-0.00043381464,0.00068932701,-7.2948714,0,0
911,0.91,0,0,-0.040761297,0,-0,0,0,0,0.011130131,0,0,0,0,0,0.25298886,0,0,0,0.52,1.2919349,-0.3275883,-1.5586252,6.252239e-10,-2.5847633e-09,0.79742924,1.4128062e-09,-2.2529695e-09,-2.3560544,0.00094384931,7.2352693e-08,-1.148784e-07,6.2374879e-05,-0.078811462,-1.0019297e-06,1.600204e-06,-0.0012256299,-606.28147,-0.00043240377,0.00068704046,-7.2918613,0,0
912,0.911,0,0,-0.040750046,0,-0,0,0,0,0.011374559,0,0,0,0,0,0.24728154,0,0,0,0.52,1.2919352,-0.32757657,-1.5586242,6.566572e-10,-2.7158352e-09,0.79743015,1.4846409e-09,-2.3670207e-09,-2.3560543,0.00086547036,7.1325144e-08,-1.1323766e-07,6.1131234e-05,-0.07852312,-1.0190088e-06,1.6272235e-06,-0.00123764,-605.93482,-0.00043085777,0.00068453936,-7.2887305,0,0
913,0.912,0,0,-0.040738554,0,-0,0,0,0,0.011613221,0,0,0,0,0,0.24153545,0,0,0,0.52,1.2919355,-0.32756463,-1.5586233,6.8763077e-10,-2.8450111e-09,0.79743098,1.5554399e-09,-2.4794185e-09,-2.3560543,0.00078741616,7.0281239e-08,-1.1157106e-07,5.9876391e-05,-0.078210505,-1.0356069e-06,1.6534771e-06,-0.0012491088,-605.58587,-0.00042917819,0.00068182623,-7.2854814,0,0
914,0.913,0,0,-0.040726825,0,-0,0,0,0,0.011846083,0,0,0,0,0,0.23575284,0,0,0,0.52,1.2919357,-0.32755251,-1.5586225,7.1813759e-10,-2.9722616e-09,0.79743172,1.6251872e-09,-2.5901374e-09,-2.3560542,0.00070971054,6.9221459e-08,-1.0987936e-07,5.861089e-05,-0.077873915,-1.0517221e-06,1.6789618e-06,-0.0012600365,-605.23477,-0.00042736666,0.00067890365,-7.2821159,0,0
915,0.914,0,0,-0.040714867,0,-0,0,0,0,0.01207311,0,0,0,0,0,0.22993595,0,0,0,0.52,1.291936,-0.32754019,-1.5586218,7.4817087e-10,-3.0975582e-09,0.7974324,1.6938672e-09,-2.6991525e-09,-2.3560542,0.00063237702,6.8146291e-08,-1.0816332e-07,5.7335274e-05,-0.077513651,-1.0673528e-06,1.7036749e-06,-0.0012704233,-604.88166,-0.00042542481,0.00067577425,-7.2786364,0,0
916,0.915,0,0,-0.040702685,0,-0,0,0,0,0.012294273,0,0,0,0,0,0.22408702,0,0,0,0.52,1.2919362,-0.32752769,-1.5586211,7.7772402e-10,-3.2208734e-09,0.79743299,1.7614647e-09,-2.8064401e-09,-2.3560541,0.00055543882,6.7056221e-08,-1.0642374e-07,5.605008e-05,-0.07713002,-1.0824975e-06,1.727614e-06,-0.0012802699,-604.52667,-0.00042335434,0.00067244071,-7.2750449,0,0
917,0.916,0,0,-0.040690285,0,-0,0,0,0,0.012509542,0,0,0,0,0,0.21820828,0,0,0,0.52,1.2919364,-0.32751501,-1.5586205,8.0679068e-10,-3.3421806e-09,0.79743351,1.827965e-09,-2.9119769e-09,-2.356054,0.00047891883,6.5951737e-08,-1.0466138e-07,5.475585e-05,-0.076723336,-1.0971548e-06,1.7507771e-06,-0.0012895771,-604.16994,-0.00042115694,0.00066890576,-7.2713438,0,0
918,0.917,0,0,-0.040677672,0,-0,0,0,0,0.01271889,0,0,0,0,0,0.21230195,0,0,0,0.52,1.2919365,-0.32750216,-1.55862,8.3536469e-10,-3.461454e-09,0.79743395,1.893354e-09,-3.0157405e-09,-2.356054,0.00040283962,6.483333e-08,-1.0287703e-07,5.345312e-05,-0.076293916,-1.1113234e-06,1.7731622e-06,-0.0012983457,-603.81159,-0.00041883435,0.00066517216,-7.2675352,0,0
919,0.918,0,0,-0.040664853,0,-0,0,0,0,0.012922295,0,0,0,0,0,0.20637023,0,0,0,0.52,1.2919367,-0.32748915,-1.5586196,8.6344013e-10,-3.5786686e-09,0.79743431,1.957618e-09,-3.1177093e-09,-2.3560539,0.00032722345,6.3701487e-08,-1.0107146e-07,5.2142427e-05,-0.075842084,-1.1250026e-06,1.794768e-06,-0.0013065771,-603.45177,-0.00041638834,0.00066124275,-7.2636216,0,0
920,0.919,0,0,-0.040651833,0,-0,0,0,0,0.013119733,0,0,0,0,0,0.20041534,0,0,0,0.52,1.2919368,-0.32747597,-1.5586193,8.9101127e-10,-3.6938006e-09,0.7974346,2.0207438e-09,-3.2178626e-09,-2.3560539,0.00025209224,6.2556702e-08,-9.9245451e-08,5.0824306e-05,-0.075368168,-1.1381913e-06,1.815593e-06,-0.0013142728,-603.0906,-0.0004138207,0.00065712038,-7.259605,0,0
921,0.92,0,0,-0.040638619,0,-0,0,0,0,0.013311184,0,0,0,0,0,0.19443947,0,0,0,0.52,1.2919369,-0.32746264,-1.558619,9.1807262e-10,-3.8068268e-09,0.79743482,2.0827187e-09,-3.3161802e-09,-2.3560538,0.00017746757,6.1399464e-08,-9.7399793e-08,4.9499291e-05,-0.074872503,-1.150889e-06,1.8356364e-06,-0.0013214342,-602.72822,-0.00041113325,0.00065280797,-7.255488,0,0
922,0.921,0,0,-0.040625217,0,-0,0,0,0,0.013496632,0,0,0,0,0,0.18844481,0,0,0,0.52,1.291937,-0.32744917,-1.5586188,9.446189e-10,-3.9177251e-09,0.79743496,2.1435305e-09,-3.4126429e-09,-2.3560538,0.00010337068,6.0230266e-08,-9.5535265e-08,4.8167913e-05,-0.074355426,-1.1630952e-06,1.8548973e-06,-0.0013280634,-602.36476,-0.00040832785,0.00064830847,-7.2512727,0,0
923,0.922,0,0,-0.040611632,0,-0,0,0,0,0.01367606,0,0,0,0,0,0.18243352,0,0,0,0.52,1.2919371,-0.32743554,-1.5586187,9.7064505e-10,-4.0264741e-09,0.79743502,2.2031675e-09,-3.5072322e-09,-2.3560537,2.9822478e-05,5.9049599e-08,-9.3652651e-08,4.6830702e-05,-0.073817279,-1.1748096e-06,1.8733755e-06,-0.0013341623,-602.00036,-0.00040540637,0.00064362487,-7.2469615,0,0
924,0.923,0,0,-0.040597871,0,-0,0,0,0,0.013849455,0,0,0,0,0,0.17640778,0,0,0,0.52,1.2919371,-0.32742179,-1.5586187,9.9614622e-10,-4.1330535e-09,0.79743502,2.2616185e-09,-3.5999305e-09,-2.3560537,-4.31565e-05,5.7857955e-08,-9.1752733e-08,4.5488183e-05,-0.073258411,-1.1860321e-06,1.8910706e-06,-0.0013397333,-601.63514,-0.0004023707,0.00063876019,-7.2425568,0,0
925,0.924,0,0,-0.040583939,0,-0,0,0,0,0.014016805,0,0,0,0,0,0.17036972,0,0,0,0.52,1.2919371,-0.3274079,-1.5586187,1.0211178e-09,-4.2374439e-09,0.79743494,2.3188727e-09,-3.6907208e-09,-2.3560537,-0.00011554605,5.6655827e-08,-8.9836294e-08,4.4140881e-05,-0.072679173,-1.1967627e-06,1.9079828e-06,-0.0013447788,-601.26923,-0.00039922277,0.00063371751,-7.238061,0,0
926,0.925,0,0,-0.040569843,0,-0,0,0,0,0.014178103,0,0,0,0,0,0.1643215,0,0,0,0.52,1.2919371,-0.32739388,-1.5586188,1.0455553e-09,-4.3396265e-09,0.79743479,2.3749199e-09,-3.779587e-09,-2.3560536,-0.00018732635,5.5443706e-08,-8.7904116e-08,4.2789318e-05,-0.07207992,-1.2070016e-06,1.9241125e-06,-0.0013493015,-600.90276,-0.00039596452,0.00062849993,-7.2334763,0,0
927,0.926,0,0,-0.040555589,0,-0,0,0,0,0.01433334,0,0,0,0,0,0.15826523,0,0,0,0.52,1.2919371,-0.32737975,-1.558619,1.0694547e-09,-4.4395838e-09,0.79743457,2.4297503e-09,-3.8665137e-09,-2.3560536,-0.00025847791,5.4222083e-08,-8.5956982e-08,4.1434013e-05,-0.071461013,-1.2167492e-06,1.9394604e-06,-0.0013533043,-600.53587,-0.00039259793,0.00062311059,-7.2288054,0,0
928,0.927,0,0,-0.040541183,0,-0,0,0,0,0.014482512,0,0,0,0,0,0.15220302,0,0,0,0.52,1.291937,-0.3273655,-1.5586193,1.0928118e-09,-4.5372989e-09,0.79743427,2.4833548e-09,-3.9514864e-09,-2.3560535,-0.00032898162,5.2991449e-08,-8.3995672e-08,4.007548e-05,-0.070822814,-1.2260061e-06,1.9540272e-06,-0.0013567901,-600.16867,-0.00038912498,0.00061755268,-7.2240504,0,0
929,0.928,0,0,-0.04052663,0,-0,0,0,0,0.014625616,0,0,0,0,0,0.14613698,0,0,0,0.52,1.2919369,-0.32735114,-1.5586196,1.115623e-09,-4.6327559e-09,0.79743391,2.5357245e-09,-4.0344912e-09,-2.3560535,-0.00039881875,5.1752292e-08,-8.2020964e-08,3.8714231e-05,-0.070165691,-1.2347728e-06,1.9678142e-06,-0.0013597623,-599.8013,-0.00038554769,0.00061182938,-7.2192138,0,0
930,0.929,0,0,-0.040511937,0,-0,0,0,0,0.014762651,0,0,0,0,0,0.14006917,0,0,0,0.52,1.2919369,-0.32733668,-1.55862,1.1378848e-09,-4.7259398e-09,0.79743347,2.5868511e-09,-4.1155153e-09,-2.3560534,-0.00046797093,5.0505103e-08,-8.0033637e-08,3.7350776e-05,-0.069490014,-1.2430504e-06,1.9808228e-06,-0.0013622242,-599.43388,-0.00038186807,0.00060594395,-7.2142982,0,0
931,0.93,0,0,-0.040497111,0,-0,0,0,0,0.014893619,0,0,0,0,0,0.13400167,0,0,0,0.52,1.2919367,-0.32732212,-1.5586204,1.1595937e-09,-4.8168365e-09,0.79743297,2.6367269e-09,-4.1945463e-09,-2.3560534,-0.00053642016,4.9250369e-08,-7.8034466e-08,3.5985619e-05,-0.068796158,-1.2508397e-06,1.9930546e-06,-0.0013641795,-599.06653,-0.00037808819,0.00059989964,-7.2093058,0,0
932,0.931,0,0,-0.040482156,0,-0,0,0,0,0.015018523,0,0,0,0,0,0.12793652,0,0,0,0.52,1.2919366,-0.32730747,-1.558621,1.1807467e-09,-4.9054328e-09,0.7974324,2.6853445e-09,-4.2715727e-09,-2.3560534,-0.00060414883,4.7988576e-08,-7.6024226e-08,3.4619261e-05,-0.0680845,-1.258142e-06,2.0045116e-06,-0.001365632,-598.69938,-0.0003742101,0.00059369977,-7.2042391,0,0
933,0.932,0,0,-0.04046708,0,-0,0,0,0,0.015137368,0,0,0,0,0,0.12187576,0,0,0,0.52,1.2919364,-0.32729273,-1.5586216,1.2013409e-09,-4.9917164e-09,0.79743177,2.7326972e-09,-4.346584e-09,-2.3560533,-0.00067113971,4.6720209e-08,-7.4003688e-08,3.3252198e-05,-0.067355421,-1.2649587e-06,2.015196e-06,-0.0013665854,-598.33255,-0.0003702359,0.00058734764,-7.1991005,0,0
934,0.933,0,0,-0.040451887,0,-0,0,0,0,0.015250162,0,0,0,0,0,0.1158214,0,0,0,0.52,1.2919363,-0.32727791,-1.5586222,1.2213737e-09,-5.0756757e-09,0.79743106,2.7787786e-09,-4.4195702e-09,-2.3560533,-0.00073737595,4.5445751e-08,-7.1973621e-08,3.1884925e-05,-0.066609303,-1.2712912e-06,2.0251101e-06,-0.0013670441,-597.96617,-0.00036616769,0.00058084661,-7.1938926,0,0
935,0.934,0,0,-0.040436585,0,-0,0,0,0,0.015356915,0,0,0,0,0,0.10977543,0,0,0,0.52,1.2919361,-0.32726302,-1.558623,1.2408424e-09,-5.1573002e-09,0.79743029,2.8235829e-09,-4.4905221e-09,-2.3560533,-0.0008028411,4.4165685e-08,-6.9934791e-08,3.0517929e-05,-0.065846533,-1.2771411e-06,2.0342567e-06,-0.0013670123,-597.60035,-0.00036200757,0.00057420006,-7.1886177,0,0
936,0.935,0,0,-0.04042118,0,-0,0,0,0,0.015457637,0,0,0,0,0,0.10373984,0,0,0,0.52,1.2919359,-0.32724806,-1.5586238,1.259745e-09,-5.2365803e-09,0.79742946,2.8671046e-09,-4.5594314e-09,-2.3560532,-0.00086751908,4.288049e-08,-6.7887961e-08,2.9151693e-05,-0.0650675,-1.2825104e-06,2.0426387e-06,-0.0013664943,-597.23521,-0.00035775768,0.00056741138,-7.1832783,0,0
937,0.936,0,0,-0.040405676,0,-0,0,0,0,0.015552342,0,0,0,0,0,0.097716576,0,0,0,0.52,1.2919356,-0.32723304,-1.5586247,1.2780793e-09,-5.313507e-09,0.79742856,2.909339e-09,-4.6262904e-09,-2.3560532,-0.00093139423,4.1590644e-08,-6.5833892e-08,2.7786698e-05,-0.064272594,-1.2874008e-06,2.0502591e-06,-0.0013654948,-596.87087,-0.00035342017,0.00056048398,-7.1778768,0,0
938,0.937,0,0,-0.040390081,0,-0,0,0,0,0.015641045,0,0,0,0,0,0.091707588,0,0,0,0.52,1.2919354,-0.32721796,-1.5586256,1.2958436e-09,-5.3880725e-09,0.79742759,2.9502815e-09,-4.6910923e-09,-2.3560532,-0.00099445124,4.0296623e-08,-6.3773339e-08,2.6423418e-05,-0.063462209,-1.2918146e-06,2.0571215e-06,-0.0013640186,-596.50745,-0.00034899719,0.00055342131,-7.1724156,0,0
939,0.938,0,0,-0.0403744,0,-0,0,0,0,0.015723763,0,0,0,0,0,0.08571479,0,0,0,0.52,1.2919351,-0.32720282,-1.5586266,1.3130361e-09,-5.4602696e-09,0.79742657,2.9899283e-09,-4.753831e-09,-2.3560532,-0.0010566752,3.8998899e-08,-6.1707056e-08,2.5062321e-05,-0.062636741,-1.2957539e-06,2.0632293e-06,-0.0013620705,-596.14506,-0.00034449091,0.00054622683,-7.1668973,0,0
940,0.939,0,0,-0.040358639,0,-0,0,0,0,0.015800516,0,0,0,0,0,0.079740082,0,0,0,0.52,1.2919348,-0.32718764,-1.5586277,1.3296555e-09,-5.5300922e-09,0.79742548,3.0282758e-09,-4.8145011e-09,-2.3560531,-0.0011180518,3.7697944e-08,-5.9635791e-08,2.3703873e-05,-0.061796587,-1.2992212e-06,2.0685865e-06,-0.0013596555,-595.78382,-0.00033990351,0.00053890401,-7.1613243,0,0
941,0.94,0,0,-0.040342805,0,-0,0,0,0,0.015871324,0,0,0,0,0,0.07378534,0,0,0,0.52,1.2919345,-0.32717242,-1.5586288,1.3457006e-09,-5.5975348e-09,0.79742433,3.0653212e-09,-4.873098e-09,-2.3560531,-0.0011785667,3.6394227e-08,-5.7560288e-08,2.2348533e-05,-0.060942147,-1.3022189e-06,2.0731972e-06,-0.0013567789,-595.42384,-0.00033523719,0.00053145634,-7.1556989,0,0
942,0.941,0,0,-0.040326903,0,-0,0,0,0,0.01593621,0,0,0,0,0,0.067852422,0,0,0,0.52,1.2919342,-0.32715716,-1.55863,1.3611704e-09,-5.662593e-09,0.79742313,3.1010617e-09,-4.9296178e-09,-2.3560531,-0.0012382063,3.5088211e-08,-5.5481289e-08,2.0996753e-05,-0.060073822,-1.3047498e-06,2.0770656e-06,-0.0013534459,-595.06523,-0.00033049414,0.00052388733,-7.1500237,0,0
943,0.942,0,0,-0.040310939,0,-0,0,0,0,0.015995198,0,0,0,0,0,0.06194316,0,0,0,0.52,1.2919338,-0.32714188,-1.5586312,1.3760641e-09,-5.7252631e-09,0.79742186,3.1354955e-09,-4.9840574e-09,-2.3560531,-0.0012969575,3.3780361e-08,-5.3399527e-08,1.9648983e-05,-0.059192014,-1.3068167e-06,2.0801962e-06,-0.001349662,-594.70811,-0.00032567658,0.00051620051,-7.144301,0,0
944,0.943,0,0,-0.040294918,0,-0,0,0,0,0.016048316,0,0,0,0,0,0.056059368,0,0,0,0.52,1.2919335,-0.32712656,-1.5586325,1.390381e-09,-5.7855422e-09,0.79742053,3.1686209e-09,-5.0364144e-09,-2.3560531,-0.0013548071,3.2471136e-08,-5.1315734e-08,1.8305665e-05,-0.058297128,-1.3084225e-06,2.0825939e-06,-0.0013454327,-594.35258,-0.00032078672,0.00050839939,-7.1385333,0,0
945,0.944,0,0,-0.040278848,0,-0,0,0,0,0.01609559,0,0,0,0,0,0.050202833,0,0,0,0.52,1.2919331,-0.32711123,-1.5586339,1.4041209e-09,-5.8434285e-09,0.79741915,3.2004366e-09,-5.0866872e-09,-2.356053,-0.0014117429,3.1160992e-08,-4.9230636e-08,1.6967236e-05,-0.05738957,-1.3095703e-06,2.0842635e-06,-0.0013407638,-593.99875,-0.00031582679,0.00050048754,-7.1327231,0,0
946,0.945,0,0,-0.040262733,0,-0,0,0,0,0.016137052,0,0,0,0,0,0.044375321,0,0,0,0.52,1.2919327,-0.32709588,-1.5586353,1.4172835e-09,-5.8989206e-09,0.79741771,3.2309421e-09,-5.1348748e-09,-2.356053,-0.0014677528,2.9850382e-08,-4.7144952e-08,1.5634126e-05,-0.056469744,-1.3102633e-06,2.0852103e-06,-0.0013356611,-593.64672,-0.00031079902,0.0004924685,-7.1268726,0,0
947,0.946,0,0,-0.040246579,0,-0,0,0,0,0.016172732,0,0,0,0,0,0.038578574,0,0,0,0.52,1.2919323,-0.32708053,-1.5586368,1.4298688e-09,-5.9520183e-09,0.79741621,3.2601372e-09,-5.1809769e-09,-2.356053,-0.001522825,2.8539756e-08,-4.5059398e-08,1.4306761e-05,-0.05553806,-1.3105048e-06,2.0854395e-06,-0.0013301304,-593.29661,-0.00030570564,0.00048434583,-7.1209844,0,0
948,0.947,0,0,-0.040230393,0,-0,0,0,0,0.016202664,0,0,0,0,0,0.032814311,0,0,0,0.52,1.2919318,-0.32706517,-1.5586383,1.441877e-09,-6.0027221e-09,0.79741467,3.2880219e-09,-5.2249941e-09,-2.356053,-0.0015769483,2.7229561e-08,-4.2974683e-08,1.298556e-05,-0.054594925,-1.3102984e-06,2.0849568e-06,-0.0013241778,-592.94851,-0.0003005489,0.00047612312,-7.1150608,0,0
949,0.948,0,0,-0.04021418,0,-0,0,0,0,0.016226884,0,0,0,0,0,0.027084224,0,0,0,0.52,1.2919314,-0.32704981,-1.5586399,1.4533086e-09,-6.0510332e-09,0.79741306,3.3145969e-09,-5.2669274e-09,-2.356053,-0.001630112,2.5920239e-08,-4.0891509e-08,1.1670935e-05,-0.053640748,-1.3096476e-06,2.0837679e-06,-0.0013178094,-592.60253,-0.00029533104,0.00046780392,-7.1091041,0,0
950,0.949,0,0,-0.040197945,0,-0,0,0,0,0.016245426,0,0,0,0,0,0.021389981,0,0,0,0.52,1.2919309,-0.32703446,-1.5586416,1.4641642e-09,-6.0969538e-09,0.79741141,3.3398634e-09,-5.306779e-09,-2.356053,-0.0016823055,2.4612228e-08,-3.8810575e-08,1.0363292e-05,-0.052675939,-1.3085562e-06,2.0818789e-06,-0.0013110316,-592.25876,-0.00029005431,0.00045939182,-7.1031169,0,0
951,0.95,0,0,-0.040181695,0,-0,0,0,0,0.016258331,0,0,0,0,0,0.015733228,0,0,0,0.52,1.2919304,-0.32701912,-1.5586433,1.4744444e-09,-6.1404867e-09,0.7974097,3.3638229e-09,-5.3445512e-09,-2.356053,-0.0017335189,2.3305965e-08,-3.673257e-08,9.0630318e-06,-0.051700908,-1.3070279e-06,2.0792958e-06,-0.0013038505,-591.91731,-0.00028472097,0.00045089041,-7.0971013,0,0
952,0.951,0,0,-0.040165434,0,-0,0,0,0,0.016265638,0,0,0,0,0,0.01011558,0,0,0,0.52,1.2919299,-0.3270038,-1.558645,1.4841504e-09,-6.1816357e-09,0.79740794,3.3864773e-09,-5.3802474e-09,-2.356053,-0.0017837426,2.2001878e-08,-3.4658181e-08,7.7705479e-06,-0.050716064,-1.3050668e-06,2.0760251e-06,-0.0012962728,-591.57827,-0.00027933326,0.00044230327,-7.0910598,0,0
953,0.952,0,0,-0.040149169,0,-0,0,0,0,0.016267388,0,0,0,0,0,0.00453863,0,0,0,0.52,1.2919294,-0.3269885,-1.5586468,1.4932833e-09,-6.2204052e-09,0.79740613,3.4078291e-09,-5.4138715e-09,-2.3560529,-0.0018329673,2.0700396e-08,-3.2588083e-08,6.4862272e-06,-0.049721817,-1.3026769e-06,2.0720733e-06,-0.0012883048,-591.24174,-0.00027389343,0.00043363399,-7.0849947,0,0
954,0.953,0,0,-0.040132905,0,-0,0,0,0,0.016263625,0,0,0,0,0,-0.00099605633,0,0,0,0.52,1.2919289,-0.32697323,-1.5586487,1.5018444e-09,-6.2568004e-09,0.79740427,3.4278809e-09,-5.4454282e-09,-2.3560529,-0.0018811842,1.9401941e-08,-3.0522949e-08,5.2104498e-06,-0.048718579,-1.2998625e-06,2.067447e-06,-0.0012799532,-590.90782,-0.00026840375,0.00042488616,-7.0789084,0,0
955,0.954,0,0,-0.040116647,0,-0,0,0,0,0.016254392,0,0,0,0,0,-0.0064869402,0,0,0,0.52,1.2919284,-0.32695799,-1.5586506,1.5098353e-09,-6.2908274e-09,0.79740237,3.4466362e-09,-5.4749227e-09,-2.3560529,-0.0019283851,1.8106931e-08,-2.8463443e-08,3.9435894e-06,-0.047706759,-1.2966278e-06,2.0621533e-06,-0.0012712247,-590.57659,-0.00026286646,0.00041606335,-7.072803,0,0
956,0.955,0,0,-0.040100401,0,-0,0,0,0,0.016239737,0,0,0,0,0,-0.011932509,0,0,0,0.52,1.2919278,-0.32694278,-1.5586525,1.5172577e-09,-6.3224929e-09,0.79740042,3.4640984e-09,-5.502361e-09,-2.3560529,-0.0019745618,1.6815779e-08,-2.6410221e-08,2.6860128e-06,-0.046686766,-1.2929772e-06,2.0561991e-06,-0.001262126,-590.24814,-0.00025728382,0.00040716916,-7.066681,0,0
957,0.956,0,0,-0.040084173,0,-0,0,0,0,0.016219706,0,0,0,0,0,-0.017331279,0,0,0,0.52,1.2919272,-0.32692762,-1.5586545,1.5241135e-09,-6.3518044e-09,0.79739842,3.4802718e-09,-5.5277497e-09,-2.3560529,-0.002019707,1.5528894e-08,-2.4363933e-08,1.4380798e-06,-0.045659009,-1.2889154e-06,2.0495918e-06,-0.001252664,-589.92257,-0.00025165806,0.00039820715,-7.0605446,0,0
958,0.957,0,0,-0.040067967,0,-0,0,0,0,0.016194349,0,0,0,0,0,-0.022681792,0,0,0,0.52,1.2919266,-0.32691251,-1.5586566,1.5304048e-09,-6.3787703e-09,0.79739638,3.4951607e-09,-5.5510961e-09,-2.3560529,-0.0020638133,1.4246682e-08,-2.2325221e-08,2.0014349e-07,-0.044623898,-1.2844468e-06,2.0423386e-06,-0.0012428455,-589.59997,-0.00024599144,0.00038918091,-7.054396,0,0
959,0.958,0,0,-0.04005179,0,-0,0,0,0,0.016163716,0,0,0,0,0,-0.027982618,0,0,0,0.52,1.291926,-0.32689744,-1.5586586,1.5361339e-09,-6.4033994e-09,0.7973943,3.50877e-09,-5.5724081e-09,-2.3560529,-0.0021068741,1.2969541e-08,-2.0294719e-08,-1.0274502e-06,-0.043581841,-1.2795763e-06,2.0344473e-06,-0.0012326777,-589.28041,-0.0002402862,0.000380094,-7.0482374,0,0
960,0.959,0,0,-0.040035645,0,-0,0,0,0,0.016127859,0,0,0,0,0,-0.033232356,0,0,0,0.52,1.2919254,-0.32688243,-1.5586608,1.5413032e-09,-6.4257016e-09,0.79739217,3.521105e-09,-5.5916941e-09,-2.3560529,-0.0021488831,1.1697866e-08,-1.8273055e-08,-2.2443624e-06,-0.042533243,-1.2743086e-06,2.0259256e-06,-0.0012221674,-588.96398,-0.00023454458,0.00037094998,-7.0420712,0,0
961,0.96,0,0,-0.040019539,0,-0,0,0,0,0.016086831,0,0,0,0,0,-0.038429632,0,0,0,0.52,1.2919248,-0.32686748,-1.5586629,1.5459153e-09,-6.4456872e-09,0.79739,3.5321714e-09,-5.6089633e-09,-2.3560529,-0.0021898342,1.0432047e-08,-1.6260845e-08,-3.4502614e-06,-0.041478512,-1.2686487e-06,2.0167812e-06,-0.0012113217,-588.65077,-0.00022876881,0.00036175239,-7.0358995,0,0
962,0.961,0,0,-0.040003477,0,-0,0,0,0,0.016040686,0,0,0,0,0,-0.043573102,0,0,0,0.52,1.2919242,-0.3268526,-1.5586652,1.549973e-09,-6.4633674e-09,0.79738779,3.5419752e-09,-5.6242255e-09,-2.3560529,-0.002229722,9.1724689e-09,-1.4258702e-08,-4.6448224e-06,-0.040418052,-1.2626017e-06,2.0070224e-06,-0.001200148,-588.34086,-0.0002229611,0.00035250479,-7.0297244,0,0
963,0.962,0,0,-0.039987463,0,-0,0,0,0,0.01598948,0,0,0,0,0,-0.048661448,0,0,0,0.52,1.2919235,-0.32683779,-1.5586674,1.5534792e-09,-6.478754e-09,0.79738554,3.5505228e-09,-5.6374911e-09,-2.3560529,-0.0022685414,7.9195109e-09,-1.2267228e-08,-5.8277282e-06,-0.039352267,-1.2561726e-06,1.9966572e-06,-0.0011886532,-588.03432,-0.00021712369,0.00034321069,-7.0235482,0,0
964,0.963,0,0,-0.039971503,0,-0,0,0,0,0.015933271,0,0,0,0,0,-0.053693385,0,0,0,0.52,1.2919229,-0.32682305,-1.5586697,1.5564371e-09,-6.4918596e-09,0.79738325,3.557821e-09,-5.648771e-09,-2.356053,-0.0023062876,6.6735473e-09,-1.0287015e-08,-6.9986685e-06,-0.038281559,-1.2493666e-06,1.985694e-06,-0.0011768446,-587.73123,-0.00021125879,0.00033387362,-7.017373,0,0
965,0.964,0,0,-0.039955601,0,-0,0,0,0,0.015872116,0,0,0,0,0,-0.058667654,0,0,0,0.52,1.2919222,-0.32680839,-1.558672,1.5588499e-09,-6.5026973e-09,0.79738093,3.5638771e-09,-5.6580767e-09,-2.356053,-0.0023429563,5.4349471e-09,-8.3186506e-09,-8.1573406e-06,-0.03720633,-1.242189e-06,1.9741413e-06,-0.0011647296,-587.43167,-0.00020536859,0.00032449709,-7.0112009,0,0
966,0.965,0,0,-0.039939763,0,-0,0,0,0,0.015806076,0,0,0,0,0,-0.063583027,0,0,0,0.52,1.2919215,-0.32679381,-1.5586744,1.560721e-09,-6.511281e-09,0.79737857,3.5686985e-09,-5.6654204e-09,-2.356053,-0.0023785436,4.2040736e-09,-6.3627098e-09,-9.3034488e-06,-0.036126977,-1.2346453e-06,1.9620076e-06,-0.0011523153,-587.13571,-0.00019945529,0.00031508457,-7.005034,0,0
967,0.966,0,0,-0.039923994,0,-0,0,0,0,0.01573521,0,0,0,0,0,-0.068438304,0,0,0,0.52,1.2919208,-0.32677932,-1.5586768,1.5620541e-09,-6.5176253e-09,0.79737617,3.5722931e-09,-5.6708148e-09,-2.356053,-0.002413046,2.9812849e-09,-4.419761e-09,-1.0436705e-05,-0.035043899,-1.2267409e-06,1.9493017e-06,-0.0011396093,-586.84342,-0.00019352108,0.00030563955,-6.9988744,0,0
968,0.967,0,0,-0.039908298,0,-0,0,0,0,0.01565958,0,0,0,0,0,-0.073232316,0,0,0,0.52,1.2919201,-0.32676492,-1.5586792,1.5628528e-09,-6.5217453e-09,0.79737374,3.5746693e-09,-5.6742732e-09,-2.356053,-0.0024464603,1.7669335e-09,-2.4903632e-09,-1.1556829e-05,-0.033957492,-1.2184813e-06,1.9360325e-06,-0.0011266188,-586.55487,-0.00018756813,0.00029616547,-6.9927241,0,0
969,0.968,0,0,-0.03989268,0,-0,0,0,0,0.015579251,0,0,0,0,0,-0.077963923,0,0,0,0.52,1.2919194,-0.32675062,-1.5586817,1.5631211e-09,-6.5236568e-09,0.79737128,3.5758356e-09,-5.6758093e-09,-2.356053,-0.0024787838,5.6136598e-10,-5.7506605e-10,-1.2663546e-05,-0.032868148,-1.2098721e-06,1.9222089e-06,-0.0011133513,-586.27014,-0.00018159861,0.0002866658,-6.9865852,0,0
970,0.969,0,0,-0.039877144,0,-0,0,0,0,0.015494285,0,0,0,0,0,-0.082632017,0,0,0,0.52,1.2919187,-0.32673642,-1.5586842,1.5628631e-09,-6.5233763e-09,0.79736879,3.575801e-09,-5.6754377e-09,-2.356053,-0.0025100141,-6.3507654e-10,1.3255896e-09,-1.3756592e-05,-0.03177626,-1.200919e-06,1.9078401e-06,-0.0010998141,-585.98928,-0.00017561467,0.00027714394,-6.9804596,0,0
971,0.97,0,0,-0.039861696,0,-0,0,0,0,0.015404747,0,0,0,0,0,-0.087235518,0,0,0,0.52,1.2919179,-0.32672232,-1.5586868,1.5620829e-09,-6.5209208e-09,0.79736626,3.5745747e-09,-5.6731731e-09,-2.356053,-0.0025401493,-1.8220589e-09,3.2110724e-09,-1.4835707e-05,-0.030682216,-1.1916279e-06,1.8929352e-06,-0.0010860148,-585.71236,-0.00016961844,0.00026760329,-6.9743494,0,0
972,0.971,0,0,-0.039846339,0,-0,0,0,0,0.015310705,0,0,0,0,0,-0.091773377,0,0,0,0.52,1.2919172,-0.32670832,-1.5586893,1.5607849e-09,-6.516308e-09,0.79736371,3.5721665e-09,-5.669031e-09,-2.356053,-0.0025691878,-2.9992517e-09,5.0808602e-09,-1.5900641e-05,-0.029586404,-1.1820045e-06,1.8775036e-06,-0.0010719608,-585.43945,-0.00016361207,0.00025804725,-6.9682565,0,0
973,0.972,0,0,-0.039831079,0,-0,0,0,0,0.015212225,0,0,0,0,0,-0.096244576,0,0,0,0.52,1.2919164,-0.32669444,-1.5586919,1.5589736e-09,-6.5095561e-09,0.79736112,3.5685862e-09,-5.6630273e-09,-2.3560531,-0.0025971284,-4.1663315e-09,6.9344406e-09,-1.6951149e-05,-0.028489208,-1.1720547e-06,1.8615548e-06,-0.0010576595,-585.17061,-0.00015759765,0.00024847916,-6.9621828,0,0
974,0.973,0,0,-0.039815919,0,-0,0,0,0,0.015109375,0,0,0,0,0,-0.10064813,0,0,0,0.52,1.2919157,-0.32668068,-1.5586946,1.5566535e-09,-6.500684e-09,0.79735851,3.5638441e-09,-5.6551785e-09,-2.3560531,-0.0026239703,-5.322981e-09,8.7713104e-09,-1.7986997e-05,-0.02739101,-1.1617846e-06,1.8450982e-06,-0.0010431184,-584.90588,-0.0001515773,0.00023890237,-6.9561303,0,0
975,0.974,0,0,-0.039800864,0,-0,0,0,0,0.015002224,0,0,0,0,0,-0.10498307,0,0,0,0.52,1.2919149,-0.32666703,-1.5586972,1.5538295e-09,-6.4897111e-09,0.79735588,3.5579508e-09,-5.6455016e-09,-2.3560531,-0.0026497131,-6.4688889e-09,1.0590977e-08,-1.9007956e-05,-0.02629219,-1.1512001e-06,1.8281434e-06,-0.0010283451,-584.64534,-0.0001455531,0.0002293202,-6.9501008,0,0
976,0.975,0,0,-0.039785919,0,-0,0,0,0,0.014890843,0,0,0,0,0,-0.10924848,0,0,0,0.52,1.2919141,-0.32665351,-1.5586999,1.5505064e-09,-6.4766573e-09,0.79735322,3.5509172e-09,-5.634014e-09,-2.3560531,-0.0026743567,-7.6037498e-09,1.2392955e-08,-2.0013804e-05,-0.025193123,-1.1403073e-06,1.8107003e-06,-0.001013347,-584.38903,-0.00013952711,0.00021973592,-6.9440962,0,0
977,0.976,0,0,-0.039771087,0,-0,0,0,0,0.014775302,0,0,0,0,0,-0.11344347,0,0,0,0.52,1.2919133,-0.32664011,-1.5587026,1.5466893e-09,-6.4615433e-09,0.79735053,3.5427545e-09,-5.6207336e-09,-2.3560531,-0.0026979014,-8.7272648e-09,1.4176773e-08,-2.1004328e-05,-0.024094184,-1.1291124e-06,1.7927787e-06,-0.00099813164,-584.13702,-0.0001335014,0.00021015282,-6.9381183,0,0
978,0.977,0,0,-0.039756372,0,-0,0,0,0,0.014655673,0,0,0,0,0,-0.11756716,0,0,0,0.52,1.2919125,-0.32662684,-1.5587053,1.5423833e-09,-6.44439e-09,0.79734782,3.5334742e-09,-5.6056789e-09,-2.3560532,-0.0027203479,-9.839141e-09,1.5941966e-08,-2.1979322e-05,-0.022995742,-1.1176216e-06,1.7743883e-06,-0.00098270644,-583.88934,-0.000127478,0.00020057411,-6.932169,0,0
979,0.978,0,0,-0.03974178,0,-0,0,0,0,0.014532029,0,0,0,0,0,-0.12161872,0,0,0,0.52,1.2919117,-0.3266137,-1.5587081,1.5375938e-09,-6.425219e-09,0.79734509,3.523088e-09,-5.5888686e-09,-2.3560532,-0.0027416973,-1.0939092e-08,1.7688081e-08,-2.2938587e-05,-0.021898167,-1.1058412e-06,1.7555393e-06,-0.00096707891,-583.64606,-0.00012145894,0.00019100302,-6.9262499,0,0
980,0.979,0,0,-0.039727312,0,-0,0,0,0,0.014404442,0,0,0,0,0,-0.12559735,0,0,0,0.52,1.2919109,-0.32660071,-1.5587109,1.532326e-09,-6.4040525e-09,0.79734234,3.511608e-09,-5.570322e-09,-2.3560532,-0.0027619509,-1.2026837e-08,1.9414674e-08,-2.3881932e-05,-0.020801822,-1.0937773e-06,1.7362417e-06,-0.00095125651,-583.40721,-0.00011544622,0.00018144273,-6.9203629,0,0
981,0.98,0,0,-0.039712975,0,-0,0,0,0,0.014272987,0,0,0,0,0,-0.12950228,0,0,0,0.52,1.2919101,-0.32658785,-1.5587137,1.5265856e-09,-6.380913e-09,0.79733957,3.4990467e-09,-5.550059e-09,-2.3560532,-0.0027811106,-1.3102103e-08,2.1121312e-08,-2.4809174e-05,-0.019707067,-1.0814365e-06,1.7165056e-06,-0.00093524671,-583.17285,-0.00010944182,0.00017189639,-6.9145096,0,0
982,0.981,0,0,-0.03969877,0,-0,0,0,0,0.014137739,0,0,0,0,0,-0.13333276,0,0,0,0.52,1.2919093,-0.32657513,-1.5587165,1.5203781e-09,-6.3558238e-09,0.79733678,3.4854164e-09,-5.5280996e-09,-2.3560533,-0.0027991785,-1.4164623e-08,2.280757e-08,-2.5720136e-05,-0.018614262,-1.068825e-06,1.6963411e-06,-0.00091905693,-582.94302,-0.00010344771,0.00016236713,-6.9086917,0,0
983,0.982,0,0,-0.039684703,0,-0,0,0,0,0.013998773,0,0,0,0,0,-0.13708809,0,0,0,0.52,1.2919084,-0.32656257,-1.5587193,1.5137094e-09,-6.3288082e-09,0.79733397,3.4707303e-09,-5.5044644e-09,-2.3560533,-0.002816157,-1.5214134e-08,2.4473038e-08,-2.6614649e-05,-0.01752376,-1.0559494e-06,1.6757587e-06,-0.0009026946,-582.71776,-9.7465843e-05,0.00015285803,-6.902911,0,0
984,0.983,0,0,-0.039670776,0,-0,0,0,0,0.013856166,0,0,0,0,0,-0.14076759,0,0,0,0.52,1.2919076,-0.32655015,-1.5587222,1.5065853e-09,-6.2998905e-09,0.79733115,3.4550013e-09,-5.4791745e-09,-2.3560533,-0.002832049,-1.6250384e-08,2.6117311e-08,-2.7492553e-05,-0.016435911,-1.042816e-06,1.6547686e-06,-0.00088616712,-582.4971,-9.1498148e-05,0.00014337217,-6.897169,0,0
985,0.984,0,0,-0.039656994,0,-0,0,0,0,0.013709994,0,0,0,0,0,-0.1443706,0,0,0,0.52,1.2919068,-0.32653788,-1.558725,1.4990118e-09,-6.2690951e-09,0.79732831,3.4382429e-09,-5.4522512e-09,-2.3560533,-0.0028468576,-1.7273123e-08,2.7739999e-08,-2.8353692e-05,-0.015351063,-1.0294315e-06,1.6333812e-06,-0.00086948185,-582.2811,-8.5546531e-05,0.00013391256,-6.8914674,0,0
986,0.985,0,0,-0.03964336,0,-0,0,0,0,0.013560335,0,0,0,0,0,-0.14789652,0,0,0,0.52,1.2919059,-0.32652577,-1.5587279,1.4909949e-09,-6.2364469e-09,0.79732545,3.4204687e-09,-5.4237162e-09,-2.3560534,-0.0028605864,-1.828211e-08,2.9340719e-08,-2.919792e-05,-0.014269559,-1.0158022e-06,1.6116069e-06,-0.00085264615,-582.06979,-7.9612883e-05,0.00012448222,-6.8858076,0,0
987,0.986,0,0,-0.039629877,0,-0,0,0,0,0.013407266,0,0,0,0,0,-0.15134475,0,0,0,0.52,1.2919051,-0.32651382,-1.5587308,1.4825409e-09,-6.2019715e-09,0.79732259,3.4016925e-09,-5.3935919e-09,-2.3560534,-0.0028732392,-1.9277112e-08,3.0919099e-08,-3.0025098e-05,-0.013191739,-1.0019349e-06,1.5894562e-06,-0.00083566734,-581.86319,-7.3699069e-05,0.0001150841,-6.8801914,0,0
988,0.987,0,0,-0.039616549,0,-0,0,0,0,0.013250866,0,0,0,0,0,-0.15471473,0,0,0,0.52,1.2919042,-0.32650203,-1.5587337,1.473656e-09,-6.1656945e-09,0.79731971,3.3819286e-09,-5.3619006e-09,-2.3560534,-0.0028848203,-2.0257898e-08,3.2474781e-08,-3.0835094e-05,-0.012117937,-9.8783616e-07,1.5669396e-06,-0.00081855269,-581.66135,-6.7806936e-05,0.00010572112,-6.8746201,0,0
989,0.988,0,0,-0.039603378,0,-0,0,0,0,0.013091214,0,0,0,0,0,-0.15800595,0,0,0,0.52,1.2919034,-0.3264904,-1.5587366,1.4643466e-09,-6.1276422e-09,0.79731682,3.3611911e-09,-5.3286652e-09,-2.3560535,-0.002895334,-2.1224249e-08,3.4007413e-08,-3.1627781e-05,-0.011048486,-9.7351254e-07,1.5440678e-06,-0.00080130946,-581.46429,-6.1938308e-05,9.6396195e-05,-6.8690953,0,0
990,0.989,0,0,-0.039590369,0,-0,0,0,0,0.012928391,0,0,0,0,0,-0.16121791,0,0,0,0.52,1.2919025,-0.32647894,-1.5587396,1.4546192e-09,-6.0878412e-09,0.79731392,3.3394946e-09,-5.293909e-09,-2.3560535,-0.0029047854,-2.2175949e-08,3.5516656e-08,-3.2403044e-05,-0.0099837132,-9.5897073e-07,1.5208513e-06,-0.00078394487,-581.27204,-5.6094986e-05,8.7112168e-05,-6.8636185,0,0
991,0.99,0,0,-0.039577525,0,-0,0,0,0,0.012762474,0,0,0,0,0,-0.16435015,0,0,0,0.52,1.2919017,-0.32646765,-1.5587425,1.4444803e-09,-6.0463186e-09,0.79731101,3.3168539e-09,-5.2576554e-09,-2.3560535,-0.0029131794,-2.311279e-08,3.7002181e-08,-3.3160771e-05,-0.0089239411,-9.442174e-07,1.4973008e-06,-0.00076646608,-581.08463,-5.0278748e-05,7.7871864e-05,-6.858191,0,0
992,0.991,0,0,-0.039564848,0,-0,0,0,0,0.012593546,0,0,0,0,0,-0.16740223,0,0,0,0.52,1.2919008,-0.32645653,-1.5587455,1.4339367e-09,-6.0031016e-09,0.79730809,3.293284e-09,-5.2199285e-09,-2.3560536,-0.0029205217,-2.403457e-08,3.8463671e-08,-3.3900858e-05,-0.0078694892,-9.2925924e-07,1.473427e-06,-0.00074888024,-580.90209,-4.449135e-05,6.8678066e-05,-6.8528142,0,0
993,0.992,0,0,-0.039552341,0,-0,0,0,0,0.012421686,0,0,0,0,0,-0.17037375,0,0,0,0.52,1.2918999,-0.32644558,-1.5587484,1.422995e-09,-5.9582181e-09,0.79730517,3.2687999e-09,-5.1807523e-09,-2.3560536,-0.0029268179,-2.4941095e-08,3.9900819e-08,-3.462321e-05,-0.0068206721,-9.1410298e-07,1.4492404e-06,-0.00073119443,-580.72444,-3.8734524e-05,5.953352e-05,-6.8474896,0,0
994,0.993,0,0,-0.039540007,0,-0,0,0,0,0.012246977,0,0,0,0,0,-0.17326434,0,0,0,0.52,1.2918991,-0.32643481,-1.5587514,1.411662e-09,-5.9116961e-09,0.79730224,3.2434171e-09,-5.1401513e-09,-2.3560536,-0.0029320743,-2.5832176e-08,4.1313326e-08,-3.5327736e-05,-0.0057778002,-8.9875533e-07,1.4247519e-06,-0.0007134157,-580.5517,-3.3009976e-05,5.0440934e-05,-6.8422184,0,0
995,0.994,0,0,-0.03952785,0,-0,0,0,0,0.012069499,0,0,0,0,0,-0.17607365,0,0,0,0.52,1.2918982,-0.32642422,-1.5587544,1.3999447e-09,-5.8635641e-09,0.79729931,3.2171511e-09,-5.0981504e-09,-2.3560537,-0.0029362972,-2.6707633e-08,4.2700909e-08,-3.6014355e-05,-0.0047411793,-8.8322302e-07,1.3999722e-06,-0.00069555104,-580.38389,-2.7319391e-05,4.1402976e-05,-6.837002,0,0
996,0.995,0,0,-0.039515871,0,-0,0,0,0,0.011889333,0,0,0,0,0,-0.17880138,0,0,0,0.52,1.2918973,-0.32641381,-1.5587573,1.3878501e-09,-5.8138507e-09,0.79729637,3.1900176e-09,-5.0547746e-09,-2.3560537,-0.0029394933,-2.7567291e-08,4.4063291e-08,-3.668299e-05,-0.0037111109,-8.6751281e-07,1.3749121e-06,-0.00067760741,-580.22103,-2.1664426e-05,3.2422275e-05,-6.8318416,0,0
997,0.996,0,0,-0.039504073,0,-0,0,0,0,0.011706563,0,0,0,0,0,-0.18144725,0,0,0,0.52,1.2918964,-0.32640359,-1.5587603,1.3753851e-09,-5.7625851e-09,0.79729343,3.1620324e-09,-5.0100491e-09,-2.3560537,-0.0029416695,-2.8410982e-08,4.5400208e-08,-3.7333574e-05,-0.0026878916,-8.5163145e-07,1.3495822e-06,-0.00065959169,-580.06313,-1.6046713e-05,2.3501418e-05,-6.8267385,0,0
998,0.997,0,0,-0.03949246,0,-0,0,0,0,0.01152127,0,0,0,0,0,-0.18401099,0,0,0,0.52,1.2918956,-0.32639354,-1.5587633,1.3625569e-09,-5.7097966e-09,0.79729049,3.1332117e-09,-4.9639997e-09,-2.3560538,-0.0029428333,-2.9238544e-08,4.6711407e-08,-3.7966044e-05,-0.0016718136,-8.355857e-07,1.3239933e-06,-0.00064151073,-579.91021,-1.0467862e-05,1.4642953e-05,-6.8216938,0,0
999,0.998,0,0,-0.039481033,0,-0,0,0,0,0.011333537,0,0,0,0,0,-0.1864924,0,0,0,0.52,1.2918947,-0.32638369,-1.5587663,1.3493727e-09,-5.6555148e-09,0.79728754,3.1035715e-09,-4.9166522e-09,-2.3560538,-0.0029429922,-3.0049825e-08,4.7996645e-08,-3.8580346e-05,-0.00066316417,-8.193823e-07,1.2981563e-06,-0.00062337132,-579.76228,-4.929452e-06,5.8493855e-06,-6.8167089,0,0
1000,0.999,0,0,-0.039469796,0,-0,0,0,0,0.011143446,0,0,0,0,0,-0.18889128,0,0,0,0.52,1.2918938,-0.32637402,-1.5587692,1.3358398e-09,-5.5997696e-09,0.7972846,3.0731284e-09,-4.8680325e-09,-2.3560538,-0.0029421539,-3.0844676e-08,4.9255689e-08,-3.917643e-05,0.00033777396,-8.0302803e-07,1.2720818e-06,-0.00060518019,-579.61936,5.6696053e-07,-2.87682e-06,-6.8117848,0,0
1001,1,0,0,-0.039458749,0,-0,0,0,0,0.010951081,0,0,0,0,0,-0.19120746,0,0,0,0.52,1.2918929,-0.32636455,-1.5587722,1.3219654e-09,-5.5425913e-09,0.79728166,3.0418987e-09,-4.8181671e-09,-2.3560539,-0.0029403267,-3.1622956e-08,5.0488319e-08,-3.9754256e-05,0.001330723,-7.8652963e-07,1.2457807e-06,-0.000586944,-579.48145,6.0198473e-06,-1.1533242e-05,-6.8069226,0,0
1002,1.001,0,0,-0.039447896,0,-0,0,0,0,0.010756523,0,0,0,0,0,-0.19344081,0,0,0,0.52,1.2918921,-0.32635526,-1.5587752,1.3077569e-09,-5.4840102e-09,0.79727872,3.0098991e-09,-4.7670824e-09,-2.3560539,-0.002937519,-3.2384532e-08,5.1694324e-08,-4.0313788e-05,0.0023154102,-7.6989386e-07,1.2192636e-06,-0.00056866938,-579.34855,1.1427706e-05,-2.0117502e-05,-6.8021235,0,0
1003,1.002,0,0,-0.039437238,0,-0,0,0,0,0.010559857,0,0,0,0,0,-0.19559124,0,0,0,0.52,1.2918912,-0.32634617,-1.5587782,1.2932217e-09,-5.424057e-09,0.79727579,2.9771464e-09,-4.7148052e-09,-2.356054,-0.0029337393,-3.3129277e-08,5.2873505e-08,-4.0854998e-05,0.0032915675,-7.5312746e-07,1.1925414e-06,-0.00055036286,-579.22068,1.6789063e-05,-2.8627265e-05,-6.7973884,0,0
1004,1.003,0,0,-0.039426778,0,-0,0,0,0,0.010361165,0,0,0,0,0,-0.19765865,0,0,0,0.52,1.2918903,-0.32633728,-1.5587812,1.2783673e-09,-5.3627626e-09,0.79727286,2.9436574e-09,-4.6613623e-09,-2.356054,-0.0029289967,-3.3857069e-08,5.4025671e-08,-4.1377863e-05,0.004258932,-7.3623716e-07,1.1656247e-06,-0.00053203095,-579.09784,2.2102471e-05,-3.706024e-05,-6.7927185,0,0
1005,1.004,0,0,-0.039416518,0,-0,0,0,0,0.010160529,0,0,0,0,0,-0.19964301,0,0,0,0.52,1.2918894,-0.32632858,-1.5587841,1.2632013e-09,-5.300158e-09,0.79726993,2.9094493e-09,-4.6067809e-09,-2.356054,-0.0029233003,-3.4567795e-08,5.5150645e-08,-4.1882368e-05,0.0052172458,-7.1922969e-07,1.1385241e-06,-0.00051368005,-578.98002,2.736651e-05,-4.5414178e-05,-6.7881147,0,0
1006,1.005,0,0,-0.039406459,0,-0,0,0,0,0.0099580345,0,0,0,0,0,-0.20154429,0,0,0,0.52,1.2918886,-0.32632008,-1.5587871,1.2477311e-09,-5.2362747e-09,0.79726701,2.874539e-09,-4.5510883e-09,-2.3560541,-0.0029166595,-3.5261347e-08,5.6248259e-08,-4.2368502e-05,0.0061662561,-7.0211175e-07,1.1112505e-06,-0.00049531652,-578.86724,3.2579788e-05,-5.3686879e-05,-6.783578,0,0
1007,1.006,0,0,-0.039396603,0,-0,0,0,0,0.0097537629,0,0,0,0,0,-0.20336251,0,0,0,0.52,1.2918877,-0.32631178,-1.55879,1.2319645e-09,-5.1711441e-09,0.7972641,2.8389438e-09,-4.4943118e-09,-2.3560541,-0.0029090841,-3.5937626e-08,5.7318355e-08,-4.2836264e-05,0.0071057151,-6.8489004e-07,1.0838145e-06,-0.00047694666,-578.75949,3.7740943e-05,-6.1876183e-05,-6.7791093,0,0
1008,1.007,0,0,-0.039386953,0,-0,0,0,0,0.0095477976,0,0,0,0,0,-0.2050977,0,0,0,0.52,1.2918868,-0.32630368,-1.558793,1.215909e-09,-5.1047977e-09,0.79726119,2.802681e-09,-4.4364792e-09,-2.3560542,-0.0029005839,-3.6596538e-08,5.8360788e-08,-4.3285656e-05,0.0080353805,-6.6757123e-07,1.0562265e-06,-0.00045857669,-578.65676,4.284864e-05,-6.997998e-05,-6.7747095,0,0
1009,1.008,0,0,-0.039377509,0,-0,0,0,0,0.0093402215,0,0,0,0,0,-0.20674992,0,0,0,0.52,1.291886,-0.32629578,-1.5587959,1.1995724e-09,-5.0372676e-09,0.7972583,2.7657681e-09,-4.377618e-09,-2.3560542,-0.002891169,-3.7237996e-08,5.937542e-08,-4.3716687e-05,0.008955015,-6.5016198e-07,1.0284974e-06,-0.00044021275,-578.55905,4.7901572e-05,-7.7996202e-05,-6.7703796,0,0
1010,1.009,0,0,-0.039368274,0,-0,0,0,0,0.0091311176,0,0,0,0,0,-0.20831928,0,0,0,0.52,1.2918851,-0.32628809,-1.5587989,1.1829623e-09,-4.9685856e-09,0.79725541,2.7282225e-09,-4.3177562e-09,-2.3560543,-0.00288085,-3.7861918e-08,6.0362128e-08,-4.4129372e-05,0.0098643865,-6.3266891e-07,1.0006375e-06,-0.00042186092,-578.46635,5.2898463e-05,-8.592283e-05,-6.7661202,0,0
1011,1.01,0,0,-0.039359249,0,-0,0,0,0,0.0089205684,0,0,0,0,0,-0.20980589,0,0,0,0.52,1.2918842,-0.3262806,-1.5588018,1.1660866e-09,-4.8987838e-09,0.79725254,2.6900619e-09,-4.2569217e-09,-2.3560543,-0.0028696373,-3.8468232e-08,6.1320795e-08,-4.4523732e-05,0.010763268,-6.1509863e-07,9.7265738e-07,-0.00040352721,-578.37867,5.7838065e-05,-9.375789e-05,-6.7619323,0,0
1012,1.011,0,0,-0.039350434,0,-0,0,0,0,0.0087086565,0,0,0,0,0,-0.2112099,0,0,0,0.52,1.2918834,-0.32627331,-1.5588047,1.148953e-09,-4.8278945e-09,0.79724967,2.6513037e-09,-4.1951427e-09,-2.3560544,-0.0028575417,-3.9056869e-08,6.2251318e-08,-4.4899795e-05,0.011651439,-5.9745773e-07,9.4456754e-07,-0.00038521756,-578.29598,6.2719158e-05,-0.00010149945,-6.7578166,0,0
1013,1.012,0,0,-0.039341833,0,-0,0,0,0,0.0084954642,0,0,0,0,0,-0.21253149,0,0,0,0.52,1.2918825,-0.32626624,-1.5588076,1.1315693e-09,-4.7559501e-09,0.79724682,2.6119658e-09,-4.1324473e-09,-2.3560544,-0.0028445744,-3.9627769e-08,6.3153602e-08,-4.5257593e-05,0.012528683,-5.7975274e-07,9.1637836e-07,-0.00036693783,-578.21827,6.7540554e-05,-0.00010914564,-6.7537739,0,0
1014,1.013,0,0,-0.039333445,0,-0,0,0,0,0.0082810737,0,0,0,0,0,-0.21377084,0,0,0,0.52,1.2918817,-0.32625936,-1.5588105,1.1139433e-09,-4.682983e-09,0.79724399,2.5720659e-09,-4.0688638e-09,-2.3560544,-0.0028307466,-4.0180878e-08,6.4027563e-08,-4.5597164e-05,0.013394789,-5.619902e-07,8.8810022e-07,-0.00034869379,-578.14554,7.2301093e-05,-0.00011669463,-6.7498049,0,0
1015,1.014,0,0,-0.039325272,0,-0,0,0,0,0.0080655668,0,0,0,0,0,-0.21492819,0,0,0,0.52,1.2918808,-0.3262527,-1.5588133,1.0960829e-09,-4.6090258e-09,0.79724116,2.5316219e-09,-4.0044205e-09,-2.3560545,-0.0028160697,-4.0716148e-08,6.4873128e-08,-4.5918554e-05,0.014249552,-5.4417659e-07,8.5974342e-07,-0.00033049118,-578.07776,7.6999645e-05,-0.00012414461,-6.7459103,0,0
1016,1.015,0,0,-0.039317315,0,-0,0,0,0,0.0078490252,0,0,0,0,0,-0.2160038,0,0,0,0.52,1.29188,-0.32624624,-1.5588162,1.077996e-09,-4.5341111e-09,0.79723835,2.4906515e-09,-3.9391459e-09,-2.3560545,-0.0028005553,-4.1233537e-08,6.5690233e-08,-4.6221812e-05,0.015092773,-5.2631836e-07,8.3131823e-07,-0.0003123356,-578.01493,8.163511e-05,-0.00013149387,-6.7420908,0,0
1017,1.016,0,0,-0.039309575,0,-0,0,0,0,0.0076315302,0,0,0,0,0,-0.21699793,0,0,0,0.52,1.2918791,-0.32623999,-1.558819,1.0596905e-09,-4.4582716e-09,0.79723556,2.4491727e-09,-3.8730685e-09,-2.3560546,-0.0027842153,-4.1733011e-08,6.6478826e-08,-4.6506993e-05,0.015924257,-5.0842193e-07,8.0283482e-07,-0.00029423263,-577.95702,8.6206419e-05,-0.00013874071,-6.7383469,0,0
1018,1.017,0,0,-0.039302053,0,-0,0,0,0,0.0074131628,0,0,0,0,0,-0.2179109,0,0,0,0.52,1.2918783,-0.32623395,-1.5588218,1.0411742e-09,-4.3815401e-09,0.79723279,2.4072034e-09,-3.8062168e-09,-2.3560546,-0.0027670617,-4.221454e-08,6.7238864e-08,-4.6774159e-05,0.016743815,-4.9049367e-07,7.7430334e-07,-0.00027618774,-577.90402,9.0712531e-05,-0.00014588348,-6.7346792,0,0
1019,1.018,0,0,-0.039294749,0,-0,0,0,0,0.0071940037,0,0,0,0,0,-0.21874304,0,0,0,0.52,1.2918775,-0.32622812,-1.5588246,1.0224551e-09,-4.3039493e-09,0.79723003,2.3647616e-09,-3.7386194e-09,-2.3560547,-0.0027491067,-4.2678103e-08,6.7970313e-08,-4.7023374e-05,0.017551265,-4.7253993e-07,7.4573386e-07,-0.00025820633,-577.8559,9.5152438e-05,-0.0001529206,-6.7310884,0,0
1020,1.019,0,0,-0.039287665,0,-0,0,0,0,0.0069741332,0,0,0,0,0,-0.21949468,0,0,0,0.52,1.2918767,-0.3262225,-1.5588274,1.003541e-09,-4.2255322e-09,0.79722729,2.3218652e-09,-3.6703048e-09,-2.3560547,-0.0027303627,-4.3123684e-08,6.8673151e-08,-4.7254712e-05,0.018346428,-4.54567e-07,7.1713637e-07,-0.00024029372,-577.81264,9.9525161e-05,-0.00015985052,-6.727575,0,0
1021,1.02,0,0,-0.039280802,0,-0,0,0,0,0.0067536312,0,0,0,0,0,-0.22016623,0,0,0,0.52,1.2918758,-0.32621709,-1.5588302,9.8443982e-10,-4.1463215e-09,0.79722457,2.2785322e-09,-3.6013017e-09,-2.3560548,-0.0027108422,-4.3551272e-08,6.9347364e-08,-4.7468247e-05,0.019129132,-4.3658113e-07,6.8852081e-07,-0.00022245516,-577.77422,0.00010382975,-0.00016667174,-6.7241395,0,0
1022,1.021,0,0,-0.039274159,0,-0,0,0,0,0.0065325772,0,0,0,0,0,-0.22075806,0,0,0,0.52,1.291875,-0.32621189,-1.5588329,9.6515956e-10,-4.0663502e-09,0.79722187,2.2347806e-09,-3.5316387e-09,-2.3560548,-0.0026905579,-4.3960864e-08,6.9992949e-08,-4.7664064e-05,0.019899211,-4.1858853e-07,6.5989702e-07,-0.00020469579,-577.74062,0.00010806529,-0.00017338281,-6.7207823,0,0
1023,1.022,0,0,-0.039267737,0,-0,0,0,0,0.0063110503,0,0,0,0,0,-0.22127062,0,0,0,0.52,1.2918742,-0.3262069,-1.5588357,9.4570809e-10,-3.9856511e-09,0.79721919,2.1906285e-09,-3.4613444e-09,-2.3560549,-0.0026695228,-4.4352463e-08,7.0609913e-08,-4.7842247e-05,0.020656504,-4.0059535e-07,6.3127478e-07,-0.0001870207,-577.7118,0.00011223089,-0.00017998234,-6.717504,0,0
1024,1.023,0,0,-0.039261537,0,-0,0,0,0,0.0060891291,0,0,0,0,0,-0.22170435,0,0,0,0.52,1.2918734,-0.32620212,-1.5588384,9.260933e-10,-3.9042571e-09,0.79721653,2.1460937e-09,-3.3904475e-09,-2.3560549,-0.0026477498,-4.4726077e-08,7.1198271e-08,-4.8002889e-05,0.021400855,-3.8260771e-07,6.0266381e-07,-0.00016943488,-577.68774,0.0001163257,-0.00018646898,-6.7143048,0,0
1025,1.024,0,0,-0.039255559,0,-0,0,0,0,0.0058668917,0,0,0,0,0,-0.22205973,0,0,0,0.52,1.2918726,-0.32619755,-1.5588411,9.0632311e-10,-3.822201e-09,0.79721389,2.1011943e-09,-3.3189764e-09,-2.356055,-0.002625252,-4.5081721e-08,7.175805e-08,-4.8146086e-05,0.022132115,-3.6463165e-07,5.740737e-07,-0.00015194326,-577.66842,0.00012034889,-0.00019284143,-6.7111854,0,0
1026,1.025,0,0,-0.039249803,0,-0,0,0,0,0.0056444157,0,0,0,0,0,-0.22233724,0,0,0,0.52,1.2918718,-0.32619319,-1.5588437,8.8640539e-10,-3.7395155e-09,0.79721128,2.0559482e-09,-3.2469599e-09,-2.356055,-0.0026020429,-4.5419415e-08,7.2289284e-08,-4.827194e-05,0.022850139,-3.466732e-07,5.4551399e-07,-0.00013455065,-577.65379,0.00012429966,-0.00019909842,-6.7081458,0,0
1027,1.026,0,0,-0.03924427,0,-0,0,0,0,0.0054217782,0,0,0,0,0,-0.2225374,0,0,0,0.52,1.291871,-0.32618904,-1.5588464,8.6634801e-10,-3.6562336e-09,0.79720869,2.0103734e-09,-3.1744264e-09,-2.3560551,-0.0025781358,-4.5739185e-08,7.2792018e-08,-4.8380558e-05,0.023554788,-3.2873829e-07,5.1699413e-07,-0.00011726182,-577.64383,0.00012817726,-0.00020523877,-6.7051867,0,0
1028,1.027,0,0,-0.03923896,0,-0,0,0,0,0.0051990557,0,0,0,0,0,-0.22266077,0,0,0,0.52,1.2918703,-0.3261851,-1.558849,8.4615885e-10,-3.5723878e-09,0.79720612,1.9644877e-09,-3.1014044e-09,-2.3560551,-0.0025535443,-4.6041065e-08,7.3266306e-08,-4.8472049e-05,0.024245931,-3.1083283e-07,4.8852347e-07,-0.00010008143,-577.6385,0.00013198094,-0.00021126131,-6.7023081,0,0
1029,1.028,0,0,-0.039233872,0,-0,0,0,0,0.0049763243,0,0,0,0,0,-0.22270788,0,0,0,0.52,1.2918695,-0.32618137,-1.5588516,8.2584573e-10,-3.4880108e-09,0.79720358,1.9183091e-09,-3.0279222e-09,-2.3560552,-0.0025282821,-4.6325093e-08,7.3712211e-08,-4.854653e-05,0.024923439,-2.9296264e-07,4.6011128e-07,-8.3014069e-05,-577.63778,0.00013571001,-0.00021716495,-6.6995105,0,0
1030,1.029,0,0,-0.039229007,0,-0,0,0,0,0.0047536592,0,0,0,0,0,-0.22267934,0,0,0,0.52,1.2918687,-0.32617784,-1.5588541,8.0541647e-10,-3.4031352e-09,0.79720107,1.8718554e-09,-2.9540083e-09,-2.3560552,-0.002502363,-4.6591312e-08,7.4129806e-08,-4.8604119e-05,0.025587191,-2.7513352e-07,4.3176671e-07,-6.606423e-05,-577.64162,0.00013936379,-0.00022294861,-6.696794,0,0
1031,1.03,0,0,-0.039224365,0,-0,0,0,0,0.0045311353,0,0,0,0,0,-0.22257574,0,0,0,0.52,1.291868,-0.32617453,-1.5588567,7.8487888e-10,-3.3177934e-09,0.79719858,1.8251443e-09,-2.8796909e-09,-2.3560553,-0.002475801,-4.6839772e-08,7.4519171e-08,-4.8644941e-05,0.02623707,-2.5735118e-07,4.0349886e-07,-4.923633e-05,-577.64998,0.00014294165,-0.00022861131,-6.6941588,0,0
1032,1.031,0,0,-0.039219945,0,-0,0,0,0,0.0043088266,0,0,0,0,0,-0.22239771,0,0,0,0.52,1.2918672,-0.32617143,-1.5588592,7.6424073e-10,-3.2320179e-09,0.79719612,1.7781936e-09,-2.8049981e-09,-2.3560553,-0.0024486101,-4.7070528e-08,7.4880396e-08,-4.8669125e-05,0.026872966,-2.3962128e-07,3.7531668e-07,-3.2534703e-05,-577.66283,0.00014644296,-0.00023415208,-6.6916053,0,0
1033,1.032,0,0,-0.039215747,0,-0,0,0,0,0.0040868066,0,0,0,0,0,-0.22214589,0,0,0,0.52,1.2918665,-0.32616853,-1.5588617,7.4350977e-10,-3.1458408e-09,0.79719368,1.7310209e-09,-2.7299581e-09,-2.3560553,-0.0024208044,-4.7283642e-08,7.5213581e-08,-4.8676803e-05,0.027494774,-2.2194941e-07,3.4722904e-07,-1.5963601e-05,-577.68013,0.00014986716,-0.00023957,-6.6891334,0,0
1034,1.033,0,0,-0.039211771,0,-0,0,0,0,0.0038651481,0,0,0,0,0,-0.22182095,0,0,0,0.52,1.2918658,-0.32616584,-1.5588641,7.2269369e-10,-3.0592944e-09,0.79719128,1.6836439e-09,-2.6545989e-09,-2.3560554,-0.0023923982,-4.7479179e-08,7.5518834e-08,-4.8668112e-05,0.028102395,-2.0434111e-07,3.1924472e-07,4.7281629e-07,-577.70184,0.0001532137,-0.00024486422,-6.6867435,0,0
1035,1.034,0,0,-0.039208016,0,-0,0,0,0,0.0036439233,0,0,0,0,0,-0.22142357,0,0,0,0.52,1.291865,-0.32616335,-1.5588665,7.018002e-10,-2.9724106e-09,0.7971889,1.6360801e-09,-2.5789484e-09,-2.3560554,-0.0023634058,-4.7657211e-08,7.579627e-08,-4.8643193e-05,0.028695734,-1.8680183e-07,2.9137238e-07,1.6770464e-05,-577.72792,0.00015648205,-0.00025003393,-6.6844355,0,0
1036,1.035,0,0,-0.039204483,0,-0,0,0,0,0.0034232034,0,0,0,0,0,-0.22095445,0,0,0,0.52,1.2918643,-0.32616107,-1.5588689,6.8083693e-10,-2.8852213e-09,0.79718655,1.5883469e-09,-2.5030341e-09,-2.3560555,-0.0023338416,-4.7817815e-08,7.6046015e-08,-4.860219e-05,0.029274705,-1.6933697e-07,2.6362057e-07,3.2925352e-05,-577.75831,0.00015967173,-0.00025507837,-6.6822096,0,0
1037,1.036,0,0,-0.039201169,0,-0,0,0,0,0.0032030591,0,0,0,0,0,-0.22041431,0,0,0,0.52,1.2918636,-0.326159,-1.5588713,6.5981149e-10,-2.7977583e-09,0.79718423,1.5404618e-09,-2.4268839e-09,-2.3560555,-0.0023037201,-4.7961075e-08,7.6268201e-08,-4.8545252e-05,0.029839223,-1.5195186e-07,2.3599773e-07,4.8933565e-05,-577.79299,0.00016278228,-0.00025999681,-6.6800658,0,0
1038,1.037,0,0,-0.039198076,0,-0,0,0,0,0.0029835604,0,0,0,0,0,-0.21980391,0,0,0,0.52,1.2918629,-0.32615713,-1.5588736,6.3873146e-10,-2.7100532e-09,0.79718194,1.4924421e-09,-2.3505252e-09,-2.3560556,-0.0022730559,-4.8087077e-08,7.6462971e-08,-4.8472532e-05,0.030389212,-1.3465177e-07,2.085122e-07,6.4791278e-05,-577.8319,0.00016581328,-0.00026478859,-6.6780041,0,0
1039,1.038,0,0,-0.039195202,0,-0,0,0,0,0.0027647764,0,0,0,0,0,-0.21912398,0,0,0,0.52,1.2918622,-0.32615546,-1.558876,6.1760437e-10,-2.6221374e-09,0.79717969,1.4443049e-09,-2.2739853e-09,-2.3560556,-0.0022418636,-4.8195913e-08,7.6630473e-08,-4.8384186e-05,0.030924601,-1.1744186e-07,1.8117219e-07,8.0494746e-05,-577.87499,0.00016876432,-0.0002694531,-6.6760246,0,0
1040,1.039,0,0,-0.039192546,0,-0,0,0,0,0.0025467754,0,0,0,0,0,-0.21837532,0,0,0,0.52,1.2918616,-0.32615399,-1.5588782,5.9643769e-10,-2.5340421e-09,0.79717746,1.3960674e-09,-2.1972915e-09,-2.3560557,-0.0022101579,-4.8287683e-08,7.6770865e-08,-4.8280373e-05,0.031445323,-1.0032727e-07,1.5398581e-07,9.6040313e-05,-577.92223,0.00017163505,-0.00027398975,-6.6741273,0,0
1041,1.04,0,0,-0.039190107,0,-0,0,0,0,0.002329625,0,0,0,0,0,-0.21755871,0,0,0,0.52,1.2918609,-0.32615272,-1.5588805,5.7523887e-10,-2.4457983e-09,0.79717527,1.3477465e-09,-2.1204706e-09,-2.3560557,-0.0021779536,-4.8362489e-08,7.6884314e-08,-4.8161256e-05,0.031951317,-8.3313034e-08,1.2696105e-07,0.0001114244,-577.97355,0.00017442512,-0.00027839804,-6.672312,0,0
1042,1.041,0,0,-0.039187885,0,-0,0,0,0,0.0021133919,0,0,0,0,0,-0.21667496,0,0,0,0.52,1.2918602,-0.32615166,-1.5588827,5.540153e-10,-2.357437e-09,0.7971731,1.2993593e-09,-2.0435497e-09,-2.3560558,-0.0021452655,-4.8420439e-08,7.6970992e-08,-4.8027003e-05,0.032442529,-6.6404117e-08,1.0010576e-07,0.00012664353,-578.02892,0.00017713423,-0.00028267748,-6.6705788,0,0
1043,1.042,0,0,-0.039185879,0,-0,0,0,0,0.0018981421,0,0,0,0,0,-0.21572489,0,0,0,0.52,1.2918596,-0.32615079,-1.5588849,5.3277431e-10,-2.2689888e-09,0.79717098,1.2509225e-09,-1.9665553e-09,-2.3560558,-0.0021121084,-4.8461645e-08,7.7031081e-08,-4.7877783e-05,0.032918908,-4.9605412e-08,7.3427707e-08,0.00014169429,-578.08827,0.0001797621,-0.00028682764,-6.6689274,0,0
1044,1.043,0,0,-0.039184088,0,-0,0,0,0,0.0016839405,0,0,0,0,0,-0.21470936,0,0,0,0.52,1.2918589,-0.32615012,-1.558887,5.1152321e-10,-2.1804841e-09,0.79716888,1.2024527e-09,-1.889514e-09,-2.3560559,-0.0020784972,-4.8486225e-08,7.7064769e-08,-4.7713771e-05,0.033380411,-3.2921735e-08,4.6934502e-08,0.00015657335,-578.15157,0.00018230849,-0.00029084814,-6.6673579,0,0
1045,1.044,0,0,-0.03918251,0,-0,0,0,0,0.0014708513,0,0,0,0,0,-0.21362921,0,0,0,0.52,1.2918583,-0.32614964,-1.5588891,4.9026921e-10,-2.0919533e-09,0.79716682,1.1539666e-09,-1.8124521e-09,-2.3560559,-0.0020444469,-4.8494301e-08,7.7072252e-08,-4.7535141e-05,0.033826998,-1.6357823e-08,2.063365e-08,0.00017127749,-578.21875,0.00018477318,-0.00029473866,-6.66587,0,0
1046,1.045,0,0,-0.039181145,0,-0,0,0,0,0.001258938,0,0,0,0,0,-0.21248533,0,0,0,0.52,1.2918577,-0.32614936,-1.5588912,4.690195e-10,-2.0034261e-09,0.79716479,1.1054805e-09,-1.7353956e-09,-2.356056,-0.0020099725,-4.8485999e-08,7.7053734e-08,-4.7342074e-05,0.034258635,8.1662599e-11,-5.4674773e-09,0.00018580354,-578.28977,0.00018715597,-0.00029849889,-6.6644636,0,0
1047,1.046,0,0,-0.039179991,0,-0,0,0,0,0.0010482627,0,0,0,0,0,-0.21127859,0,0,0,0.52,1.2918571,-0.32614927,-1.5588932,4.477812e-10,-1.9149326e-09,0.7971628,1.0570109e-09,-1.6583705e-09,-2.356056,-0.0019750888,-4.8461452e-08,7.7009425e-08,-4.7134754e-05,0.034675295,1.6392145e-08,-3.1361633e-08,0.00020014843,-578.36457,0.00018945672,-0.0003021286,-6.6631385,0,0
1048,1.047,0,0,-0.039179048,0,-0,0,0,0,0.00083888718,0,0,0,0,0,-0.2100099,0,0,0,0.52,1.2918565,-0.32614937,-1.5588952,4.2656137e-10,-1.8265021e-09,0.79716084,1.0085738e-09,-1.5814025e-09,-2.3560561,-0.0019398111,-4.8420794e-08,7.6939544e-08,-4.6913364e-05,0.035076955,3.2569122e-08,-5.7041695e-08,0.00021430919,-578.44309,0.00019167528,-0.00030562759,-6.6618944,0,0
1049,1.048,0,0,-0.039178312,0,-0,0,0,0,0.00063087188,0,0,0,0,0,-0.20868017,0,0,0,0.52,1.2918559,-0.32614966,-1.5588972,4.0536699e-10,-1.7381639e-09,0.79715892,9.6018533e-10,-1.5045169e-09,-2.3560561,-0.0019041541,-4.8364167e-08,7.6844313e-08,-4.6678094e-05,0.035463596,4.8608175e-08,-8.2500674e-08,0.00022828291,-578.52528,0.00019381157,-0.00030899572,-6.6607311,0,0
1050,1.049,0,0,-0.039177784,0,-0,0,0,0,0.00042427647,0,0,0,0,0,-0.20729033,0,0,0,0.52,1.2918553,-0.32615014,-1.5588991,3.8420502e-10,-1.649947e-09,0.79715703,9.1186137e-10,-1.4277391e-09,-2.3560562,-0.0018681331,-4.8291713e-08,7.6723966e-08,-4.6429136e-05,0.035835206,6.4504971e-08,-1.0773171e-07,0.00024206676,-578.61108,0.0001958655,-0.00031223288,-6.6596484,0,0
1051,1.05,0,0,-0.039177462,0,-0,0,0,0,0.00021915964,0,0,0,0,0,-0.20584133,0,0,0,0.52,1.2918547,-0.3261508,-1.558901,3.630823e-10,-1.5618802e-09,0.79715519,8.6361766e-10,-1.351094e-09,-2.3560562,-0.0018317631,-4.8203583e-08,7.657874e-08,-4.6166682e-05,0.036191778,8.0255255e-08,-1.3272809e-07,0.00025565801,-578.70044,0.00019783703,-0.000315339,-6.6586459,0,0
1052,1.051,0,0,-0.039177345,0,-0,0,0,0,1.5579135e-05,0,0,0,0,0,-0.20433411,0,0,0,0.52,1.2918542,-0.32615166,-1.5589029,3.4200564e-10,-1.4739919e-09,0.79715337,8.154698e-10,-1.2746063e-09,-2.3560563,-0.001795059,-4.8099928e-08,7.6408879e-08,-4.589093e-05,0.03653331,9.5854856e-08,-1.574832e-07,0.000269054,-578.79329,0.00019972615,-0.00031831408,-6.6577234,0,0
1053,1.052,0,0,-0.03917743,0,-0,0,0,0,-0.00018640829,0,0,0,0,0,-0.20276966,0,0,0,0.52,1.2918536,-0.32615269,-1.5589047,3.2098177e-10,-1.3863103e-09,0.7971516,7.6743325e-10,-1.1983007e-09,-2.3560563,-0.0017580359,-4.7980906e-08,7.6214635e-08,-4.5602079e-05,0.036859804,1.1129969e-07,-1.819906e-07,0.00028225216,-578.88959,0.00020153287,-0.00032115814,-6.6568805,0,0
1054,1.053,0,0,-0.039177716,0,-0,0,0,0,-0.00038674686,0,0,0,0,0,-0.20114893,0,0,0,0.52,1.2918531,-0.3261539,-1.5589065,3.0001735e-10,-1.2988633e-09,0.79714986,7.1952328e-10,-1.1222013e-09,-2.3560563,-0.0017207089,-4.7846677e-08,7.5996264e-08,-4.530033e-05,0.037171268,1.2658576e-07,-2.0624396e-07,0.00029525,-578.98926,0.00020325722,-0.00032387125,-6.6561169,0,0
1055,1.054,0,0,-0.039178201,0,-0,0,0,0,-0.00058538178,0,0,0,0,0,-0.19947293,0,0,0,0.52,1.2918526,-0.3261553,-1.5589082,2.7911897e-10,-1.2116785e-09,0.79714815,6.7175501e-10,-1.0463322e-09,-2.3560564,-0.001683093,-4.7697407e-08,7.5754031e-08,-4.4985887e-05,0.037467715,1.4170914e-07,-2.3023708e-07,0.00030804512,-579.09224,0.00020489928,-0.00032645354,-6.6554321,0,0
1056,1.055,0,0,-0.039178885,0,-0,0,0,0,-0.00078225929,0,0,0,0,0,-0.19774265,0,0,0,0.52,1.2918521,-0.32615687,-1.5589099,2.5829313e-10,-1.1247831e-09,0.79714649,6.2414342e-10,-9.7071699e-10,-2.3560564,-0.0016452031,-4.7533262e-08,7.5488203e-08,-4.4658957e-05,0.037749164,1.5666602e-07,-2.5396394e-07,0.00032063517,-579.19849,0.00020645914,-0.00032890517,-6.6548258,0,0
1057,1.056,0,0,-0.039179764,0,-0,0,0,0,-0.00097732663,0,0,0,0,0,-0.1959591,0,0,0,0.52,1.2918516,-0.32615862,-1.5589116,2.3754627e-10,-1.0382041e-09,0.79714486,5.7670328e-10,-8.9537922e-10,-2.3560565,-0.0016070542,-4.7354416e-08,7.5199057e-08,-4.4319748e-05,0.038015636,1.7145264e-07,-2.774186e-07,0.00033301792,-579.30793,0.00020793692,-0.00033122633,-6.6542975,0,0
1058,1.057,0,0,-0.039180838,0,-0,0,0,0,-0.001170532,0,0,0,0,0,-0.19412332,0,0,0,0.52,1.2918511,-0.32616054,-1.5589132,2.1688475e-10,-9.5196823e-10,0.79714328,5.294492e-10,-8.2034205e-10,-2.3560565,-0.0015686613,-4.7161044e-08,7.4886874e-08,-4.396847e-05,0.03826716,1.8606535e-07,-3.0059532e-07,0.00034519119,-579.42051,0.00020933276,-0.00033341727,-6.6538468,0,0
1059,1.058,0,0,-0.039182103,0,-0,0,0,0,-0.0013618249,0,0,0,0,0,-0.19223632,0,0,0,0.52,1.2918506,-0.32616263,-1.5589148,1.9631485e-10,-8.6610173e-10,0.79714173,4.8239562e-10,-7.4562837e-10,-2.3560566,-0.0015300393,-4.6953326e-08,7.4551939e-08,-4.3605336e-05,0.038503768,2.0050059e-07,-3.2348843e-07,0.00035715292,-579.53615,0.00021064685,-0.00033547827,-6.6534733,0,0
1060,1.059,0,0,-0.039183559,0,-0,0,0,0,-0.0015511554,0,0,0,0,0,-0.19029914,0,0,0,0.52,1.2918501,-0.3261649,-1.5589164,1.7584277e-10,-7.8063063e-10,0.79714022,4.355568e-10,-6.7126078e-10,-2.3560566,-0.0014912029,-4.6731444e-08,7.4194544e-08,-4.3230561e-05,0.038725498,2.1475489e-07,-3.4609248e-07,0.00036890108,-579.65481,0.00021187938,-0.00033740968,-6.6531764,0,0
1061,1.06,0,0,-0.039185204,0,-0,0,0,0,-0.0017384751,0,0,0,0,0,-0.18831284,0,0,0,0.52,1.2918497,-0.32616733,-1.5589179,1.5547461e-10,-6.9558057e-10,0.79713874,3.889468e-10,-5.9726159e-10,-2.3560567,-0.001452167,-4.6495584e-08,7.3814987e-08,-4.2844361e-05,0.038932392,2.2882484e-07,-3.684021e-07,0.00038043375,-579.7764,0.00021303058,-0.00033921186,-6.6529557,0,0
1062,1.061,0,0,-0.039187034,0,-0,0,0,0,-0.0019237364,0,0,0,0,0,-0.18627848,0,0,0,0.52,1.2918492,-0.32616992,-1.5589194,1.3521643e-10,-6.1097687e-10,0.79713731,3.4257952e-10,-5.2365281e-10,-2.3560567,-0.0014129465,-4.6245936e-08,7.341357e-08,-4.2446954e-05,0.039124495,2.4270716e-07,-3.9041209e-07,0.0003917491,-579.90088,0.0002141007,-0.00034088521,-6.6528106,0,0
1063,1.062,0,0,-0.039189049,0,-0,0,0,0,-0.0021068928,0,0,0,0,0,-0.18419711,0,0,0,0.52,1.2918488,-0.32617268,-1.5589208,1.1507415e-10,-5.2684449e-10,0.79713592,2.9646862e-10,-4.5045615e-10,-2.3560567,-0.001373556,-4.5982692e-08,7.29906e-08,-4.2038561e-05,0.039301861,2.5639863e-07,-4.1211739e-07,0.00040284534,-580.02817,0.00021509003,-0.00034243019,-6.6527406,0,0
1064,1.063,0,0,-0.039191246,0,-0,0,0,0,-0.002287899,0,0,0,0,0,-0.18206981,0,0,0,0.52,1.2918483,-0.3261756,-1.5589222,9.5053656e-11,-4.4320805e-10,0.79713457,2.5062763e-10,-3.7769301e-10,-2.3560568,-0.0013340101,-4.5706047e-08,7.2546389e-08,-4.1619402e-05,0.039464544,2.6989614e-07,-4.3351307e-07,0.0004137208,-580.15821,0.00021599885,-0.0003438473,-6.6527451,0,0
1065,1.064,0,0,-0.039193623,0,-0,0,0,0,-0.0024667106,0,0,0,0,0,-0.17989767,0,0,0,0.52,1.2918479,-0.32617868,-1.5589236,7.5160709e-11,-3.6009179e-10,0.79713325,2.0506983e-10,-3.0538446e-10,-2.3560568,-0.0012943234,-4.54162e-08,7.2081254e-08,-4.1189702e-05,0.039612606,2.8319665e-07,-4.5459436e-07,0.00042437387,-580.29094,0.00021682751,-0.00034513705,-6.6528235,0,0
1066,1.065,0,0,-0.039196177,0,-0,0,0,0,-0.0026432844,0,0,0,0,0,-0.17768176,0,0,0,0.52,1.2918475,-0.32618192,-1.5589249,5.5401e-11,-2.7751959e-10,0.79713198,1.5980833e-10,-2.3355126e-10,-2.3560569,-0.0012545106,-4.5113352e-08,7.1595516e-08,-4.0749684e-05,0.03974611,2.9629722e-07,-4.7535664e-07,0.00043480301,-580.42629,0.00021757635,-0.00034630002,-6.6529752,0,0
1067,1.066,0,0,-0.039198907,0,-0,0,0,0,-0.0028175783,0,0,0,0,0,-0.17542318,0,0,0,0.52,1.2918472,-0.32618531,-1.5589262,3.5780124e-11,-1.9551497e-10,0.79713074,1.1485602e-10,-1.6221386e-10,-2.3560569,-0.0012145859,-4.4797708e-08,7.1089502e-08,-4.0299575e-05,0.039865127,3.0919502e-07,-4.957954e-07,0.00044500677,-580.56418,0.00021824574,-0.00034733681,-6.6531996,0,0
1068,1.067,0,0,-0.03920181,0,-0,0,0,0,-0.0029895512,0,0,0,0,0,-0.17312303,0,0,0,0.52,1.2918468,-0.32618885,-1.5589274,1.6303588e-11,-1.1410106e-10,0.79712955,7.0225606e-11,-9.1392369e-11,-2.3560569,-0.0011745639,-4.4469475e-08,7.056354e-08,-3.9839603e-05,0.039969731,3.2188728e-07,-5.1590632e-07,0.00045498377,-580.70457,0.00021883609,-0.00034824808,-6.6534961,0,0
1069,1.068,0,0,-0.039204884,0,-0,0,0,0,-0.0031591633,0,0,0,0,0,-0.17078241,0,0,0,0.52,1.2918464,-0.32619254,-1.5589286,-3.0231959e-12,-3.3300617e-11,0.79712839,2.5929558e-11,-2.1106561e-11,-2.356057,-0.0011344588,-4.4128862e-08,7.0017965e-08,-3.9369996e-05,0.040059998,3.3437134e-07,-5.3568519e-07,0.00046473272,-580.84737,0.00021934783,-0.0003490345,-6.6538641,0,0
1070,1.069,0,0,-0.039208126,0,-0,0,0,0,-0.0033263758,0,0,0,0,0,-0.16840243,0,0,0,0.52,1.2918461,-0.32619637,-1.5589297,-2.2194906e-11,4.6863996e-11,0.79712728,-1.8019844e-11,4.8624119e-11,-2.356057,-0.0010942848,-4.377608e-08,6.9453116e-08,-3.8890984e-05,0.040136011,3.4664462e-07,-5.5512795e-07,0.00047425239,-580.99252,0.00021978139,-0.00034969678,-6.6543027,0,0
1071,1.07,0,0,-0.039211534,0,-0,0,0,0,-0.0034911509,0,0,0,0,0,-0.16598421,0,0,0,0.52,1.2918457,-0.32620036,-1.5589309,-4.1206316e-11,1.263708e-10,0.7971262,-6.1610542e-11,1.1778057e-10,-2.3560571,-0.001054056,-4.3411346e-08,6.8869334e-08,-3.8402797e-05,0.040197858,3.5870465e-07,-5.7423072e-07,0.00048354164,-581.13996,0.00022013726,-0.0003502357,-6.6548114,0,0
1072,1.071,0,0,-0.039215106,0,-0,0,0,0,-0.0036534521,0,0,0,0,0,-0.16352886,0,0,0,0.52,1.2918454,-0.32620448,-1.5589319,-6.0052296e-11,2.0519821e-10,0.79712517,-1.0483069e-10,1.8634403e-10,-2.3560571,-0.0010137865,-4.3034875e-08,6.8266964e-08,-3.7905669e-05,0.040245627,3.7054902e-07,-5.9298973e-07,0.0004925994,-581.28961,0.00022041591,-0.00035065202,-6.6553895,0,0
1073,1.072,0,0,-0.039218838,0,-0,0,0,0,-0.0038132439,0,0,0,0,0,-0.16103751,0,0,0,0.52,1.2918451,-0.32620874,-1.558933,-7.872781e-11,2.8332503e-10,0.79712418,-1.4766867e-10,2.5429609e-10,-2.3560571,-0.00097349016,-4.2646886e-08,6.7646357e-08,-3.7399832e-05,0.040279414,3.8217546e-07,-6.1140136e-07,0.00050142466,-581.44141,0.00022061786,-0.00035094659,-6.6560361,0,0
1074,1.073,0,0,-0.03922273,0,-0,0,0,0,-0.0039704921,0,0,0,0,0,-0.15851127,0,0,0,0.52,1.2918448,-0.32621314,-1.558934,-9.722792e-11,3.607305e-10,0.79712322,-1.9011306e-10,3.2161868e-10,-2.3560572,-0.00093318089,-4.2247601e-08,6.7007865e-08,-3.6885519e-05,0.040299318,3.9358174e-07,-6.2946214e-07,0.00051001652,-581.59529,0.00022074366,-0.00035112026,-6.6567507,0,0
1075,1.074,0,0,-0.039226777,0,-0,0,0,0,-0.0041251633,0,0,0,0,0,-0.15595129,0,0,0,0.52,1.2918445,-0.32621768,-1.5589349,-1.1554779e-10,4.3739422e-10,0.79712231,-2.3215268e-10,3.8829411e-10,-2.3560572,-0.00089287239,-4.1837243e-08,6.6351843e-08,-3.6362966e-05,0.04030544,4.0476577e-07,-6.4716876e-07,0.00051837412,-581.75118,0.00022079385,-0.00035117392,-6.6575323,0,0
1076,1.075,0,0,-0.039230977,0,-0,0,0,0,-0.0042772257,0,0,0,0,0,-0.15335868,0,0,0,0.52,1.2918442,-0.32622235,-1.5589358,-1.3368267e-10,5.1329624e-10,0.79712144,-2.7377658e-10,4.5430502e-10,-2.3560572,-0.00085257828,-4.1416038e-08,6.567865e-08,-3.5832408e-05,0.040297887,4.157255e-07,-6.6451803e-07,0.00052649669,-581.90901,0.00022076902,-0.0003511085,-6.6583803,0,0
1077,1.076,0,0,-0.039235329,0,-0,0,0,0,-0.0044266482,0,0,0,0,0,-0.15073458,0,0,0,0.52,1.2918439,-0.32622714,-1.5589367,-1.5162793e-10,5.8841701e-10,0.79712061,-3.1497403e-10,5.1963442e-10,-2.3560573,-0.00081231207,-4.0984212e-08,6.4988649e-08,-3.5294082e-05,0.040276768,4.2645901e-07,-6.8150693e-07,0.00053438354,-582.06872,0.00022066976,-0.00035092496,-6.6592939,0,0
1078,1.077,0,0,-0.039239828,0,-0,0,0,0,-0.0045734011,0,0,0,0,0,-0.14808012,0,0,0,0.52,1.2918437,-0.32623206,-1.5589375,-1.6937901e-10,6.6273738e-10,0.79711981,-3.557345e-10,5.8426569e-10,-2.3560573,-0.00077208715,-4.0541995e-08,6.4282203e-08,-3.4748222e-05,0.040242199,4.3696446e-07,-6.9813257e-07,0.00054203405,-582.23024,0.0002204967,-0.0003506243,-6.6602722,0,0
1079,1.078,0,0,-0.039244473,0,-0,0,0,0,-0.0047174558,0,0,0,0,0,-0.14539645,0,0,0,0.52,1.2918434,-0.32623711,-1.5589383,-1.869315e-10,7.3623864e-10,0.79711906,-3.9604774e-10,6.4818257e-10,-2.3560574,-0.00073191681,-4.0089617e-08,6.3559681e-08,-3.4195068e-05,0.040194296,4.4724012e-07,-7.1439222e-07,0.00054944765,-582.39349,0.00022025047,-0.00035020753,-6.6613145,0,0
1080,1.079,0,0,-0.03924926,0,-0,0,0,0,-0.0048587846,0,0,0,0,0,-0.14268469,0,0,0,0.52,1.2918432,-0.32624228,-1.558939,-2.0428103e-10,8.0890251e-10,0.79711835,-4.3590369e-10,7.1136916e-10,-2.3560574,-0.00069181419,-3.9627311e-08,6.2821452e-08,-3.3634856e-05,0.040133179,4.5728431e-07,-7.3028327e-07,0.00055662387,-582.55841,0.00021993174,-0.00034967572,-6.6624199,0,0
1081,1.08,0,0,-0.039254188,0,-0,0,0,0,-0.0049973612,0,0,0,0,0,-0.13994599,0,0,0,0.52,1.291843,-0.32624757,-1.5589397,-2.2142338e-10,8.8071111e-10,0.79711768,-4.7529255e-10,7.7380995e-10,-2.3560574,-0.00065179231,-3.9155309e-08,6.2067889e-08,-3.3067824e-05,0.040058975,4.6709547e-07,-7.4580328e-07,0.00056356231,-582.72493,0.00021954117,-0.00034902994,-6.6635876,0,0
1082,1.081,0,0,-0.039259252,0,-0,0,0,0,-0.0051331604,0,0,0,0,0,-0.13718148,0,0,0,0.52,1.2918428,-0.32625297,-1.5589404,-2.3835442e-10,9.5164701e-10,0.79711705,-5.1420473e-10,8.3548979e-10,-2.3560575,-0.00061186409,-3.8673849e-08,6.1299366e-08,-3.2494211e-05,0.03997181,4.7667213e-07,-7.6094994e-07,0.00057026262,-582.89297,0.00021907948,-0.00034827132,-6.6648167,0,0
1083,1.082,0,0,-0.039264451,0,-0,0,0,0,-0.0052661581,0,0,0,0,0,-0.1343923,0,0,0,0.52,1.2918426,-0.32625848,-1.558941,-2.5507012e-10,1.0216932e-09,0.79711645,-5.5263091e-10,8.9639391e-10,-2.3560575,-0.00057204227,-3.8183166e-08,6.0516259e-08,-3.1914256e-05,0.039871816,4.860129e-07,-7.7572109e-07,0.00057672455,-583.06248,0.00021854737,-0.00034740099,-6.6661063,0,0
1084,1.083,0,0,-0.039269782,0,-0,0,0,0,-0.0053963314,0,0,0,0,0,-0.13157959,0,0,0,0.52,1.2918424,-0.32626411,-1.5589416,-2.7156654e-10,1.0908331e-09,0.7971159,-5.9056196e-10,9.5650792e-10,-2.3560575,-0.00053233948,-3.7683497e-08,5.9718948e-08,-3.1328196e-05,0.039759127,4.9511651e-07,-7.9011472e-07,0.0005829479,-583.23339,0.00021794559,-0.00034642013,-6.6674556,0,0
1085,1.084,0,0,-0.039275241,0,-0,0,0,0,-0.0055236583,0,0,0,0,0,-0.12874448,0,0,0,0.52,1.2918422,-0.32626984,-1.5589422,-2.8783988e-10,1.1590506e-09,0.79711539,-6.2798904e-10,1.0158178e-09,-2.3560575,-0.00049276822,-3.7175083e-08,5.8907812e-08,-3.0736272e-05,0.039633882,5.0398172e-07,-8.0412894e-07,0.00058893254,-583.40561,0.00021727487,-0.00034532995,-6.6688637,0,0
1086,1.085,0,0,-0.039280826,0,-0,0,0,0,-0.0056481182,0,0,0,0,0,-0.1258881,0,0,0,0.52,1.2918421,-0.32627568,-1.5589427,-3.0388641e-10,1.22633e-09,0.79711492,-6.649035e-10,1.0743099e-09,-2.3560576,-0.00045334083,-3.6658163e-08,5.8083233e-08,-3.013872e-05,0.039496222,5.1260745e-07,-8.1776202e-07,0.00059467843,-583.5791,0.00021653599,-0.00034413166,-6.6703297,0,0
1087,1.086,0,0,-0.039286534,0,-0,0,0,0,-0.0057696916,0,0,0,0,0,-0.12301159,0,0,0,0.52,1.2918419,-0.32628162,-1.5589431,-3.1970252e-10,1.292656e-09,0.79711448,-7.0129698e-10,1.131971e-09,-2.3560576,-0.00041406951,-3.6132978e-08,5.7245595e-08,-2.9535781e-05,0.03934629,5.2099266e-07,-8.3101237e-07,0.00060018558,-583.75377,0.00021572974,-0.00034282653,-6.6718526,0,0
1088,1.087,0,0,-0.039292363,0,-0,0,0,0,-0.0058883599,0,0,0,0,0,-0.12011608,0,0,0,0.52,1.2918418,-0.32628766,-1.5589436,-3.3528472e-10,1.3580138e-09,0.79711409,-7.3716131e-10,1.1887882e-09,-2.3560576,-0.0003749663,-3.5599769e-08,5.6395284e-08,-2.8927693e-05,0.039184233,5.2913642e-07,-8.4387856e-07,0.00060545406,-583.92955,0.00021485691,-0.00034141583,-6.6734315,0,0
1089,1.088,0,0,-0.039298308,0,-0,0,0,0,-0.0060041059,0,0,0,0,0,-0.1172027,0,0,0,0.52,1.2918416,-0.32629379,-1.5589439,-3.506296e-10,1.422389e-09,0.79711373,-7.7248861e-10,1.2447491e-09,-2.3560577,-0.00033604312,-3.5058781e-08,5.5532684e-08,-2.8314694e-05,0.039010202,5.3703788e-07,-8.5635925e-07,0.00061048404,-584.10639,0.00021391833,-0.00033990088,-6.6750655,0,0
1090,1.089,0,0,-0.039304368,0,-0,0,0,0,-0.0061169134,0,0,0,0,0,-0.11427258,0,0,0,0.52,1.2918415,-0.32630002,-1.5589443,-3.6573386e-10,1.4857678e-09,0.79711342,-8.0727122e-10,1.2998415e-09,-2.3560577,-0.00029731169,-3.4510255e-08,5.4658184e-08,-2.7697022e-05,0.03882435,5.4469628e-07,-8.684533e-07,0.00061527574,-584.28421,0.00021291484,-0.00033828299,-6.6767536,0,0
1091,1.09,0,0,-0.039310539,0,-0,0,0,0,-0.0062267674,0,0,0,0,0,-0.11132682,0,0,0,0.52,1.2918414,-0.32630634,-1.5589446,-3.8059434e-10,1.5481365e-09,0.79711314,-8.4150171e-10,1.3540538e-09,-2.3560577,-0.00025878362,-3.3954437e-08,5.3772171e-08,-2.7074916e-05,0.038626832,5.5211097e-07,-8.8015966e-07,0.00061982944,-584.46295,0.00021184727,-0.00033656354,-6.6784949,0,0
1092,1.091,0,0,-0.039316819,0,-0,0,0,0,-0.0063336538,0,0,0,0,0,-0.10836656,0,0,0,0.52,1.2918413,-0.32631275,-1.5589449,-3.9520794e-10,1.6094823e-09,0.7971129,-8.7517292e-10,1.4073745e-09,-2.3560577,-0.00022047033,-3.339157e-08,5.2875035e-08,-2.6448612e-05,0.038417806,5.5928135e-07,-8.9147745e-07,0.00062414549,-584.64253,0.0002107165,-0.0003347439,-6.6802884,0,0
1093,1.092,0,0,-0.039323203,0,-0,0,0,0,-0.0064375599,0,0,0,0,0,-0.10539291,0,0,0,0.52,1.2918413,-0.32631924,-1.5589451,-4.095717e-10,1.6697924e-09,0.7971127,-9.0827792e-10,1.4597929e-09,-2.3560578,-0.00018238308,-3.2821901e-08,5.1967165e-08,-2.5818348e-05,0.038197434,5.6620693e-07,-9.0240592e-07,0.00062822433,-584.82289,0.0002095234,-0.00033282547,-6.6821331,0,0
1094,1.093,0,0,-0.039329691,0,-0,0,0,0,-0.0065384739,0,0,0,0,0,-0.10240697,0,0,0,0.52,1.2918412,-0.32632582,-1.5589453,-4.2368275e-10,1.7290547e-09,0.79711253,-9.4081004e-10,1.5112983e-09,-2.3560578,-0.00014453298,-3.2245673e-08,5.1048951e-08,-2.5184361e-05,0.03796588,5.728873e-07,-9.1294445e-07,0.00063206643,-585.00397,0.00020826887,-0.00033080967,-6.684028,0,0
1095,1.094,0,0,-0.039336277,0,-0,0,0,0,-0.0066363852,0,0,0,0,0,-0.099409864,0,0,0,0.52,1.2918411,-0.32633247,-1.5589454,-4.3753834e-10,1.7872576e-09,0.79711241,-9.7276284e-10,1.5618807e-09,-2.3560578,-0.00010693095,-3.1663134e-08,5.0120784e-08,-2.4546886e-05,0.037723309,5.7932214e-07,-9.2309255e-07,0.00063567234,-585.18569,0.00020695381,-0.00032869795,-6.6859722,0,0
1096,1.095,0,0,-0.03934296,0,-0,0,0,0,-0.0067312843,0,0,0,0,0,-0.09640268,0,0,0,0.52,1.2918411,-0.3263392,-1.5589455,-4.5113582e-10,1.8443898e-09,0.79711232,-1.0041301e-09,1.6115301e-09,-2.3560579,-6.9587773e-05,-3.1074528e-08,4.9183056e-08,-2.3906158e-05,0.03746989,5.8551121e-07,-9.3284989e-07,0.00063904269,-585.36799,0.00020557914,-0.00032649179,-6.6879645,0,0
1097,1.096,0,0,-0.039349737,0,-0,0,0,0,-0.0068231627,0,0,0,0,0,-0.093386517,0,0,0,0.52,1.2918411,-0.32634601,-1.5589456,-4.6447265e-10,1.9004405e-09,0.79711227,-1.0349059e-09,1.6602374e-09,-2.3560579,-3.2514026e-05,-3.0480102e-08,4.8236156e-08,-2.3262412e-05,0.037205794,5.9145435e-07,-9.4221625e-07,0.00064217817,-585.5508,0.00020414581,-0.00032419265,-6.6900041,0,0
1098,1.097,0,0,-0.039356604,0,-0,0,0,0,-0.0069120131,0,0,0,0,0,-0.090362465,0,0,0,0.52,1.291841,-0.32635288,-1.5589456,-4.775464e-10,1.9553993e-09,0.79711225,-1.0650846e-09,1.7079935e-09,-2.3560579,4.2798683e-06,-2.9880102e-08,4.7280477e-08,-2.2615882e-05,0.036931194,5.971515e-07,-9.5119155e-07,0.00064507949,-585.73406,0.00020265474,-0.00032180206,-6.6920898,0,0
1099,1.098,0,0,-0.039363558,0,-0,0,0,0,-0.0069978293,0,0,0,0,0,-0.087331608,0,0,0,0.52,1.291841,-0.32635982,-1.5589456,-4.9035473e-10,2.0092564e-09,0.79711228,-1.0946607e-09,1.7547898e-09,-2.3560579,4.078367e-05,-2.9274773e-08,4.6316409e-08,-2.19668e-05,0.036646266,6.0260268e-07,-9.5977586e-07,0.00064774749,-585.9177,0.0002011069,-0.00031932153,-6.6942207,0,0
1100,1.099,0,0,-0.039370596,0,-0,0,0,0,-0.0070806061,0,0,0,0,0,-0.084295025,0,0,0,0.52,1.291841,-0.32636683,-1.5589456,-5.0289543e-10,2.0620022e-09,0.79711233,-1.123629e-09,1.8006181e-09,-2.3560579,7.6987316e-05,-2.8664363e-08,4.5344343e-08,-2.1315399e-05,0.036351186,6.0780797e-07,-9.6796934e-07,0.00065018304,-586.10166,0.00019950326,-0.00031675262,-6.6963957,0,0
1101,1.1,0,0,-0.039377716,0,-0,0,0,0,-0.0071603392,0,0,0,0,0,-0.081253788,0,0,0,0.52,1.291841,-0.3263739,-1.5589455,-5.1516639e-10,2.1136279e-09,0.79711243,-1.1519845e-09,1.8454706e-09,-2.356058,0.00011288092,-2.8049116e-08,4.4364669e-08,-2.066191e-05,0.036046134,6.1276756e-07,-9.7577232e-07,0.00065238705,-586.28587,0.0001978448,-0.00031409688,-6.6986137,0,0
1102,1.101,0,0,-0.039384914,0,-0,0,0,0,-0.0072370258,0,0,0,0,0,-0.07820896,0,0,0,0.52,1.291841,-0.32638103,-1.5589454,-5.2716561e-10,2.1641248e-09,0.79711256,-1.1797225e-09,1.88934e-09,-2.356058,0.0001484548,-2.7429277e-08,4.3377777e-08,-2.0006563e-05,0.035731292,6.1748171e-07,-9.8318525e-07,0.00065436054,-586.47027,0.00019613251,-0.00031135589,-6.7008737,0,0
1103,1.102,0,0,-0.039392187,0,-0,0,0,0,-0.0073106637,0,0,0,0,0,-0.0751616,0,0,0,0.52,1.2918411,-0.32638821,-1.5589453,-5.3889118e-10,2.2134849e-09,0.79711273,-1.2068386e-09,1.9322192e-09,-2.356058,0.00018369941,-2.6805091e-08,4.2384057e-08,-1.9349587e-05,0.035406843,6.2195075e-07,-9.9020868e-07,0.00065610455,-586.6548,0.00019436738,-0.00030853124,-6.7031747,0,0
1104,1.103,0,0,-0.039399532,0,-0,0,0,0,-0.007381252,0,0,0,0,0,-0.072112757,0,0,0,0.52,1.2918411,-0.32639545,-1.5589451,-5.5034132e-10,2.2617004e-09,0.79711293,-1.2333284e-09,1.9741015e-09,-2.356058,0.00021860545,-2.6176804e-08,4.1383896e-08,-1.8691209e-05,0.035072972,6.2617512e-07,-9.9684332e-07,0.0006576202,-586.83938,0.00019255044,-0.00030562456,-6.7055156,0,0
1105,1.104,0,0,-0.039406947,0,-0,0,0,0,-0.0074487909,0,0,0,0,0,-0.069063475,0,0,0,0.52,1.2918412,-0.32640274,-1.5589449,-5.6151435e-10,2.3087642e-09,0.79711316,-1.2591882e-09,2.0149807e-09,-2.356058,0.00025316376,-2.5544659e-08,4.0377683e-08,-1.8031656e-05,0.034729866,6.301553e-07,-1.00309e-06,0.00065890868,-587.02396,0.0001906827,-0.00030263745,-6.7078953,0,0
1106,1.105,0,0,-0.039414427,0,-0,0,0,0,-0.0075132813,0,0,0,0,0,-0.066014787,0,0,0,0.52,1.2918412,-0.32641008,-1.5589446,-5.7240868e-10,2.3546695e-09,0.79711343,-1.284414e-09,2.054851e-09,-2.3560581,0.0002873654,-2.4908899e-08,3.9365804e-08,-1.7371153e-05,0.034377713,6.3389187e-07,-1.0089496e-06,0.00065997121,-587.20848,0.00018876519,-0.00029957157,-6.7103128,0,0
1107,1.106,0,0,-0.03942197,0,-0,0,0,0,-0.0075747255,0,0,0,0,0,-0.062967719,0,0,0,0.52,1.2918413,-0.32641746,-1.5589443,-5.8302285e-10,2.3994099e-09,0.79711374,-1.3090025e-09,2.0937069e-09,-2.3560581,0.0003212016,-2.4269766e-08,3.8348643e-08,-1.6709925e-05,0.034016704,6.3738549e-07,-1.0144233e-06,0.00066080909,-587.39287,0.00018679896,-0.00029642856,-6.7127669,0,0
1108,1.107,0,0,-0.039429573,0,-0,0,0,0,-0.0076331266,0,0,0,0,0,-0.059923289,0,0,0,0.52,1.2918414,-0.32642488,-1.558944,-5.9335548e-10,2.4429797e-09,0.79711408,-1.3329503e-09,2.1315432e-09,-2.3560581,0.00035466379,-2.3627504e-08,3.7326587e-08,-1.6048194e-05,0.03364703,6.4063689e-07,-1.0195123e-06,0.00066142367,-587.57707,0.00018478503,-0.00029321009,-6.7152566,0,0
1109,1.108,0,0,-0.039437233,0,-0,0,0,0,-0.0076884887,0,0,0,0,0,-0.056882506,0,0,0,0.52,1.2918415,-0.32643234,-1.5589437,-6.0340533e-10,2.4853733e-09,0.79711445,-1.3562545e-09,2.1683553e-09,-2.3560581,0.0003877436,-2.2982352e-08,3.6300016e-08,-1.5386181e-05,0.033268884,6.4364688e-07,-1.0242177e-06,0.00066181636,-587.76103,0.00018272448,-0.00028991785,-6.7177808,0,0
1110,1.109,0,0,-0.039444947,0,-0,0,0,0,-0.007740817,0,0,0,0,0,-0.053846368,0,0,0,0.52,1.2918416,-0.32643984,-1.5589433,-6.1317123e-10,2.5265857e-09,0.79711485,-1.3789122e-09,2.2041389e-09,-2.3560581,0.00042043285,-2.2334551e-08,3.5269313e-08,-1.4724107e-05,0.03288246,6.4641634e-07,-1.0285412e-06,0.00066198864,-587.94467,0.00018061837,-0.00028655351,-6.7203385,0,0
1111,1.11,0,0,-0.039452712,0,-0,0,0,0,-0.0077901176,0,0,0,0,0,-0.050815866,0,0,0,0.52,1.2918417,-0.32644737,-1.5589428,-6.2265213e-10,2.5666124e-09,0.79711529,-1.4009211e-09,2.23889e-09,-2.3560581,0.00045272355,-2.168434e-08,3.4234858e-08,-1.4062188e-05,0.032487954,6.4894623e-07,-1.0324842e-06,0.00066194201,-588.12795,0.00017846775,-0.00028311879,-6.7229284,0,0
1112,1.111,0,0,-0.039460524,0,-0,0,0,0,-0.0078363976,0,0,0,0,0,-0.04779198,0,0,0,0.52,1.2918418,-0.32645494,-1.5589424,-6.3184709e-10,2.6054493e-09,0.79711576,-1.4222786e-09,2.2726051e-09,-2.3560581,0.00048460792,-2.1031956e-08,3.3197027e-08,-1.3400642e-05,0.032085562,6.5123756e-07,-1.0360483e-06,0.00066167807,-588.3108,0.00017627371,-0.00027961539,-6.7255495,0,0
1113,1.112,0,0,-0.039468382,0,-0,0,0,0,-0.0078796652,0,0,0,0,0,-0.04477568,0,0,0,0.52,1.291842,-0.32646253,-1.5589419,-6.4075526e-10,2.6430926e-09,0.79711626,-1.4429829e-09,2.3052809e-09,-2.3560582,0.00051607836,-2.0377638e-08,3.2156198e-08,-1.2739683e-05,0.031675484,6.5329146e-07,-1.0392354e-06,0.00066119844,-588.49316,0.00017403734,-0.00027604504,-6.7282008,0,0
1114,1.113,0,0,-0.039476281,0,-0,0,0,0,-0.0079199292,0,0,0,0,0,-0.041767927,0,0,0,0.52,1.2918421,-0.32647014,-1.5589414,-6.4937589e-10,2.6795392e-09,0.79711679,-1.4630321e-09,2.3369146e-09,-2.3560582,0.0005471275,-1.972162e-08,3.1112745e-08,-1.2079525e-05,0.031257917,6.5510908e-07,-1.0420473e-06,0.00066050482,-588.67498,0.0001717597,-0.00027240946,-6.7308811,0,0
1115,1.114,0,0,-0.039484218,0,-0,0,0,0,-0.0079571997,0,0,0,0,0,-0.03876967,0,0,0,0.52,1.2918423,-0.32647778,-1.5589408,-6.5770837e-10,2.714786e-09,0.79711735,-1.4824246e-09,2.3675039e-09,-2.3560582,0.00057774813,-1.9064137e-08,3.006704e-08,-1.1420379e-05,0.030833061,6.5669167e-07,-1.0444861e-06,0.00065959894,-588.8562,0.00016944191,-0.00026871039,-6.7335893,0,0
1116,1.115,0,0,-0.039492192,0,-0,0,0,0,-0.0079914877,0,0,0,0,0,-0.035781848,0,0,0,0.52,1.2918424,-0.32648544,-1.5589403,-6.6575213e-10,2.7488308e-09,0.79711794,-1.501159e-09,2.3970467e-09,-2.3560582,0.00060793328,-1.8405422e-08,2.9019452e-08,-1.0762455e-05,0.030401118,6.5804053e-07,-1.0465538e-06,0.00065848261,-589.03677,0.00016708506,-0.00026494959,-6.7363244,0,0
1117,1.116,0,0,-0.039500198,0,-0,0,0,0,-0.0080228048,0,0,0,0,0,-0.03280539,0,0,0,0.52,1.2918426,-0.32649311,-1.5589396,-6.7350676e-10,2.7816716e-09,0.79711856,-1.5192343e-09,2.4255411e-09,-2.3560582,0.00063767615,-1.7745707e-08,2.797035e-08,-1.010596e-05,0.029962289,6.5915706e-07,-1.0482527e-06,0.00065715766,-589.21661,0.00016469025,-0.00026112881,-6.7390851,0,0
1118,1.117,0,0,-0.039508235,0,-0,0,0,0,-0.008051164,0,0,0,0,0,-0.029841212,0,0,0,0.52,1.2918428,-0.3265008,-1.558939,-6.8097191e-10,2.8133068e-09,0.79711922,-1.5366495e-09,2.452986e-09,-2.3560582,0.00066697017,-1.7085221e-08,2.6920099e-08,-9.4510995e-06,0.029516776,6.600427e-07,-1.049585e-06,0.00065562599,-589.3957,0.00016225858,-0.0002572498,-6.7418705,0,0
1119,1.118,0,0,-0.039516298,0,-0,0,0,0,-0.0080765787,0,0,0,0,0,-0.026890221,0,0,0,0.52,1.291843,-0.3265085,-1.5589383,-6.8814736e-10,2.8437352e-09,0.7971199,-1.5534041e-09,2.4793804e-09,-2.3560582,0.00069580895,-1.6424194e-08,2.5869061e-08,-8.7980781e-06,0.029064782,6.6069896e-07,-1.0505533e-06,0.00065388956,-589.57395,0.00015979118,-0.00025331433,-6.7446793,0,0
1120,1.119,0,0,-0.039524385,0,-0,0,0,0,-0.0080990635,0,0,0,0,0,-0.02395331,0,0,0,0.52,1.2918431,-0.32651621,-1.5589376,-6.9503296e-10,2.8729561e-09,0.79712061,-1.5694975e-09,2.5047235e-09,-2.3560582,0.00072418633,-1.5762853e-08,2.4817598e-08,-8.1470974e-06,0.028606511,6.6112741e-07,-1.05116e-06,0.00065195036,-589.75133,0.00015728914,-0.00024932417,-6.7475106,0,0
1121,1.12,0,0,-0.039532493,0,-0,0,0,0,-0.0081186339,0,0,0,0,0,-0.021031361,0,0,0,0.52,1.2918434,-0.32652392,-1.5589369,-7.0162868e-10,2.9009692e-09,0.79712135,-1.5849296e-09,2.5290153e-09,-2.3560582,0.00075209633,-1.5101422e-08,2.3766066e-08,-7.4983569e-06,0.028142168,6.6132971e-07,-1.0514077e-06,0.00064981045,-589.92779,0.00015475359,-0.0002452811,-6.7503631,0,0
1122,1.121,0,0,-0.039540619,0,-0,0,0,0,-0.0081353061,0,0,0,0,0,-0.018125246,0,0,0,0.52,1.2918436,-0.32653164,-1.5589361,-7.0793457e-10,2.9277747e-09,0.79712211,-1.5997004e-09,2.5522558e-09,-2.3560583,0.00077953318,-1.4440125e-08,2.2714821e-08,-6.8520543e-06,0.027671956,6.6130755e-07,-1.0512993e-06,0.00064747191,-590.10325,0.00015218564,-0.0002411869,-6.7532359,0,0
1123,1.122,0,0,-0.039548761,0,-0,0,0,0,-0.0081490972,0,0,0,0,0,-0.015235822,0,0,0,0.52,1.2918438,-0.32653936,-1.5589354,-7.139508e-10,2.9533729e-09,0.7971229,-1.6138101e-09,2.5744454e-09,-2.3560583,0.00080649132,-1.3779185e-08,2.1664215e-08,-6.2083849e-06,0.027196081,6.6106271e-07,-1.0508375e-06,0.00064493689,-590.27769,0.00014958643,-0.00023704334,-6.7561277,0,0
1124,1.123,0,0,-0.039556915,0,-0,0,0,0,-0.0081600252,0,0,0,0,0,-0.012363935,0,0,0,0.52,1.291844,-0.32654707,-1.5589345,-7.1967762e-10,2.9777648e-09,0.79712372,-1.6272592e-09,2.595585e-09,-2.3560583,0.0008329654,-1.3118821e-08,2.0614596e-08,-5.5675419e-06,0.026714748,6.6059702e-07,-1.0500253e-06,0.00064220759,-590.45104,0.00014695706,-0.00023285223,-6.7590374,0,0
1125,1.124,0,0,-0.039565078,0,-0,0,0,0,-0.0081681089,0,0,0,0,0,-0.0095104178,0,0,0,0.52,1.2918443,-0.32655478,-1.5589337,-7.2511538e-10,3.0009516e-09,0.79712457,-1.6400484e-09,2.6156758e-09,-2.3560583,0.00085895027,-1.2459251e-08,1.956631e-08,-4.9297164e-06,0.026228163,6.5991235e-07,-1.0488656e-06,0.00063928624,-590.62326,0.00014429867,-0.00022861534,-6.7619641,0,0
1126,1.125,0,0,-0.039573248,0,-0,0,0,0,-0.0081733678,0,0,0,0,0,-0.0066760915,0,0,0,0.52,1.2918445,-0.32656249,-1.5589328,-7.3026452e-10,3.0229352e-09,0.79712544,-1.6521786e-09,2.6347192e-09,-2.3560583,0.00088444099,-1.1800691e-08,1.85197e-08,-4.2950968e-06,0.02573653,6.5901067e-07,-1.0473616e-06,0.00063617513,-590.79429,0.00014161238,-0.00022433446,-6.7649065,0,0
1127,1.126,0,0,-0.039581422,0,-0,0,0,0,-0.0081758224,0,0,0,0,0,-0.0038617634,0,0,0,0.52,1.2918448,-0.32657018,-1.5589319,-7.3512557e-10,3.0437176e-09,0.79712634,-1.6636509e-09,2.652717e-09,-2.3560583,0.00090943281,-1.1143355e-08,1.7475106e-08,-3.6638695e-06,0.025240057,6.5789397e-07,-1.0455165e-06,0.00063287659,-590.96409,0.00013889932,-0.00022001138,-6.7678637,0,0
1128,1.127,0,0,-0.039589597,0,-0,0,0,0,-0.0081754939,0,0,0,0,0,-0.0010682279,0,0,0,0.52,1.291845,-0.32657787,-1.558931,-7.3969918e-10,3.0633012e-09,0.79712726,-1.6744666e-09,2.6696715e-09,-2.3560583,0.0009339212,-1.0487456e-08,1.6432864e-08,-3.0362183e-06,0.024738949,6.5656431e-07,-1.0433336e-06,0.00062939298,-591.13261,0.00013616061,-0.0002156479,-6.7708344,0,0
1129,1.128,0,0,-0.03959777,0,-0,0,0,0,-0.0081724042,0,0,0,0,0,0.0017037338,0,0,0,0.52,1.2918453,-0.32658554,-1.5589301,-7.4398605e-10,3.0816889e-09,0.79712821,-1.6846274e-09,2.6855853e-09,-2.3560583,0.00095790184,-9.8332023e-09,1.5393306e-08,-2.4123247e-06,0.02423341,6.5502383e-07,-1.0408163e-06,0.00062572671,-591.2998,0.00013339738,-0.00021124579,-6.7738176,0,0
1130,1.129,0,0,-0.039605939,0,-0,0,0,0,-0.008166576,0,0,0,0,0,0.0044533541,0,0,0,0.52,1.2918456,-0.32659319,-1.5589291,-7.4798699e-10,3.098884e-09,0.79712918,-1.6941348e-09,2.700461e-09,-2.3560583,0.00098137061,-9.1808022e-09,1.4356763e-08,-1.7923677e-06,0.023723649,6.5327467e-07,-1.037968e-06,0.00062188027,-591.46562,0.00013061075,-0.00020680686,-6.7768122,0,0
1131,1.13,0,0,-0.039614101,0,-0,0,0,0,-0.0081580329,0,0,0,0,0,0.0071798787,0,0,0,0.52,1.2918458,-0.32660082,-1.5589281,-7.5170292e-10,3.11489e-09,0.79713017,-1.7029909e-09,2.714302e-09,-2.3560583,0.0010043236,-8.5304609e-09,1.3323558e-08,-1.1765236e-06,0.023209868,6.5131908e-07,-1.0347923e-06,0.00061785612,-591.63002,0.00012780185,-0.00020233289,-6.7798172,0,0
1132,1.131,0,0,-0.039622252,0,-0,0,0,0,-0.0081467989,0,0,0,0,0,0.0098825673,0,0,0,0.52,1.2918461,-0.32660843,-1.5589271,-7.5513482e-10,3.1297111e-09,0.79713118,-1.7111979e-09,2.7271116e-09,-2.3560583,0.0010267571,-7.8823815e-09,1.2294015e-08,-5.6496646e-07,0.022692274,6.4915932e-07,-1.0312928e-06,0.00061365682,-591.79296,0.0001249718,-0.00019782566,-6.7828313,0,0
1133,1.132,0,0,-0.039630391,0,-0,0,0,0,-0.0081328992,0,0,0,0,0,0.012560693,0,0,0,0.52,1.2918464,-0.32661601,-1.5589261,-7.5828377e-10,3.1433514e-09,0.79713222,-1.718758e-09,2.7388938e-09,-2.3560583,0.0010486675,-7.2367645e-09,1.1268451e-08,4.2132557e-08,0.022171072,6.4679772e-07,-1.0274733e-06,0.00060928495,-591.95439,0.00012212172,-0.00019328695,-6.7858537,0,0
1134,1.133,0,0,-0.039638515,0,-0,0,0,0,-0.0081163592,0,0,0,0,0,0.015213544,0,0,0,0.52,1.2918467,-0.32662357,-1.558925,-7.6115093e-10,3.1558158e-09,0.79713328,-1.725674e-09,2.7496527e-09,-2.3560583,0.0010700517,-6.5938084e-09,1.0247182e-08,6.4460475e-07,0.021646466,6.4423666e-07,-1.0233375e-06,0.00060474311,-592.11427,0.00011925274,-0.00018871854,-6.7888832,0,0
1135,1.134,0,0,-0.039646622,0,-0,0,0,0,-0.0080972054,0,0,0,0,0,0.017840421,0,0,0,0.52,1.2918471,-0.3266311,-1.5589239,-7.6373756e-10,3.1671093e-09,0.79713436,-1.7319484e-09,2.7593926e-09,-2.3560583,0.0010909065,-5.9537089e-09,9.2305167e-09,1.2422842e-06,0.02111866,6.4147857e-07,-1.0188892e-06,0.00060003397,-592.27256,0.00011636597,-0.00018412221,-6.7919187,0,0
1136,1.135,0,0,-0.039654707,0,-0,0,0,0,-0.0080754646,0,0,0,0,0,0.020440641,0,0,0,0.52,1.2918474,-0.3266386,-1.5589228,-7.6604498e-10,3.1772375e-09,0.79713546,-1.7375843e-09,2.7681185e-09,-2.3560583,0.0011112289,-5.3166593e-09,8.2187625e-09,1.8350075e-06,0.020587858,6.3852591e-07,-1.0141325e-06,0.00059516022,-592.42922,0.00011346251,-0.00017949974,-6.7949592,0,0
1137,1.136,0,0,-0.03966277,0,-0,0,0,0,-0.0080511646,0,0,0,0,0,0.023013533,0,0,0,0.52,1.2918477,-0.32664606,-1.5589217,-7.6807462e-10,3.1862059e-09,0.79713658,-1.7425849e-09,2.7758352e-09,-2.3560583,0.0011310164,-4.6828504e-09,7.2122217e-09,2.4226143e-06,0.020054262,6.3538121e-07,-1.0090714e-06,0.00059012458,-592.58421,0.0001105435,-0.00017485287,-6.7980036,0,0
1138,1.137,0,0,-0.039670807,0,-0,0,0,0,-0.0080243337,0,0,0,0,0,0.025558443,0,0,0,0.52,1.291848,-0.32665349,-1.5589206,-7.6982798e-10,3.1940209e-09,0.79713772,-1.7469534e-09,2.7825483e-09,-2.3560583,0.0011502664,-4.0524705e-09,6.2111925e-09,3.0049467e-06,0.019518075,6.3204703e-07,-1.0037099e-06,0.00058492981,-592.73748,0.00010761002,-0.00017018338,-6.8010509,0,0
1139,1.138,0,0,-0.039678816,0,-0,0,0,0,-0.0079950009,0,0,0,0,0,0.028074729,0,0,0,0.52,1.2918484,-0.32666088,-1.5589194,-7.7130663e-10,3.2006888e-09,0.79713888,-1.7506933e-09,2.7882633e-09,-2.3560583,0.0011689766,-3.425705e-09,5.2159692e-09,3.5818499e-06,0.018979498,6.2852598e-07,-9.980522e-07,0.00057957872,-592.88901,0.00010466319,-0.00016549301,-6.8041,0,0
1140,1.139,0,0,-0.039686795,0,-0,0,0,0,-0.0079631956,0,0,0,0,0,0.030561766,0,0,0,0.52,1.2918487,-0.32666823,-1.5589182,-7.7251225e-10,3.2062165e-09,0.79714006,-1.7538085e-09,2.7929861e-09,-2.3560583,0.0011871449,-2.802737e-09,4.2268415e-09,4.1531717e-06,0.018438732,6.2482069e-07,-9.921025e-07,0.00057407413,-593.03875,0.00010170411,-0.00016078351,-6.8071499,0,0
1141,1.14,0,0,-0.03969474,0,-0,0,0,0,-0.007928948,0,0,0,0,0,0.033018943,0,0,0,0.52,1.291849,-0.32667554,-1.558917,-7.7344656e-10,3.2106111e-09,0.79714126,-1.7563027e-09,2.7967232e-09,-2.3560583,0.0012047695,-2.1837465e-09,3.2440951e-09,4.718763e-06,0.017895977,6.2093388e-07,-9.8586511e-07,0.0005684189,-593.18666,9.8733868e-05,-0.00015605663,-6.8101996,0,0
1142,1.141,0,0,-0.03970265,0,-0,0,0,0,-0.007892289,0,0,0,0,0,0.035445663,0,0,0,0.52,1.2918494,-0.3266828,-1.5589158,-7.741114e-10,3.2138801e-09,0.79714247,-1.75818e-09,2.7994809e-09,-2.3560583,0.0012218487,-1.5689111e-09,2.2680111e-09,5.2784774e-06,0.017351432,6.1686826e-07,-9.7934437e-07,0.00056261593,-593.33272,9.5753558e-05,-0.0001513141,-6.813248,0,0
1143,1.142,0,0,-0.039710522,0,-0,0,0,0,-0.0078532498,0,0,0,0,0,0.037841345,0,0,0,0.52,1.2918498,-0.32669002,-1.5589146,-7.7450865e-10,3.2160312e-09,0.7971437,-1.7594448e-09,2.801266e-09,-2.3560583,0.0012383809,-9.584053e-10,1.2988663e-09,5.8321716e-06,0.016805295,6.126266e-07,-9.7254469e-07,0.00055666813,-593.47688,9.2764265e-05,-0.00014655763,-6.8162942,0,0
1144,1.143,0,0,-0.039718354,0,-0,0,0,0,-0.0078118624,0,0,0,0,0,0.040205424,0,0,0,0.52,1.2918501,-0.32669718,-1.5589133,-7.7464028e-10,3.2170726e-09,0.79714495,-1.7601013e-09,2.8020857e-09,-2.3560583,0.0012543649,-3.5240102e-10,3.3693279e-10,6.3797053e-06,0.016257763,6.0821172e-07,-9.6547056e-07,0.00055057846,-593.61911,8.9767069e-05,-0.00014178895,-6.8193371,0,0
1145,1.144,0,0,-0.039726144,0,-0,0,0,0,-0.0077681591,0,0,0,0,0,0.042537347,0,0,0,0.52,1.2918505,-0.3267043,-1.558912,-7.7450834e-10,3.2170127e-09,0.79714621,-1.7601542e-09,2.8019472e-09,-2.3560582,0.0012697996,2.489328e-10,-6.1752166e-10,6.9209409e-06,0.015709033,6.0362645e-07,-9.5812648e-07,0.00054434991,-593.75938,8.6763044e-05,-0.00013700975,-6.8223757,0,0
1146,1.145,0,0,-0.039733888,0,-0,0,0,0,-0.0077221729,0,0,0,0,0,0.044836579,0,0,0,0.52,1.2918509,-0.32671136,-1.5589108,-7.7411495e-10,3.2158603e-09,0.79714748,-1.7596082e-09,2.8008582e-09,-2.3560582,0.001284684,8.4543009e-10,-1.564234e-09,7.4557441e-06,0.015159299,5.9887368e-07,-9.5051706e-07,0.00053798547,-593.89766,8.3753258e-05,-0.00013222174,-6.8254091,0,0
1147,1.146,0,0,-0.039741586,0,-0,0,0,0,-0.0076739373,0,0,0,0,0,0.047102599,0,0,0,0.52,1.2918512,-0.32671837,-1.5589095,-7.7346229e-10,3.2136242e-09,0.79714878,-1.7584682e-09,2.7988266e-09,-2.3560582,0.0012990175,1.4369277e-09,-2.5029458e-09,7.9839837e-06,0.014608754,5.9395631e-07,-9.4264691e-07,0.00053148818,-594.03391,8.0738772e-05,-0.0001274266,-6.8284362,0,0
1148,1.147,0,0,-0.039749234,0,-0,0,0,0,-0.0076234862,0,0,0,0,0,0.049334903,0,0,0,0.52,1.2918516,-0.32672532,-1.5589081,-7.7255262e-10,3.2103138e-09,0.79715008,-1.7567394e-09,2.7958605e-09,-2.3560582,0.0013127995,2.0232655e-09,-3.4334035e-09,8.5055312e-06,0.014057591,5.8887729e-07,-9.3452074e-07,0.0005248611,-594.16811,7.7720642e-05,-0.00012262601,-6.8314561,0,0
1149,1.148,0,0,-0.03975683,0,-0,0,0,0,-0.0075708542,0,0,0,0,0,0.051533,0,0,0,0.52,1.291852,-0.32673221,-1.5589068,-7.7138826e-10,3.2059388e-09,0.7971514,-1.7544269e-09,2.7919682e-09,-2.3560582,0.0013260297,2.6042862e-09,-4.355358e-09,9.0202616e-06,0.013506002,5.8363959e-07,-9.2614328e-07,0.0005181073,-594.30022,7.4699915e-05,-0.00011782162,-6.8344678,0,0
1150,1.149,0,0,-0.039764373,0,-0,0,0,0,-0.007516076,0,0,0,0,0,0.053696416,0,0,0,0.52,1.2918524,-0.32673904,-1.5589055,-7.6997162e-10,3.200509e-09,0.79715273,-1.7515362e-09,2.7871584e-09,-2.3560582,0.001338708,3.1798358e-09,-5.2685654e-09,9.5280528e-06,0.012954176,5.7824623e-07,-9.1751931e-07,0.00051122991,-594.43023,7.1677631e-05,-0.00011301509,-6.8374704,0,0
1151,1.15,0,0,-0.03977186,0,-0,0,0,0,-0.0074591872,0,0,0,0,0,0.055824691,0,0,0,0.52,1.2918528,-0.32674581,-1.5589041,-7.6830515e-10,3.1940346e-09,0.79715408,-1.7480728e-09,2.7814399e-09,-2.3560582,0.0013508343,3.749763e-09,-6.1727862e-09,1.0028786e-05,0.012402301,5.7270023e-07,-9.0865366e-07,0.00050423203,-594.55809,6.8654824e-05,-0.00010820806,-6.8404628,0,0
1152,1.151,0,0,-0.03977929,0,-0,0,0,0,-0.0074002235,0,0,0,0,0,0.057917383,0,0,0,0.52,1.2918532,-0.32675252,-1.5589027,-7.6639138e-10,3.186526e-09,0.79715543,-1.7440424e-09,2.7748219e-09,-2.3560582,0.001362409,4.3139199e-09,-7.0677862e-09,1.0522345e-05,0.011850564,5.6700467e-07,-8.9955122e-07,0.00049711683,-594.68379,6.5632519e-05,-0.00010340216,-6.8434443,0,0
1153,1.152,0,0,-0.039786659,0,-0,0,0,0,-0.0073392211,0,0,0,0,0,0.059974062,0,0,0,0.52,1.2918536,-0.32675916,-1.5589014,-7.642329e-10,3.177994e-09,0.7971568,-1.7394508e-09,2.7673137e-09,-2.3560582,0.0013734325,4.8721615e-09,-7.9533359e-09,1.1008618e-05,0.011299151,5.6116262e-07,-8.9021689e-07,0.00048988746,-594.80729,6.2611732e-05,-9.8599004e-05,-6.8464139,0,0
1154,1.153,0,0,-0.039793966,0,-0,0,0,0,-0.0072762166,0,0,0,0,0,0.061994317,0,0,0,0.52,1.291854,-0.32676573,-1.5589,-7.6183235e-10,3.1684494e-09,0.79715818,-1.734304e-09,2.7589248e-09,-2.3560582,0.0013839053,5.424346e-09,-8.8292109e-09,1.1487495e-05,0.010748246,5.5517721e-07,-8.8065563e-07,0.00048254711,-594.92858,5.9593472e-05,-9.3800185e-05,-6.8493706,0,0
1155,1.154,0,0,-0.039801209,0,-0,0,0,0,-0.0072112472,0,0,0,0,0,0.06397775,0,0,0,0.52,1.2918544,-0.32677223,-1.5588986,-7.5919246e-10,3.1579035e-09,0.79715957,-1.7286082e-09,2.749665e-09,-2.3560581,0.0013938282,5.9703347e-09,-9.6951918e-09,1.195887e-05,0.01019803,5.4905156e-07,-8.7087243e-07,0.00047509899,-595.04764,5.6578738e-05,-8.9007293e-05,-6.8523135,0,0
1156,1.155,0,0,-0.039808387,0,-0,0,0,0,-0.0071443501,0,0,0,0,0,0.065923981,0,0,0,0.52,1.2918548,-0.32677866,-1.5588972,-7.5631599e-10,3.1463678e-09,0.79716097,-1.7223696e-09,2.7395444e-09,-2.3560581,0.0014032022,6.5099922e-09,-1.0551064e-08,1.242264e-05,0.0096486846,5.4278884e-07,-8.6087233e-07,0.00046754632,-595.16442,5.356852e-05,-8.42219e-05,-6.8552418,0,0
1157,1.156,0,0,-0.039815496,0,-0,0,0,0,-0.0070755631,0,0,0,0,0,0.067832643,0,0,0,0.52,1.2918552,-0.32678502,-1.5588957,-7.5320577e-10,3.133854e-09,0.79716238,-1.7155946e-09,2.7285731e-09,-2.3560581,0.0014120284,7.0431862e-09,-1.1396618e-08,1.2878705e-05,0.0091003883,5.3639224e-07,-8.5066038e-07,0.00045989233,-595.27893,5.0563801e-05,-7.9445564e-05,-6.8581546,0,0
1158,1.157,0,0,-0.039822536,0,-0,0,0,0,-0.0070049243,0,0,0,0,0,0.069703385,0,0,0,0.52,1.2918556,-0.3267913,-1.5588943,-7.498647e-10,3.1203741e-09,0.79716379,-1.7082898e-09,2.7167616e-09,-2.3560581,0.0014203082,7.5697875e-09,-1.2231651e-08,1.3326969e-05,0.0085533182,5.2986496e-07,-8.4024168e-07,0.00045214027,-595.39113,4.7565552e-05,-7.4679826e-05,-6.8610509,0,0
1159,1.158,0,0,-0.039829504,0,-0,0,0,0,-0.0069324722,0,0,0,0,0,0.071535875,0,0,0,0.52,1.2918561,-0.32679751,-1.5588929,-7.462957e-10,3.1059401e-09,0.79716522,-1.7004617e-09,2.7041204e-09,-2.3560581,0.001428043,8.0896703e-09,-1.3055962e-08,1.3767339e-05,0.0080076495,5.2321021e-07,-8.2962135e-07,0.00044429341,-595.50101,4.4574734e-05,-6.9926212e-05,-6.8639301,0,0
1160,1.159,0,0,-0.039836399,0,-0,0,0,0,-0.0068582455,0,0,0,0,0,0.073329791,0,0,0,0.52,1.2918565,-0.32680364,-1.5588914,-7.4250177e-10,3.0905646e-09,0.79716665,-1.6921172e-09,2.6906605e-09,-2.3560581,0.0014352345,8.6027121e-09,-1.3869358e-08,1.4199725e-05,0.0074635558,5.1643124e-07,-8.1880455e-07,0.00043635502,-595.60854,4.1592301e-05,-6.5186234e-05,-6.8667911,0,0
1161,1.16,0,0,-0.039843219,0,-0,0,0,0,-0.0067822831,0,0,0,0,0,0.075084831,0,0,0,0.52,1.2918569,-0.32680969,-1.55889,-7.3848598e-10,3.0742602e-09,0.79716809,-1.6832632e-09,2.6763927e-09,-2.3560581,0.0014418846,9.1087934e-09,-1.467165e-08,1.462404e-05,0.0069212086,5.095313e-07,-8.0779644e-07,0.00042832838,-595.71371,3.8619193e-05,-6.0461384e-05,-6.8696331,0,0
1162,1.161,0,0,-0.039849962,0,-0,0,0,0,-0.0067046245,0,0,0,0,0,0.076800706,0,0,0,0.52,1.2918573,-0.32681566,-1.5588885,-7.342514e-10,3.0570396e-09,0.79716953,-1.6739067e-09,2.6613284e-09,-2.3560581,0.0014479951,9.6077983e-09,-1.5462656e-08,1.5040201e-05,0.0063807774,5.0251366e-07,-7.9660225e-07,0.0004202168,-595.8165,3.5656341e-05,-5.5753141e-05,-6.8724554,0,0
1163,1.162,0,0,-0.039856626,0,-0,0,0,0,-0.0066253091,0,0,0,0,0,0.078477145,0,0,0,0.52,1.2918578,-0.32682155,-1.5588871,-7.2980119e-10,3.038916e-09,0.79717098,-1.6640547e-09,2.6454788e-09,-2.356058,0.0014535684,1.0099614e-08,-1.6242195e-08,1.5448128e-05,0.0058424299,4.9538162e-07,-7.8522718e-07,0.00041202357,-595.9169,3.2704667e-05,-5.1062963e-05,-6.8752572,0,0
1164,1.163,0,0,-0.039863211,0,-0,0,0,0,-0.0065443768,0,0,0,0,0,0.08011389,0,0,0,0.52,1.2918582,-0.32682736,-1.5588856,-7.2513855e-10,3.0199027e-09,0.79717244,-1.6537147e-09,2.6288555e-09,-2.356058,0.0014586067,1.0584131e-08,-1.7010096e-08,1.5847744e-05,0.0053063317,4.8813846e-07,-7.7367649e-07,0.00040375201,-596.01489,2.976508e-05,-4.6392295e-05,-6.8780376,0,0
1165,1.164,0,0,-0.039869714,0,-0,0,0,0,-0.0064618677,0,0,0,0,0,0.081710699,0,0,0,0.52,1.2918586,-0.32683308,-1.5588841,-7.2026672e-10,3.000013e-09,0.7971739,-1.6428938e-09,2.6114703e-09,-2.356058,0.0014631125,1.1061243e-08,-1.7766191e-08,1.6238977e-05,0.0047726463,4.8078749e-07,-7.6195544e-07,0.00039540543,-596.11046,2.6838477e-05,-4.1742559e-05,-6.8807958,0,0
1166,1.165,0,0,-0.039876133,0,-0,0,0,0,-0.0063778221,0,0,0,0,0,0.083267346,0,0,0,0.52,1.2918591,-0.32683872,-1.5588826,-7.1518898e-10,2.9792605e-09,0.79717536,-1.6315996e-09,2.593335e-09,-2.356058,0.0014670885,1.1530847e-08,-1.8510318e-08,1.6621755e-05,0.0042415353,4.7333204e-07,-7.5006929e-07,0.00038698716,-596.20358,2.3925747e-05,-3.7115164e-05,-6.8835311,0,0
1167,1.166,0,0,-0.039882468,0,-0,0,0,0,-0.0062922803,0,0,0,0,0,0.08478362,0,0,0,0.52,1.2918595,-0.32684427,-1.5588811,-7.0990868e-10,2.9576592e-09,0.79717683,-1.6198397e-09,2.5744617e-09,-2.356058,0.0014705374,1.1992844e-08,-1.9242318e-08,1.6996012e-05,0.0037131579,4.6577544e-07,-7.3802336e-07,0.00037850053,-596.29426,2.1027763e-05,-3.2511497e-05,-6.8862427,0,0
1168,1.167,0,0,-0.039888716,0,-0,0,0,0,-0.0062052831,0,0,0,0,0,0.086259326,0,0,0,0.52,1.2918599,-0.32684973,-1.5588797,-7.0442918e-10,2.9352231e-09,0.7971783,-1.6076216e-09,2.5548626e-09,-2.356058,0.0014734624,1.2447138e-08,-1.9962041e-08,1.7361685e-05,0.0031876713,4.5812102e-07,-7.2582294e-07,0.00036994887,-596.38248,1.814539e-05,-2.7932927e-05,-6.8889299,0,0
1169,1.168,0,0,-0.039894877,0,-0,0,0,0,-0.0061168714,0,0,0,0,0,0.087694283,0,0,0,0.52,1.2918604,-0.32685511,-1.5588782,-6.9875389e-10,2.9119662e-09,0.79717978,-1.5949532e-09,2.53455e-09,-2.3560579,0.0014758664,1.2893636e-08,-2.0669339e-08,1.7718714e-05,0.0026652303,4.5037213e-07,-7.1347336e-07,0.0003613355,-596.46823,1.5279479e-05,-2.3380804e-05,-6.891592,0,0
1170,1.169,0,0,-0.039900948,0,-0,0,0,0,-0.006027086,0,0,0,0,0,0.089088326,0,0,0,0.52,1.2918608,-0.32686039,-1.5588767,-6.9288628e-10,2.887903e-09,0.79718125,-1.5818422e-09,2.5135364e-09,-2.3560579,0.0014777527,1.3332248e-08,-2.1364072e-08,1.8067042e-05,0.0021459878,4.4253212e-07,-7.0097994e-07,0.00035266377,-596.55149,1.243087e-05,-1.8856458e-05,-6.8942281,0,0
1171,1.17,0,0,-0.03990693,0,-0,0,0,0,-0.0059359682,0,0,0,0,0,0.090441306,0,0,0,0.52,1.2918612,-0.32686558,-1.5588752,-6.8682984e-10,2.8630479e-09,0.79718273,-1.5682966e-09,2.4918345e-09,-2.3560579,0.0014791249,1.3762888e-08,-2.2046105e-08,1.8406615e-05,0.001630094,4.3460434e-07,-6.88348e-07,0.00034393701,-596.63227,9.6003881e-06,-1.4361202e-05,-6.8968377,0,0
1172,1.171,0,0,-0.039912819,0,-0,0,0,0,-0.0058435593,0,0,0,0,0,0.091753086,0,0,0,0.52,1.2918617,-0.32687068,-1.5588737,-6.8058808e-10,2.8374156e-09,0.79718421,-1.5543244e-09,2.469457e-09,-2.3560579,0.0014799864,1.4185474e-08,-2.2715305e-08,1.8737384e-05,0.0011176972,4.2659216e-07,-6.755829e-07,0.00033515853,-596.71055,6.7888489e-06,-9.8963244e-06,-6.8994201,0,0
1173,1.172,0,0,-0.039918616,0,-0,0,0,0,-0.0057499005,0,0,0,0,0,0.093023548,0,0,0,0.52,1.2918621,-0.32687569,-1.5588722,-6.7416459e-10,2.8110209e-09,0.79718569,-1.5399337e-09,2.4464168e-09,-2.3560579,0.0014803409,1.4599927e-08,-2.3371548e-08,1.9059303e-05,0.00060894308,4.1849892e-07,-6.6268996e-07,0.00032633169,-596.78632,3.9970535e-06,-5.4630967e-06,-6.9019745,0,0
1174,1.173,0,0,-0.039924318,0,-0,0,0,0,-0.0056550334,0,0,0,0,0,0.094252587,0,0,0,0.52,1.2918626,-0.3268806,-1.5588707,-6.6756295e-10,2.7838787e-09,0.79718717,-1.5251327e-09,2.4227269e-09,-2.3560578,0.0014801924,1.5006169e-08,-2.4014715e-08,1.9372327e-05,0.000103975,4.1032801e-07,-6.4967455e-07,0.00031745979,-596.85959,1.2257905e-06,-1.0627686e-06,-6.9045003,0,0
1175,1.174,0,0,-0.039929924,0,-0,0,0,0,-0.0055589995,0,0,0,0,0,0.095440111,0,0,0,0.52,1.291863,-0.32688542,-1.5588692,-6.6078679e-10,2.7560042e-09,0.79718865,-1.5099296e-09,2.3984005e-09,-2.3560578,0.0014795448,1.5404129e-08,-2.4644691e-08,1.9676416e-05,-0.00039706603,4.0208276e-07,-6.3654198e-07,0.00030854615,-596.93034,-1.5241646e-06,3.3034309e-06,-6.9069968,0,0
1176,1.175,0,0,-0.039935435,0,-0,0,0,0,-0.0054618405,0,0,0,0,0,0.096586046,0,0,0,0.52,1.2918635,-0.32689014,-1.5588677,-6.5383978e-10,2.7274124e-09,0.79719013,-1.4943328e-09,2.3734508e-09,-2.3560578,0.0014784023,1.5793738e-08,-2.5261366e-08,1.9971534e-05,-0.00089404147,3.9376656e-07,-6.2329762e-07,0.0002995941,-596.99857,-4.2520497e-06,7.634294e-06,-6.9094635,0,0
1177,1.176,0,0,-0.039940847,0,-0,0,0,0,-0.005363598,0,0,0,0,0,0.09769033,0,0,0,0.52,1.2918639,-0.32689476,-1.5588662,-6.467256e-10,2.6981188e-09,0.79719161,-1.4783505e-09,2.3478911e-09,-2.3560578,0.0014767691,1.6174929e-08,-2.5864638e-08,2.0257647e-05,-0.0013868152,3.8538275e-07,-6.0994679e-07,0.00029060694,-597.06427,-6.9571158e-06,1.1928634e-05,-6.9118997,0,0
1178,1.177,0,0,-0.039946161,0,-0,0,0,0,-0.0052643138,0,0,0,0,0,0.098752918,0,0,0,0.52,1.2918643,-0.32689929,-1.5588647,-6.3944796e-10,2.6681388e-09,0.79719308,-1.4619914e-09,2.3217349e-09,-2.3560578,0.0014746496,1.6547639e-08,-2.6454407e-08,2.0534726e-05,-0.0018752537,3.769347e-07,-5.9649483e-07,0.00028158796,-597.12746,-9.6386277e-06,1.6185286e-05,-6.9143048,0,0
1179,1.178,0,0,-0.039951375,0,-0,0,0,0,-0.0051640296,0,0,0,0,0,0.099773778,0,0,0,0.52,1.2918648,-0.32690371,-1.5588632,-6.3201062e-10,2.6374879e-09,0.79719456,-1.4452638e-09,2.2949958e-09,-2.3560577,0.0014720484,1.6911811e-08,-2.703058e-08,2.0802743e-05,-0.0023592258,3.6842575e-07,-5.8294706e-07,0.00027254045,-597.18811,-1.2295864e-05,2.0403107e-05,-6.9166782,0,0
1180,1.179,0,0,-0.039956488,0,-0,0,0,0,-0.0050627871,0,0,0,0,0,0.10075289,0,0,0,0.52,1.2918652,-0.32690804,-1.5588617,-6.2441733e-10,2.6061818e-09,0.79719603,-1.4281763e-09,2.2676874e-09,-2.3560577,0.0014689701,1.7267387e-08,-2.7593069e-08,2.1061674e-05,-0.0028386029,3.5985924e-07,-5.6930879e-07,0.0002634677,-597.24624,-1.4928117e-05,2.4580977e-05,-6.9190193,0,0
1181,1.18,0,0,-0.039961499,0,-0,0,0,0,-0.0049606282,0,0,0,0,0,0.10169026,0,0,0,0.52,1.2918656,-0.32691227,-1.5588602,-6.166719e-10,2.5742362e-09,0.79719749,-1.4107376e-09,2.2398234e-09,-2.3560577,0.0014654196,1.7614315e-08,-2.8141793e-08,2.1311499e-05,-0.0033132592,3.5123852e-07,-5.5558534e-07,0.00025437296,-597.30184,-1.7534692e-05,2.8717795e-05,-6.9213277,0,0
1182,1.181,0,0,-0.039966408,0,-0,0,0,0,-0.0048575945,0,0,0,0,0,0.10258588,0,0,0,0.52,1.2918661,-0.3269164,-1.5588587,-6.0877812e-10,2.5416671e-09,0.79719896,-1.3929564e-09,2.2114176e-09,-2.3560577,0.0014614016,1.7952546e-08,-2.8676673e-08,2.1552202e-05,-0.003783071,3.4256691e-07,-5.4178198e-07,0.00024525949,-597.35492,-2.0114911e-05,3.2812485e-05,-6.9236027,0,0
1183,1.182,0,0,-0.039971214,0,-0,0,0,0,-0.0047537277,0,0,0,0,0,0.1034398,0,0,0,0.52,1.2918665,-0.32692042,-1.5588572,-6.0073984e-10,2.5084902e-09,0.79720042,-1.3748413e-09,2.1824839e-09,-2.3560577,0.0014569212,1.8282034e-08,-2.9197638e-08,2.1783768e-05,-0.0042479178,3.3384775e-07,-5.2790401e-07,0.00023613053,-597.40547,-2.2668107e-05,3.6863995e-05,-6.9258438,0,0
1184,1.183,0,0,-0.039975915,0,-0,0,0,0,-0.0046490696,0,0,0,0,0,0.10425204,0,0,0,0.52,1.291867,-0.32692435,-1.5588558,-5.925609e-10,2.4747218e-09,0.79720187,-1.3564011e-09,2.1530363e-09,-2.3560576,0.0014519837,1.8602737e-08,-2.9704621e-08,2.2006187e-05,-0.0047076812,3.2508434e-07,-5.1395668e-07,0.0002269893,-597.45349,-2.519363e-05,4.0871292e-05,-6.9280505,0,0
1185,1.184,0,0,-0.039980511,0,-0,0,0,0,-0.0045436616,0,0,0,0,0,0.10502266,0,0,0,0.52,1.2918674,-0.32692817,-1.5588543,-5.8424518e-10,2.4403778e-09,0.79720332,-1.3376446e-09,2.1230887e-09,-2.3560576,0.0014465941,1.8914614e-08,-3.0197561e-08,2.2219451e-05,-0.0051622458,3.1627998e-07,-4.9994524e-07,0.00021783902,-597.49901,-2.7690843e-05,4.4833369e-05,-6.9302224,0,0
1186,1.185,0,0,-0.039985001,0,-0,0,0,0,-0.0044375454,0,0,0,0,0,0.10575172,0,0,0,0.52,1.2918678,-0.32693189,-1.5588528,-5.7579656e-10,2.4054744e-09,0.79720476,-1.3185807e-09,2.0926552e-09,-2.3560576,0.001440758,1.9217631e-08,-3.0676401e-08,2.2423556e-05,-0.0056114986,3.0743796e-07,-4.8587491e-07,0.00020868286,-597.542,-3.0159123e-05,4.8749241e-05,-6.9323588,0,0
1187,1.186,0,0,-0.039989385,0,-0,0,0,0,-0.0043307623,0,0,0,0,0,0.10643931,0,0,0,0.52,1.2918683,-0.32693551,-1.5588514,-5.6721893e-10,2.3700278e-09,0.7972062,-1.2992182e-09,2.06175e-09,-2.3560576,0.0014344808,1.9511755e-08,-3.114109e-08,2.26185e-05,-0.0060553296,2.9856156e-07,-4.7175089e-07,0.00019952402,-597.58249,-3.2597864e-05,5.2617946e-05,-6.9344595,0,0
1188,1.187,0,0,-0.039993662,0,-0,0,0,0,-0.0042233537,0,0,0,0,0,0.10708551,0,0,0,0.52,1.2918687,-0.32693902,-1.5588499,-5.5851622e-10,2.3340543e-09,0.79720763,-1.2795661e-09,2.0303872e-09,-2.3560575,0.001427768,1.9796955e-08,-3.1591582e-08,2.2804287e-05,-0.0064936311,2.8965404e-07,-4.5757838e-07,0.00019036563,-597.62048,-3.5006472e-05,5.6438546e-05,-6.9365239,0,0
1189,1.188,0,0,-0.039997831,0,-0,0,0,0,-0.0041153608,0,0,0,0,0,0.10769044,0,0,0,0.52,1.2918691,-0.32694243,-1.5588485,-5.4969234e-10,2.2975702e-09,0.79720906,-1.2596332e-09,1.9985811e-09,-2.3560575,0.0014206254,2.0073206e-08,-3.2027836e-08,2.298092e-05,-0.0069262984,2.8071865e-07,-4.4336252e-07,0.00018121084,-597.65597,-3.7384369e-05,6.0210127e-05,-6.9385516,0,0
1190,1.189,0,0,-0.040001892,0,-0,0,0,0,-0.0040068247,0,0,0,0,0,0.10825421,0,0,0,0.52,1.2918695,-0.32694573,-1.558847,-5.4075123e-10,2.2605919e-09,0.79721047,-1.2394286e-09,1.9663458e-09,-2.3560575,0.0014130587,2.0340485e-08,-3.2449818e-08,2.3148409e-05,-0.0073532294,2.7175863e-07,-4.2910846e-07,0.00017206275,-597.68897,-3.9730992e-05,6.3931797e-05,-6.9405421,0,0
1191,1.19,0,0,-0.040005845,0,-0,0,0,0,-0.0038977863,0,0,0,0,0,0.10877697,0,0,0,0.52,1.29187,-0.32694893,-1.5588456,-5.3169683e-10,2.2231358e-09,0.79721188,-1.2189612e-09,1.9336957e-09,-2.3560575,0.0014050738,2.0598771e-08,-3.2857495e-08,2.3306764e-05,-0.0077743249,2.6277718e-07,-4.148213e-07,0.00016292446,-597.7195,-4.2045793e-05,6.760269e-05,-6.9424952,0,0
1192,1.191,0,0,-0.040009687,0,-0,0,0,0,-0.0037882865,0,0,0,0,0,0.10925884,0,0,0,0.52,1.2918704,-0.32695203,-1.5588442,-5.225331e-10,2.1852183e-09,0.79721328,-1.1982401e-09,1.9006451e-09,-2.3560575,0.0013966767,2.0848049e-08,-3.3250844e-08,2.3456e-05,-0.0081894882,2.5377751e-07,-4.0050611e-07,0.00015379903,-597.74755,-4.432824e-05,7.1221962e-05,-6.9444103,0,0
1193,1.192,0,0,-0.040013421,0,-0,0,0,0,-0.003678366,0,0,0,0,0,0.10969999,0,0,0,0.52,1.2918708,-0.32695502,-1.5588428,-5.13264e-10,2.146856e-09,0.79721468,-1.1772742e-09,1.8672084e-09,-2.3560574,0.0013878735,2.1088304e-08,-3.3629843e-08,2.3596135e-05,-0.0085986256,2.4476279e-07,-3.8616795e-07,0.00014468951,-597.77314,-4.6577813e-05,7.4788794e-05,-6.9462872,0,0
1194,1.193,0,0,-0.040017044,0,-0,0,0,0,-0.0035680651,0,0,0,0,0,0.11010059,0,0,0,0.52,1.2918712,-0.3269579,-1.5588414,-5.0389347e-10,2.1080652e-09,0.79721606,-1.1560725e-09,1.8333998e-09,-2.3560574,0.0013786704,2.1319527e-08,-3.3994477e-08,2.3727189e-05,-0.009001646,2.3573618e-07,-3.7181183e-07,0.00013559891,-597.79629,-4.879401e-05,7.8302392e-05,-6.9481254,0,0
1195,1.194,0,0,-0.040020556,0,-0,0,0,0,-0.0034574241,0,0,0,0,0,0.11046083,0,0,0,0.52,1.2918716,-0.32696068,-1.55884,-4.944255e-10,2.0688626e-09,0.79721743,-1.1346441e-09,1.7992338e-09,-2.3560574,0.0013690735,2.154171e-08,-3.4344735e-08,2.3849185e-05,-0.0093984611,2.2670083e-07,-3.5744274e-07,0.00012653022,-597.81699,-5.0976344e-05,8.1761983e-05,-6.9499247,0,0
1196,1.195,0,0,-0.040023958,0,-0,0,0,0,-0.0033464832,0,0,0,0,0,0.1107809,0,0,0,0.52,1.291872,-0.32696335,-1.5588386,-4.8486404e-10,2.0292645e-09,0.7972188,-1.1129981e-09,1.7647247e-09,-2.3560574,0.0013590893,2.175485e-08,-3.4680612e-08,2.3962149e-05,-0.0097889856,2.1765985e-07,-3.4306563e-07,0.00011748641,-597.83527,-5.3124342e-05,8.5166823e-05,-6.9516847,0,0
1197,1.196,0,0,-0.040027249,0,-0,0,0,0,-0.0032352822,0,0,0,0,0,0.111061,0,0,0,0.52,1.2918725,-0.32696592,-1.5588372,-4.7521307e-10,1.9892876e-09,0.79722015,-1.0911435e-09,1.729887e-09,-2.3560573,0.001348724,2.1958944e-08,-3.5002107e-08,2.4066112e-05,-0.010173137,2.0861633e-07,-3.2868541e-07,0.00010847041,-597.85113,-5.5237547e-05,8.8516187e-05,-6.9534051,0,0
1198,1.197,0,0,-0.040030429,0,-0,0,0,0,-0.0031238606,0,0,0,0,0,0.11130136,0,0,0,0.52,1.2918729,-0.32696838,-1.5588358,-4.6547655e-10,1.9489484e-09,0.79722149,-1.0690893e-09,1.6947349e-09,-2.3560573,0.0013379844,2.2153996e-08,-3.5309225e-08,2.4161104e-05,-0.010550835,1.9957335e-07,-3.1430695e-07,9.9485139e-05,-597.8646,-5.7315516e-05,9.180938e-05,-6.9550856,0,0
1199,1.198,0,0,-0.040033497,0,-0,0,0,0,-0.003012258,0,0,0,0,0,0.1115022,0,0,0,0.52,1.2918733,-0.32697074,-1.5588345,-4.5565844e-10,1.9082633e-09,0.79722283,-1.0468445e-09,1.6592829e-09,-2.3560573,0.0013268768,2.234001e-08,-3.5601974e-08,2.4247162e-05,-0.010922002,1.9053395e-07,-2.999351e-07,9.0533461e-05,-597.87568,-5.9357825e-05,9.5045726e-05,-6.956726,0,0
1200,1.199,0,0,-0.040036453,0,-0,0,0,0,-0.0029005134,0,0,0,0,0,0.11166377,0,0,0,0.52,1.2918737,-0.32697299,-1.5588331,-4.4576272e-10,1.8672488e-09,0.79722415,-1.0244183e-09,1.6235453e-09,-2.3560573,0.0013154079,2.2516995e-08,-3.5880368e-08,2.4324322e-05,-0.011286565,1.8150116e-07,-2.8557466e-07,8.1618225e-05,-597.88438,-6.1364061e-05,9.8224577e-05,-6.958326,0,0
1201,1.2,0,0,-0.040039298,0,-0,0,0,0,-0.0027886658,0,0,0,0,0,0.11178633,0,0,0,0.52,1.2918741,-0.32697514,-1.5588318,-4.3579333e-10,1.8259215e-09,0.79722546,-1.0018196e-09,1.5875365e-09,-2.3560572,0.0013035845,2.2684961e-08,-3.6144427e-08,2.4392627e-05,-0.011644452,1.7247798e-07,-2.7123038e-07,7.2742244e-05,-597.89074,-6.3333829e-05,0.00010134531,-6.9598853,0,0
1202,1.201,0,0,-0.04004203,0,-0,0,0,0,-0.0026767538,0,0,0,0,0,0.11187013,0,0,0,0.52,1.2918744,-0.32697717,-1.5588305,-4.2575422e-10,1.7842978e-09,0.79722675,-9.7905737e-10,1.5512708e-09,-2.3560572,0.0012914134,2.2843923e-08,-3.6394172e-08,2.4452118e-05,-0.011995595,1.6346737e-07,-2.5690698e-07,6.3908302e-05,-597.89475,-6.5266749e-05,0.00010440732,-6.9614038,0,0
1203,1.202,0,0,-0.040044651,0,-0,0,0,0,-0.0025648157,0,0,0,0,0,0.11191545,0,0,0,0.52,1.2918748,-0.32697911,-1.5588292,-4.1564935e-10,1.742394e-09,0.79722804,-9.5614071e-10,1.5147624e-09,-2.3560572,0.0012789013,2.2993898e-08,-3.6629632e-08,2.4502842e-05,-0.012339927,1.5447227e-07,-2.4260914e-07,5.5119149e-05,-597.89645,-6.7162456e-05,0.00010741004,-6.9628812,0,0
1204,1.203,0,0,-0.04004716,0,-0,0,0,0,-0.0024528895,0,0,0,0,0,0.11192259,0,0,0,0.52,1.2918752,-0.32698094,-1.5588279,-4.0548265e-10,1.7002267e-09,0.79722931,-9.3307855e-10,1.4780258e-09,-2.3560572,0.0012660552,2.3134905e-08,-3.685084e-08,2.4544849e-05,-0.012677386,1.4549562e-07,-2.2834147e-07,4.6377495e-05,-597.89584,-6.90206e-05,0.00011035291,-6.9643173,0,0
1205,1.204,0,0,-0.040049557,0,-0,0,0,0,-0.0023410131,0,0,0,0,0,0.11189183,0,0,0,0.52,1.2918756,-0.32698266,-1.5588266,-3.9525804e-10,1.6578121e-09,0.79723057,-9.0987985e-10,1.441075e-09,-2.3560571,0.001252882,2.3266968e-08,-3.7057832e-08,2.4578189e-05,-0.013007911,1.3654028e-07,-2.1410857e-07,3.7686019e-05,-597.89294,-7.0840848e-05,0.00011323541,-6.9657119,0,0
1206,1.205,0,0,-0.040051842,0,-0,0,0,0,-0.0022292237,0,0,0,0,0,0.11182349,0,0,0,0.52,1.291876,-0.32698428,-1.5588253,-3.8497943e-10,1.6151666e-09,0.79723182,-8.8655354e-10,1.4039243e-09,-2.3560571,0.0012393888,2.3390112e-08,-3.725065e-08,2.4602917e-05,-0.013331445,1.2760912e-07,-1.9991496e-07,2.9047368e-05,-597.88778,-7.2622881e-05,0.00011605704,-6.967065,0,0
1207,1.206,0,0,-0.040054015,0,-0,0,0,0,-0.0021175587,0,0,0,0,0,0.11171788,0,0,0,0.52,1.2918764,-0.3269858,-1.558824,-3.7465073e-10,1.5723064e-09,0.79723305,-8.6310853e-10,1.3665878e-09,-2.3560571,0.0012255826,2.3504364e-08,-3.742934e-08,2.461909e-05,-0.013647934,1.1870496e-07,-1.8576513e-07,2.0464143e-05,-597.88036,-7.4366396e-05,0.00011881731,-6.9683763,0,0
1208,1.207,0,0,-0.040056077,0,-0,0,0,0,-0.0020060546,0,0,0,0,0,0.11157534,0,0,0,0.52,1.2918767,-0.32698721,-1.5588228,-3.6427584e-10,1.5292477e-09,0.79723427,-8.3955369e-10,1.3290797e-09,-2.3560571,0.0012114706,2.3609758e-08,-3.7593953e-08,2.4626766e-05,-0.013957326,1.098306e-07,-1.7166352e-07,1.1938918e-05,-597.87073,-7.6071105e-05,0.00012151578,-6.9696457,0,0
1209,1.208,0,0,-0.040058028,0,-0,0,0,0,-0.001894748,0,0,0,0,0,0.11139619,0,0,0,0.52,1.2918771,-0.32698852,-1.5588216,-3.5385861e-10,1.4860067e-09,0.79723547,-8.1589786e-10,1.291414e-09,-2.356057,0.0011970599,2.3706326e-08,-3.7744543e-08,2.4626008e-05,-0.014259572,1.0098881e-07,-1.5761451e-07,3.4742193e-06,-597.85888,-7.7736736e-05,0.00012415202,-6.9708732,0,0
1210,1.209,0,0,-0.040059867,0,-0,0,0,0,-0.0017836749,0,0,0,0,0,0.11118079,0,0,0,0.52,1.2918775,-0.32698972,-1.5588204,-3.4340291e-10,1.4425994e-09,0.79723666,-7.9214984e-10,1.2536046e-09,-2.356057,0.0011823577,2.3794105e-08,-3.7881169e-08,2.461688e-05,-0.014554626,9.2182303e-08,-1.4362244e-07,-4.9274586e-06,-597.84485,-7.9363032e-05,0.00012672562,-6.9720585,0,0
1211,1.21,0,0,-0.040061595,0,-0,0,0,0,-0.001672871,0,0,0,0,0,0.1109295,0,0,0,0.52,1.2918778,-0.32699082,-1.5588192,-3.3291258e-10,1.3990418e-09,0.79723784,-7.6831842e-10,1.2156656e-09,-2.356057,0.0011673714,2.3873134e-08,-3.8003896e-08,2.4599448e-05,-0.014842444,8.3413793e-08,-1.2969158e-07,-1.3263664e-05,-597.82866,-8.0949751e-05,0.0001292362,-6.9732016,0,0
1212,1.211,0,0,-0.040063213,0,-0,0,0,0,-0.0015623718,0,0,0,0,0,0.11064268,0,0,0,0.52,1.2918782,-0.32699182,-1.558818,-3.2239145e-10,1.3553499e-09,0.797239,-7.444123e-10,1.1776107e-09,-2.356057,0.0011521081,2.3943456e-08,-3.8112789e-08,2.4573782e-05,-0.015122987,7.468594e-08,-1.1582618e-07,-2.1531987e-05,-597.81033,-8.2496667e-05,0.00013168341,-6.9743025,0,0
1213,1.212,0,0,-0.04006472,0,-0,0,0,0,-0.001452212,0,0,0,0,0,0.11032071,0,0,0,0.52,1.2918785,-0.32699272,-1.5588168,-3.1184332e-10,1.3115396e-09,0.79724014,-7.2044019e-10,1.1394538e-09,-2.3560569,0.0011365753,2.4005116e-08,-3.8207922e-08,2.4539953e-05,-0.015396215,6.600137e-08,-1.0203038e-07,-2.9730052e-05,-597.78988,-8.4003568e-05,0.00013406692,-6.9753611,0,0
1214,1.213,0,0,-0.040066118,0,-0,0,0,0,-0.0013424264,0,0,0,0,0,0.10996398,0,0,0,0.52,1.2918789,-0.32699351,-1.5588157,-3.0127196e-10,1.2676265e-09,0.79724127,-6.9641071e-10,1.1012086e-09,-2.3560569,0.0011207802,2.4058159e-08,-3.8289369e-08,2.4498035e-05,-0.015662095,5.7362681e-08,-8.8308323e-08,-3.7855532e-05,-597.76733,-8.5470259e-05,0.00013638641,-6.9763774,0,0
1215,1.214,0,0,-0.040067406,0,-0,0,0,0,-0.0012330491,0,0,0,0,0,0.10957287,0,0,0,0.52,1.2918792,-0.3269942,-1.5588145,-2.9068114e-10,1.2236264e-09,0.79724238,-6.7233246e-10,1.0628887e-09,-2.3560569,0.0011047304,2.4102636e-08,-3.8357211e-08,2.4448103e-05,-0.015920594,4.8772434e-08,-7.4664059e-08,-4.590614e-05,-597.74272,-8.6896558e-05,0.00013864162,-6.9773513,0,0
1216,1.215,0,0,-0.040068584,0,-0,0,0,0,-0.0011241139,0,0,0,0,0,0.10914779,0,0,0,0.52,1.2918795,-0.3269948,-1.5588134,-2.8007461e-10,1.1795548e-09,0.79724348,-6.4821398e-10,1.0245077e-09,-2.3560569,0.0010884332,2.41386e-08,-3.8411531e-08,2.4390237e-05,-0.016171682,4.0233146e-08,-6.1101588e-08,-5.3879629e-05,-597.71606,-8.8282299e-05,0.00014083227,-6.9782828,0,0
1217,1.216,0,0,-0.040069654,0,-0,0,0,0,-0.001015654,0,0,0,0,0,0.10868915,0,0,0,0.52,1.2918799,-0.32699529,-1.5588123,-2.6945607e-10,1.1354273e-09,0.79724456,-6.2406375e-10,9.8607912e-10,-2.3560568,0.001071896,2.4166104e-08,-3.8452418e-08,2.4324516e-05,-0.016415333,3.174731e-08,-4.7624858e-08,-6.1773802e-05,-597.68738,-8.9627333e-05,0.00014295813,-6.979172,0,0
1218,1.217,0,0,-0.040070616,0,-0,0,0,0,-0.00090770255,0,0,0,0,0,0.10819737,0,0,0,0.52,1.2918802,-0.32699568,-1.5588112,-2.5882921e-10,1.0912592e-09,0.79724562,-5.998902e-10,9.4761628e-10,-2.3560568,0.0010551264,2.4185206e-08,-3.8479962e-08,2.4251023e-05,-0.016651523,2.3317368e-08,-3.4237747e-08,-6.9586497e-05,-597.6567,-9.0931522e-05,0.000145019,-6.9800188,0,0
1219,1.218,0,0,-0.04007147,0,-0,0,0,0,-0.00080029193,0,0,0,0,0,0.10767287,0,0,0,0.52,1.2918805,-0.32699598,-1.5588101,-2.4819769e-10,1.0470658e-09,0.79724667,-5.7570171e-10,9.0913249e-10,-2.3560568,0.0010381318,2.4195966e-08,-3.8494259e-08,2.4169843e-05,-0.01688023,1.4945739e-08,-2.0944086e-08,-7.7315605e-05,-597.62406,-9.2194747e-05,0.00014701467,-6.9808233,0,0
1220,1.219,0,0,-0.040072217,0,-0,0,0,0,-0.00069345423,0,0,0,0,0,0.10711609,0,0,0,0.52,1.2918808,-0.32699618,-1.5588091,-2.3756516e-10,1.0028623e-09,0.7972477,-5.5150658e-10,8.7064096e-10,-2.3560568,0.0010209198,2.4198446e-08,-3.8495408e-08,2.4081062e-05,-0.017101437,6.6347851e-09,-7.7476279e-09,-8.4959054e-05,-597.58947,-9.3416899e-05,0.00014894499,-6.9815856,0,0
1221,1.22,0,0,-0.040072858,0,-0,0,0,0,-0.00058722107,0,0,0,0,0,0.10652747,0,0,0,0.52,1.2918811,-0.32699628,-1.558808,-2.2693522e-10,9.5866369e-10,0.79724871,-5.2731306e-10,8.3215477e-10,-2.3560568,0.0010034978,2.4192709e-08,-3.8483513e-08,2.3984769e-05,-0.017315126,-1.6131508e-09,5.3479182e-09,-9.2514825e-05,-597.55297,-9.459789e-05,0.00015080983,-6.9823057,0,0
1222,1.221,0,0,-0.040073392,0,-0,0,0,0,-0.00048162361,0,0,0,0,0,0.10590746,0,0,0,0.52,1.2918814,-0.32699628,-1.558807,-2.1631145e-10,9.1448493e-10,0.7972497,-5.0312934e-10,7.9368692e-10,-2.3560567,0.00098587344,2.4178821e-08,-3.8458678e-08,2.3881055e-05,-0.017521284,-9.7957818e-09,1.8338922e-08,-9.9980937e-05,-597.51458,-9.573764e-05,0.00015260905,-6.9829837,0,0
1223,1.222,0,0,-0.040073822,0,-0,0,0,0,-0.00037669256,0,0,0,0,0,0.10525652,0,0,0,0.52,1.2918817,-0.32699619,-1.558806,-2.0569741e-10,8.7034082e-10,0.79725068,-4.7896354e-10,7.552503e-10,-2.3560567,0.00096805423,2.4156853e-08,-3.8421015e-08,2.3770013e-05,-0.017719902,-1.7910848e-08,3.1221805e-08,-0.00010735547,-597.47433,-9.6836089e-05,0.00015434256,-6.9836196,0,0
1224,1.223,0,0,-0.040074146,0,-0,0,0,0,-0.00027245816,0,0,0,0,0,0.10457511,0,0,0,0.52,1.291882,-0.326996,-1.558805,-1.950966e-10,8.2624605e-10,0.79725164,-4.5482368e-10,7.1685766e-10,-2.3560567,0.00095004773,2.4126874e-08,-3.8370636e-08,2.3651736e-05,-0.017910971,-2.5956141e-08,4.3993061e-08,-0.00011463652,-597.43225,-9.7893187e-05,0.0001560103,-6.9842137,0,0
1225,1.224,0,0,-0.040074367,0,-0,0,0,0,-0.00016895017,0,0,0,0,0,0.10386369,0,0,0,0.52,1.2918823,-0.32699572,-1.5588041,-1.8451251e-10,7.8221515e-10,0.79725258,-4.3071776e-10,6.7852168e-10,-2.3560567,0.00093186149,2.4088958e-08,-3.8307659e-08,2.352632e-05,-0.018094485,-3.3929486e-08,5.6649246e-08,-0.00012182227,-597.38836,-9.8908903e-05,0.00015761221,-6.984766,0,0
1226,1.225,0,0,-0.040074485,0,-0,0,0,0,-6.6197891e-05,0,0,0,0,0,0.10312275,0,0,0,0.52,1.2918826,-0.32699534,-1.5588031,-1.739486e-10,7.3826254e-10,0.7972535,-4.0665367e-10,6.4025488e-10,-2.3560566,0.00091350306,2.404318e-08,-3.8232203e-08,2.3393865e-05,-0.018270442,-4.1828748e-08,6.9186976e-08,-0.00012891093,-597.3427,-9.9883216e-05,0.00015914827,-6.9852766,0,0
1227,1.226,0,0,-0.0400745,0,-0,0,0,0,3.5769886e-05,0,0,0,0,0,0.10235277,0,0,0,0.52,1.2918829,-0.32699488,-1.5588022,-1.634083e-10,6.9440249e-10,0.79725441,-3.8263922e-10,6.0206969e-10,-2.3560566,0.00089498002,2.3989616e-08,-3.8144392e-08,2.325447e-05,-0.018438842,-4.9651839e-08,8.1602941e-08,-0.00013590075,-597.2953,-0.00010081612,0.00016061848,-6.9857458,0,0
1228,1.227,0,0,-0.040074414,0,-0,0,0,0,0.00013692485,0,0,0,0,0,0.10155423,0,0,0,0.52,1.2918832,-0.32699432,-1.5588013,-1.5289497e-10,6.5064912e-10,0.79725529,-3.5868218e-10,5.6397839e-10,-2.3560566,0.00087629991,2.3928347e-08,-3.8044353e-08,2.3108235e-05,-0.018599687,-5.7396714e-08,9.3893899e-08,-0.00014279005,-597.24618,-0.00010170763,0.00016202285,-6.9861736,0,0
1229,1.228,0,0,-0.040074227,0,-0,0,0,0,0.00023723918,0,0,0,0,0,0.10072763,0,0,0,0.52,1.2918834,-0.32699367,-1.5588004,-1.4241197e-10,6.0701643e-10,0.79725616,-3.3479019e-10,5.2599315e-10,-2.3560566,0.00085747028,2.3859454e-08,-3.7932215e-08,2.2955264e-05,-0.018752982,-6.5061361e-08,1.0605667e-07,-0.00014957717,-597.19537,-0.00010255776,0.00016336142,-6.9865602,0,0
1230,1.229,0,0,-0.040073941,0,-0,0,0,0,0.00033668557,0,0,0,0,0,0.099873471,0,0,0,0.52,1.2918837,-0.32699293,-1.5587995,-1.3196262e-10,5.6351823e-10,0.79725701,-3.1097085e-10,4.8812599e-10,-2.3560565,0.00083849867,2.3783018e-08,-3.7808111e-08,2.2795662e-05,-0.018898735,-7.2643824e-08,1.1808814e-07,-0.00015626052,-597.14291,-0.00010336655,0.00016463426,-6.9869059,0,0
1231,1.23,0,0,-0.040073555,0,-0,0,0,0,0.00043523722,0,0,0,0,0,0.098992256,0,0,0,0.52,1.2918839,-0.3269921,-1.5587987,-1.2155019e-10,5.201682e-10,0.79725784,-2.8723166e-10,4.5038882e-10,-2.3560565,0.00081939261,2.3699127e-08,-3.7672177e-08,2.2629534e-05,-0.019036954,-8.014218e-08,1.2998527e-07,-0.00016283857,-597.08882,-0.00010413405,0.00016584144,-6.9872108,0,0
1232,1.231,0,0,-0.040073071,0,-0,0,0,0,0.00053286783,0,0,0,0,0,0.098084495,0,0,0,0.52,1.2918842,-0.32699118,-1.5587978,-1.1117792e-10,4.7697987e-10,0.79725865,-2.6358001e-10,4.127934e-10,-2.3560565,0.0008001596,2.3607866e-08,-3.7524552e-08,2.2456989e-05,-0.019167654,-8.7554552e-08,1.4174509e-07,-0.0001693098,-597.03315,-0.00010486033,0.00016698309,-6.9874752,0,0
1233,1.232,0,0,-0.04007249,0,-0,0,0,0,0.00062955164,0,0,0,0,0,0.097150704,0,0,0,0.52,1.2918844,-0.32699018,-1.558797,-1.0084901e-10,4.3396659e-10,0.79725944,-2.4002325e-10,3.7535134e-10,-2.3560565,0.00078080716,2.3509325e-08,-3.7365378e-08,2.2278135e-05,-0.019290847,-9.4879104e-08,1.5336469e-07,-0.00017567278,-596.97591,-0.00010554546,0.00016805932,-6.9876992,0,0
1234,1.233,0,0,-0.040071813,0,-0,0,0,0,0.00072526339,0,0,0,0,0,0.096191404,0,0,0,0.52,1.2918847,-0.32698909,-1.5587962,-9.0566607e-11,3.9114156e-10,0.79726021,-2.165686e-10,3.3807412e-10,-2.3560565,0.00076134275,2.3403593e-08,-3.7194798e-08,2.2093082e-05,-0.019406553,-1.0211405e-07,1.6484124e-07,-0.0001819261,-596.91714,-0.00010618954,0.00016907028,-6.9878831,0,0
1235,1.234,0,0,-0.040071041,0,-0,0,0,0,0.00081997837,0,0,0,0,0,0.095207118,0,0,0,0.52,1.2918849,-0.32698792,-1.5587955,-8.0333841e-11,3.4851779e-10,0.79726096,-1.932232e-10,3.0097307e-10,-2.3560564,0.00074177385,2.3290764e-08,-3.7012961e-08,2.1901942e-05,-0.01951479,-1.0925765e-07,1.7617198e-07,-0.00018806843,-596.85687,-0.00010679266,0.00017001615,-6.9880272,0,0
1236,1.235,0,0,-0.040070174,0,-0,0,0,0,0.00091367237,0,0,0,0,0,0.094198376,0,0,0,0.52,1.2918851,-0.32698666,-1.5587947,-7.0153785e-11,3.0610815e-10,0.79726169,-1.6999412e-10,2.6405938e-10,-2.3560564,0.00072210787,2.3170931e-08,-3.6820015e-08,2.1704829e-05,-0.01961558,-1.163082e-07,1.8735422e-07,-0.00019409846,-596.79513,-0.00010735495,0.00017089711,-6.9881318,0,0
1237,1.236,0,0,-0.040069214,0,-0,0,0,0,0.0010063218,0,0,0,0,0,0.093165711,0,0,0,0.52,1.2918854,-0.32698532,-1.558794,-6.0029475e-11,2.6392533e-10,0.7972624,-1.468883e-10,2.2734407e-10,-2.3560564,0.00070235224,2.3044189e-08,-3.6616115e-08,2.1501856e-05,-0.019708948,-1.2326404e-07,1.9838533e-07,-0.00020001495,-596.73197,-0.00010787653,0.00017171337,-6.988197,0,0
1238,1.237,0,0,-0.040068162,0,-0,0,0,0,0.0010979034,0,0,0,0,0,0.092109659,0,0,0,0.52,1.2918856,-0.3269839,-1.5587933,-4.9963904e-11,2.2198182e-10,0.7972631,-1.239126e-10,1.9083803e-10,-2.3560564,0.00068251433,2.2910635e-08,-3.6401413e-08,2.1293138e-05,-0.01979492,-1.3012356e-07,2.0926277e-07,-0.0002058167,-596.6674,-0.00010835755,0.00017246516,-6.9882232,0,0
1239,1.238,0,0,-0.040067019,0,-0,0,0,0,0.0011883947,0,0,0,0,0,0.091030762,0,0,0,0.52,1.2918858,-0.32698239,-1.5587926,-3.9960021e-11,1.8028995e-10,0.79726377,-1.0107379e-10,1.5455197e-10,-2.3560563,0.0006626015,2.2770369e-08,-3.6176068e-08,2.1078793e-05,-0.019873526,-1.368852e-07,2.1998405e-07,-0.00021150256,-596.60146,-0.00010879816,0.00017315274,-6.9882107,0,0
1240,1.239,0,0,-0.040065787,0,-0,0,0,0,0.0012777737,0,0,0,0,0,0.089929563,0,0,0,0.52,1.291886,-0.32698081,-1.5587919,-3.0020732e-11,1.3886188e-10,0.79726442,-7.8378525e-11,1.1849645e-10,-2.3560563,0.00064262107,2.2623491e-08,-3.594024e-08,2.0858937e-05,-0.019944796,-1.4354743e-07,2.3054679e-07,-0.00021707145,-596.53419,-0.00010919853,0.00017377638,-6.9881598,0,0
1241,1.24,0,0,-0.040064465,0,-0,0,0,0,0.0013660188,0,0,0,0,0,0.088806611,0,0,0,0.52,1.2918862,-0.32697915,-1.5587912,-2.0148897e-11,9.7709552e-11,0.79726505,-5.5833369e-11,8.2681887e-11,-2.3560563,0.00062258032,2.2470101e-08,-3.5694091e-08,2.0633689e-05,-0.020008765,-1.5010879e-07,2.4094863e-07,-0.00022252231,-596.46561,-0.00010955884,0.00017433636,-6.9880708,0,0
1242,1.241,0,0,-0.040063056,0,-0,0,0,0,0.0014531092,0,0,0,0,0,0.087662454,0,0,0,0.52,1.2918864,-0.32697742,-1.5587906,-1.0347332e-11,5.6844753e-11,0.79726567,-3.3444782e-11,4.7118509e-11,-2.3560563,0.0006024865,2.2310304e-08,-3.5437784e-08,2.0403169e-05,-0.020065467,-1.5656784e-07,2.5118732e-07,-0.00022785416,-596.39577,-0.00010987928,0.00017483299,-6.9879441,0,0
1243,1.242,0,0,-0.04006156,0,-0,0,0,0,0.0015390244,0,0,0,0,0,0.086497648,0,0,0,0.52,1.2918866,-0.3269756,-1.55879,-6.188059e-13,1.6279062e-11,0.79726626,-1.1219117e-11,1.1816392e-11,-2.3560563,0.00058234683,2.2144203e-08,-3.5171487e-08,2.0167497e-05,-0.020114941,-1.6292321e-07,2.6126068e-07,-0.00023306605,-596.32469,-0.00011016006,0.00017526661,-6.9877799,0,0
1244,1.243,0,0,-0.040059979,0,-0,0,0,0,0.0016237447,0,0,0,0,0,0.085312747,0,0,0,0.52,1.2918867,-0.32697372,-1.5587894,9.0339571e-12,-2.3976128e-11,0.79726683,1.0837374e-11,-2.3214558e-11,-2.3560562,0.00056216846,2.1971904e-08,-3.4895367e-08,1.9926794e-05,-0.020157226,-1.6917354e-07,2.7116658e-07,-0.00023815708,-596.25241,-0.00011040139,0.00017563756,-6.9875787,0,0
1245,1.244,0,0,-0.040058314,0,-0,0,0,0,0.0017072508,0,0,0,0,0,0.084108309,0,0,0,0.52,1.2918869,-0.32697176,-1.5587888,1.8608281e-11,-6.3909619e-11,0.79726738,3.2718548e-11,-5.7964606e-11,-2.3560562,0.00054195852,2.1793515e-08,-3.4609596e-08,1.9681183e-05,-0.020192365,-1.7531755e-07,2.80903e-07,-0.00024312642,-596.17897,-0.0001106035,0.00017594621,-6.9873408,0,0
1246,1.245,0,0,-0.040056566,0,-0,0,0,0,0.001789524,0,0,0,0,0,0.082884897,0,0,0,0.52,1.2918871,-0.32696972,-1.5587883,2.8101537e-11,-1.0351041e-10,0.79726792,5.4418367e-11,-9.2424185e-11,-2.3560562,0.0005217241,2.1609142e-08,-3.4314345e-08,1.9430786e-05,-0.020220402,-1.81354e-07,2.9046795e-07,-0.00024797328,-596.10439,-0.00011076663,0.00017619294,-6.9870665,0,0
1247,1.246,0,0,-0.040054736,0,-0,0,0,0,0.0018705462,0,0,0,0,0,0.081643071,0,0,0,0.52,1.2918873,-0.32696762,-1.5587878,3.7511145e-11,-1.427677e-10,0.79726843,7.5930905e-11,-1.2658391e-10,-2.3560562,0.00050147223,2.1418897e-08,-3.400979e-08,1.9175728e-05,-0.020241383,-1.8728169e-07,2.9985954e-07,-0.00025269691,-596.02871,-0.00011089103,0.00017637815,-6.9867563,0,0
1248,1.247,0,0,-0.040052826,0,-0,0,0,0,0.0019502997,0,0,0,0,0,0.080383397,0,0,0,0.52,1.2918874,-0.32696545,-1.5587872,4.6834572e-11,-1.8167089e-10,0.79726892,9.7250343e-11,-1.6043455e-10,-2.3560562,0.00048120988,2.1222889e-08,-3.3696106e-08,1.8916131e-05,-0.020255357,-1.9309945e-07,3.0907596e-07,-0.00025729663,-595.95196,-0.00011097696,0.00017650226,-6.9864106,0,0
1249,1.248,0,0,-0.040050837,0,-0,0,0,0,0.0020287677,0,0,0,0,0,0.079106441,0,0,0,0.52,1.2918876,-0.32696321,-1.5587868,5.6069335e-11,-2.2020958e-10,0.79726939,1.1837098e-10,-1.9396708e-10,-2.3560561,0.000460944,2.1021229e-08,-3.3373471e-08,1.8652122e-05,-0.020262373,-1.988062e-07,3.1811546e-07,-0.00026177179,-595.87419,-0.00011102469,0.00017656571,-6.9860297,0,0
1250,1.249,0,0,-0.04004877,0,-0,0,0,0,0.0021059336,0,0,0,0,0,0.077812769,0,0,0,0.52,1.2918877,-0.3269609,-1.5587863,6.5213001e-11,-2.5837358e-10,0.79726984,1.3928721e-10,-2.2717263e-10,-2.3560561,0.00044068146,2.0814031e-08,-3.3042064e-08,1.8383825e-05,-0.020262485,-2.0440085e-07,3.2697635e-07,-0.0002661218,-595.79541,-0.00011103451,0.00017656895,-6.985614,0,0
1251,1.25,0,0,-0.040046626,0,-0,0,0,0,0.0021817817,0,0,0,0,0,0.076502951,0,0,0,0.52,1.2918878,-0.32695853,-1.5587858,7.4263186e-11,-2.961529e-10,0.79727027,1.5999356e-10,-2.6004252e-10,-2.3560561,0.00042042909,2.0601408e-08,-3.2702067e-08,1.8111367e-05,-0.020255745,-2.098824e-07,3.3565705e-07,-0.00027034612,-595.71568,-0.00011100672,0.00017651246,-6.9851641,0,0
1252,1.251,0,0,-0.040044407,0,-0,0,0,0,0.0022562965,0,0,0,0,0,0.075177556,0,0,0,0.52,1.291888,-0.32695609,-1.5587854,8.3217557e-11,-3.3353776e-10,0.79727068,1.8048465e-10,-2.9256826e-10,-2.3560561,0.00040019364,2.0383474e-08,-3.2353661e-08,1.7834873e-05,-0.020242211,-2.1524989e-07,3.4415602e-07,-0.00027444427,-595.63502,-0.0001109416,0.00017639672,-6.9846802,0,0
1253,1.252,0,0,-0.040042115,0,-0,0,0,0,0.0023294635,0,0,0,0,0,0.073837154,0,0,0,0.52,1.2918881,-0.32695359,-1.558785,9.2073831e-11,-3.705186e-10,0.79727107,2.0075525e-10,-3.2474153e-10,-2.3560561,0.00037998184,2.0160345e-08,-3.1997031e-08,1.7554472e-05,-0.020221939,-2.2050239e-07,3.5247181e-07,-0.0002784158,-595.55346,-0.00011083949,0.00017622223,-6.9841629,0,0
1254,1.253,0,0,-0.04003975,0,-0,0,0,0,0.0024012684,0,0,0,0,0,0.072482317,0,0,0,0.52,1.2918882,-0.32695103,-1.5587846,1.0082978e-10,-4.0708606e-10,0.79727144,2.2080021e-10,-3.565542e-10,-2.3560561,0.00035980032,1.9932138e-08,-3.1632363e-08,1.7270289e-05,-0.020194991,-2.2563902e-07,3.6060304e-07,-0.00028226032,-595.47105,-0.0001107007,0.00017598952,-6.9836126,0,0
1255,1.254,0,0,-0.040037314,0,-0,0,0,0,0.0024716976,0,0,0,0,0,0.071113615,0,0,0,0.52,1.2918883,-0.3269484,-1.5587842,1.0948321e-10,-4.43231e-10,0.79727179,2.4061451e-10,-3.8799831e-10,-2.356056,0.00033965568,1.9698969e-08,-3.1259842e-08,1.6982453e-05,-0.020161427,-2.3065895e-07,3.685484e-07,-0.00028597749,-595.38781,-0.00011052557,0.00017569912,-6.9830296,0,0
1256,1.255,0,0,-0.040034808,0,-0,0,0,0,0.0025407382,0,0,0,0,0,0.069731621,0,0,0,0.52,1.2918884,-0.32694572,-1.5587839,1.1803201e-10,-4.789445e-10,0.79727212,2.6019324e-10,-4.1906612e-10,-2.356056,0.00031955443,1.9460957e-08,-3.0879656e-08,1.6691091e-05,-0.02012131,-2.3556139e-07,3.7630666e-07,-0.00028956701,-595.30379,-0.00011031445,0.00017535159,-6.9824146,0,0
1257,1.256,0,0,-0.040032234,0,-0,0,0,0,0.0026083778,0,0,0,0,0,0.068336906,0,0,0,0.52,1.2918886,-0.32694298,-1.5587836,1.264741e-10,-5.1421783e-10,0.79727243,2.7953164e-10,-4.4975005e-10,-2.356056,0.00029950302,1.9218219e-08,-3.0491994e-08,1.6396332e-05,-0.020074706,-2.4034562e-07,3.8387666e-07,-0.00029302863,-595.21901,-0.00011006768,0.00017494747,-6.981768,0,0
1258,1.257,0,0,-0.040029592,0,-0,0,0,0,0.0026746044,0,0,0,0,0,0.066930041,0,0,0,0.52,1.2918886,-0.32694018,-1.5587833,1.3480745e-10,-5.4904252e-10,0.79727272,2.9862502e-10,-4.8004273e-10,-2.356056,0.00027950785,1.8970875e-08,-3.0097047e-08,1.6098303e-05,-0.020021681,-2.4501094e-07,3.912573e-07,-0.00029636217,-595.13351,-0.00010978563,0.00017448737,-6.9810902,0,0
1259,1.258,0,0,-0.040026886,0,-0,0,0,0,0.0027394068,0,0,0,0,0,0.065511597,0,0,0,0.52,1.2918887,-0.32693733,-1.558783,1.430301e-10,-5.8341027e-10,0.79727299,3.1746884e-10,-5.0993696e-10,-2.356056,0.00025957524,1.8719046e-08,-2.9695004e-08,1.5797133e-05,-0.019962304,-2.4955669e-07,3.9844759e-07,-0.00029956747,-595.04732,-0.00010946867,0.00017397187,-6.9803816,0,0
1260,1.259,0,0,-0.040024115,0,-0,0,0,0,0.0028027742,0,0,0,0,0,0.064082145,0,0,0,0.52,1.2918888,-0.32693443,-1.5587827,1.5114012e-10,-6.1731304e-10,0.79727324,3.3605868e-10,-5.3942574e-10,-2.356056,0.00023971142,1.8462851e-08,-2.9286058e-08,1.549295e-05,-0.019896645,-2.5398229e-07,4.0544656e-07,-0.00030264443,-594.96049,-0.00010911719,0.00017340158,-6.9796429,0,0
1261,1.26,0,0,-0.040021282,0,-0,0,0,0,0.0028646965,0,0,0,0,0,0.062642255,0,0,0,0.52,1.2918889,-0.32693147,-1.5587825,1.5913565e-10,-6.50743e-10,0.79727347,3.5439024e-10,-5.6850226e-10,-2.3560559,0.00021992258,1.8202411e-08,-2.8870401e-08,1.5185883e-05,-0.019824774,-2.5828717e-07,4.1225336e-07,-0.00030559299,-594.87304,-0.00010873157,0.00017277712,-6.9788745,0,0
1262,1.261,0,0,-0.040018387,0,-0,0,0,0,0.0029251641,0,0,0,0,0,0.061192495,0,0,0,0.52,1.291889,-0.32692847,-1.5587822,1.6701488e-10,-6.8369252e-10,0.79727368,3.7245932e-10,-5.9715993e-10,-2.3560559,0.00020021482,1.7937848e-08,-2.8448227e-08,1.487606e-05,-0.019746766,-2.6247082e-07,4.1886717e-07,-0.00030841316,-594.785,-0.00010831221,0.00017209913,-6.9780769,0,0
1263,1.262,0,0,-0.040015433,0,-0,0,0,0,0.002984168,0,0,0,0,0,0.059733432,0,0,0,0.52,1.291889,-0.32692541,-1.558782,1.7477605e-10,-7.1615422e-10,0.79727387,3.9026187e-10,-6.253923e-10,-2.3560559,0.00018059416,1.7669285e-08,-2.801973e-08,1.4563609e-05,-0.019662694,-2.6653279e-07,4.2528729e-07,-0.00031110495,-594.69642,-0.00010785952,0.00017136826,-6.9772506,0,0
1264,1.263,0,0,-0.04001242,0,-0,0,0,0,0.0030416998,0,0,0,0,0,0.058265634,0,0,0,0.52,1.2918891,-0.32692231,-1.5587819,1.8241746e-10,-7.4812092e-10,0.79727404,4.0779395e-10,-6.5319316e-10,-2.3560559,0.00016106656,1.7396842e-08,-2.7585104e-08,1.4248658e-05,-0.019572635,-2.7047263e-07,4.3151304e-07,-0.00031366847,-594.60732,-0.00010737391,0.00017058518,-6.9763962,0,0
1265,1.264,0,0,-0.040009351,0,-0,0,0,0,0.0030977514,0,0,0,0,0,0.056789664,0,0,0,0.52,1.2918892,-0.32691916,-1.5587817,1.8993746e-10,-7.795857e-10,0.79727419,4.2505174e-10,-6.8055648e-10,-2.3560559,0.00014163788,1.7120643e-08,-2.7144544e-08,1.3931337e-05,-0.019476666,-2.7428999e-07,4.3754384e-07,-0.00031610383,-594.51775,-0.0001068558,0.00016975055,-6.975514,0,0
1266,1.265,0,0,-0.040006226,0,-0,0,0,0,0.0031523157,0,0,0,0,0,0.055306086,0,0,0,0.52,1.2918892,-0.32691596,-1.5587815,1.9733445e-10,-8.1054181e-10,0.79727432,4.4203154e-10,-7.0747641e-10,-2.3560559,0.00012231391,1.6840812e-08,-2.6698248e-08,1.3611772e-05,-0.019374866,-2.7798453e-07,4.4337919e-07,-0.00031841123,-594.42773,-0.00010630563,0.00016886506,-6.9746048,0,0
1267,1.266,0,0,-0.040003048,0,-0,0,0,0,0.0032053859,0,0,0,0,0,0.053815462,0,0,0,0.52,1.2918892,-0.32691272,-1.5587814,2.046069e-10,-8.4098278e-10,0.79727444,4.5872979e-10,-7.3394733e-10,-2.3560559,0.00010310037,1.655747e-08,-2.6246409e-08,1.3290091e-05,-0.019267315,-2.8155596e-07,4.4901863e-07,-0.00032059086,-594.3373,-0.00010572384,0.00016792941,-6.9736689,0,0
1268,1.267,0,0,-0.039999817,0,-0,0,0,0,0.0032569557,0,0,0,0,0,0.05231835,0,0,0,0.52,1.2918893,-0.32690944,-1.5587813,2.117533e-10,-8.7090233e-10,0.79727453,4.7514303e-10,-7.5996379e-10,-2.3560558,8.4002884e-05,1.6270742e-08,-2.5789226e-08,1.2966422e-05,-0.019154095,-2.8500404e-07,4.5446179e-07,-0.00032264301,-594.24649,-0.00010511086,0.00016694432,-6.9727069,0,0
1269,1.268,0,0,-0.039996535,0,-0,0,0,0,0.0033070195,0,0,0,0,0,0.050815307,0,0,0,0.52,1.2918893,-0.32690612,-1.5587812,2.1877224e-10,-9.0029442e-10,0.7972746,4.9126795e-10,-7.8552054e-10,-2.3560558,6.5026999e-05,1.5980751e-08,-2.5326894e-08,1.2640892e-05,-0.019035289,-2.8832857e-07,4.5970838e-07,-0.00032456798,-594.15534,-0.00010446715,0.0001659105,-6.9717194,0,0
1270,1.269,0,0,-0.039993204,0,-0,0,0,0,0.0033555721,0,0,0,0,0,0.049306889,0,0,0,0.52,1.2918893,-0.32690276,-1.5587812,2.2566233e-10,-9.2915323e-10,0.79727466,5.0710134e-10,-8.1061253e-10,-2.3560558,4.6178173e-05,1.5687621e-08,-2.4859611e-08,1.2313627e-05,-0.01891098,-2.9152939e-07,4.6475814e-07,-0.00032636612,-594.06388,-0.00010379317,0.00016482868,-6.9707069,0,0
1271,1.27,0,0,-0.039989826,0,-0,0,0,0,0.0034026092,0,0,0,0,0,0.047793647,0,0,0,0.52,1.2918894,-0.32689936,-1.5587811,2.3242225e-10,-9.5747316e-10,0.7972747,5.2264011e-10,-8.3523491e-10,-2.3560558,2.7461783e-05,1.5391476e-08,-2.4387574e-08,1.1984753e-05,-0.018781253,-2.9460639e-07,4.6961093e-07,-0.00032803782,-593.97214,-0.00010308939,0.00016369961,-6.96967,0,0
1272,1.271,0,0,-0.039986401,0,-0,0,0,0,0.0034481265,0,0,0,0,0,0.046276131,0,0,0,0.52,1.2918894,-0.32689593,-1.5587811,2.3905074e-10,-9.8524886e-10,0.79727471,5.3788133e-10,-8.5938302e-10,-2.3560558,8.8831158e-06,1.509244e-08,-2.3910979e-08,1.1654397e-05,-0.018646196,-2.975595e-07,4.7426663e-07,-0.00032958352,-593.88015,-0.00010235627,0.00016252405,-6.9686092,0,0
1273,1.272,0,0,-0.039982931,0,-0,0,0,0,0.0034921208,0,0,0,0,0,0.044754887,0,0,0,0.52,1.2918894,-0.32689246,-1.5587811,2.4554656e-10,-1.0124752e-09,0.79727471,5.5282217e-10,-8.8305241e-10,-2.3560558,-9.5526294e-06,1.4790637e-08,-2.3430025e-08,1.1322683e-05,-0.018505896,-3.0038868e-07,4.7872521e-07,-0.0003310037,-593.78796,-0.00010159429,0.00016130274,-6.967525,0,0
1274,1.273,0,0,-0.039979418,0,-0,0,0,0,0.0035345891,0,0,0,0,0,0.043230459,0,0,0,0.52,1.2918894,-0.32688895,-1.5587811,2.5190857e-10,-1.0391472e-09,0.7972747,5.674599e-10,-9.0623881e-10,-2.3560558,-2.7840342e-05,1.448619e-08,-2.2944907e-08,1.0989736e-05,-0.01836044,-3.0309397e-07,4.8298672e-07,-0.00033229888,-593.69559,-0.00010080395,0.00016003648,-6.9664181,0,0
1275,1.274,0,0,-0.039975863,0,-0,0,0,0,0.0035755289,0,0,0,0,0,0.041703387,0,0,0,0.52,1.2918894,-0.32688542,-1.5587811,2.5813566e-10,-1.0652603e-09,0.79727466,5.8179197e-10,-9.2893816e-10,-2.3560558,-4.5975001e-05,1.4179224e-08,-2.2455824e-08,1.0655681e-05,-0.01820992,-3.056754e-07,4.8705125e-07,-0.00033346962,-593.60307,-9.9985719e-05,0.00015872603,-6.9652889,0,0
1276,1.275,0,0,-0.039972268,0,-0,0,0,0,0.0036149385,0,0,0,0,0,0.040174209,0,0,0,0.52,1.2918894,-0.32688185,-1.5587811,2.6422678e-10,-1.0908099e-09,0.7972746,5.9581589e-10,-9.5114659e-10,-2.3560557,-6.3951679e-05,1.3869862e-08,-2.1962971e-08,1.0320641e-05,-0.018054425,-3.0813309e-07,4.9091898e-07,-0.00033451652,-593.51044,-9.9140106e-05,0.00015737218,-6.9641381,0,0
1277,1.276,0,0,-0.039968635,0,-0,0,0,0,0.0036528166,0,0,0,0,0,0.038643457,0,0,0,0.52,1.2918894,-0.32687826,-1.5587812,2.7018093e-10,-1.1157918e-09,0.79727453,6.0952936e-10,-9.7286043e-10,-2.3560557,-8.1765537e-05,1.3558228e-08,-2.1466545e-08,9.9847392e-06,-0.017894047,-3.1046716e-07,4.9459013e-07,-0.00033544022,-593.41773,-9.8267608e-05,0.00015597575,-6.9629662,0,0
1278,1.277,0,0,-0.039964964,0,-0,0,0,0,0.0036891624,0,0,0,0,0,0.037111662,0,0,0,0.52,1.2918894,-0.32687464,-1.5587813,2.7599717e-10,-1.1402021e-09,0.79727444,6.2293014e-10,-9.940762e-10,-2.3560557,-9.9411833e-05,1.3244445e-08,-2.0966743e-08,9.6480973e-06,-0.017728879,-3.126778e-07,4.98065e-07,-0.00033624139,-593.32497,-9.7368732e-05,0.00015453752,-6.9617738,0,0
1279,1.278,0,0,-0.039961258,0,-0,0,0,0,0.0037239756,0,0,0,0,0,0.035579349,0,0,0,0.52,1.2918893,-0.32687099,-1.5587814,2.8167461e-10,-1.1640369e-09,0.79727433,6.3601616e-10,-1.0147906e-09,-2.3560557,-0.00011688592,1.2928636e-08,-2.0463759e-08,9.3108368e-06,-0.017559015,-3.1476523e-07,5.0134397e-07,-0.00033692076,-593.2322,-9.6443988e-05,0.00015305833,-6.9605615,0,0
1280,1.279,0,0,-0.039957518,0,-0,0,0,0,0.0037572565,0,0,0,0,0,0.034047041,0,0,0,0.52,1.2918893,-0.32686731,-1.5587815,2.8721242e-10,-1.1872927e-09,0.79727421,6.4878545e-10,-1.0350006e-09,-2.3560557,-0.00013418323,1.2610924e-08,-1.995779e-08,8.9730786e-06,-0.017384547,-3.1672971e-07,5.0442745e-07,-0.00033747908,-593.13944,-9.5493893e-05,0.00015153898,-6.9593298,0,0
1281,1.28,0,0,-0.039953745,0,-0,0,0,0,0.0037890058,0,0,0,0,0,0.032515256,0,0,0,0.52,1.2918893,-0.32686362,-1.5587816,2.926098e-10,-1.2099662e-09,0.79727406,6.6123616e-10,-1.0547033e-09,-2.3560557,-0.00015129931,1.2291432e-08,-1.944903e-08,8.6349424e-06,-0.017205573,-3.1857153e-07,5.0731594e-07,-0.00033791713,-593.04672,-9.4518966e-05,0.00014998032,-6.9580793,0,0
1282,1.281,0,0,-0.039949941,0,-0,0,0,0,0.0038192249,0,0,0,0,0,0.030984507,0,0,0,0.52,1.2918892,-0.3268599,-1.5587818,2.9786605e-10,-1.2320541e-09,0.7972739,6.7336659e-10,-1.073896e-09,-2.3560557,-0.00016822981,1.1970281e-08,-1.8937673e-08,8.2965473e-06,-0.017022187,-3.2029104e-07,5.1000998e-07,-0.00033823576,-592.95408,-9.3519734e-05,0.00014838317,-6.9568106,0,0
1283,1.282,0,0,-0.039946108,0,-0,0,0,0,0.0038479156,0,0,0,0,0,0.029455303,0,0,0,0.52,1.2918892,-0.32685616,-1.558782,3.0298048e-10,-1.2535537e-09,0.79727373,6.8517513e-10,-1.0925762e-09,-2.3560557,-0.00018497044,1.1647593e-08,-1.8423913e-08,7.9580115e-06,-0.016834486,-3.2188862e-07,5.125102e-07,-0.00033843581,-592.86155,-9.2496723e-05,0.00014674837,-6.9555243,0,0
1284,1.283,0,0,-0.039942247,0,-0,0,0,0,0.0038750802,0,0,0,0,0,0.02792815,0,0,0,0.52,1.2918891,-0.3268524,-1.5587821,3.0795248e-10,-1.2744623e-09,0.79727353,6.966603e-10,-1.1107415e-09,-2.3560557,-0.00020151705,1.1323491e-08,-1.7907942e-08,7.6194521e-06,-0.016642568,-3.2336468e-07,5.1481725e-07,-0.0003385182,-592.76916,-9.1450469e-05,0.00014507679,-6.9542209,0,0
1285,1.284,0,0,-0.03993836,0,-0,0,0,0,0.0039007215,0,0,0,0,0,0.026403547,0,0,0,0.52,1.2918891,-0.32684863,-1.5587823,3.1278148e-10,-1.2947774e-09,0.79727333,7.0782075e-10,-1.1283899e-09,-2.3560557,-0.00021786557,1.0998094e-08,-1.7389953e-08,7.2809854e-06,-0.016446531,-3.2471967e-07,5.1693189e-07,-0.00033848385,-592.67693,-9.0381505e-05,0.00014336926,-6.9529011,0,0
1286,1.285,0,0,-0.039934447,0,-0,0,0,0,0.0039248427,0,0,0,0,0,0.024881991,0,0,0,0.52,1.291889,-0.32684483,-1.5587826,3.1746696e-10,-1.3144968e-09,0.7972731,7.1865525e-10,-1.1455195e-09,-2.3560557,-0.00023401201,1.0671522e-08,-1.6870136e-08,6.9427268e-06,-0.016246472,-3.2595409e-07,5.1885491e-07,-0.00033833373,-592.58491,-8.9290374e-05,0.00014162666,-6.9515654,0,0
1287,1.286,0,0,-0.039930511,0,-0,0,0,0,0.0039474476,0,0,0,0,0,0.023363971,0,0,0,0.52,1.291889,-0.32684103,-1.5587828,3.2200846e-10,-1.3336185e-09,0.79727286,7.2916268e-10,-1.1621285e-09,-2.3560557,-0.00024995251,1.0343897e-08,-1.6348683e-08,6.6047904e-06,-0.016042492,-3.2706847e-07,5.2058714e-07,-0.00033806884,-592.49311,-8.8177617e-05,0.00013984984,-6.9502144,0,0
1288,1.287,0,0,-0.039926554,0,-0,0,0,0,0.0039685406,0,0,0,0,0,0.021849973,0,0,0,0.52,1.2918889,-0.32683721,-1.5587831,3.2640558e-10,-1.3521407e-09,0.7972726,7.3934205e-10,-1.1782153e-09,-2.3560556,-0.0002656833,1.0015336e-08,-1.5825782e-08,6.2672895e-06,-0.01583469,-3.2806336e-07,5.2212952e-07,-0.00033769021,-592.40157,-8.7043781e-05,0.00013803968,-6.9488487,0,0
1289,1.288,0,0,-0.039922576,0,-0,0,0,0,0.0039881263,0,0,0,0,0,0.020340477,0,0,0,0.52,1.2918888,-0.32683337,-1.5587833,3.3065796e-10,-1.3700618e-09,0.79727233,7.4919248e-10,-1.1937787e-09,-2.3560556,-0.00028120071,9.6859584e-09,-1.5301623e-08,5.9303362e-06,-0.015623167,-3.2893938e-07,5.23483e-07,-0.00033719892,-592.31031,-8.5889416e-05,0.00013619705,-6.9474689,0,0
1290,1.289,0,0,-0.039918579,0,-0,0,0,0,0.00400621,0,0,0,0,0,0.018835958,0,0,0,0.52,1.2918887,-0.32682953,-1.5587836,3.3476529e-10,-1.3873805e-09,0.79727204,7.5871321e-10,-1.2088174e-09,-2.3560556,-0.00029650116,9.3558823e-09,-1.4776391e-08,5.5940416e-06,-0.015408023,-3.2969716e-07,5.2464862e-07,-0.00033659604,-592.21937,-8.4715072e-05,0.00013432283,-6.9460756,0,0
1291,1.29,0,0,-0.039914565,0,-0,0,0,0,0.0040227974,0,0,0,0,0,0.017336885,0,0,0,0.52,1.2918887,-0.32682568,-1.5587839,3.3872733e-10,-1.4040956e-09,0.79727173,7.679036e-10,-1.2233305e-09,-2.3560556,-0.00031158118,9.0252248e-09,-1.4250274e-08,5.2585156e-06,-0.015189359,-3.3033737e-07,5.2562744e-07,-0.00033588272,-592.12877,-8.3521304e-05,0.0001324179,-6.9446693,0,0
1292,1.291,0,0,-0.039910535,0,-0,0,0,0,0.0040378945,0,0,0,0,0,0.015843723,0,0,0,0.52,1.2918886,-0.32682182,-1.5587842,3.4254386e-10,-1.4202062e-09,0.79727141,7.7676314e-10,-1.2373172e-09,-2.3560556,-0.00032643742,8.6941024e-09,-1.3723457e-08,4.9238668e-06,-0.014967277,-3.3086072e-07,5.2642062e-07,-0.0003350601,-592.03854,-8.2308669e-05,0.00013048314,-6.9432506,0,0
1293,1.292,0,0,-0.039906491,0,-0,0,0,0,0.0040515081,0,0,0,0,0,0.01435693,0,0,0,0.52,1.2918885,-0.32681795,-1.5587845,3.4621474e-10,-1.4357116e-09,0.79727108,7.852914e-10,-1.2507768e-09,-2.3560556,-0.0003410666,8.3626309e-09,-1.3196123e-08,4.5902028e-06,-0.014741879,-3.3126794e-07,5.2702933e-07,-0.00033412937,-591.94871,-8.1077725e-05,0.00012851946,-6.9418201,0,0
1294,1.293,0,0,-0.039902433,0,-0,0,0,0,0.004063645,0,0,0,0,0,0.012876959,0,0,0,0.52,1.2918884,-0.32681408,-1.5587849,3.4973987e-10,-1.4506113e-09,0.79727073,7.9348811e-10,-1.263709e-09,-2.3560556,-0.00035546556,8.0309251e-09,-1.2668456e-08,4.2576298e-06,-0.014513267,-3.3155982e-07,5.2745482e-07,-0.00033309175,-591.8593,-7.9829031e-05,0.00012652773,-6.9403785,0,0
1295,1.294,0,0,-0.039898365,0,-0,0,0,0,0.0040743129,0,0,0,0,0,0.011404255,0,0,0,0.52,1.2918883,-0.32681021,-1.5587852,3.531192e-10,-1.464905e-09,0.79727037,8.0135308e-10,-1.2761135e-09,-2.3560556,-0.00036963124,7.6990993e-09,-1.2140636e-08,3.926253e-06,-0.014281544,-3.3173716e-07,5.2769838e-07,-0.00033194846,-591.77035,-7.856315e-05,0.00012450885,-6.9389262,0,0
1296,1.295,0,0,-0.039894286,0,-0,0,0,0,0.0040835197,0,0,0,0,0,0.0099392608,0,0,0,0.52,1.2918882,-0.32680633,-1.5587856,3.5635272e-10,-1.4785926e-09,0.79726999,8.0888624e-10,-1.2879902e-09,-2.3560556,-0.00038356069,7.3672667e-09,-1.1612843e-08,3.5961761e-06,-0.014046812,-3.3180079e-07,5.2776137e-07,-0.00033070079,-591.68188,-7.7280646e-05,0.00012246372,-6.9374639,0,0
1297,1.296,0,0,-0.039890199,0,-0,0,0,0,0.0040912737,0,0,0,0,0,0.0084824102,0,0,0,0.52,1.2918881,-0.32680245,-1.558786,3.594405e-10,-1.4916742e-09,0.7972696,8.1608766e-10,-1.2993393e-09,-2.3560556,-0.00039725105,7.0355397e-09,-1.1085256e-08,3.2675014e-06,-0.013809175,-3.317516e-07,5.2764517e-07,-0.00032935003,-591.59391,-7.5982081e-05,0.00012039324,-6.9359921,0,0
1298,1.297,0,0,-0.039886105,0,-0,0,0,0,0.0040975837,0,0,0,0,0,0.0070341319,0,0,0,0.52,1.291888,-0.32679857,-1.5587864,3.6238262e-10,-1.5041501e-09,0.7972692,8.2295748e-10,-1.310161e-09,-2.3560556,-0.00041069956,6.7040298e-09,-1.0558052e-08,2.9403302e-06,-0.013568736,-3.3159048e-07,5.2735124e-07,-0.00032789748,-591.50647,-7.4668023e-05,0.00011829831,-6.9345115,0,0
1299,1.298,0,0,-0.039882006,0,-0,0,0,0,0.0041024589,0,0,0,0,0,0.0055948481,0,0,0,0.52,1.2918878,-0.3267947,-1.5587868,3.6517923e-10,-1.5160208e-09,0.79726878,8.2949599e-10,-1.3204558e-09,-2.3560556,-0.00042390359,6.3728474e-09,-1.0031406e-08,2.6147622e-06,-0.013325597,-3.3131837e-07,5.2688107e-07,-0.0003263445,-591.41959,-7.3339037e-05,0.00011617982,-6.9330225,0,0
1300,1.299,0,0,-0.039877902,0,-0,0,0,0,0.0041059089,0,0,0,0,0,0.0041649749,0,0,0,0.52,1.2918877,-0.32679082,-1.5587872,3.6783052e-10,-1.5272872e-09,0.79726835,8.3570356e-10,-1.3302245e-09,-2.3560556,-0.00043686059,6.0421023e-09,-9.5054918e-09,2.2908958e-06,-0.013079863,-3.3093623e-07,5.2623621e-07,-0.00032469246,-591.33328,-7.1995689e-05,0.00011403868,-6.9315259,0,0
1301,1.3,0,0,-0.039873795,0,-0,0,0,0,0.0041079438,0,0,0,0,0,0.0027449216,0,0,0,0.52,1.2918876,-0.32678695,-1.5587877,3.7033675e-10,-1.53795e-09,0.79726791,8.4158069e-10,-1.3394676e-09,-2.3560556,-0.00044956811,5.7119028e-09,-8.9804825e-09,1.9688279e-06,-0.012831636,-3.3044506e-07,5.2541825e-07,-0.00032294274,-591.24759,-7.0638548e-05,0.00011187579,-6.930022,0,0
1302,1.301,0,0,-0.039869687,0,-0,0,0,0,0.004108574,0,0,0,0,0,0.0013350912,0,0,0,0.52,1.2918875,-0.32678309,-1.5587881,3.726982e-10,-1.5480105e-09,0.79726745,8.4712796e-10,-1.3481864e-09,-2.3560556,-0.00046202382,5.3823565e-09,-8.4565484e-09,1.6486541e-06,-0.012581021,-3.2984587e-07,5.2442882e-07,-0.00032109675,-591.16252,-6.9268181e-05,0.00010969206,-6.9285116,0,0
1303,1.302,0,0,-0.039865579,0,-0,0,0,0,0.0041078103,0,0,0,0,0,-6.4119925e-05,0,0,0,0.52,1.2918873,-0.32677923,-1.5587886,3.7491521e-10,-1.5574699e-09,0.79726698,8.523461e-10,-1.3563819e-09,-2.3560556,-0.00047422549,5.0535699e-09,-7.9338584e-09,1.3304686e-06,-0.01232812,-3.2913973e-07,5.2326961e-07,-0.00031915594,-591.07811,-6.7885155e-05,0.00010748839,-6.9269952,0,0
1304,1.303,0,0,-0.039861473,0,-0,0,0,0,0.0041056639,0,0,0,0,0,-0.0014523222,0,0,0,0.52,1.2918872,-0.32677538,-1.5587891,3.7698815e-10,-1.5663297e-09,0.7972665,8.5723592e-10,-1.3640555e-09,-2.3560556,-0.00048617099,4.7256482e-09,-7.4125797e-09,1.0143639e-06,-0.012073038,-3.283277e-07,5.2194234e-07,-0.00031712176,-590.99438,-6.6490037e-05,0.00010526567,-6.9254733,0,0
1305,1.304,0,0,-0.039857369,0,-0,0,0,0,0.0041021463,0,0,0,0,0,-0.0028291328,0,0,0,0.52,1.291887,-0.32677154,-1.5587896,3.7891747e-10,-1.5745917e-09,0.79726601,8.6179832e-10,-1.3712086e-09,-2.3560556,-0.00049785829,4.3986957e-09,-6.8928777e-09,7.0043129e-07,-0.011815878,-3.2741091e-07,5.2044879e-07,-0.00031499568,-590.91134,-6.5083394e-05,0.00010302482,-6.9239466,0,0
1306,1.305,0,0,-0.03985327,0,-0,0,0,0,0.0040972696,0,0,0,0,0,-0.0041941757,0,0,0,0.52,1.2918869,-0.32676771,-1.5587901,3.8070363e-10,-1.5822577e-09,0.79726551,8.6603433e-10,-1.3778429e-09,-2.3560556,-0.00050928546,4.0728154e-09,-6.3749159e-09,3.8876033e-07,-0.011556742,-3.2639047e-07,5.1879077e-07,-0.0003127792,-590.82903,-6.3665794e-05,0.00010076672,-6.9224155,0,0
1307,1.306,0,0,-0.039849176,0,-0,0,0,0,0.0040910461,0,0,0,0,0,-0.0055470818,0,0,0,0.52,1.2918868,-0.32676389,-1.5587906,3.8234715e-10,-1.5893298e-09,0.79726499,8.6994507e-10,-1.3839602e-09,-2.3560556,-0.00052045069,3.7481093e-09,-5.8588561e-09,7.943919e-08,-0.011295734,-3.2526756e-07,5.1697014e-07,-0.00031047383,-590.74747,-6.22378e-05,9.8492291e-05,-6.9208806,0,0
1308,1.307,0,0,-0.039845089,0,-0,0,0,0,0.0040834884,0,0,0,0,0,-0.0068874891,0,0,0,0.52,1.2918866,-0.32676008,-1.5587911,3.8384859e-10,-1.5958102e-09,0.79726447,8.7353177e-10,-1.3895626e-09,-2.3560556,-0.00053135226,3.4246781e-09,-5.344858e-09,-2.2744556e-07,-0.011032958,-3.2404335e-07,5.1498878e-07,-0.00030808111,-590.66667,-6.0799979e-05,9.6202418e-05,-6.9193425,0,0
1309,1.308,0,0,-0.039841011,0,-0,0,0,0,0.0040746096,0,0,0,0,0,-0.0082150427,0,0,0,0.52,1.2918865,-0.32675629,-1.5587917,3.8520857e-10,-1.6017015e-09,0.79726393,8.7679575e-10,-1.3946521e-09,-2.3560556,-0.00054198855,3.1026211e-09,-4.8330794e-09,-5.3180887e-07,-0.010768515,-3.2271907e-07,5.1284864e-07,-0.00030560258,-590.58666,-5.9352893e-05,9.3898e-05,-6.9178017,0,0
1310,1.309,0,0,-0.039836941,0,-0,0,0,0,0.004064423,0,0,0,0,0,-0.0095293946,0,0,0,0.52,1.2918863,-0.32675251,-1.5587922,3.8642774e-10,-1.6070062e-09,0.79726338,8.7973844e-10,-1.399231e-09,-2.3560556,-0.00055235806,2.7820368e-09,-4.3236762e-09,-8.3356731e-07,-0.010502509,-3.2129593e-07,5.1055169e-07,-0.00030303982,-590.50745,-5.7897106e-05,9.1579932e-05,-6.9162588,0,0
1311,1.31,0,0,-0.039832883,0,-0,0,0,0,0.0040529424,0,0,0,0,0,-0.010830204,0,0,0,0.52,1.2918861,-0.32674875,-1.5587928,3.8750678e-10,-1.6117272e-09,0.79726283,8.8236135e-10,-1.4033019e-09,-2.3560556,-0.00056245937,2.4630219e-09,-3.8168022e-09,-1.132639e-06,-0.010235041,-3.1977521e-07,5.0809993e-07,-0.0003003944,-590.42908,-5.6433177e-05,8.9249104e-05,-6.9147144,0,0
1312,1.311,0,0,-0.039828837,0,-0,0,0,0,0.0040401818,0,0,0,0,0,-0.012117138,0,0,0,0.52,1.291886,-0.32674501,-1.5587933,3.8844642e-10,-1.6158673e-09,0.79726226,8.846661e-10,-1.4068672e-09,-2.3560556,-0.00057229117,2.1456723e-09,-3.312609e-09,-1.4289437e-06,-0.009966213,-3.1815818e-07,5.0549542e-07,-0.00029766792,-590.35155,-5.4961666e-05,8.6906406e-05,-6.9131688,0,0
1313,1.312,0,0,-0.039824804,0,-0,0,0,0,0.0040261555,0,0,0,0,0,-0.01338987,0,0,0,0.52,1.2918858,-0.32674128,-1.5587939,3.8924746e-10,-1.6194298e-09,0.79726168,8.866544e-10,-1.4099298e-09,-2.3560556,-0.00058185225,1.8300821e-09,-2.8112463e-09,-1.7224027e-06,-0.0096961274,-3.1644616e-07,5.0274025e-07,-0.000294862,-590.2749,-5.3483131e-05,8.4552724e-05,-6.9116228,0,0
1314,1.313,0,0,-0.039820786,0,-0,0,0,0,0.0040108784,0,0,0,0,0,-0.014648082,0,0,0,0.52,1.2918856,-0.32673758,-1.5587945,3.899107e-10,-1.622418e-09,0.7972611,8.8832807e-10,-1.4124926e-09,-2.3560556,-0.00059114151,1.5163445e-09,-2.3128617e-09,-2.0129391e-06,-0.0094248849,-3.1464046e-07,4.9983652e-07,-0.00029197825,-590.19913,-5.1998126e-05,8.2188939e-05,-6.9100768,0,0
1315,1.314,0,0,-0.039816783,0,-0,0,0,0,0.0039943652,0,0,0,0,0,-0.015891462,0,0,0,0.52,1.2918855,-0.32673389,-1.5587951,3.9043701e-10,-1.6248353e-09,0.7972605,8.8968899e-10,-1.4145586e-09,-2.3560556,-0.00060015795,1.2045511e-09,-1.8176003e-09,-2.3004774e-06,-0.0091525864,-3.1274243e-07,4.9678639e-07,-0.00028901832,-590.12427,-5.0507205e-05,7.9815932e-05,-6.9085313,0,0
1316,1.315,0,0,-0.039812798,0,-0,0,0,0,0.0039766314,0,0,0,0,0,-0.017119706,0,0,0,0.52,1.2918853,-0.32673023,-1.5587957,3.9082727e-10,-1.6266855e-09,0.7972599,8.9073916e-10,-1.416131e-09,-2.3560556,-0.00060890066,8.9479214e-10,-1.3256055e-09,-2.5849441e-06,-0.0088793322,-3.1075344e-07,4.9359205e-07,-0.00028598386,-590.05033,-4.9010919e-05,7.7434578e-05,-6.9069868,0,0
1317,1.316,0,0,-0.039808831,0,-0,0,0,0,0.0039576925,0,0,0,0,0,-0.018332518,0,0,0,0.52,1.2918851,-0.32672659,-1.5587963,3.9108243e-10,-1.6279723e-09,0.79725928,8.9148065e-10,-1.4172132e-09,-2.3560556,-0.00061736882,5.8715653e-10,-8.3701791e-10,-2.8662669e-06,-0.0086052223,-3.0867489e-07,4.9025572e-07,-0.00028287653,-589.97734,-4.7509815e-05,7.5045748e-05,-6.905444,0,0
1318,1.317,0,0,-0.039804884,0,-0,0,0,0,0.0039375643,0,0,0,0,0,-0.019529609,0,0,0,0.52,1.2918849,-0.32672298,-1.5587969,3.9120345e-10,-1.6286997e-09,0.79725866,8.9191564e-10,-1.4178085e-09,-2.3560556,-0.00062556175,2.8173171e-10,-3.5197632e-10,-3.1443757e-06,-0.0083303559,-3.0650818e-07,4.8677963e-07,-0.000279698,-589.90531,-4.600444e-05,7.2650308e-05,-6.9039032,0,0
1319,1.318,0,0,-0.039800957,0,-0,0,0,0,0.0039162631,0,0,0,0,0,-0.020710698,0,0,0,0.52,1.2918847,-0.32671939,-1.5587976,3.9119136e-10,-1.6288719e-09,0.79725803,8.9204637e-10,-1.4179207e-09,-2.3560556,-0.00063347882,-2.1396298e-11,1.2938296e-10,-3.4192016e-06,-0.0080548321,-3.0425473e-07,4.8316607e-07,-0.00027644996,-589.83425,-4.4495337e-05,7.0249122e-05,-6.902365,0,0
1320,1.319,0,0,-0.039797053,0,-0,0,0,0,0.0038938051,0,0,0,0,0,-0.021875511,0,0,0,0.52,1.2918846,-0.32671582,-1.5587982,3.9104721e-10,-1.6284931e-09,0.7972574,8.9187518e-10,-1.4175535e-09,-2.3560556,-0.00064111952,-3.2214293e-10,6.0692594e-10,-3.6906778e-06,-0.0077787492,-3.01916e-07,4.7941734e-07,-0.0002731341,-589.76418,-4.2983045e-05,6.7843046e-05,-6.9008299,0,0
1321,1.32,0,0,-0.039793171,0,-0,0,0,0,0.0038702072,0,0,0,0,0,-0.023023782,0,0,0,0.52,1.2918844,-0.32671228,-1.5587989,3.9077206e-10,-1.6275678e-09,0.79725675,8.9140451e-10,-1.4167108e-09,-2.3560556,-0.00064848346,-6.2042508e-10,1.0805209e-09,-3.9587389e-06,-0.0075022048,-2.9949344e-07,4.7553578e-07,-0.00026975211,-589.69513,-4.14681e-05,6.5432933e-05,-6.8992984,0,0
1322,1.321,0,0,-0.039789313,0,-0,0,0,0,0.0038454862,0,0,0,0,0,-0.024155254,0,0,0,0.52,1.2918842,-0.32670878,-1.5587995,3.9036706e-10,-1.6261006e-09,0.7972561,8.9063684e-10,-1.4153965e-09,-2.3560556,-0.0006555703,-9.1616116e-10,1.5500387e-09,-4.2233214e-06,-0.0072252961,-2.9698853e-07,4.7152374e-07,-0.00026630572,-589.62709,-3.9951036e-05,6.3019631e-05,-6.897771,0,0
1323,1.322,0,0,-0.039785481,0,-0,0,0,0,0.0038196593,0,0,0,0,0,-0.025269674,0,0,0,0.52,1.291884,-0.3267053,-1.5588002,3.8983336e-10,-1.6240962e-09,0.79725544,8.8957477e-10,-1.4136148e-09,-2.3560556,-0.00066237983,-1.2092711e-09,2.0153522e-09,-4.4843635e-06,-0.0069481196,-2.9440278e-07,4.6738362e-07,-0.00026279663,-589.5601,-3.8432383e-05,6.060398e-05,-6.8962482,0,0
1324,1.323,0,0,-0.039781675,0,-0,0,0,0,0.003792744,0,0,0,0,0,-0.026366802,0,0,0,0.52,1.2918838,-0.32670184,-1.5588009,3.8917214e-10,-1.6215595e-09,0.79725477,8.8822096e-10,-1.41137e-09,-2.3560556,-0.00066891193,-1.4996762e-09,2.4763371e-09,-4.7418051e-06,-0.0066707711,-2.9173768e-07,4.6311781e-07,-0.00025922657,-589.49416,-3.6912667e-05,5.8186817e-05,-6.8947303,0,0
1325,1.324,0,0,-0.039777897,0,-0,0,0,0,0.0037647578,0,0,0,0,0,-0.027446401,0,0,0,0.52,1.2918836,-0.32669842,-1.5588015,3.8838463e-10,-1.6184956e-09,0.7972541,8.8657816e-10,-1.4086665e-09,-2.3560556,-0.00067516656,-1.7872995e-09,2.9328714e-09,-4.9955877e-06,-0.0063933457,-2.8899478e-07,4.5872877e-07,-0.00025559727,-589.42929,-3.539241e-05,5.576897e-05,-6.893218,0,0
1326,1.325,0,0,-0.039774147,0,-0,0,0,0,0.0037357186,0,0,0,0,0,-0.028508244,0,0,0,0.52,1.2918834,-0.32669504,-1.5588022,3.874721e-10,-1.6149096e-09,0.79725342,8.8464918e-10,-1.4055088e-09,-2.3560556,-0.00068114379,-2.0720655e-09,3.3848354e-09,-5.2456547e-06,-0.0061159379,-2.861756e-07,4.5421893e-07,-0.00025191046,-589.3655,-3.3872131e-05,5.3351264e-05,-6.8917117,0,0
1327,1.326,0,0,-0.039770426,0,-0,0,0,0,0.0037056446,0,0,0,0,0,-0.029552111,0,0,0,0.52,1.2918832,-0.32669168,-1.5588029,3.8643583e-10,-1.6108067e-09,0.79725274,8.8243692e-10,-1.4019015e-09,-2.3560556,-0.00068684379,-2.3539003e-09,3.8321121e-09,-5.4919513e-06,-0.0058386412,-2.8328171e-07,4.4959079e-07,-0.00024816789,-589.3028,-3.2352345e-05,5.0934514e-05,-6.8902118,0,0
1328,1.327,0,0,-0.039766736,0,-0,0,0,0,0.0036745539,0,0,0,0,0,-0.030577792,0,0,0,0.52,1.291883,-0.32668836,-1.5588036,3.8527714e-10,-1.6061926e-09,0.79725205,8.7994435e-10,-1.3978493e-09,-2.3560557,-0.00069226679,-2.6327315e-09,4.2745869e-09,-5.7344243e-06,-0.0055615487,-2.8031467e-07,4.4484683e-07,-0.00024437129,-589.24121,-3.083356e-05,4.8519532e-05,-6.8887189,0,0
1329,1.328,0,0,-0.039763078,0,-0,0,0,0,0.0036424652,0,0,0,0,0,-0.031585081,0,0,0,0.52,1.2918828,-0.32668507,-1.5588043,3.839974e-10,-1.6010726e-09,0.79725136,8.771745e-10,-1.3933572e-09,-2.3560557,-0.00069741314,-2.9084882e-09,4.7121479e-09,-5.9730223e-06,-0.0052847523,-2.7727606e-07,4.3998958e-07,-0.00024052241,-589.18074,-2.9316284e-05,4.6107119e-05,-6.8872332,0,0
1330,1.329,0,0,-0.039759453,0,-0,0,0,0,0.0036093971,0,0,0,0,0,-0.032573783,0,0,0,0.52,1.2918826,-0.32668182,-1.558805,3.8259797e-10,-1.5954526e-09,0.79725066,8.7413048e-10,-1.38843e-09,-2.3560557,-0.00070228328,-3.1811014e-09,5.1446855e-09,-6.2076956e-06,-0.0050083433,-2.7416748e-07,4.3502158e-07,-0.000236623,-589.1214,-2.7801017e-05,4.3698073e-05,-6.8857554,0,0
1331,1.33,0,0,-0.03975586,0,-0,0,0,0,0.0035753684,0,0,0,0,0,-0.03354371,0,0,0,0.52,1.2918824,-0.3266786,-1.5588057,3.8108028e-10,-1.5893383e-09,0.79724995,8.7081547e-10,-1.3830729e-09,-2.3560557,-0.00070687773,-3.4505034e-09,5.5720928e-09,-6.4383963e-06,-0.0047324122,-2.7099052e-07,4.2994537e-07,-0.00023267481,-589.06321,-2.6288256e-05,4.129318e-05,-6.8842858,0,0
1332,1.331,0,0,-0.039752303,0,-0,0,0,0,0.0035403982,0,0,0,0,0,-0.03449468,0,0,0,0.52,1.2918822,-0.32667543,-1.5588064,3.7944577e-10,-1.5827357e-09,0.79724924,8.6723272e-10,-1.377291e-09,-2.3560557,-0.00071119709,-3.7166284e-09,5.9942654e-09,-6.6650783e-06,-0.0044570484,-2.677468e-07,4.2476354e-07,-0.0002286796,-589.00616,-2.4778494e-05,3.8893223e-05,-6.8828249,0,0
1333,1.332,0,0,-0.039748781,0,-0,0,0,0,0.0035045058,0,0,0,0,0,-0.035426523,0,0,0,0.52,1.291882,-0.32667228,-1.5588072,3.7769591e-10,-1.5756507e-09,0.79724853,8.6338552e-10,-1.3710896e-09,-2.3560557,-0.00071524208,-3.9794119e-09,6.4111016e-09,-6.8876971e-06,-0.0041823407,-2.6443795e-07,4.1947866e-07,-0.00022463911,-588.95028,-2.3272217e-05,3.6498974e-05,-6.881373,0,0
1334,1.333,0,0,-0.039745295,0,-0,0,0,0,0.0034677105,0,0,0,0,0,-0.036339071,0,0,0,0.52,1.2918817,-0.32666918,-1.5588079,3.758322e-10,-1.5680897e-09,0.79724781,8.5927727e-10,-1.3644742e-09,-2.3560557,-0.00071901348,-4.2387913e-09,6.8225023e-09,-7.1062103e-06,-0.0039083767,-2.6106559e-07,4.1409334e-07,-0.00022055511,-588.89557,-2.1769907e-05,3.4111198e-05,-6.8799306,0,0
1335,1.334,0,0,-0.039741846,0,-0,0,0,0,0.0034300317,0,0,0,0,0,-0.03723217,0,0,0,0.52,1.2918815,-0.32666612,-1.5588086,3.7385616e-10,-1.5600589e-09,0.79724709,8.5491138e-10,-1.3574501e-09,-2.3560557,-0.00072251215,-4.4947056e-09,7.2283709e-09,-7.3205767e-06,-0.0036352433,-2.5763137e-07,4.0861019e-07,-0.00021642933,-588.84204,-2.0272041e-05,3.1730651e-05,-6.8784982,0,0
1336,1.335,0,0,-0.039738435,0,-0,0,0,0,0.0033914893,0,0,0,0,0,-0.038105669,0,0,0,0.52,1.2918813,-0.32666309,-1.5588093,3.7176934e-10,-1.5515647e-09,0.79724637,8.5029135e-10,-1.350023e-09,-2.3560557,-0.00072573907,-4.7470953e-09,7.6286135e-09,-7.5307574e-06,-0.0033630262,-2.5413694e-07,4.0303183e-07,-0.00021226355,-588.7897,-1.8779091e-05,2.9358083e-05,-6.877076,0,0
1337,1.336,0,0,-0.039735064,0,-0,0,0,0,0.003352103,0,0,0,0,0,-0.038959427,0,0,0,0.52,1.2918811,-0.32666011,-1.5588101,3.6957333e-10,-1.5426136e-09,0.79724564,8.4542074e-10,-1.3421986e-09,-2.3560557,-0.00072869527,-4.9959028e-09,8.023139e-09,-7.7367148e-06,-0.0030918102,-2.5058395e-07,3.9736092e-07,-0.0002080595,-588.73856,-1.7291523e-05,2.6994233e-05,-6.8756646,0,0
1338,1.337,0,0,-0.039731732,0,-0,0,0,0,0.0033118928,0,0,0,0,0,-0.03979331,0,0,0,0.52,1.2918809,-0.32665717,-1.5588108,3.6726971e-10,-1.5332122e-09,0.79724491,8.4030315e-10,-1.3339825e-09,-2.3560557,-0.00073138189,-5.2410719e-09,8.4118587e-09,-7.9384135e-06,-0.0028216794,-2.4697408e-07,3.9160009e-07,-0.00020381893,-588.68863,-1.5809798e-05,2.4639832e-05,-6.8742643,0,0
1339,1.338,0,0,-0.039728441,0,-0,0,0,0,0.0032708786,0,0,0,0,0,-0.040607193,0,0,0,0.52,1.2918807,-0.32665427,-1.5588116,3.6486012e-10,-1.5233672e-09,0.79724418,8.3494226e-10,-1.3253807e-09,-2.3560557,-0.00073380012,-5.4825483e-09,8.7946867e-09,-8.1358194e-06,-0.0025527163,-2.4330898e-07,3.8575201e-07,-0.0001995436,-588.63992,-1.4334371e-05,2.2295601e-05,-6.8728755,0,0
1340,1.339,0,0,-0.039725191,0,-0,0,0,0,0.0032290808,0,0,0,0,0,-0.041400958,0,0,0,0.52,1.2918805,-0.32665141,-1.5588123,3.623462e-10,-1.5130854e-09,0.79724344,8.2934178e-10,-1.3163991e-09,-2.3560557,-0.00073595127,-5.7202793e-09,9.1715397e-09,-8.3289005e-06,-0.0022850029,-2.3959033e-07,3.7981934e-07,-0.00019523523,-588.59242,-1.2865692e-05,1.9962255e-05,-6.8714985,0,0
1341,1.34,0,0,-0.039721984,0,-0,0,0,0,0.0031865195,0,0,0,0,0,-0.042174493,0,0,0,0.52,1.2918802,-0.3266486,-1.558813,3.5972963e-10,-1.5023737e-09,0.79724271,8.2350547e-10,-1.3070436e-09,-2.3560557,-0.0007378367,-5.9542139e-09,9.5423371e-09,-8.5176262e-06,-0.0020186197,-2.3581982e-07,3.7380475e-07,-0.00019089557,-588.54615,-1.1404204e-05,1.7640496e-05,-6.8701338,0,0
1342,1.341,0,0,-0.039718819,0,-0,0,0,0,0.0031432152,0,0,0,0,0,-0.042927697,0,0,0,0.52,1.29188,-0.32664583,-1.5588138,3.5701209e-10,-1.4912391e-09,0.79724197,8.1743717e-10,-1.2973205e-09,-2.3560558,-0.00073945786,-6.1843027e-09,9.9070011e-09,-8.7019679e-06,-0.0017536464,-2.3199912e-07,3.6771094e-07,-0.00018652635,-588.50112,-9.9503451e-06,1.5331018e-05,-6.8687816,0,0
1343,1.342,0,0,-0.039715698,0,-0,0,0,0,0.0030991884,0,0,0,0,0,-0.043660475,0,0,0,0.52,1.2918798,-0.3266431,-1.5588145,3.5419529e-10,-1.4796887e-09,0.79724123,8.1114074e-10,-1.2872358e-09,-2.3560558,-0.00074081627,-6.410498e-09,1.0265457e-08,-8.8818987e-06,-0.0014901616,-2.2812993e-07,3.6154058e-07,-0.0001821293,-588.45732,-8.5045468e-06,1.3034507e-05,-6.8674424,0,0
1344,1.343,0,0,-0.039712621,0,-0,0,0,0,0.0030544595,0,0,0,0,0,-0.044372739,0,0,0,0.52,1.2918796,-0.32664042,-1.5588153,3.5128098e-10,-1.4677296e-09,0.79724049,8.0462009e-10,-1.2767958e-09,-2.3560558,-0.00074191356,-6.632754e-09,1.0617631e-08,-9.0573933e-06,-0.0012282426,-2.2421395e-07,3.5529637e-07,-0.00017770614,-588.41477,-7.0672346e-06,1.0751636e-05,-6.8661165,0,0
1345,1.344,0,0,-0.03970959,0,-0,0,0,0,0.0030090492,0,0,0,0,0,-0.045064409,0,0,0,0.52,1.2918794,-0.32663778,-1.558816,3.482709e-10,-1.4553692e-09,0.79723974,7.9787919e-10,-1.2660068e-09,-2.3560558,-0.00074275138,-6.8510263e-09,1.0963454e-08,-9.2284281e-06,-0.0009679656,-2.2025285e-07,3.4898101e-07,-0.00017325858,-588.37347,-5.6388281e-06,8.4830716e-06,-6.8648043,0,0
1346,1.345,0,0,-0.039706604,0,-0,0,0,0,0.0029629783,0,0,0,0,0,-0.045735414,0,0,0,0.52,1.2918791,-0.3266352,-1.5588168,3.4516682e-10,-1.4426146e-09,0.797239,7.9092204e-10,-1.2548753e-09,-2.3560558,-0.00074333151,-7.0652724e-09,1.1302859e-08,-9.3949813e-06,-0.00070940578,-2.1624834e-07,3.4259719e-07,-0.00016878834,-588.33342,-4.2197403e-06,6.2294671e-06,-6.863506,0,0
1347,1.346,0,0,-0.039703664,0,-0,0,0,0,0.0029162675,0,0,0,0,0,-0.046385688,0,0,0,0.52,1.2918789,-0.32663265,-1.5588175,3.4197053e-10,-1.4294734e-09,0.79723826,7.8375269e-10,-1.2434076e-09,-2.3560558,-0.00074365576,-7.2754514e-09,1.1635782e-08,-9.5570328e-06,-0.00045263706,-2.1220212e-07,3.3614761e-07,-0.00016429712,-588.29462,-2.8103777e-06,3.9914676e-06,-6.862222,0,0
1348,1.347,0,0,-0.039700772,0,-0,0,0,0,0.0028689376,0,0,0,0,0,-0.047015175,0,0,0,0.52,1.2918787,-0.32663016,-1.5588183,3.3868384e-10,-1.415953e-09,0.79723751,7.7637522e-10,-1.2316102e-09,-2.3560558,-0.00074372604,-7.4815241e-09,1.1962161e-08,-9.7145642e-06,-0.00019773216,-2.0811588e-07,3.2963497e-07,-0.00015978661,-588.25709,-1.4111406e-06,1.7697072e-06,-6.8609526,0,0
1349,1.348,0,0,-0.039697927,0,-0,0,0,0,0.0028210094,0,0,0,0,0,-0.047623826,0,0,0,0.52,1.2918785,-0.32662771,-1.558819,3.3530857e-10,-1.4020609e-09,0.79723677,7.6879377e-10,-1.2194898e-09,-2.3560558,-0.00074354432,-7.6834532e-09,1.2281936e-08,-9.8675586e-06,5.523738e-05,-2.0399132e-07,3.2306198e-07,-0.00015525851,-588.22082,-2.2422505e-08,-4.3519051e-07,-6.8596981,0,0
1350,1.349,0,0,-0.03969513,0,-0,0,0,0,0.002772504,0,0,0,0,0,-0.048211597,0,0,0,0.52,1.2918782,-0.32662531,-1.5588198,3.3184655e-10,-1.3878047e-09,0.79723603,7.6101248e-10,-1.207053e-09,-2.3560558,-0.00074311264,-7.8812027e-09,1.2595052e-08,-1.0016001e-05,0.00030620123,-1.9983015e-07,3.1643134e-07,-0.00015071447,-588.18582,1.3553897e-06,-2.6226125e-06,-6.8584589,0,0
1351,1.35,0,0,-0.039692383,0,-0,0,0,0,0.0027234421,0,0,0,0,0,-0.048778455,0,0,0,0.52,1.291878,-0.32662296,-1.5588206,3.2829965e-10,-1.3731922e-09,0.79723528,7.5303556e-10,-1.1943064e-09,-2.3560558,-0.0007424331,-8.0747387e-09,1.2901455e-08,-1.0159878e-05,0.00055509029,-1.9563405e-07,3.0974575e-07,-0.00014615617,-588.15208,2.7219158e-06,-4.7919564e-06,-6.8572351,0,0
1352,1.351,0,0,-0.039689684,0,-0,0,0,0,0.0026738447,0,0,0,0,0,-0.049324371,0,0,0,0.52,1.2918778,-0.32662066,-1.5588213,3.2466971e-10,-1.358231e-09,0.79723454,7.4486723e-10,-1.1812568e-09,-2.3560558,-0.00074150789,-8.2640288e-09,1.3201094e-08,-1.0299178e-05,0.00080183673,-1.9140472e-07,3.030079e-07,-0.00014158528,-588.11961,4.0767824e-06,-6.9426307e-06,-6.8560272,0,0
1353,1.352,0,0,-0.039687035,0,-0,0,0,0,0.0026237329,0,0,0,0,0,-0.049849326,0,0,0,0.52,1.2918776,-0.3266184,-1.5588221,3.2095864e-10,-1.342929e-09,0.7972338,7.3651176e-10,-1.167911e-09,-2.3560559,-0.00074033925,-8.4490422e-09,1.3493921e-08,-1.043389e-05,0.001046374,-1.8714386e-07,2.9622048e-07,-0.00013700343,-588.08841,5.419623e-06,-9.0740551e-06,-6.8548354,0,0
1354,1.353,0,0,-0.039684437,0,-0,0,0,0,0.0025731276,0,0,0,0,0,-0.050353307,0,0,0,0.52,1.2918774,-0.3266162,-1.5588228,3.1716831e-10,-1.3272939e-09,0.79723306,7.2797344e-10,-1.1542758e-09,-2.3560559,-0.00073892948,-8.62975e-09,1.377989e-08,-1.0564007e-05,0.0012886366,-1.8285315e-07,2.8938618e-07,-0.00013241227,-588.05848,6.7500782e-06,-1.118566e-05,-6.8536599,0,0
1355,1.354,0,0,-0.03968189,0,-0,0,0,0,0.0025220498,0,0,0,0,0,-0.050836309,0,0,0,0.52,1.2918771,-0.32661405,-1.5588236,3.1330063e-10,-1.3113337e-09,0.79723232,7.1925658e-10,-1.1403581e-09,-2.3560559,-0.00073728096,-8.8061249e-09,1.4058959e-08,-1.0689521e-05,0.0015285608,-1.7853428e-07,2.8250768e-07,-0.00012781342,-588.02982,8.0677953e-06,-1.3276887e-05,-6.8525011,0,0
1356,1.355,0,0,-0.039679393,0,-0,0,0,0,0.0024705205,0,0,0,0,0,-0.051298331,0,0,0,0.52,1.2918769,-0.32661194,-1.5588243,3.0935752e-10,-1.2950564e-09,0.79723159,7.1036553e-10,-1.1261648e-09,-2.3560559,-0.00073539611,-8.9781411e-09,1.4331086e-08,-1.0810427e-05,0.0017660836,-1.7418894e-07,2.7558767e-07,-0.0001232085,-588.00243,9.372429e-06,-1.534719e-05,-6.8513591,0,0
1357,1.356,0,0,-0.039676949,0,-0,0,0,0,0.0024185606,0,0,0,0,0,-0.051739385,0,0,0,0.52,1.2918767,-0.32660989,-1.558825,3.053409e-10,-1.2784698e-09,0.79723085,7.0130467e-10,-1.1117029e-09,-2.3560559,-0.00073327744,-9.1457749e-09,1.4596236e-08,-1.0926722e-05,0.0020011436,-1.698188e-07,2.6862881e-07,-0.00011859911,-587.97631,1.0663641e-05,-1.7396033e-05,-6.8502342,0,0
1358,1.357,0,0,-0.039674557,0,-0,0,0,0,0.002366191,0,0,0,0,0,-0.052159483,0,0,0,0.52,1.2918765,-0.32660789,-1.5588258,3.0125271e-10,-1.2615821e-09,0.79723012,6.9207838e-10,-1.0969793e-09,-2.3560559,-0.00073092749,-9.3090038e-09,1.4854372e-08,-1.1038402e-05,0.0022336808,-1.6542554e-07,2.6163376e-07,-0.00011398683,-587.95146,1.19411e-05,-1.9422892e-05,-6.8491268,0,0
1359,1.358,0,0,-0.039672217,0,-0,0,0,0,0.0023134328,0,0,0,0,0,-0.05255865,0,0,0,0.52,1.2918763,-0.32660594,-1.5588265,2.970949e-10,-1.2444013e-09,0.79722939,6.8269107e-10,-1.0820012e-09,-2.3560559,-0.00072834888,-9.4678073e-09,1.5105463e-08,-1.1145469e-05,0.0024636363,-1.6101084e-07,2.5460517e-07,-0.00010937326,-587.92787,1.3204483e-05,-2.1427255e-05,-6.8480369,0,0
1360,1.359,0,0,-0.03966993,0,-0,0,0,0,0.0022603068,0,0,0,0,0,-0.052936915,0,0,0,0.52,1.291876,-0.32660404,-1.5588273,2.9286941e-10,-1.2269356e-09,0.79722867,6.731472e-10,-1.0667755e-09,-2.3560559,-0.00072554427,-9.6221663e-09,1.5349479e-08,-1.1247922e-05,0.0026909526,-1.5657634e-07,2.475457e-07,-0.00010475994,-587.90555,1.4453472e-05,-2.340862e-05,-6.8469649,0,0
1361,1.36,0,0,-0.039667697,0,-0,0,0,0,0.0022068337,0,0,0,0,0,-0.053294313,0,0,0,0.52,1.2918758,-0.32660219,-1.558828,2.8857822e-10,-1.209193e-09,0.79722794,6.6345119e-10,-1.0513093e-09,-2.3560559,-0.00072251638,-9.7720637e-09,1.5586393e-08,-1.1345765e-05,0.0029155737,-1.5212371e-07,2.4045796e-07,-0.00010014843,-587.88449,1.5687759e-05,-2.5366498e-05,-6.8459109,0,0
1362,1.361,0,0,-0.039665517,0,-0,0,0,0,0.0021530346,0,0,0,0,0,-0.053630889,0,0,0,0.52,1.2918756,-0.3266004,-1.5588287,2.8422327e-10,-1.1911817e-09,0.79722722,6.5360754e-10,-1.0356098e-09,-2.356056,-0.000719268,-9.9174838e-09,1.5816181e-08,-1.1439001e-05,0.0031374448,-1.4765459e-07,2.3334458e-07,-9.5540273e-05,-587.86469,1.6907042e-05,-2.7300413e-05,-6.8448751,0,0
1363,1.362,0,0,-0.039663391,0,-0,0,0,0,0.00209893,0,0,0,0,0,-0.053946691,0,0,0,0.52,1.2918754,-0.32659866,-1.5588295,2.7980656e-10,-1.1729099e-09,0.7972265,6.4362071e-10,-1.0196841e-09,-2.356056,-0.00071580196,-1.0058412e-08,1.6038821e-08,-1.1527636e-05,0.0033565125,-1.4317063e-07,2.2620818e-07,-9.0936983e-05,-587.84615,1.8111027e-05,-2.9209899e-05,-6.8438578,0,0
1364,1.363,0,0,-0.039661319,0,-0,0,0,0,0.0020445407,0,0,0,0,0,-0.054241776,0,0,0,0.52,1.2918752,-0.32659697,-1.5588302,2.7533005e-10,-1.1543858e-09,0.79722579,6.3349521e-10,-1.0035393e-09,-2.356056,-0.00071212112,-1.0194837e-08,1.6254294e-08,-1.1611678e-05,0.0035727247,-1.3867347e-07,2.1905134e-07,-8.6340069e-05,-587.82886,1.9299426e-05,-3.1094502e-05,-6.8428592,0,0
1365,1.364,0,0,-0.039659302,0,-0,0,0,0,0.0019898872,0,0,0,0,0,-0.054516207,0,0,0,0.52,1.291875,-0.32659533,-1.5588309,2.7079573e-10,-1.1356178e-09,0.79722508,6.2323555e-10,-9.8718267e-10,-2.356056,-0.00070822844,-1.0326748e-08,1.6462583e-08,-1.1691134e-05,0.0037860308,-1.3416473e-07,2.1187665e-07,-8.1751024e-05,-587.81281,2.0471961e-05,-3.2953781e-05,-6.8418794,0,0
1366,1.365,0,0,-0.03965734,0,-0,0,0,0,0.0019349903,0,0,0,0,0,-0.054770054,0,0,0,0.52,1.2918748,-0.32659374,-1.5588316,2.6620559e-10,-1.1166139e-09,0.79722437,6.1284623e-10,-9.7062134e-10,-2.356056,-0.00070412688,-1.0454134e-08,1.6663675e-08,-1.1766016e-05,0.0039963814,-1.2964602e-07,2.0468668e-07,-7.7171325e-05,-587.79801,2.162836e-05,-3.4787306e-05,-6.8409186,0,0
1367,1.366,0,0,-0.039655432,0,-0,0,0,0,0.0018798702,0,0,0,0,0,-0.055003391,0,0,0,0.52,1.2918745,-0.32659221,-1.5588323,2.6156162e-10,-1.0973826e-09,0.79722367,6.023318e-10,-9.5386252e-10,-2.356056,-0.00069981948,-1.057699e-08,1.6857557e-08,-1.1836334e-05,0.0042037288,-1.2511895e-07,1.9748398e-07,-7.2602432e-05,-587.78446,2.2768359e-05,-3.659466e-05,-6.839977,0,0
1368,1.367,0,0,-0.03965358,0,-0,0,0,0,0.0018245474,0,0,0,0,0,-0.055216302,0,0,0,0.52,1.2918743,-0.32659073,-1.5588331,2.5686581e-10,-1.077932e-09,0.79722297,5.9169679e-10,-9.3691344e-10,-2.356056,-0.00069530931,-1.0695308e-08,1.7044222e-08,-1.1902101e-05,0.0044080263,-1.2058513e-07,1.902711e-07,-6.804579e-05,-587.77213,2.38917e-05,-3.8375437e-05,-6.8390548,0,0
1369,1.368,0,0,-0.039651784,0,-0,0,0,0,0.0017690423,0,0,0,0,0,-0.055408875,0,0,0,0.52,1.2918741,-0.3265893,-1.5588338,2.5212015e-10,-1.0582705e-09,0.79722228,5.8094573e-10,-9.197813e-10,-2.356056,-0.00069059948,-1.0809085e-08,1.7223662e-08,-1.1963333e-05,0.004609229,-1.1604613e-07,1.8305054e-07,-6.3502827e-05,-587.76103,2.4998137e-05,-4.0129245e-05,-6.8381521,0,0
1370,1.369,0,0,-0.039650042,0,-0,0,0,0,0.0017133749,0,0,0,0,0,-0.055581204,0,0,0,0.52,1.2918739,-0.32658793,-1.5588345,2.4732665e-10,-1.0384064e-09,0.79722159,5.7008316e-10,-9.0247334e-10,-2.3560561,-0.00068569315,-1.0918317e-08,1.7395874e-08,-1.2020044e-05,0.004807293,-1.1150354e-07,1.7582482e-07,-5.8974955e-05,-587.75116,2.6087426e-05,-4.1855703e-05,-6.837269,0,0
1371,1.37,0,0,-0.039648357,0,-0,0,0,0,0.0016575654,0,0,0,0,0,-0.055733389,0,0,0,0.52,1.2918737,-0.32658661,-1.5588352,2.4248729e-10,-1.0183479e-09,0.79722091,5.5911364e-10,-8.8499678e-10,-2.3560561,-0.00068059353,-1.1023003e-08,1.7560856e-08,-1.2072252e-05,0.005002176,-1.0695892e-07,1.6859642e-07,-5.4463567e-05,-587.7425,2.7159335e-05,-4.3554442e-05,-6.8364057,0,0
1372,1.371,0,0,-0.039646727,0,-0,0,0,0,0.0016016338,0,0,0,0,0,-0.055865539,0,0,0,0.52,1.2918735,-0.32658534,-1.5588358,2.3760407e-10,-9.9810348e-10,0.79722023,5.480417e-10,-8.6735886e-10,-2.3560561,-0.00067530387,-1.1123145e-08,1.771861e-08,-1.2119975e-05,0.0051938373,-1.0241382e-07,1.613678e-07,-4.997004e-05,-587.73506,2.8213639e-05,-4.5225106e-05,-6.8355623,0,0
1373,1.372,0,0,-0.039645154,0,-0,0,0,0,0.0015455999,0,0,0,0,0,-0.055977765,0,0,0,0.52,1.2918733,-0.32658413,-1.5588365,2.32679e-10,-9.7768128e-10,0.79721956,5.3687189e-10,-8.4956679e-10,-2.3560561,-0.00066982743,-1.1218742e-08,1.7869138e-08,-1.2163233e-05,0.0053822372,-9.7869787e-08,1.5414142e-07,-4.5495735e-05,-587.72881,2.9250118e-05,-4.6867351e-05,-6.834739,0,0
1374,1.373,0,0,-0.039643636,0,-0,0,0,0,0.0014894835,0,0,0,0,0,-0.056070186,0,0,0,0.52,1.2918731,-0.32658297,-1.5588372,2.2771406e-10,-9.5708966e-10,0.79721889,5.2560876e-10,-8.316278e-10,-2.3560561,-0.00066416754,-1.13098e-08,1.8012447e-08,-1.2202048e-05,0.0055673378,-9.3328349e-08,1.469197e-07,-4.1041991e-05,-587.72377,3.0268563e-05,-4.8480844e-05,-6.8339358,0,0
1375,1.374,0,0,-0.039642175,0,-0,0,0,0,0.0014333042,0,0,0,0,0,-0.056142926,0,0,0,0.52,1.2918729,-0.32658186,-1.5588379,2.2271124e-10,-9.363369e-10,0.79721823,5.1425683e-10,-8.1354911e-10,-2.3560561,-0.00065832756,-1.1396322e-08,1.8148545e-08,-1.2236443e-05,0.0057491023,-8.8791018e-08,1.3970504e-07,-3.6610133e-05,-587.71991,3.1268771e-05,-5.0065267e-05,-6.833153,0,0
1376,1.375,0,0,-0.03964077,0,-0,0,0,0,0.0013770815,0,0,0,0,0,-0.056196115,0,0,0,0.52,1.2918727,-0.3265808,-1.5588385,2.1767253e-10,-9.1543127e-10,0.79721758,5.0282064e-10,-7.9533792e-10,-2.3560561,-0.00065231086,-1.1478316e-08,1.8277442e-08,-1.226644e-05,0.0059274955,-8.42593e-08,1.3249984e-07,-3.2201465e-05,-587.71723,3.2250547e-05,-5.1620313e-05,-6.8323905,0,0
1377,1.376,0,0,-0.039639421,0,-0,0,0,0,0.0013208348,0,0,0,0,0,-0.056229889,0,0,0,0.52,1.2918725,-0.3265798,-1.5588392,2.1259992e-10,-8.9438103e-10,0.79721693,4.9130472e-10,-7.7700142e-10,-2.3560561,-0.00064612089,-1.1555788e-08,1.8399152e-08,-1.2292065e-05,0.0061024837,-7.9734685e-08,1.2530645e-07,-2.7817272e-05,-587.71572,3.3213705e-05,-5.3145687e-05,-6.8316484,0,0
1378,1.377,0,0,-0.039638128,0,-0,0,0,0,0.0012645831,0,0,0,0,0,-0.056244389,0,0,0,0.52,1.2918723,-0.32657885,-1.5588399,2.0749539e-10,-8.7319444e-10,0.79721628,4.7971358e-10,-7.5854679e-10,-2.3560562,-0.00063976108,-1.1628749e-08,1.8513689e-08,-1.2313345e-05,0.0062740343,-7.5218646e-08,1.1812722e-07,-2.3458819e-05,-587.71537,3.4158065e-05,-5.4641106e-05,-6.830927,0,0
1379,1.378,0,0,-0.039636892,0,-0,0,0,0,0.0012083457,0,0,0,0,0,-0.05623976,0,0,0,0.52,1.2918721,-0.32657796,-1.5588405,2.0236092e-10,-8.5187973e-10,0.79721565,4.6805173e-10,-7.399812e-10,-2.3560562,-0.00063323492,-1.1697209e-08,1.8621072e-08,-1.2330306e-05,0.0064421164,-7.0712643e-08,1.1096447e-07,-1.9127355e-05,-587.71618,3.5083456e-05,-5.6106301e-05,-6.8302261,0,0
1380,1.379,0,0,-0.039635711,0,-0,0,0,0,0.0011521413,0,0,0,0,0,-0.056216156,0,0,0,0.52,1.2918719,-0.32657711,-1.5588412,1.9719847e-10,-8.3044509e-10,0.79721502,4.5632366e-10,-7.2131179e-10,-2.3560562,-0.00062654593,-1.1761179e-08,1.8721321e-08,-1.2342979e-05,0.0066067005,-6.6218122e-08,1.0382048e-07,-1.4824108e-05,-587.71813,3.5989714e-05,-5.7541014e-05,-6.829546,0,0
1381,1.38,0,0,-0.039634587,0,-0,0,0,0,0.0010959888,0,0,0,0,0,-0.056173732,0,0,0,0.52,1.2918717,-0.32657632,-1.5588418,1.9201e-10,-8.0889871e-10,0.79721439,4.4453385e-10,-7.0254568e-10,-2.3560562,-0.00061969764,-1.1820675e-08,1.8814457e-08,-1.2351392e-05,0.0067677583,-6.1736512e-08,9.669752e-08,-1.0550288e-05,-587.72122,3.6876683e-05,-5.8945e-05,-6.8288866,0,0
1382,1.381,0,0,-0.039633519,0,-0,0,0,0,0.0010399067,0,0,0,0,0,-0.056112652,0,0,0,0.52,1.2918716,-0.32657558,-1.5588424,1.8679749e-10,-7.8724876e-10,0.79721378,4.3268678e-10,-6.8368998e-10,-2.3560562,-0.00061269362,-1.1875711e-08,1.8900505e-08,-1.2355578e-05,0.0069252632,-5.7269227e-08,8.9597842e-08,-6.3070813e-06,-587.72543,3.7744215e-05,-6.0318025e-05,-6.828248,0,0
1383,1.382,0,0,-0.039632507,0,-0,0,0,0,0.0009839134,0,0,0,0,0,-0.056033081,0,0,0,0.52,1.2918714,-0.32657489,-1.558843,1.8156287e-10,-7.6550335e-10,0.79721317,4.2078688e-10,-6.6475175e-10,-2.3560562,-0.00060553747,-1.1926303e-08,1.8979491e-08,-1.2355567e-05,0.0070791897,-5.2817668e-08,8.2523662e-08,-2.0956563e-06,-587.73076,3.8592169e-05,-6.1659869e-05,-6.8276304,0,0
1384,1.383,0,0,-0.039631551,0,-0,0,0,0,0.00092802715,0,0,0,0,0,-0.055935193,0,0,0,0.52,1.2918712,-0.32657426,-1.5588437,1.7630809e-10,-7.4367058e-10,0.79721257,4.0883861e-10,-6.4573804e-10,-2.3560562,-0.00059823279,-1.1972469e-08,1.9051445e-08,-1.2351395e-05,0.007229514,-4.8383216e-08,7.5477172e-08,2.0828395e-06,-587.73719,3.9420413e-05,-6.2970324e-05,-6.8270336,0,0
1385,1.384,0,0,-0.039630651,0,-0,0,0,0,0.000872266,0,0,0,0,0,-0.055819164,0,0,0,0.52,1.291871,-0.32657368,-1.5588443,1.7103509e-10,-7.2175851e-10,0.79721197,3.9684636e-10,-6.2665588e-10,-2.3560562,-0.00059078323,-1.2014228e-08,1.9116397e-08,-1.2343096e-05,0.0073762135,-4.3967235e-08,6.8460534e-08,6.2272774e-06,-587.74471,4.0228821e-05,-6.4249194e-05,-6.8264578,0,0
1386,1.385,0,0,-0.039629807,0,-0,0,0,0,0.00081664782,0,0,0,0,0,-0.055685175,0,0,0,0.52,1.2918708,-0.32657315,-1.5588449,1.6574579e-10,-6.9977518e-10,0.79721139,3.8481455e-10,-6.0751223e-10,-2.3560562,-0.00058319244,-1.2051601e-08,1.9174381e-08,-1.2330705e-05,0.0075192671,-3.9571075e-08,6.147589e-08,1.0336554e-05,-587.75332,4.1017277e-05,-6.5496294e-05,-6.825903,0,0
1387,1.386,0,0,-0.039629018,0,-0,0,0,0,0.00076119028,0,0,0,0,0,-0.055533414,0,0,0,0.52,1.2918707,-0.32657267,-1.5588455,1.604421e-10,-6.7772856e-10,0.79721081,3.7274754e-10,-5.8831406e-10,-2.3560563,-0.00057546409,-1.2084609e-08,1.9225431e-08,-1.2314259e-05,0.0076586552,-3.5196063e-08,5.4525346e-08,1.4409579e-05,-587.763,4.178567e-05,-6.6711452e-05,-6.8253691,0,0
1388,1.387,0,0,-0.039628284,0,-0,0,0,0,0.00070591088,0,0,0,0,0,-0.055364071,0,0,0,0.52,1.2918705,-0.32657224,-1.558846,1.5512593e-10,-6.556266e-10,0.79721023,3.6064968e-10,-5.6906828e-10,-2.3560563,-0.00056760188,-1.2113277e-08,1.9269585e-08,-1.2293795e-05,0.0077943593,-3.0843516e-08,4.7610985e-08,1.844529e-05,-587.77373,4.2533899e-05,-6.789451e-05,-6.8248563,0,0
1389,1.388,0,0,-0.039627606,0,-0,0,0,0,0.00065082691,0,0,0,0,0,-0.055177341,0,0,0,0.52,1.2918703,-0.32657186,-1.5588466,1.4979918e-10,-6.3347721e-10,0.79720967,3.4852531e-10,-5.4978177e-10,-2.3560563,-0.00055960951,-1.2137627e-08,1.9306882e-08,-1.2269354e-05,0.0079263625,-2.6514726e-08,4.073486e-08,2.2442642e-05,-587.78552,4.3261869e-05,-6.904532e-05,-6.8243645,0,0
1390,1.389,0,0,-0.039626982,0,-0,0,0,0,0.00059595544,0,0,0,0,0,-0.054973423,0,0,0,0.52,1.2918701,-0.32657153,-1.5588472,1.4446372e-10,-6.1128823e-10,0.79720912,3.3637873e-10,-5.3046136e-10,-2.3560563,-0.00055149072,-1.2157686e-08,1.9337363e-08,-1.2240975e-05,0.0080546494,-2.2210976e-08,3.3899002e-08,2.6400615e-05,-587.79833,4.3969494e-05,-7.0163746e-05,-6.8238936,0,0
1391,1.39,0,0,-0.039626414,0,-0,0,0,0,0.00054131337,0,0,0,0,0,-0.054752523,0,0,0,0.52,1.29187,-0.32657126,-1.5588477,1.3912143e-10,-5.8906748e-10,0.79720857,3.2421422e-10,-5.1111384e-10,-2.3560563,-0.00054324924,-1.2173481e-08,1.9361071e-08,-1.2208698e-05,0.0081792056,-1.7933518e-08,2.7105397e-08,3.0318206e-05,-587.81217,4.4656693e-05,-7.1249665e-05,-6.8234438,0,0
1392,1.391,0,0,-0.039625899,0,-0,0,0,0,0.00048691736,0,0,0,0,0,-0.054514848,0,0,0,0.52,1.2918698,-0.32657103,-1.5588483,1.3377417e-10,-5.668227e-10,0.79720803,3.1203602e-10,-4.9174596e-10,-2.3560563,-0.00053488881,-1.2185039e-08,1.9378053e-08,-1.2172565e-05,0.0083000185,-1.3683594e-08,2.0356012e-08,3.4194436e-05,-587.82702,4.5323396e-05,-7.2302965e-05,-6.823015,0,0
1393,1.392,0,0,-0.03962544,0,-0,0,0,0,0.00043278387,0,0,0,0,0,-0.054260609,0,0,0,0.52,1.2918696,-0.32657086,-1.5588488,1.2842378e-10,-5.4456162e-10,0.7972075,2.9984836e-10,-4.7236444e-10,-2.3560563,-0.00052641321,-1.2192391e-08,1.9388354e-08,-1.213262e-05,0.0084170765,-9.4624256e-09,1.3652783e-08,3.8028349e-05,-587.84287,4.5969539e-05,-7.3323548e-05,-6.8226072,0,0
1394,1.393,0,0,-0.039625034,0,-0,0,0,0,0.00037892914,0,0,0,0,0,-0.053990023,0,0,0,0.52,1.2918695,-0.32657073,-1.5588494,1.2307209e-10,-5.2229186e-10,0.79720698,2.8765543e-10,-4.5297591e-10,-2.3560563,-0.00051782619,-1.2195567e-08,1.9392024e-08,-1.2088905e-05,0.0085303697,-5.2712127e-09,6.9976116e-09,4.1819008e-05,-587.8597,4.6595063e-05,-7.4311324e-05,-6.8222202,0,0
1395,1.394,0,0,-0.039624681,0,-0,0,0,0,0.00032536919,0,0,0,0,0,-0.053703311,0,0,0,0.52,1.2918693,-0.32657065,-1.5588499,1.1772093e-10,-5.0002103e-10,0.79720646,2.7546138e-10,-4.3358699e-10,-2.3560564,-0.00050913154,-1.2194598e-08,1.9389114e-08,-1.2041467e-05,0.0086398892,-1.1111376e-09,3.9237055e-10,4.5565499e-05,-587.8775,4.7199921e-05,-7.5266219e-05,-6.8218542,0,0
1396,1.395,0,0,-0.039624383,0,-0,0,0,0,0.0002721198,0,0,0,0,0,-0.053400694,0,0,0,0.52,1.2918692,-0.32657062,-1.5588504,1.123721e-10,-4.7775665e-10,0.79720596,2.6327036e-10,-4.1420424e-10,-2.3560564,-0.00050033304,-1.2189517e-08,1.9379676e-08,-1.1990349e-05,0.0087456277,3.016641e-09,-6.1611037e-09,4.9266928e-05,-587.89626,4.778407e-05,-7.6188167e-05,-6.8215091,0,0
1397,1.396,0,0,-0.039624137,0,-0,0,0,0,0.00021919655,0,0,0,0,0,-0.053082401,0,0,0,0.52,1.291869,-0.32657064,-1.5588509,1.0702738e-10,-4.5550621e-10,0.79720546,2.5108644e-10,-3.9483414e-10,-2.3560564,-0.00049143449,-1.2180359e-08,1.9363765e-08,-1.1935599e-05,0.0088475792,7.110978e-09,-1.2660999e-08,5.2922428e-05,-587.91596,4.8347475e-05,-7.7077117e-05,-6.8211847,0,0
1398,1.397,0,0,-0.039623944,0,-0,0,0,0,0.00016661475,0,0,0,0,0,-0.052748662,0,0,0,0.52,1.2918689,-0.32657071,-1.5588514,1.0168855e-10,-4.3327709e-10,0.79720498,2.389137e-10,-3.7548315e-10,-2.3560564,-0.00048243967,-1.2167159e-08,1.9341437e-08,-1.1877263e-05,0.0089457389,1.117075e-08,-1.9105536e-08,5.6531153e-05,-587.93659,4.8890109e-05,-7.7933028e-05,-6.8208811,0,0
1399,1.398,0,0,-0.039623803,0,-0,0,0,0,0.00011438952,0,0,0,0,0,-0.052399711,0,0,0,0.52,1.2918687,-0.32657082,-1.5588519,9.6357364e-11,-4.1107666e-10,0.7972045,2.2675615e-10,-3.5615765e-10,-2.3560564,-0.00047335238,-1.2149952e-08,1.931275e-08,-1.181539e-05,0.0090401035,1.5194861e-08,-2.5492978e-08,6.0092275e-05,-587.95813,4.9411951e-05,-7.8755869e-05,-6.8205982,0,0
1400,1.399,0,0,-0.039623715,0,-0,0,0,0,6.2535694e-05,0,0,0,0,0,-0.052035787,0,0,0,0.52,1.2918686,-0.32657098,-1.5588524,9.1035568e-11,-3.8891217e-10,0.79720403,2.1461778e-10,-3.3686398e-10,-2.3560564,-0.00046417643,-1.2128776e-08,1.9277764e-08,-1.1750029e-05,0.0091306708,1.918223e-08,-3.1821615e-08,6.3604991e-05,-587.98057,4.991299e-05,-7.9545623e-05,-6.8203359,0,0
1401,1.4,0,0,-0.039623678,0,-0,0,0,0,1.1067896e-05,0,0,0,0,0,-0.051657128,0,0,0,0.52,1.2918684,-0.32657119,-1.5588529,8.5724884e-11,-3.6679085e-10,0.79720357,2.0250255e-10,-3.1760839e-10,-2.3560564,-0.0004549156,-1.2103669e-08,1.9236541e-08,-1.1681229e-05,0.00921744,2.3131796e-08,-3.8089766e-08,6.7068523e-05,-588.0039,5.0393219e-05,-8.0302283e-05,-6.8200942,0,0
1402,1.401,0,0,-0.039623692,0,-0,0,0,0,-3.999951e-05,0,0,0,0,0,-0.051263979,0,0,0,0.52,1.2918683,-0.32657145,-1.5588533,8.0427017e-11,-3.4471981e-10,0.79720312,1.9041436e-10,-2.983971e-10,-2.3560564,-0.00044557371,-1.2074671e-08,1.9189142e-08,-1.160904e-05,0.0093004118,2.7042524e-08,-4.4295793e-08,7.0482111e-05,-588.0281,5.0852639e-05,-8.1025854e-05,-6.8198729,0,0
1403,1.402,0,0,-0.039623757,0,-0,0,0,0,-9.0652401e-05,0,0,0,0,0,-0.050856588,0,0,0,0.52,1.2918682,-0.32657175,-1.5588538,7.5143658e-11,-3.2270612e-10,0.79720268,1.7835708e-10,-2.7923625e-10,-2.3560565,-0.00043615453,-1.2041823e-08,1.9135633e-08,-1.1533513e-05,0.0093795877,3.0913396e-08,-5.0438086e-08,7.3845017e-05,-588.05315,5.1291259e-05,-8.171635e-05,-6.819672,0,0
1404,1.403,0,0,-0.039623873,0,-0,0,0,0,-0.00014087691,0,0,0,0,0,-0.050435202,0,0,0,0.52,1.291868,-0.32657209,-1.5588542,6.9876476e-11,-3.0075677e-10,0.79720225,1.6633454e-10,-2.6013192e-10,-2.3560565,-0.00042666187,-1.2005164e-08,1.9076079e-08,-1.1454701e-05,0.009454971,3.4743415e-08,-5.6515067e-08,7.7156532e-05,-588.07905,5.1709094e-05,-8.2373799e-05,-6.8194914,0,0
1405,1.404,0,0,-0.039624039,0,-0,0,0,0,-0.00019065942,0,0,0,0,0,-0.050000075,0,0,0,0.52,1.2918679,-0.32657248,-1.5588547,6.4627124e-11,-2.7887867e-10,0.79720183,1.5435054e-10,-2.4109011e-10,-2.3560565,-0.00041709951,-1.1964738e-08,1.9010549e-08,-1.1372655e-05,0.0095265659,3.8531608e-08,-6.2525195e-08,8.0415967e-05,-588.10577,5.2106165e-05,-8.2998238e-05,-6.819331,0,0
1406,1.405,0,0,-0.039624254,0,-0,0,0,0,-0.00023998658,0,0,0,0,0,-0.049551462,0,0,0,0.52,1.2918678,-0.32657292,-1.5588551,5.9397235e-11,-2.5707865e-10,0.79720141,1.4240881e-10,-2.2211676e-10,-2.3560565,-0.00040747122,-1.1920589e-08,1.8939111e-08,-1.1287429e-05,0.0095943779,4.2277026e-08,-6.846697e-08,8.3622651e-05,-588.13329,5.2482503e-05,-8.3589716e-05,-6.8191907,0,0
1407,1.406,0,0,-0.039624518,0,-0,0,0,0,-0.00028884527,0,0,0,0,0,-0.049089619,0,0,0,0.52,1.2918677,-0.3265734,-1.5588555,5.4188423e-11,-2.3536346e-10,0.79720101,1.3051306e-10,-2.0321776e-10,-2.3560565,-0.00039778079,-1.1872759e-08,1.8861836e-08,-1.1199077e-05,0.0096584139,4.5978736e-08,-7.4338918e-08,8.6775941e-05,-588.16162,5.2838143e-05,-8.4148292e-05,-6.8190703,0,0
1408,1.407,0,0,-0.039624831,0,-0,0,0,0,-0.00033722268,0,0,0,0,0,-0.048614808,0,0,0,0.52,1.2918675,-0.32657392,-1.5588559,4.9002281e-11,-2.1373977e-10,0.79720062,1.1866695e-10,-1.8439889e-10,-2.3560565,-0.00038803197,-1.1821295e-08,1.8778796e-08,-1.1107652e-05,0.0097186819,4.9635837e-08,-8.0139609e-08,8.9875212e-05,-588.19072,5.3173126e-05,-8.4674036e-05,-6.8189698,0,0
1409,1.408,0,0,-0.039625192,0,-0,0,0,0,-0.00038510621,0,0,0,0,0,-0.048127291,0,0,0,0.52,1.2918674,-0.32657449,-1.5588563,4.3840384e-11,-1.9221416e-10,0.79720023,1.0687408e-10,-1.6566589e-10,-2.3560565,-0.00037822853,-1.1766242e-08,1.8690064e-08,-1.101321e-05,0.0097751911,5.3247435e-08,-8.5867635e-08,9.2919867e-05,-588.22058,5.3487503e-05,-8.5167027e-05,-6.818889,0,0
1410,1.409,0,0,-0.039625601,0,-0,0,0,0,-0.00043248356,0,0,0,0,0,-0.047627331,0,0,0,0.52,1.2918673,-0.3265751,-1.5588567,3.8704284e-11,-1.7079314e-10,0.79719986,9.513803e-11,-1.4702441e-10,-2.3560565,-0.0003683742,-1.1707646e-08,1.8595716e-08,-1.0915806e-05,0.0098279518,5.6812674e-08,-9.1521641e-08,9.5909325e-05,-588.25118,5.378133e-05,-8.5627358e-05,-6.8188279,0,0
1411,1.41,0,0,-0.039626057,0,-0,0,0,0,-0.00047934269,0,0,0,0,0,-0.047115196,0,0,0,0.52,1.2918672,-0.32657575,-1.558857,3.3595513e-11,-1.4948312e-10,0.7971995,8.3462308e-11,-1.2848004e-10,-2.3560565,-0.00035847271,-1.1645556e-08,1.8495826e-08,-1.0815496e-05,0.0098769758,6.0330707e-08,-9.7100289e-08,9.8843037e-05,-588.28252,5.4054667e-05,-8.6055129e-05,-6.8187862,0,0
1412,1.411,0,0,-0.039626559,0,-0,0,0,0,-0.00052567182,0,0,0,0,0,-0.046591155,0,0,0,0.52,1.2918671,-0.32657644,-1.5588574,2.8515582e-11,-1.2829043e-10,0.79719914,7.1850387e-11,-1.1003826e-10,-2.3560566,-0.00034852778,-1.1580021e-08,1.8390473e-08,-1.0712337e-05,0.0099222758,6.380072e-08,-1.0260229e-07,0.00010172047,-588.31457,5.4307584e-05,-8.6450451e-05,-6.8187638,0,0
1413,1.412,0,0,-0.039627107,0,-0,0,0,0,-0.00057145946,0,0,0,0,0,-0.046055478,0,0,0,0.52,1.291867,-0.32657717,-1.5588578,2.3465981e-11,-1.0722131e-10,0.7971988,6.0305688e-11,-9.1704517e-11,-2.3560566,-0.00033854312,-1.1511088e-08,1.8279734e-08,-1.0606385e-05,0.0099638658,6.7221916e-08,-1.0802639e-07,0.00010454111,-588.34732,5.4540157e-05,-8.6813446e-05,-6.8187606,0,0
1414,1.413,0,0,-0.039627701,0,-0,0,0,0,-0.00061669438,0,0,0,0,0,-0.045508438,0,0,0,0.52,1.2918669,-0.32657794,-1.5588581,1.8448176e-11,-8.62819e-11,0.79719847,4.8831582e-11,-7.3484141e-11,-2.3560566,-0.00032852241,-1.1438809e-08,1.8163691e-08,-1.0497699e-05,0.010001761,7.059353e-08,-1.1337137e-07,0.00010730447,-588.38075,5.4752465e-05,-8.7144246e-05,-6.8187765,0,0
1415,1.414,0,0,-0.03962834,0,-0,0,0,0,-0.00066136563,0,0,0,0,0,-0.044950309,0,0,0,0.52,1.2918668,-0.32657875,-1.5588584,1.3463613e-11,-6.5478258e-11,0.79719814,3.7431391e-11,-5.53824e-11,-2.3560566,-0.00031846933,-1.1363233e-08,1.8042422e-08,-1.0386336e-05,0.010035977,7.39148e-08,-1.1863604e-07,0.0001100101,-588.41484,5.4944598e-05,-8.7442991e-05,-6.8188112,0,0
1416,1.415,0,0,-0.039629024,0,-0,0,0,0,-0.00070546252,0,0,0,0,0,-0.044381366,0,0,0,0.52,1.2918667,-0.3265796,-1.5588588,8.5137147e-12,-4.4816346e-11,0.79719783,2.6108385e-11,-3.740448e-11,-2.3560566,-0.00030838752,-1.1284413e-08,1.7916011e-08,-1.0272355e-05,0.010066532,7.7185009e-08,-1.2381926e-07,0.00011265754,-588.44957,5.5116648e-05,-8.7709832e-05,-6.8188647,0,0
1417,1.416,0,0,-0.039629751,0,-0,0,0,0,-0.00074897467,0,0,0,0,0,-0.043801887,0,0,0,0.52,1.2918666,-0.32658049,-1.5588591,3.5998795e-12,-2.4302029e-11,0.79719753,1.4865783e-11,-1.9555479e-11,-2.3560566,-0.00029828062,-1.1202401e-08,1.7784541e-08,-1.0155814e-05,0.010093443,8.040345e-08,-1.2891992e-07,0.00011524639,-588.48494,5.5268714e-05,-8.7944931e-05,-6.8189368,0,0
1418,1.417,0,0,-0.039630521,0,-0,0,0,0,-0.00079189195,0,0,0,0,0,-0.04321215,0,0,0,0.52,1.2918665,-0.32658142,-1.5588594,-1.2765158e-12,-3.9410784e-12,0.79719723,3.70675e-12,-1.8404144e-12,-2.3560566,-0.00028815224,-1.1117248e-08,1.7648096e-08,-1.0036773e-05,0.010116732,8.356944e-08,-1.3393693e-07,0.00011777623,-588.52092,5.5400904e-05,-8.8148457e-05,-6.8190272,0,0
1419,1.418,0,0,-0.039631334,0,-0,0,0,0,-0.00083420453,0,0,0,0,0,-0.042612436,0,0,0,0.52,1.2918664,-0.32658238,-1.5588597,-6.1141185e-12,1.6260832e-11,0.79719695,-7.3656006e-12,1.573578e-11,-2.3560566,-0.00027800598,-1.1029009e-08,1.750676e-08,-9.915291e-06,0.010136417,8.6682326e-08,-1.3886927e-07,0.00012024671,-588.5575,5.5513327e-05,-8.832059e-05,-6.8191358,0,0
1420,1.419,0,0,-0.039632189,0,-0,0,0,0,-0.00087590285,0,0,0,0,0,-0.042003025,0,0,0,0.52,1.2918663,-0.32658338,-1.55886,-1.0911599e-11,3.6298128e-11,0.79719668,-1.834821e-11,3.3168259e-11,-2.3560566,-0.00026784541,-1.0937738e-08,1.7360621e-08,-9.7914282e-06,0.010152521,8.974147e-08,-1.4371594e-07,0.00012265746,-588.59466,5.5606103e-05,-8.8461517e-05,-6.8192625,0,0
1421,1.42,0,0,-0.039633085,0,-0,0,0,0,-0.00091697763,0,0,0,0,0,-0.0413842,0,0,0,0.52,1.2918662,-0.32658442,-1.5588602,-1.5667653e-11,5.6165334e-11,0.79719641,-2.9238073e-11,5.0452262e-11,-2.3560566,-0.00025767407,-1.084349e-08,1.7209765e-08,-9.6652447e-06,0.010165067,9.2746262e-08,-1.4847596e-07,0.00012500816,-588.63238,5.5679353e-05,-8.8571438e-05,-6.819407,0,0
1422,1.421,0,0,-0.039634022,0,-0,0,0,0,-0.0009574199,0,0,0,0,0,-0.040756243,0,0,0,0.52,1.2918661,-0.32658549,-1.5588605,-2.0381e-11,7.5857073e-11,0.79719616,-4.003224e-11,6.7583117e-11,-2.3560567,-0.00024749549,-1.0746319e-08,1.705428e-08,-9.536801e-06,0.010174077,9.5696114e-08,-1.5314842e-07,0.0001272985,-588.67064,5.5733206e-05,-8.8650557e-05,-6.8195692,0,0
1423,1.422,0,0,-0.039634999,0,-0,0,0,0,-0.00099722094,0,0,0,0,0,-0.040119439,0,0,0,0.52,1.2918661,-0.3265866,-1.5588607,-2.5050382e-11,9.5368073e-11,0.79719592,-5.0727816e-11,8.4556239e-11,-2.3560567,-0.00023731316,-1.0646281e-08,1.6894256e-08,-9.406158e-06,0.010179578,9.8590461e-08,-1.5773242e-07,0.00012952819,-588.70943,5.5767796e-05,-8.8699091e-05,-6.8197489,0,0
1424,1.423,0,0,-0.039636016,0,-0,0,0,0,-0.0010363723,0,0,0,0,0,-0.039474073,0,0,0,0.52,1.291866,-0.32658774,-1.558861,-2.9674569e-11,1.1469316e-10,0.79719569,-6.1321963e-11,1.0136713e-10,-2.3560567,-0.00022713056,-1.0543433e-08,1.6729781e-08,-9.2733766e-06,0.010181594,1.0142876e-07,-1.6222711e-07,0.00013169698,-588.74873,5.5783264e-05,-8.8717264e-05,-6.8199458,0,0
1425,1.424,0,0,-0.039637071,0,-0,0,0,0,-0.0010748659,0,0,0,0,0,-0.038820429,0,0,0,0.52,1.2918659,-0.32658891,-1.5588612,-3.4252353e-11,1.3382727e-10,0.79719547,-7.1811901e-11,1.180114e-10,-2.3560567,-0.00021695113,-1.0437832e-08,1.6560947e-08,-9.1385182e-06,0.010180152,1.042105e-07,-1.6663167e-07,0.00013380462,-588.78853,5.5779754e-05,-8.8705307e-05,-6.8201599,0,0
1426,1.425,0,0,-0.039638165,0,-0,0,0,0,-0.0011126939,0,0,0,0,0,-0.038158795,0,0,0,0.52,1.2918658,-0.32659012,-1.5588614,-3.8782554e-11,1.5276544e-10,0.79719525,-8.2194902e-11,1.3448471e-10,-2.3560567,-0.00020677828,-1.0329534e-08,1.6387845e-08,-9.0016442e-06,0.01017528,1.0693517e-07,-1.7094534e-07,0.00013585088,-588.8288,5.5757417e-05,-8.8663462e-05,-6.8203907,0,0
1427,1.426,0,0,-0.039639296,0,-0,0,0,0,-0.0011498487,0,0,0,0,0,-0.037489455,0,0,0,0.52,1.2918658,-0.32659136,-1.5588616,-4.3264015e-11,1.7150281e-10,0.79719505,-9.2468302e-11,1.5078287e-10,-2.3560567,-0.00019661541,-1.0218598e-08,1.6210567e-08,-8.8628162e-06,0.010167007,1.0960232e-07,-1.7516735e-07,0.00013783558,-588.86953,5.5716407e-05,-8.8591978e-05,-6.8206383,0,0
1428,1.427,0,0,-0.039640464,0,-0,0,0,0,-0.001186323,0,0,0,0,0,-0.036812698,0,0,0,0.52,1.2918657,-0.32659263,-1.5588618,-4.7695605e-11,1.9003463e-10,0.79719486,-1.0262949e-10,1.6690172e-10,-2.3560567,-0.00018646588,-1.0105082e-08,1.6029205e-08,-8.7220962e-06,0.010155362,1.1221148e-07,-1.7929701e-07,0.00013975853,-588.9107,5.5656886e-05,-8.8491111e-05,-6.8209023,0,0
1429,1.428,0,0,-0.039641668,0,-0,0,0,0,-0.0012221099,0,0,0,0,0,-0.03612881,0,0,0,0.52,1.2918657,-0.32659393,-1.558862,-5.207622e-11,2.0835624e-10,0.79719468,-1.1267592e-10,1.8283724e-10,-2.3560567,-0.00017633299,-9.9890448e-09,1.5843853e-08,-8.5795461e-06,0.010140375,1.1476223e-07,-1.8333364e-07,0.00014161959,-588.95229,5.557902e-05,-8.8361128e-05,-6.8211825,0,0
1430,1.429,0,0,-0.039642907,0,-0,0,0,0,-0.0012572026,0,0,0,0,0,-0.035438078,0,0,0,0.52,1.2918656,-0.32659526,-1.5588622,-5.640478e-11,2.2646313e-10,0.79719451,-1.2260509e-10,1.9858548e-10,-2.3560567,-0.00016622007,-9.8705446e-09,1.5654605e-08,-8.435228e-06,0.010122077,1.1725417e-07,-1.8727662e-07,0.00014341862,-588.9943,5.5482978e-05,-8.8202299e-05,-6.8214788,0,0
1431,1.43,0,0,-0.039644182,0,-0,0,0,0,-0.0012915947,0,0,0,0,0,-0.034740789,0,0,0,0.52,1.2918655,-0.32659662,-1.5588624,-6.0680233e-11,2.4435084e-10,0.79719435,-1.3241457e-10,2.141426e-10,-2.3560567,-0.00015613035,-9.7496413e-09,1.5461555e-08,-8.289204e-06,0.010100502,1.1968692e-07,-1.9112535e-07,0.0001451555,-589.03668,5.5368935e-05,-8.8014907e-05,-6.8217908,0,0
1432,1.431,0,0,-0.03964549,0,-0,0,0,0,-0.0013252802,0,0,0,0,0,-0.034037232,0,0,0,0.52,1.2918655,-0.32659801,-1.5588625,-6.4901553e-11,2.6201507e-10,0.7971942,-1.42102e-10,2.2950484e-10,-2.3560567,-0.00014606708,-9.6263946e-09,1.5264799e-08,-8.1415366e-06,0.010075682,1.2206013e-07,-1.9487928e-07,0.00014683014,-589.07945,5.5237073e-05,-8.7799237e-05,-6.8221184,0,0
1433,1.432,0,0,-0.039646832,0,-0,0,0,0,-0.0013582531,0,0,0,0,0,-0.033327692,0,0,0,0.52,1.2918654,-0.32659943,-1.5588627,-6.9067737e-11,2.7945161e-10,0.79719405,-1.5166505e-10,2.4466854e-10,-2.3560568,-0.00013603344,-9.5008645e-09,1.5064432e-08,-7.9922879e-06,0.01004765,1.2437346e-07,-1.9853787e-07,0.00014844249,-589.12256,5.5087575e-05,-8.7555587e-05,-6.8224613,0,0
1434,1.433,0,0,-0.039648206,0,-0,0,0,0,-0.001390508,0,0,0,0,0,-0.032612456,0,0,0,0.52,1.2918654,-0.32660087,-1.5588628,-7.3177814e-11,2.9665634e-10,0.79719392,-1.6110147e-10,2.5963014e-10,-2.3560568,-0.00012603261,-9.3731113e-09,1.486055e-08,-7.8415205e-06,0.010016442,1.2662659e-07,-2.0210064e-07,0.00014999247,-589.16601,5.492063e-05,-8.7284256e-05,-6.8228193,0,0
1435,1.434,0,0,-0.039649612,0,-0,0,0,0,-0.0014220394,0,0,0,0,0,-0.031891812,0,0,0,0.52,1.2918654,-0.32660234,-1.558863,-7.7230835e-11,3.1362529e-10,0.7971938,-1.7040908e-10,2.7438617e-10,-2.3560568,-0.00011606769,-9.2431957e-09,1.4653249e-08,-7.6892966e-06,0.0099820932,1.2881925e-07,-2.0556714e-07,0.00015148008,-589.20979,5.4736433e-05,-8.6985556e-05,-6.8231922,0,0
1436,1.435,0,0,-0.039651049,0,-0,0,0,0,-0.0014528426,0,0,0,0,0,-0.031166045,0,0,0,0.52,1.2918653,-0.32660384,-1.5588631,-8.122588e-11,3.3035456e-10,0.79719369,-1.7958573e-10,2.8893327e-10,-2.3560568,-0.00010614178,-9.1111786e-09,1.4442628e-08,-7.5356787e-06,0.0099446394,1.3095116e-07,-2.0893696e-07,0.00015290529,-589.25386,5.453518e-05,-8.6659802e-05,-6.8235797,0,0
1437,1.436,0,0,-0.039652517,0,-0,0,0,0,-0.0014829127,0,0,0,0,0,-0.030435441,0,0,0,0.52,1.2918653,-0.32660536,-1.5588632,-8.5162055e-11,3.468404e-10,0.79719359,-1.8862936e-10,3.0326816e-10,-2.3560568,-9.6257918e-05,-8.9771211e-09,1.4228782e-08,-7.3807291e-06,0.009904118,1.3302208e-07,-2.1220972e-07,0.00015426813,-589.29822,5.4317074e-05,-8.6307315e-05,-6.8239815,0,0
1438,1.437,0,0,-0.039654014,0,-0,0,0,0,-0.0015122454,0,0,0,0,0,-0.029700285,0,0,0,0.52,1.2918653,-0.32660691,-1.5588633,-8.9038493e-11,3.6307914e-10,0.7971935,-1.9753797e-10,3.1738766e-10,-2.3560568,-8.6419127e-05,-8.8410844e-09,1.4011809e-08,-7.2245103e-06,0.0098605667,1.3503179e-07,-2.1538507e-07,0.00015556862,-589.34284,5.408232e-05,-8.5928427e-05,-6.8243975,0,0
1439,1.438,0,0,-0.039655541,0,-0,0,0,0,-0.0015408366,0,0,0,0,0,-0.028960861,0,0,0,0.52,1.2918652,-0.32660848,-1.5588634,-9.2854355e-11,3.7906724e-10,0.79719342,-2.0630959e-10,3.312887e-10,-2.3560568,-7.6628374e-05,-8.7031302e-09,1.3791807e-08,-7.0670843e-06,0.0098140241,1.369801e-07,-2.1846272e-07,0.00015680682,-589.38772,5.383113e-05,-8.5523471e-05,-6.8248274,0,0
1440,1.439,0,0,-0.039657095,0,-0,0,0,0,-0.0015686823,0,0,0,0,0,-0.028217452,0,0,0,0.52,1.2918652,-0.32661007,-1.5588635,-9.6608827e-11,3.9480127e-10,0.79719335,-2.1494234e-10,3.4496829e-10,-2.3560568,-6.6888592e-05,-8.56332e-09,1.3568875e-08,-6.9085135e-06,0.0097645293,1.3886683e-07,-2.2144238e-07,0.0001579828,-589.43283,5.3563717e-05,-8.509279e-05,-6.8252708,0,0
1441,1.44,0,0,-0.039658677,0,-0,0,0,0,-0.0015957791,0,0,0,0,0,-0.027470342,0,0,0,0.52,1.2918652,-0.32661169,-1.5588635,-1.0030112e-10,4.1027791e-10,0.79719328,-2.234344e-10,3.5842356e-10,-2.3560568,-5.7202674e-05,-8.4217157e-09,1.334311e-08,-6.74886e-06,0.0097121223,1.4069182e-07,-2.2432382e-07,0.00015909666,-589.47816,5.3280298e-05,-8.4636731e-05,-6.8257277,0,0
1442,1.441,0,0,-0.039660286,0,-0,0,0,0,-0.0016221237,0,0,0,0,0,-0.026719811,0,0,0,0.52,1.2918652,-0.32661332,-1.5588636,-1.0393049e-10,4.2549396e-10,0.79719323,-2.3178401e-10,3.7165173e-10,-2.3560568,-4.7573469e-05,-8.2783792e-09,1.3114612e-08,-6.5881855e-06,0.0096568436,1.4245494e-07,-2.2710684e-07,0.00016014849,-589.52368,5.2981096e-05,-8.4155647e-05,-6.8261976,0,0
1443,1.442,0,0,-0.039661921,0,-0,0,0,0,-0.001647713,0,0,0,0,0,-0.025966141,0,0,0,0.52,1.2918651,-0.32661498,-1.5588636,-1.0749618e-10,4.4044631e-10,0.79719319,-2.3998946e-10,3.846501e-10,-2.3560568,-3.8003789e-05,-8.1333725e-09,1.2883479e-08,-6.4265521e-06,0.0095987346,1.4415609e-07,-2.2979128e-07,0.00016113845,-589.56939,5.2666335e-05,-8.3649898e-05,-6.8266805,0,0
1444,1.443,0,0,-0.039663581,0,-0,0,0,0,-0.0016725443,0,0,0,0,0,-0.02520961,0,0,0,0.52,1.2918651,-0.32661666,-1.5588637,-1.1099751e-10,4.55132e-10,0.79719315,-2.4804911e-10,3.974161e-10,-2.3560568,-2.8496401e-05,-7.9867578e-09,1.2649809e-08,-6.2640213e-06,0.009537837,1.4579517e-07,-2.32377e-07,0.00016206667,-589.61527,5.2336245e-05,-8.3119849e-05,-6.8271759,0,0
1445,1.444,0,0,-0.039665265,0,-0,0,0,0,-0.0016966153,0,0,0,0,0,-0.024450498,0,0,0,0.52,1.2918651,-0.32661836,-1.5588637,-1.144338e-10,4.6954815e-10,0.79719313,-2.559614e-10,4.0994723e-10,-2.3560568,-1.905403e-05,-7.8385972e-09,1.2413701e-08,-6.1006547e-06,0.0094741934,1.4737212e-07,-2.348639e-07,0.00016293333,-589.66129,5.1991056e-05,-8.2565869e-05,-6.8276836,0,0
1446,1.445,0,0,-0.039666973,0,-0,0,0,0,-0.0017199236,0,0,0,0,0,-0.023689081,0,0,0,0.52,1.2918651,-0.32662007,-1.5588637,-1.1780438e-10,4.8369202e-10,0.79719312,-2.6372479e-10,4.2224112e-10,-2.3560568,-9.6793561e-06,-7.6889529e-09,1.2175255e-08,-5.9365134e-06,0.0094078468,1.488869e-07,-2.3725192e-07,0.00016373862,-589.70744,5.1631004e-05,-8.1988333e-05,-6.8282034,0,0
1447,1.446,0,0,-0.039668704,0,-0,0,0,0,-0.0017424676,0,0,0,0,0,-0.022925634,0,0,0,0.52,1.2918651,-0.32662181,-1.5588637,-1.2110865e-10,4.9756096e-10,0.79719311,-2.7133785e-10,4.3429546e-10,-2.3560568,-3.7501819e-07,-7.5378871e-09,1.193457e-08,-5.7716586e-06,0.0093388409,1.5033948e-07,-2.3954104e-07,0.00016448273,-589.75371,5.1256328e-05,-8.1387622e-05,-6.828735,0,0
1448,1.447,0,0,-0.039670457,0,-0,0,0,0,-0.0017642454,0,0,0,0,0,-0.022160431,0,0,0,0.52,1.2918651,-0.32662356,-1.5588637,-1.2434601e-10,5.1115246e-10,0.79719312,-2.7879918e-10,4.4610807e-10,-2.3560569,8.8563911e-06,-7.3854621e-09,1.1691744e-08,-5.6061511e-06,0.0092672198,1.5172986e-07,-2.4173125e-07,0.00016516591,-589.80008,5.0867269e-05,-8.0764121e-05,-6.8292781,0,0
1449,1.448,0,0,-0.039672232,0,-0,0,0,0,-0.0017852558,0,0,0,0,0,-0.021393746,0,0,0,0.52,1.2918651,-0.32662532,-1.5588637,-1.2751588e-10,5.2446409e-10,0.79719313,-2.8610745e-10,4.5767685e-10,-2.3560569,1.8012324e-05,-7.2317399e-09,1.1446875e-08,-5.4400515e-06,0.0091930285,1.5305806e-07,-2.4382259e-07,0.00016578838,-589.84653,5.0464072e-05,-8.0118219e-05,-6.8298324,0,0
1450,1.449,0,0,-0.039674027,0,-0,0,0,0,-0.0018054977,0,0,0,0,0,-0.020625848,0,0,0,0.52,1.2918651,-0.32662711,-1.5588637,-1.3061774e-10,5.3749356e-10,0.79719315,-2.9326139e-10,4.6899982e-10,-2.3560569,2.7090278e-05,-7.0767828e-09,1.1200064e-08,-5.2734201e-06,0.009116312,1.5432412e-07,-2.4581514e-07,0.00016635042,-589.89305,5.0046983e-05,-7.9450311e-05,-6.8303977,0,0
1451,1.45,0,0,-0.039675842,0,-0,0,0,0,-0.0018249703,0,0,0,0,0,-0.019857007,0,0,0,0.52,1.2918651,-0.32662891,-1.5588637,-1.3365105e-10,5.5023868e-10,0.79719318,-3.0025981e-10,4.8007509e-10,-2.3560569,3.6087796e-05,-6.9206527e-09,1.0951408e-08,-5.1063168e-06,0.0090371162,1.555281e-07,-2.4770899e-07,0.0001668523,-589.93961,4.9616254e-05,-7.8760794e-05,-6.8309738,0,0
1452,1.451,0,0,-0.039677676,0,-0,0,0,0,-0.001843673,0,0,0,0,0,-0.019087491,0,0,0,0.52,1.2918651,-0.32663072,-1.5588637,-1.3661535e-10,5.6269739e-10,0.79719322,-3.0710155e-10,4.9090084e-10,-2.3560569,4.5002469e-05,-6.7634117e-09,1.0701006e-08,-4.9388015e-06,0.0089554872,1.5667007e-07,-2.4950428e-07,0.00016729432,-589.98621,4.9172136e-05,-7.8050072e-05,-6.8315602,0,0
1453,1.452,0,0,-0.039679529,0,-0,0,0,0,-0.0018616056,0,0,0,0,0,-0.018317564,0,0,0,0.52,1.2918651,-0.32663254,-1.5588636,-1.3951017e-10,5.7486773e-10,0.79719327,-3.1378555e-10,5.014754e-10,-2.3560569,5.3831933e-05,-6.6051215e-09,1.0448956e-08,-4.7709335e-06,0.0088714719,1.5775015e-07,-2.5120119e-07,0.0001676768,-590.03283,4.8714885e-05,-7.7318552e-05,-6.8321568,0,0
1454,1.453,0,0,-0.039681399,0,-0,0,0,0,-0.0018787681,0,0,0,0,0,-0.01754749,0,0,0,0.52,1.2918651,-0.32663438,-1.5588636,-1.4233508e-10,5.8674785e-10,0.79719333,-3.2031078e-10,5.1179716e-10,-2.3560569,6.2573873e-05,-6.4458439e-09,1.0195357e-08,-4.6027718e-06,0.0087851174,1.5876845e-07,-2.527999e-07,0.00016800006,-590.07945,4.8244758e-05,-7.6566644e-05,-6.8327633,0,0
1455,1.454,0,0,-0.039683285,0,-0,0,0,0,-0.0018951606,0,0,0,0,0,-0.016777531,0,0,0,0.52,1.2918651,-0.32663623,-1.5588635,-1.4508967e-10,5.9833601e-10,0.7971934,-3.2667628e-10,5.2186461e-10,-2.3560569,7.1226021e-05,-6.2856404e-09,9.9403061e-09,-4.4343751e-06,0.0086964711,1.5972512e-07,-2.5430066e-07,0.00016826445,-590.12605,4.7762016e-05,-7.5794761e-05,-6.8333793,0,0
1456,1.455,0,0,-0.039685188,0,-0,0,0,0,-0.0019107838,0,0,0,0,0,-0.016007946,0,0,0,0.52,1.2918652,-0.3266381,-1.5588634,-1.4777356e-10,6.096306e-10,0.79719347,-3.3288116e-10,5.3167637e-10,-2.3560569,7.9786157e-05,-6.1245725e-09,9.6839008e-09,-4.2658018e-06,0.0086055811,1.6062031e-07,-2.5570372e-07,0.00016847035,-590.17263,4.7266921e-05,-7.5003323e-05,-6.8340047,0,0
1457,1.456,0,0,-0.039687106,0,-0,0,0,0,-0.0019256383,0,0,0,0,0,-0.015238993,0,0,0,0.52,1.2918652,-0.32663997,-1.5588633,-1.5038641e-10,6.2063011e-10,0.79719356,-3.3892459e-10,5.4123111e-10,-2.3560569,8.825211e-05,-5.9627013e-09,9.4262386e-09,-4.0971098e-06,0.0085124957,1.6145421e-07,-2.5700938e-07,0.00016861812,-590.21916,4.6759736e-05,-7.4192749e-05,-6.8346391,0,0
1458,1.457,0,0,-0.039689039,0,-0,0,0,0,-0.0019397252,0,0,0,0,0,-0.014470925,0,0,0,0.52,1.2918652,-0.32664185,-1.5588633,-1.5292789e-10,6.3133314e-10,0.79719365,-3.4480579e-10,5.5052764e-10,-2.3560569,9.6621757e-05,-5.8000879e-09,9.1674164e-09,-3.9283566e-06,0.0084172636,1.6222701e-07,-2.5821795e-07,0.00016870817,-590.26563,4.6240729e-05,-7.3363464e-05,-6.8352822,0,0
1459,1.458,0,0,-0.039690985,0,-0,0,0,0,-0.0019530457,0,0,0,0,0,-0.013703997,0,0,0,0.52,1.2918652,-0.32664375,-1.5588632,-1.5539769e-10,6.417384e-10,0.79719375,-3.5052406e-10,5.5956483e-10,-2.3560569,0.00010489303,-5.636793e-09,8.9075306e-09,-3.7595993e-06,0.0083199338,1.6293894e-07,-2.5932981e-07,0.00016874092,-590.31202,4.5710168e-05,-7.2515895e-05,-6.8359338,0,0
1460,1.459,0,0,-0.039692944,0,-0,0,0,0,-0.0019656014,0,0,0,0,0,-0.012938458,0,0,0,0.52,1.2918653,-0.32664565,-1.558863,-1.5779556e-10,6.5184472e-10,0.79719386,-3.5607873e-10,5.6834168e-10,-2.3560569,0.00011306389,-5.4728771e-09,8.6466776e-09,-3.5908946e-06,0.0082205558,1.6359023e-07,-2.6034533e-07,0.00016871678,-590.35832,4.5168322e-05,-7.1650472e-05,-6.8365936,0,0
1461,1.46,0,0,-0.039694915,0,-0,0,0,0,-0.001977394,0,0,0,0,0,-0.012174556,0,0,0,0.52,1.2918653,-0.32664756,-1.5588629,-1.6012125e-10,6.6165103e-10,0.79719398,-3.6146922e-10,5.7685727e-10,-2.3560569,0.00012113238,-5.3084005e-09,8.3849528e-09,-3.4222987e-06,0.0081191792,1.6418114e-07,-2.6126492e-07,0.00016863621,-590.40452,4.4615464e-05,-7.0767628e-05,-6.8372612,0,0
1462,1.461,0,0,-0.039696898,0,-0,0,0,0,-0.0019884255,0,0,0,0,0,-0.011412537,0,0,0,0.52,1.2918653,-0.32664947,-1.5588628,-1.6237453e-10,6.7115638e-10,0.7971941,-3.66695e-10,5.8511076e-10,-2.3560569,0.00012909658,-5.1434232e-09,8.1224518e-09,-3.2538673e-06,0.0080158539,1.6471194e-07,-2.6208902e-07,0.00016849967,-590.45059,4.4051866e-05,-6.9867797e-05,-6.8379365,0,0
1463,1.462,0,0,-0.039698891,0,-0,0,0,0,-0.0019986982,0,0,0,0,0,-0.010652643,0,0,0,0.52,1.2918654,-0.32665139,-1.5588627,-1.6455521e-10,6.8035992e-10,0.79719424,-3.717556e-10,5.9310144e-10,-2.3560569,0.00013695459,-4.9780048e-09,7.8592691e-09,-3.0856557e-06,0.0079106303,1.6518292e-07,-2.6281812e-07,0.00016830762,-590.49653,4.3477804e-05,-6.8951418e-05,-6.838619,0,0
1464,1.463,0,0,-0.039700895,0,-0,0,0,0,-0.0020082146,0,0,0,0,0,-0.0098951151,0,0,0,0.52,1.2918654,-0.32665332,-1.5588625,-1.6666314e-10,6.8926092e-10,0.79719438,-3.766506e-10,6.0082867e-10,-2.3560569,0.00014470462,-4.8122047e-09,7.5954991e-09,-2.9177186e-06,0.0078035587,1.655944e-07,-2.634527e-07,0.00016806057,-590.54232,4.2893553e-05,-6.8018929e-05,-6.8393086,0,0
1465,1.464,0,0,-0.039702907,0,-0,0,0,0,-0.0020169773,0,0,0,0,0,-0.0091401902,0,0,0,0.52,1.2918654,-0.32665526,-1.5588624,-1.6869816e-10,6.9785874e-10,0.79719452,-3.8137965e-10,6.082919e-10,-2.3560569,0.00015234487,-4.6460818e-09,7.3312355e-09,-2.7501104e-06,0.0076946898,1.6594671e-07,-2.639933e-07,0.00016775901,-590.58795,4.2299392e-05,-6.7070773e-05,-6.840005,0,0
1466,1.465,0,0,-0.039704928,0,-0,0,0,0,-0.0020249894,0,0,0,0,0,-0.0083881032,0,0,0,0.52,1.2918655,-0.32665719,-1.5588622,-1.7066016e-10,7.0615286e-10,0.79719468,-3.8594247e-10,6.1549069e-10,-2.3560569,0.00015987364,-4.4796949e-09,7.0665715e-09,-2.5828847e-06,0.0075840747,1.6624019e-07,-2.6444047e-07,0.00016740346,-590.6334,4.1695598e-05,-6.6107392e-05,-6.8407078,0,0
1467,1.466,0,0,-0.039706956,0,-0,0,0,0,-0.0020322539,0,0,0,0,0,-0.0076390861,0,0,0,0.52,1.2918655,-0.32665913,-1.5588621,-1.7254905e-10,7.1414286e-10,0.79719484,-3.9033881e-10,6.2242469e-10,-2.3560569,0.00016728925,-4.3131022e-09,6.8015995e-09,-2.4160948e-06,0.0074717643,1.6647519e-07,-2.647948e-07,0.00016699446,-590.67865,4.1082451e-05,-6.5129232e-05,-6.8414168,0,0
1468,1.467,0,0,-0.039708992,0,-0,0,0,0,-0.0020387744,0,0,0,0,0,-0.006893368,0,0,0,0.52,1.2918656,-0.32666108,-1.5588619,-1.7436478e-10,7.2182844e-10,0.79719502,-3.9456849e-10,6.2909363e-10,-2.3560569,0.00017459008,-4.1463616e-09,6.5364116e-09,-2.2497932e-06,0.00735781,1.6665211e-07,-2.6505688e-07,0.00016653254,-590.7237,4.0460233e-05,-6.4136739e-05,-6.8421316,0,0
1469,1.468,0,0,-0.039711033,0,-0,0,0,0,-0.0020445545,0,0,0,0,0,-0.0061511751,0,0,0,0.52,1.2918656,-0.32666302,-1.5588617,-1.7610729e-10,7.2920939e-10,0.79719519,-3.9863141e-10,6.3549734e-10,-2.3560569,0.00018177457,-3.9795306e-09,6.271099e-09,-2.084032e-06,0.0072422632,1.6677134e-07,-2.6522737e-07,0.00016601828,-590.76853,3.9829224e-05,-6.3130362e-05,-6.8428521,0,0
1470,1.469,0,0,-0.03971308,0,-0,0,0,0,-0.002049598,0,0,0,0,0,-0.0054127306,0,0,0,0.52,1.2918657,-0.32666497,-1.5588616,-1.7777658e-10,7.3628562e-10,0.79719538,-4.0252749e-10,6.4163575e-10,-2.3560569,0.0001888412,-3.8126664e-09,6.0057523e-09,-1.9188628e-06,0.0071251754,1.668333e-07,-2.6530692e-07,0.00016545223,-590.81313,3.9189707e-05,-6.2110549e-05,-6.8435778,0,0
1471,1.47,0,0,-0.039715132,0,-0,0,0,0,-0.002053909,0,0,0,0,0,-0.0046782548,0,0,0,0.52,1.2918657,-0.32666692,-1.5588614,-1.7937266e-10,7.4305712e-10,0.79719557,-4.0625674e-10,6.4750886e-10,-2.3560569,0.00019578851,-3.6458254e-09,5.7404614e-09,-1.7543365e-06,0.0070065984,1.668384e-07,-2.6529621e-07,0.00016483499,-590.85748,3.8541964e-05,-6.107775e-05,-6.8443086,0,0
1472,1.471,0,0,-0.039717187,0,-0,0,0,0,-0.0020574919,0,0,0,0,0,-0.0039479648,0,0,0,0.52,1.2918658,-0.32666887,-1.5588612,-1.8089557e-10,7.49524e-10,0.79719577,-4.098192e-10,6.5311677e-10,-2.3560569,0.00020261509,-3.479064e-09,5.4753156e-09,-1.5905032e-06,0.0068865839,1.667871e-07,-2.6519597e-07,0.00016416716,-590.90157,3.788628e-05,-6.0032416e-05,-6.8450442,0,0
1473,1.472,0,0,-0.039719246,0,-0,0,0,0,-0.002060351,0,0,0,0,0,-0.0032220746,0,0,0,0.52,1.2918658,-0.32667082,-1.558861,-1.8234535e-10,7.5568647e-10,0.79719598,-4.1321497e-10,6.5845968e-10,-2.3560569,0.00020931957,-3.3124377e-09,5.2104032e-09,-1.4274128e-06,0.0067651837,1.6667985e-07,-2.6500692e-07,0.00016344933,-590.94539,3.7222937e-05,-5.8975e-05,-6.8457842,0,0
1474,1.473,0,0,-0.039721307,0,-0,0,0,0,-0.0020624912,0,0,0,0,0,-0.002500795,0,0,0,0.52,1.2918659,-0.32667277,-1.5588608,-1.837221e-10,7.6154484e-10,0.79719619,-4.1644423e-10,6.6353785e-10,-2.3560569,0.00021590066,-3.146002e-09,4.9458119e-09,-1.2651143e-06,0.0066424498,1.6651713e-07,-2.6472983e-07,0.00016268214,-590.98893,3.6552222e-05,-5.7905952e-05,-6.8465283,0,0
1475,1.474,0,0,-0.03972337,0,-0,0,0,0,-0.0020639173,0,0,0,0,0,-0.0017843337,0,0,0,0.52,1.291866,-0.32667471,-1.5588605,-1.8502593e-10,7.6709953e-10,0.79719641,-4.195072e-10,6.6835166e-10,-2.3560569,0.00022235708,-2.9798114e-09,4.6816286e-09,-1.103656e-06,0.0065184341,1.6629944e-07,-2.6436548e-07,0.00016186622,-591.03216,3.5874417e-05,-5.6825726e-05,-6.8472764,0,0
1476,1.475,0,0,-0.039725434,0,-0,0,0,0,-0.0020646344,0,0,0,0,0,-0.001072895,0,0,0,0.52,1.291866,-0.32667666,-1.5588603,-1.8625697e-10,7.7235104e-10,0.79719663,-4.2240413e-10,6.7290156e-10,-2.3560569,0.00022868765,-2.8139202e-09,4.4179393e-09,-9.430858e-07,0.0063931886,1.6602727e-07,-2.6391468e-07,0.00016100221,-591.07509,3.5189807e-05,-5.5734774e-05,-6.8480281,0,0
1477,1.476,0,0,-0.039727499,0,-0,0,0,0,-0.002064648,0,0,0,0,0,-0.0003666801,0,0,0,0.52,1.2918661,-0.3266786,-1.5588601,-1.8741538e-10,7.7729997e-10,0.79719686,-4.2513536e-10,6.7718808e-10,-2.3560569,0.0002348912,-2.6483821e-09,4.1548292e-09,-7.8345076e-07,0.0062667654,1.6570114e-07,-2.6337827e-07,0.00016009076,-591.1177,3.4498679e-05,-5.463355e-05,-6.8487831,0,0
1478,1.477,0,0,-0.039729563,0,-0,0,0,0,-0.0020639635,0,0,0,0,0,0.00033411338,0,0,0,0.52,1.2918662,-0.32668053,-1.5588598,-1.8850132e-10,7.8194704e-10,0.7971971,-4.2770127e-10,6.8121184e-10,-2.3560569,0.00024096664,-2.4832503e-09,3.8923827e-09,-6.2479731e-07,0.0061392164,1.653216e-07,-2.6275709e-07,0.00015913255,-591.15997,3.3801315e-05,-5.3522506e-05,-6.8495411,0,0
1479,1.478,0,0,-0.039731626,0,-0,0,0,0,-0.0020625866,0,0,0,0,0,0.0010292911,0,0,0,0.52,1.2918662,-0.32668247,-1.5588596,-1.8951501e-10,7.8629305e-10,0.79719735,-4.3010229e-10,6.8497355e-10,-2.3560569,0.00024691293,-2.3185773e-09,3.6306833e-09,-4.671712e-07,0.0060105934,1.6488918e-07,-2.6205201e-07,0.00015812826,-591.20189,3.3098001e-05,-5.2402094e-05,-6.8503019,0,0
1480,1.479,0,0,-0.039733687,0,-0,0,0,0,-0.0020605233,0,0,0,0,0,0.001718662,0,0,0,0.52,1.2918663,-0.3266844,-1.5588594,-1.9045667e-10,7.9033889e-10,0.7971976,-4.3233891e-10,6.88474e-10,-2.3560569,0.00025272905,-2.1544152e-09,3.3698133e-09,-3.1061749e-07,0.0058809486,1.6440445e-07,-2.6126395e-07,0.00015707856,-591.24346,3.2389022e-05,-5.1272766e-05,-6.8510652,0,0
1481,1.48,0,0,-0.039735746,0,-0,0,0,0,-0.0020577795,0,0,0,0,0,0.0024020388,0,0,0,0.52,1.2918664,-0.32668632,-1.5588591,-1.9132655e-10,7.9408556e-10,0.79719785,-4.3441166e-10,6.9171405e-10,-2.3560569,0.00025841408,-1.9908155e-09,3.1098546e-09,-1.5518053e-07,0.0057503337,1.6386798e-07,-2.603938e-07,0.00015598416,-591.28467,3.167466e-05,-5.0134975e-05,-6.8518308,0,0
1482,1.481,0,0,-0.039737802,0,-0,0,0,0,-0.0020543617,0,0,0,0,0,0.0030792375,0,0,0,0.52,1.2918664,-0.32668823,-1.5588588,-1.9212492e-10,7.9753414e-10,0.79719811,-4.3632113e-10,6.9469466e-10,-2.3560569,0.00026396711,-1.8278289e-09,2.8508877e-09,-9.0396331e-10,0.0056188004,1.6328036e-07,-2.5944252e-07,0.00015484576,-591.32549,3.0955201e-05,-4.8989171e-05,-6.8525982,0,0
1483,1.482,0,0,-0.039739854,0,-0,0,0,0,-0.0020502762,0,0,0,0,0,0.0037500776,0,0,0,0.52,1.2918665,-0.32669014,-1.5588586,-1.9285206e-10,8.0068581e-10,0.79719838,-4.3806796e-10,6.9741685e-10,-2.3560569,0.00026938731,-1.6655058e-09,2.5929924e-09,1.5216928e-07,0.0054864005,1.626422e-07,-2.5841106e-07,0.00015366408,-591.36592,3.0230927e-05,-4.7835805e-05,-6.8533674,0,0
1484,1.483,0,0,-0.039741902,0,-0,0,0,0,-0.0020455297,0,0,0,0,0,0.0044143824,0,0,0,0.52,1.2918666,-0.32669205,-1.5588583,-1.935083e-10,8.0354183e-10,0.79719865,-4.3965283e-10,6.9988175e-10,-2.3560569,0.00027467389,-1.5038958e-09,2.3362474e-09,3.0399702e-07,0.0053531854,1.6195409e-07,-2.5730039e-07,0.00015243985,-591.40596,2.950212e-05,-4.6675324e-05,-6.8541379,0,0
1485,1.484,0,0,-0.039743945,0,-0,0,0,0,-0.0020401289,0,0,0,0,0,0.0050719784,0,0,0,0.52,1.2918667,-0.32669394,-1.558858,-1.9409397e-10,8.0610357e-10,0.79719893,-4.4107649e-10,7.0209054e-10,-2.3560569,0.00027982611,-1.3430478e-09,2.0807303e-09,4.5453779e-07,0.0052192067,1.6121667e-07,-2.5611152e-07,0.0001511738,-591.44558,2.8769063e-05,-4.5508178e-05,-6.8549095,0,0
1486,1.485,0,0,-0.039745982,0,-0,0,0,0,-0.0020340808,0,0,0,0,0,0.0057226962,0,0,0,0.52,1.2918668,-0.32669583,-1.5588577,-1.9460941e-10,8.0837248e-10,0.79719921,-4.4233971e-10,7.0404448e-10,-2.3560569,0.00028484328,-1.1830103e-09,1.8265178e-09,6.0375089e-07,0.0050845157,1.6043057e-07,-2.5484546e-07,0.00014986667,-591.48478,2.8032037e-05,-4.4334813e-05,-6.8556821,0,0
1487,1.486,0,0,-0.039748012,0,-0,0,0,0,-0.0020273926,0,0,0,0,0,0.0063663697,0,0,0,0.52,1.2918668,-0.3266977,-1.5588574,-1.9505502e-10,8.1035008e-10,0.7971995,-4.4344334e-10,7.0574492e-10,-2.3560569,0.00028972476,-1.0238309e-09,1.5736857e-09,7.5159637e-07,0.0049491633,1.5959645e-07,-2.5350323e-07,0.00014851921,-591.52355,2.7291322e-05,-4.3155674e-05,-6.8564551,0,0
1488,1.487,0,0,-0.039750036,0,-0,0,0,0,-0.0020200716,0,0,0,0,0,0.0070028366,0,0,0,0.52,1.2918669,-0.32669957,-1.5588572,-1.9543119e-10,8.1203799e-10,0.79719979,-4.4438826e-10,7.0719327e-10,-2.3560569,0.00029446998,-8.655567e-10,1.3223085e-09,8.9803504e-07,0.0048132007,1.5871495e-07,-2.5208591e-07,0.00014713218,-591.56188,2.6547196e-05,-4.1971206e-05,-6.8572286,0,0
1489,1.488,0,0,-0.039752052,0,-0,0,0,0,-0.0020121251,0,0,0,0,0,0.0076319384,0,0,0,0.52,1.291867,-0.32670143,-1.5588569,-1.9573833e-10,8.1343794e-10,0.79720009,-4.4517538e-10,7.0839102e-10,-2.3560569,0.0002990784,-7.0823405e-10,1.0724596e-09,1.0430285e-06,0.0046766785,1.5778675e-07,-2.5059454e-07,0.00014570636,-591.59976,2.5799939e-05,-4.0781849e-05,-6.858002,0,0
1490,1.489,0,0,-0.039754059,0,-0,0,0,0,-0.0020035608,0,0,0,0,0,0.0082535202,0,0,0,0.52,1.2918671,-0.32670328,-1.5588566,-1.9597689e-10,8.1455169e-10,0.79720039,-4.458057e-10,7.0933975e-10,-2.3560569,0.00030354953,-5.5190864e-10,8.2421157e-10,1.1865391e-06,0.0045396472,1.5681252e-07,-2.4903022e-07,0.0001442425,-591.63718,2.5049828e-05,-3.9588045e-05,-6.8587753,0,0
1491,1.49,0,0,-0.039756058,0,-0,0,0,0,-0.0019943864,0,0,0,0,0,0.008867431,0,0,0,0.52,1.2918672,-0.32670511,-1.5588562,-1.9614732e-10,8.1538114e-10,0.79720069,-4.4628022e-10,7.1004108e-10,-2.3560569,0.00030788294,-3.9662545e-10,5.7763562e-10,1.3285299e-06,0.0044021573,1.5579297e-07,-2.4739404e-07,0.00014274139,-591.67413,2.4297138e-05,-3.8390232e-05,-6.8595481,0,0
1492,1.491,0,0,-0.039758048,0,-0,0,0,0,-0.0019846098,0,0,0,0,0,0.0094735234,0,0,0,0.52,1.2918673,-0.32670694,-1.5588559,-1.962501e-10,8.1592822e-10,0.797201,-4.4660001e-10,7.1049673e-10,-2.3560569,0.00031207825,-2.4242876e-10,3.3280195e-10,1.4689649e-06,0.0042642587,1.5472878e-07,-2.4568713e-07,0.00014120382,-591.7106,2.3542144e-05,-3.7188846e-05,-6.8603202,0,0
1493,1.492,0,0,-0.039760027,0,-0,0,0,0,-0.0019742391,0,0,0,0,0,0.010071654,0,0,0,0.52,1.2918674,-0.32670875,-1.5588556,-1.9628573e-10,8.1619498e-10,0.79720132,-4.4676619e-10,7.1070846e-10,-2.3560569,0.00031613513,-8.9362139e-11,8.9779606e-11,1.6078089e-06,0.0041260013,1.5362067e-07,-2.439106e-07,0.00013963059,-591.74659,2.278512e-05,-3.5984321e-05,-6.8610913,0,0
1494,1.493,0,0,-0.039761995,0,-0,0,0,0,-0.0019632824,0,0,0,0,0,0.010661683,0,0,0,0.52,1.2918675,-0.32671055,-1.5588553,-1.9625471e-10,8.1618353e-10,0.79720164,-4.4677989e-10,7.1067813e-10,-2.3560569,0.00032005328,6.253157e-11,-1.5136353e-10,1.7450273e-06,0.0039874347,1.5246936e-07,-2.4206563e-07,0.00013802248,-591.78208,2.2026337e-05,-3.4777089e-05,-6.8618612,0,0
1495,1.494,0,0,-0.039763953,0,-0,0,0,0,-0.001951748,0,0,0,0,0,0.011243474,0,0,0,0.52,1.2918676,-0.32671233,-1.558855,-1.9615759e-10,8.1589606e-10,0.79720196,-4.4664232e-10,7.1040765e-10,-2.3560569,0.00032383247,2.1321026e-10,-3.9056074e-10,1.8805866e-06,0.0038486081,1.5127558e-07,-2.4015335e-07,0.00013638032,-591.81707,2.1266065e-05,-3.3567579e-05,-6.8626296,0,0
1496,1.495,0,0,-0.039765898,0,-0,0,0,0,-0.0019396444,0,0,0,0,0,0.011816897,0,0,0,0.52,1.2918677,-0.3267141,-1.5588546,-1.9599492e-10,8.1533483e-10,0.79720228,-4.463547e-10,7.0989899e-10,-2.3560569,0.00032747252,3.6263255e-10,-6.2774647e-10,2.0144538e-06,0.0037095705,1.5004005e-07,-2.3817494e-07,0.0001347049,-591.85156,2.0504572e-05,-3.2356217e-05,-6.8633963,0,0
1497,1.496,0,0,-0.039767832,0,-0,0,0,0,-0.0019269801,0,0,0,0,0,0.012381821,0,0,0,0.52,1.2918678,-0.32671586,-1.5588543,-1.9576726e-10,8.1450219e-10,0.79720261,-4.4591833e-10,7.091542e-10,-2.3560569,0.0003309733,5.1075782e-10,-8.628564e-10,2.1465969e-06,0.0035703705,1.4876354e-07,-2.361316e-07,0.00013299704,-591.88552,1.9742127e-05,-3.1143428e-05,-6.8641611,0,0
1498,1.497,0,0,-0.039769752,0,-0,0,0,0,-0.0019137639,0,0,0,0,0,0.012938124,0,0,0,0.52,1.2918679,-0.3267176,-1.558854,-1.9547521e-10,8.1340054e-10,0.79720295,-4.453345e-10,7.0817538e-10,-2.3560569,0.00033433469,6.5754622e-10,-1.0958274e-09,2.2769847e-06,0.0034310565,1.4744677e-07,-2.3402451e-07,0.00013125757,-591.91896,1.8978994e-05,-2.9929632e-05,-6.8649236,0,0
1499,1.498,0,0,-0.039771659,0,-0,0,0,0,-0.0019000044,0,0,0,0,0,0.013485685,0,0,0,0.52,1.2918679,-0.32671933,-1.5588536,-1.9511936e-10,8.1203239e-10,0.79720328,-4.4460459e-10,7.0696471e-10,-2.3560569,0.00033755668,8.0295863e-10,-1.3265974e-09,2.4055869e-06,0.0032916764,1.4609053e-07,-2.3185489e-07,0.0001294873,-591.95186,1.8215436e-05,-2.8715248e-05,-6.8656836,0,0
1500,1.499,0,0,-0.039773551,0,-0,0,0,0,-0.0018857107,0,0,0,0,0,0.014024387,0,0,0,0.52,1.291868,-0.32672104,-1.5588533,-1.9470034e-10,8.1040027e-10,0.79720362,-4.4372998e-10,7.0552442e-10,-2.3560569,0.00034063926,9.4695674e-10,-1.555106e-09,2.5323738e-06,0.0031522779,1.4469559e-07,-2.2962398e-07,0.00012768707,-591.98423,1.7451715e-05,-2.7500691e-05,-6.866441,0,0
1501,1.5,0,0,-0.039775429,0,-0,0,0,0,-0.0018708917,0,0,0,0,0,0.014554117,0,0,0,0.52,1.2918681,-0.32672274,-1.558853,-1.9421879e-10,8.0850683e-10,0.79720396,-4.4271211e-10,7.0385679e-10,-2.3560569,0.00034358248,1.089503e-09,-1.7812935e-09,2.6573169e-06,0.0030129083,1.4326269e-07,-2.2733299e-07,0.00012585772,-592.01605,1.6688091e-05,-2.6286372e-05,-6.8671954,0,0
1502,1.501,0,0,-0.039777293,0,-0,0,0,0,-0.0018555566,0,0,0,0,0,0.015074768,0,0,0,0.52,1.2918683,-0.32672442,-1.5588526,-1.9367535e-10,8.0635475e-10,0.79720431,-4.4155245e-10,7.0196418e-10,-2.3560569,0.00034638645,1.2305606e-09,-2.0051017e-09,2.7803881e-06,0.0028736145,1.4179265e-07,-2.2498317e-07,0.00012400007,-592.04732,1.5924819e-05,-2.50727e-05,-6.8679467,0,0
1503,1.502,0,0,-0.03977914,0,-0,0,0,0,-0.0018397146,0,0,0,0,0,0.015586235,0,0,0,0.52,1.2918684,-0.32672608,-1.5588523,-1.930707e-10,8.0394679e-10,0.79720466,-4.402525e-10,6.99849e-10,-2.3560569,0.00034905131,1.3700936e-09,-2.2264738e-09,2.9015605e-06,0.0027344428,1.4028623e-07,-2.2257579e-07,0.00012211497,-592.07802,1.5162157e-05,-2.3860081e-05,-6.8686946,0,0
1504,1.503,0,0,-0.039780971,0,-0,0,0,0,-0.0018233751,0,0,0,0,0,0.016088416,0,0,0,0.52,1.2918685,-0.32672772,-1.5588519,-1.9240553e-10,8.0128578e-10,0.79720501,-4.388138e-10,6.975137e-10,-2.3560569,0.00035157725,1.5080669e-09,-2.4453541e-09,3.0208079e-06,0.0025954395,1.3874425e-07,-2.201121e-07,0.00012020326,-592.10817,1.4400356e-05,-2.2648915e-05,-6.8694388,0,0
1505,1.504,0,0,-0.039782786,0,-0,0,0,0,-0.0018065475,0,0,0,0,0,0.016581215,0,0,0,0.52,1.2918686,-0.32672935,-1.5588516,-1.9168052e-10,7.983746e-10,0.79720536,-4.3723794e-10,6.9496081e-10,-2.3560569,0.0003539645,1.644446e-09,-2.6616881e-09,3.138105e-06,0.0024566502,1.3716749e-07,-2.1759338e-07,0.00011826579,-592.13774,1.3639667e-05,-2.14396e-05,-6.8701793,0,0
1506,1.505,0,0,-0.039784584,0,-0,0,0,0,-0.0017892413,0,0,0,0,0,0.017064539,0,0,0,0.52,1.2918687,-0.32673096,-1.5588512,-1.9089641e-10,7.9521621e-10,0.79720571,-4.3552652e-10,6.9219289e-10,-2.3560569,0.00035621336,1.7791974e-09,-2.8754228e-09,3.2534272e-06,0.00231812,1.3555676e-07,-2.1502091e-07,0.00011630341,-592.16674,1.2880339e-05,-2.0232531e-05,-6.8709157,0,0
1507,1.506,0,0,-0.039786364,0,-0,0,0,0,-0.0017714661,0,0,0,0,0,0.017538299,0,0,0,0.52,1.2918688,-0.32673255,-1.5588508,-1.9005391e-10,7.9181361e-10,0.79720607,-4.3368119e-10,6.8921259e-10,-2.3560569,0.00035832414,1.9122883e-09,-3.0865063e-09,3.366751e-06,0.0021798939,1.3391287e-07,-2.1239597e-07,0.00011431696,-592.19515,1.2122618e-05,-1.9028098e-05,-6.8716478,0,0
1508,1.507,0,0,-0.039788127,0,-0,0,0,0,-0.0017532316,0,0,0,0,0,0.018002409,0,0,0,0.52,1.2918689,-0.32673412,-1.5588505,-1.8915377e-10,7.8816988e-10,0.79720643,-4.3170362e-10,6.8602256e-10,-2.3560569,0.00036029721,2.0436869e-09,-3.2948881e-09,3.4780534e-06,0.0020420162,1.3223664e-07,-2.0971988e-07,0.0001123073,-592.22298,1.1366747e-05,-1.7826687e-05,-6.8723754,0,0
1509,1.508,0,0,-0.03978987,0,-0,0,0,0,-0.0017345477,0,0,0,0,0,0.01845679,0,0,0,0.52,1.291869,-0.32673567,-1.5588501,-1.8819674e-10,7.8428814e-10,0.79720679,-4.2959552e-10,6.8262554e-10,-2.3560569,0.000362133,2.1733619e-09,-3.5005191e-09,3.5873127e-06,0.0019045307,1.3052889e-07,-2.0699393e-07,0.00011027528,-592.25022,1.0612967e-05,-1.6628681e-05,-6.8730983,0,0
1510,1.509,0,0,-0.039791595,0,-0,0,0,0,-0.001715424,0,0,0,0,0,0.018901362,0,0,0,0.52,1.2918691,-0.3267372,-1.5588497,-1.871836e-10,7.8017157e-10,0.79720715,-4.2735863e-10,6.7902429e-10,-2.3560569,0.00036383196,2.3012831e-09,-3.7033513e-09,3.6945077e-06,0.0017674808,1.2879044e-07,-2.0421944e-07,0.00010822175,-592.27686,9.8615162e-06,-1.5434458e-05,-6.8738163,0,0
1511,1.51,0,0,-0.039793301,0,-0,0,0,0,-0.0016958706,0,0,0,0,0,0.019336055,0,0,0,0.52,1.2918692,-0.32673871,-1.5588494,-1.8611513e-10,7.7582341e-10,0.79720752,-4.2499472e-10,6.7522166e-10,-2.3560569,0.00036539458,2.4274211e-09,-3.9033381e-09,3.7996182e-06,0.0016309094,1.2702212e-07,-2.0139772e-07,0.00010614758,-592.30291,9.1126309e-06,-1.4244392e-05,-6.8745291,0,0
1512,1.511,0,0,-0.039794987,0,-0,0,0,0,-0.0016758974,0,0,0,0,0,0.019760796,0,0,0,0.52,1.2918693,-0.3267402,-1.558849,-1.8499212e-10,7.7124695e-10,0.79720788,-4.2250559e-10,6.7122049e-10,-2.3560569,0.00036682142,2.5517471e-09,-4.1004344e-09,3.9026248e-06,0.001494859,1.2522476e-07,-1.9853009e-07,0.00010405362,-592.32834,8.3665438e-06,-1.3058852e-05,-6.8752367,0,0
1513,1.512,0,0,-0.039796652,0,-0,0,0,0,-0.0016555146,0,0,0,0,0,0.020175523,0,0,0,0.52,1.2918694,-0.32674167,-1.5588486,-1.8381538e-10,7.6644553e-10,0.79720825,-4.1989306e-10,6.670237e-10,-2.3560569,0.00036811304,2.6742336e-09,-4.2945962e-09,4.0035091e-06,0.0013593714,1.233992e-07,-1.9561789e-07,0.00010194072,-592.35317,7.623485e-06,-1.1878204e-05,-6.8759388,0,0
1514,1.513,0,0,-0.039798297,0,-0,0,0,0,-0.0016347321,0,0,0,0,0,0.020580172,0,0,0,0.52,1.2918695,-0.32674312,-1.5588483,-1.8258573e-10,7.6142254e-10,0.79720862,-4.1715898e-10,6.6263425e-10,-2.3560569,0.00036927009,2.7948534e-09,-4.4857809e-09,4.1022533e-06,0.001224488,1.2154628e-07,-1.9266246e-07,9.9809745e-05,-592.37739,6.8836819e-06,-1.0702808e-05,-6.8766351,0,0
1515,1.514,0,0,-0.039799921,0,-0,0,0,0,-0.0016135601,0,0,0,0,0,0.020974686,0,0,0,0.52,1.2918696,-0.32674455,-1.5588479,-1.8130401e-10,7.5618142e-10,0.79720899,-4.1430523e-10,6.5805513e-10,-2.3560569,0.00037029322,2.9135805e-09,-4.6739474e-09,4.1988408e-06,0.0010902497,1.1966683e-07,-1.8966511e-07,9.7661548e-05,-592.40099,6.147359e-06,-9.5330199e-06,-6.8773255,0,0
1516,1.515,0,0,-0.039801524,0,-0,0,0,0,-0.0015920089,0,0,0,0,0,0.021359012,0,0,0,0.52,1.2918697,-0.32674595,-1.5588475,-1.7997104e-10,7.5072566e-10,0.79720936,-4.1133372e-10,6.5328939e-10,-2.3560569,0.00037118314,3.0303896e-09,-4.8590556e-09,4.2932555e-06,0.00095669678,1.1776169e-07,-1.866272e-07,9.5496989e-05,-592.42398,5.414738e-06,-8.3691916e-06,-6.8780099,0,0
1517,1.516,0,0,-0.039803105,0,-0,0,0,0,-0.0015700888,0,0,0,0,0,0.0217331,0,0,0,0.52,1.2918699,-0.32674733,-1.5588471,-1.7858769e-10,7.4505878e-10,0.79720973,-4.0824638e-10,6.483401e-10,-2.3560569,0.0003719406,3.1452563e-09,-5.0410671e-09,4.3854824e-06,0.00082386902,1.1583172e-07,-1.8355008e-07,9.3316919e-05,-592.44634,4.6860373e-06,-7.2116694e-06,-6.878688,0,0
1518,1.517,0,0,-0.039804664,0,-0,0,0,0,-0.00154781,0,0,0,0,0,0.022096902,0,0,0,0.52,1.29187,-0.32674869,-1.5588468,-1.7715482e-10,7.3918436e-10,0.79721011,-4.0504516e-10,6.4321037e-10,-2.3560569,0.00037256637,3.2581571e-09,-5.2199447e-09,4.4755072e-06,0.00069180562,1.1387776e-07,-1.8043508e-07,9.1122192e-05,-592.46808,3.9614724e-06,-6.0607951e-06,-6.8793596,0,0
1519,1.518,0,0,-0.0398062,0,-0,0,0,0,-0.0015251829,0,0,0,0,0,0.022450378,0,0,0,0.52,1.2918701,-0.32675003,-1.5588464,-1.756733e-10,7.3310602e-10,0.79721048,-4.0173204e-10,6.3790336e-10,-2.3560569,0.00037306128,3.3690692e-09,-5.3956525e-09,4.5633166e-06,0.00056054522,1.1190066e-07,-1.7728356e-07,8.8913662e-05,-592.4892,3.241256e-06,-4.9169055e-06,-6.8800246,0,0
1520,1.519,0,0,-0.039807714,0,-0,0,0,0,-0.0015022178,0,0,0,0,0,0.022793489,0,0,0,0.52,1.2918702,-0.32675134,-1.558846,-1.7414402e-10,7.2682742e-10,0.79721085,-3.9830902e-10,6.3242225e-10,-2.3560569,0.0003734262,3.4779708e-09,-5.568156e-09,4.648898e-06,0.0004301259,1.0990126e-07,-1.7409687e-07,8.6692182e-05,-592.50968,2.5255971e-06,-3.7803325e-06,-6.8806828,0,0
1521,1.52,0,0,-0.039809204,0,-0,0,0,0,-0.0014789253,0,0,0,0,0,0.023126199,0,0,0,0.52,1.2918703,-0.32675264,-1.5588456,-1.7256786e-10,7.2035224e-10,0.79721122,-3.9477812e-10,6.2677027e-10,-2.3560568,0.00037366202,3.5848408e-09,-5.7374221e-09,4.7322399e-06,0.00030058513,1.0788043e-07,-1.7087636e-07,8.44586e-05,-592.52954,1.814702e-06,-2.6514028e-06,-6.881334,0,0
1522,1.521,0,0,-0.039810671,0,-0,0,0,0,-0.0014553157,0,0,0,0,0,0.02344848,0,0,0,0.52,1.2918704,-0.3267539,-1.5588452,-1.7094572e-10,7.1368423e-10,0.7972116,-3.9114138e-10,6.2095066e-10,-2.3560568,0.00037376966,3.6896591e-09,-5.903419e-09,4.8133312e-06,0.00017195981,1.05839e-07,-1.6762339e-07,8.2213764e-05,-592.54876,1.1087737e-06,-1.5304379e-06,-6.881978,0,0
1523,1.522,0,0,-0.039812115,0,-0,0,0,0,-0.0014313994,0,0,0,0,0,0.023760302,0,0,0,0.52,1.2918705,-0.32675515,-1.5588449,-1.6927853e-10,7.0682715e-10,0.79721197,-3.8740086e-10,6.1496672e-10,-2.3560568,0.00037375011,3.7924063e-09,-6.0661163e-09,4.8921621e-06,4.4286237e-05,1.0377783e-07,-1.643393e-07,7.9958516e-05,-592.56735,4.0801155e-07,-4.1775434e-07,-6.8826148,0,0
1524,1.523,0,0,-0.039813534,0,-0,0,0,0,-0.0014071871,0,0,0,0,0,0.024061644,0,0,0,0.52,1.2918706,-0.32675637,-1.5588445,-1.6756718e-10,6.9978481e-10,0.79721235,-3.8355865e-10,6.0882174e-10,-2.3560568,0.00037360437,3.8930641e-09,-6.2254848e-09,4.9687234e-06,-8.2399909e-05,1.0169778e-07,-1.6102545e-07,7.7693696e-05,-592.5853,-2.8738796e-07,6.8633692e-07,-6.8832441,0,0
1525,1.524,0,0,-0.039814929,0,-0,0,0,0,-0.0013826892,0,0,0,0,0,0.024352485,0,0,0,0.52,1.2918707,-0.32675756,-1.5588441,-1.6581261e-10,6.9256104e-10,0.79721272,-3.7961683e-10,6.0251909e-10,-2.3560568,0.00037333347,3.9916147e-09,-6.3814969e-09,5.0430068e-06,-0.00020806355,9.9599681e-08,-1.576832e-07,7.542015e-05,-592.60262,-9.7723187e-07,1.78153e-06,-6.8838658,0,0
1526,1.525,0,0,-0.039816299,0,-0,0,0,0,-0.0013579163,0,0,0,0,0,0.024632809,0,0,0,0.52,1.2918709,-0.32675873,-1.5588437,-1.6401575e-10,6.8515972e-10,0.79721309,-3.7557753e-10,5.9606212e-10,-2.3560568,0.0003729385,4.0880415e-09,-6.5341261e-09,5.1150047e-06,-0.00033267024,9.74844e-08,-1.5431389e-07,7.3138708e-05,-592.6193,-1.6613306e-06,2.8675247e-06,-6.8844797,0,0
1527,1.526,0,0,-0.039817644,0,-0,0,0,0,-0.0013328788,0,0,0,0,0,0.024902605,0,0,0,0.52,1.291871,-0.32675988,-1.5588434,-1.6217753e-10,6.7758472e-10,0.79721346,-3.7144288e-10,5.8945423e-10,-2.3560568,0.00037242056,4.1823284e-09,-6.6833475e-09,5.1847107e-06,-0.00045618614,9.5352779e-08,-1.5091888e-07,7.0850206e-05,-592.63534,-2.3394981e-06,3.9440259e-06,-6.8850857,0,0
1528,1.527,0,0,-0.039818964,0,-0,0,0,0,-0.0013075873,0,0,0,0,0,0.025161864,0,0,0,0.52,1.2918711,-0.326761,-1.558843,-1.6029891e-10,6.6984e-10,0.79721384,-3.6721502e-10,5.8269884e-10,-2.3560568,0.00037178078,4.2744606e-09,-6.8291373e-09,5.2521188e-06,-0.00057857807,9.3205671e-08,-1.4749951e-07,6.8555467e-05,-592.65075,-3.0115515e-06,5.0107445e-06,-6.8856836,0,0
1529,1.528,0,0,-0.039820259,0,-0,0,0,0,-0.0012820523,0,0,0,0,0,0.02541058,0,0,0,0.52,1.2918712,-0.3267621,-1.5588426,-1.5838084e-10,6.6192948e-10,0.79721421,-3.6289612e-10,5.757994e-10,-2.3560568,0.00037102035,4.3644236e-09,-6.9714733e-09,5.317224e-06,-0.00069981348,9.1043918e-08,-1.4405713e-07,6.625532e-05,-592.66551,-3.6773118e-06,6.0673964e-06,-6.8862733,0,0
1530,1.529,0,0,-0.039821528,0,-0,0,0,0,-0.0012562845,0,0,0,0,0,0.025648754,0,0,0,0.52,1.2918713,-0.32676317,-1.5588422,-1.5642427e-10,6.5385716e-10,0.79721458,-3.5848835e-10,5.6875936e-10,-2.3560568,0.00037014047,4.4522042e-09,-7.1103343e-09,5.3800223e-06,-0.00081986046,8.8868369e-08,-1.4059309e-07,6.3950584e-05,-592.67964,-4.3366033e-06,7.1137036e-06,-6.8868547,0,0
1531,1.53,0,0,-0.039822771,0,-0,0,0,0,-0.0012302943,0,0,0,0,0,0.025876386,0,0,0,0.52,1.2918714,-0.32676421,-1.5588418,-1.5443017e-10,6.4562703e-10,0.79721495,-3.539939e-10,5.6158222e-10,-2.3560568,0.00036914237,4.5377898e-09,-7.2457009e-09,5.4405101e-06,-0.00093868777,8.6679866e-08,-1.3710872e-07,6.1642071e-05,-592.69313,-4.9892539e-06,8.1493937e-06,-6.8874277,0,0
1532,1.531,0,0,-0.039823989,0,-0,0,0,0,-0.0012040922,0,0,0,0,0,0.026093483,0,0,0,0.52,1.2918715,-0.32676523,-1.5588415,-1.5239951e-10,6.3724311e-10,0.79721532,-3.4941497e-10,5.5427146e-10,-2.3560568,0.00036802731,4.6211687e-09,-7.3775546e-09,5.4986849e-06,-0.0010562648,8.4479248e-08,-1.3360536e-07,5.9330597e-05,-592.70598,-5.635095e-06,9.1741997e-06,-6.887992,0,0
1533,1.532,0,0,-0.039825179,0,-0,0,0,0,-0.0011776889,0,0,0,0,0,0.026300054,0,0,0,0.52,1.2918716,-0.32676623,-1.5588411,-1.5033325e-10,6.2870945e-10,0.79721568,-3.4475378e-10,5.4683063e-10,-2.3560568,0.0003667966,4.7023302e-09,-7.5058784e-09,5.5545451e-06,-0.0011725616,8.2267358e-08,-1.3008435e-07,5.7016961e-05,-592.7182,-6.2739619e-06,1.0187861e-05,-6.8885476,0,0
1534,1.533,0,0,-0.039826344,0,-0,0,0,0,-0.0011510948,0,0,0,0,0,0.026496112,0,0,0,0.52,1.2918717,-0.3267672,-1.5588407,-1.4823238e-10,6.2003011e-10,0.79721605,-3.4001254e-10,5.3926324e-10,-2.3560568,0.00036545156,4.781264e-09,-7.6306567e-09,5.6080896e-06,-0.001287549,8.0045024e-08,-1.26547e-07,5.4701972e-05,-592.72978,-6.9056933e-06,1.1190122e-05,-6.8890943,0,0
1535,1.534,0,0,-0.039827481,0,-0,0,0,0,-0.0011243203,0,0,0,0,0,0.026681673,0,0,0,0.52,1.2918718,-0.32676814,-1.5588404,-1.4609788e-10,6.1120916e-10,0.79721642,-3.3519348e-10,5.3157287e-10,-2.3560568,0.00036399354,4.8579611e-09,-7.7518752e-09,5.6593182e-06,-0.0014011983,7.7813089e-08,-1.2299466e-07,5.2386417e-05,-592.74072,-7.5301316e-06,1.2180733e-05,-6.8896321,0,0
1536,1.535,0,0,-0.039828592,0,-0,0,0,0,-0.001097376,0,0,0,0,0,0.026856757,0,0,0,0.52,1.291872,-0.32676906,-1.55884,-1.4393074e-10,6.022507e-10,0.79721678,-3.3029885e-10,5.2376306e-10,-2.3560568,0.00036242391,4.9324132e-09,-7.8695208e-09,5.7082316e-06,-0.0015134816,7.5572376e-08,-1.1942862e-07,5.0071088e-05,-592.75103,-8.147123e-06,1.3159451e-05,-6.8901609,0,0
1537,1.536,0,0,-0.039829676,0,-0,0,0,0,-0.0010702723,0,0,0,0,0,0.027021387,0,0,0,0.52,1.2918721,-0.32676995,-1.5588396,-1.4173193e-10,5.9315885e-10,0.79721714,-3.253309e-10,5.158374e-10,-2.3560568,0.0003607441,5.0046125e-09,-7.9835818e-09,5.7548312e-06,-0.0016243717,7.3323709e-08,-1.1585021e-07,4.775677e-05,-592.76071,-8.7565175e-06,1.4126039e-05,-6.8906804,0,0
1538,1.537,0,0,-0.039830733,0,-0,0,0,0,-0.0010430196,0,0,0,0,0,0.02717559,0,0,0,0.52,1.2918722,-0.32677081,-1.5588393,-1.3950246e-10,5.8393772e-10,0.7972175,-3.2029189e-10,5.0779949e-10,-2.3560568,0.00035895552,5.0745526e-09,-8.0940478e-09,5.7991192e-06,-0.0017338421,7.1067917e-08,-1.1226073e-07,4.5444236e-05,-592.76976,-9.3581685e-06,1.5080265e-05,-6.8911907,0,0
1539,1.538,0,0,-0.039831762,0,-0,0,0,0,-0.0010156283,0,0,0,0,0,0.027319394,0,0,0,0.52,1.2918723,-0.32677165,-1.5588389,-1.3724332e-10,5.7459144e-10,0.79721786,-3.1518406e-10,4.9965291e-10,-2.3560568,0.00035705964,5.1422273e-09,-8.2009097e-09,5.8410985e-06,-0.0018418668,6.8805816e-08,-1.0866148e-07,4.3134259e-05,-592.77818,-9.9519335e-06,1.6021903e-05,-6.8916916,0,0
1540,1.539,0,0,-0.039832764,0,-0,0,0,0,-0.00098810877,0,0,0,0,0,0.027452834,0,0,0,0.52,1.2918724,-0.32677246,-1.5588385,-1.3495551e-10,5.6512416e-10,0.79721821,-3.100097e-10,4.9140127e-10,-2.3560567,0.00035505794,5.2076317e-09,-8.3041596e-09,5.8807727e-06,-0.0019484208,6.6538215e-08,-1.0505375e-07,4.0827604e-05,-592.78597,-1.0537674e-05,1.6950734e-05,-6.8921829,0,0
1541,1.54,0,0,-0.039833738,0,-0,0,0,0,-0.00096047127,0,0,0,0,0,0.027575945,0,0,0,0.52,1.2918725,-0.32677325,-1.5588382,-1.3264002e-10,5.5554003e-10,0.79721857,-3.0477107e-10,4.830482e-10,-2.3560567,0.00035295193,5.2707615e-09,-8.403791e-09,5.9181465e-06,-0.0020534795,6.4265928e-08,-1.0143884e-07,3.8525025e-05,-592.79314,-1.1115254e-05,1.7866545e-05,-6.8926648,0,0
1542,1.541,0,0,-0.039834685,0,-0,0,0,0,-0.00093272609,0,0,0,0,0,0.027688767,0,0,0,0.52,1.2918726,-0.32677401,-1.5588378,-1.3029785e-10,5.4584321e-10,0.79721892,-2.9947045e-10,4.7459731e-10,-2.3560567,0.00035074314,5.3316132e-09,-8.4997985e-09,5.9532249e-06,-0.0021570192,6.1989757e-08,-9.7818003e-08,3.6227275e-05,-592.79969,-1.1684543e-05,1.8769127e-05,-6.8931369,0,0
1543,1.542,0,0,-0.039835603,0,-0,0,0,0,-0.00090488346,0,0,0,0,0,0.027791343,0,0,0,0.52,1.2918727,-0.32677474,-1.5588375,-1.2793001e-10,5.3603786e-10,0.79721927,-2.9411012e-10,4.6605223e-10,-2.3560567,0.00034843313,5.3901841e-09,-8.5921783e-09,5.9860139e-06,-0.0022590167,5.9710506e-08,-9.4192531e-08,3.3935094e-05,-592.80562,-1.2245414e-05,1.965828e-05,-6.8935993,0,0
1544,1.543,0,0,-0.039836494,0,-0,0,0,0,-0.00087695356,0,0,0,0,0,0.027883718,0,0,0,0.52,1.2918728,-0.32677544,-1.5588371,-1.2553749e-10,5.2612815e-10,0.79721962,-2.8869236e-10,4.5741659e-10,-2.3560567,0.00034602346,5.4464723e-09,-8.6809276e-09,6.0165202e-06,-0.0023594498,5.7428964e-08,-9.0563673e-08,3.1649219e-05,-592.81093,-1.2797743e-05,2.0533809e-05,-6.8940519,0,0
1545,1.544,0,0,-0.039837357,0,-0,0,0,0,-0.0008489465,0,0,0,0,0,0.027965941,0,0,0,0.52,1.2918729,-0.32677612,-1.5588368,-1.2312131e-10,5.1611825e-10,0.79721996,-2.8321946e-10,4.4869401e-10,-2.3560567,0.00034351574,5.5004767e-09,-8.7660448e-09,6.0447511e-06,-0.0024582967,5.5145922e-08,-8.6932686e-08,2.9370379e-05,-592.81563,-1.334141e-05,2.1395524e-05,-6.8944945,0,0
1546,1.545,0,0,-0.039838192,0,-0,0,0,0,-0.00082087238,0,0,0,0,0,0.028038065,0,0,0,0.52,1.291873,-0.32677678,-1.5588364,-1.2068245e-10,5.0601234e-10,0.7972203,-2.776937e-10,4.3988813e-10,-2.3560567,0.00034091159,5.5521969e-09,-8.8475297e-09,6.0707149e-06,-0.0025555364,5.2862166e-08,-8.3300816e-08,2.7099289e-05,-592.81972,-1.38763e-05,2.2243242e-05,-6.8949272,0,0
1547,1.546,0,0,-0.039838999,0,-0,0,0,0,-0.00079274119,0,0,0,0,0,0.028100143,0,0,0,0.52,1.2918731,-0.3267774,-1.5588361,-1.1822193e-10,4.9581457e-10,0.79722064,-2.7211735e-10,4.3100258e-10,-2.3560567,0.00033821263,5.6016336e-09,-8.9253832e-09,6.0944202e-06,-0.0026511488,5.057847e-08,-7.9669294e-08,2.4836665e-05,-592.8232,-1.44023e-05,2.3076787e-05,-6.8953498,0,0
1548,1.547,0,0,-0.039839777,0,-0,0,0,0,-0.00076456291,0,0,0,0,0,0.028152235,0,0,0,0.52,1.2918732,-0.326778,-1.5588357,-1.1574075e-10,4.8552913e-10,0.79722098,-2.6649271e-10,4.2204099e-10,-2.3560567,0.00033542053,5.6487877e-09,-8.9996076e-09,6.1158767e-06,-0.0027451143,4.8295604e-08,-7.6039342e-08,2.258321e-05,-592.82608,-1.4919303e-05,2.3895988e-05,-6.8957623,0,0
1549,1.548,0,0,-0.039840528,0,-0,0,0,0,-0.00073634743,0,0,0,0,0,0.0281944,0,0,0,0.52,1.2918733,-0.32677857,-1.5588354,-1.132399e-10,4.7516017e-10,0.79722131,-2.6082206e-10,4.1300699e-10,-2.3560567,0.00033253697,5.6936614e-09,-9.0702062e-09,6.1350945e-06,-0.002837414,4.6014336e-08,-7.241218e-08,2.0339618e-05,-592.82836,-1.5427204e-05,2.4700681e-05,-6.8961647,0,0
1550,1.549,0,0,-0.03984125,0,-0,0,0,0,-0.00070810458,0,0,0,0,0,0.028226703,0,0,0,0.52,1.2918734,-0.32677912,-1.558835,-1.1072039e-10,4.6471187e-10,0.79722164,-2.5510767e-10,4.039042e-10,-2.3560567,0.00032956363,5.7362574e-09,-9.1371836e-09,6.1520846e-06,-0.0029280299,4.3735427e-08,-6.8789013e-08,1.8106574e-05,-592.83004,-1.5925904e-05,2.5490708e-05,-6.8965568,0,0
1551,1.55,0,0,-0.039841944,0,-0,0,0,0,-0.00067984411,0,0,0,0,0,0.028249209,0,0,0,0.52,1.2918735,-0.32677964,-1.5588347,-1.0818321e-10,4.5418837e-10,0.79722197,-2.4935182e-10,3.9473624e-10,-2.3560567,0.00032650223,5.7765791e-09,-9.2005456e-09,6.1668584e-06,-0.0030169444,4.1459622e-08,-6.5171027e-08,1.5884758e-05,-592.83114,-1.6415305e-05,2.6265916e-05,-6.8969386,0,0
1552,1.551,0,0,-0.03984261,0,-0,0,0,0,-0.00065157574,0,0,0,0,0,0.028261989,0,0,0,0.52,1.2918736,-0.32678013,-1.5588344,-1.0562937e-10,4.4359383e-10,0.7972223,-2.4355678e-10,3.8550672e-10,-2.3560567,0.00032335449,5.8146308e-09,-9.2602992e-09,6.1794283e-06,-0.0031041409,3.918767e-08,-6.1559407e-08,1.3674837e-05,-592.83164,-1.6895315e-05,2.702616e-05,-6.8973101,0,0
1553,1.552,0,0,-0.039843247,0,-0,0,0,0,-0.00062330906,0,0,0,0,0,0.028265115,0,0,0,0.52,1.2918737,-0.32678059,-1.558834,-1.0305985e-10,4.3293238e-10,0.79722262,-2.3772482e-10,3.7621925e-10,-2.3560567,0.00032012216,5.8504175e-09,-9.3164525e-09,6.1898071e-06,-0.0031896035,3.6920307e-08,-5.7955325e-08,1.1477473e-05,-592.83157,-1.7365846e-05,2.77713e-05,-6.8976712,0,0
1554,1.553,0,0,-0.039843856,0,-0,0,0,0,-0.00059505362,0,0,0,0,0,0.02825866,0,0,0,0.52,1.2918738,-0.32678103,-1.5588337,-1.0047565e-10,4.2220816e-10,0.79722294,-2.3185821e-10,3.6687741e-10,-2.3560567,0.00031680698,5.8839447e-09,-9.3690148e-09,6.1980083e-06,-0.0032733167,3.4658265e-08,-5.4359941e-08,9.2933128e-06,-592.83091,-1.7826813e-05,2.8501203e-05,-6.8980218,0,0
1555,1.554,0,0,-0.039844437,0,-0,0,0,0,-0.0005668189,0,0,0,0,0,0.028242704,0,0,0,0.52,1.2918739,-0.32678145,-1.5588334,-9.7877752e-11,4.1142528e-10,0.79722325,-2.2595919e-10,3.574848e-10,-2.3560567,0.00031341074,5.915219e-09,-9.4179964e-09,6.2040462e-06,-0.0033552662,3.2402263e-08,-5.0774398e-08,7.123001e-06,-592.82969,-1.8278135e-05,2.9215742e-05,-6.8983621,0,0
1556,1.555,0,0,-0.03984499,0,-0,0,0,0,-0.00053861426,0,0,0,0,0,0.028217324,0,0,0,0.52,1.291874,-0.32678183,-1.5588331,-9.5267148e-11,4.0058785e-10,0.79722356,-2.2003002e-10,3.4804499e-10,-2.3560566,0.00030993522,5.9442474e-09,-9.4634089e-09,6.2079354e-06,-0.0034354379,3.015302e-08,-4.7199833e-08,4.9671671e-06,-592.82789,-1.8719736e-05,2.9914795e-05,-6.8986918,0,0
1557,1.556,0,0,-0.039845515,0,-0,0,0,0,-0.00051044902,0,0,0,0,0,0.028182605,0,0,0,0.52,1.2918741,-0.32678219,-1.5588328,-9.2644818e-11,3.8969997e-10,0.79722387,-2.1407294e-10,3.3856155e-10,-2.3560566,0.00030638221,5.9710377e-09,-9.5052651e-09,6.2096915e-06,-0.0035138188,2.7911244e-08,-4.363737e-08,2.8264315e-06,-592.82553,-1.9151542e-05,3.0598248e-05,-6.899011,0,0
1558,1.557,0,0,-0.039846011,0,-0,0,0,0,-0.00048233238,0,0,0,0,0,0.028138631,0,0,0,0.52,1.2918742,-0.32678253,-1.5588325,-9.0011742e-11,3.7876571e-10,0.79722418,-2.0809018e-10,3.2903801e-10,-2.3560566,0.00030275352,5.9955985e-09,-9.5435786e-09,6.2093304e-06,-0.0035903964,2.5677629e-08,-4.0088114e-08,7.0140788e-07,-592.82262,-1.9573484e-05,3.1265992e-05,-6.8993196,0,0
1559,1.558,0,0,-0.039846479,0,-0,0,0,0,-0.00045427346,0,0,0,0,0,0.02808549,0,0,0,0.52,1.2918743,-0.32678283,-1.5588322,-8.7368893e-11,3.6778914e-10,0.79722448,-2.0208396e-10,3.1947793e-10,-2.3560566,0.00029905098,6.017939e-09,-9.5783642e-09,6.2068687e-06,-0.003665159,2.3452872e-08,-3.6553166e-08,-1.4073049e-06,-592.81915,-1.9985497e-05,3.1917925e-05,-6.8996177,0,0
1560,1.559,0,0,-0.03984692,0,-0,0,0,0,-0.00042628129,0,0,0,0,0,0.028023271,0,0,0,0.52,1.2918744,-0.32678311,-1.5588318,-8.4717241e-11,3.5677429e-10,0.79722478,-1.9605651e-10,3.098848e-10,-2.3560566,0.00029527642,6.0380691e-09,-9.6096381e-09,6.2023237e-06,-0.0037380956,2.1237649e-08,-3.3033603e-08,-3.4991116e-06,-592.81513,-2.038752e-05,3.255395e-05,-6.8999052,0,0
1561,1.56,0,0,-0.039847332,0,-0,0,0,0,-0.00039836483,0,0,0,0,0,0.027952068,0,0,0,0.52,1.2918745,-0.32678337,-1.5588315,-8.2057753e-11,3.4572519e-10,0.79722507,-1.9001003e-10,3.0026215e-10,-2.3560566,0.00029143167,6.0559992e-09,-9.637417e-09,6.1957131e-06,-0.0038091958,1.9032637e-08,-2.9530495e-08,-5.5734311e-06,-592.81058,-2.0779494e-05,3.3173977e-05,-6.900182,0,0
1562,1.561,0,0,-0.039847716,0,-0,0,0,0,-0.0003705329,0,0,0,0,0,0.027871974,0,0,0,0.52,1.2918745,-0.3267836,-1.5588313,-7.939139e-11,3.3464586e-10,0.79722536,-1.8394671e-10,2.9061346e-10,-2.3560566,0.0002875186,6.0717406e-09,-9.6617191e-09,6.1870553e-06,-0.0038784501,1.6838504e-08,-2.6044903e-08,-7.629696e-06,-592.80548,-2.1161368e-05,3.3777923e-05,-6.9004483,0,0
1563,1.562,0,0,-0.039848073,0,-0,0,0,0,-0.00034279426,0,0,0,0,0,0.027783086,0,0,0,0.52,1.2918746,-0.3267838,-1.558831,-7.6719106e-11,3.2354026e-10,0.79722564,-1.7786873e-10,2.8094218e-10,-2.3560566,0.00028353905,6.0853052e-09,-9.6825635e-09,6.1763691e-06,-0.0039458494,1.4655906e-08,-2.2577865e-08,-9.6673465e-06,-592.79986,-2.153309e-05,3.4365708e-05,-6.9007039,0,0
1564,1.563,0,0,-0.039848402,0,-0,0,0,0,-0.00031515755,0,0,0,0,0,0.027685504,0,0,0,0.52,1.2918747,-0.32678398,-1.5588307,-7.4041851e-11,3.1241237e-10,0.79722592,-1.7177827e-10,2.7125178e-10,-2.3560566,0.00027949489,6.0967055e-09,-9.6999701e-09,6.163674e-06,-0.0040113857,1.2485483e-08,-1.9130401e-08,-1.1685829e-05,-592.79372,-2.1894614e-05,3.4937262e-05,-6.9009489,0,0
1565,1.564,0,0,-0.039848704,0,-0,0,0,0,-0.0002876313,0,0,0,0,0,0.027579329,0,0,0,0.52,1.2918748,-0.32678414,-1.5588304,-7.1360571e-11,3.0126612e-10,0.7972262,-1.6567748e-10,2.6154567e-10,-2.3560566,0.00027538801,6.1059546e-09,-9.7139602e-09,6.1489901e-06,-0.0040750513,1.0327879e-08,-1.5703528e-08,-1.3684605e-05,-592.78705,-2.2245899e-05,3.5492518e-05,-6.9011833,0,0
1566,1.565,0,0,-0.039848978,0,-0,0,0,0,-0.00026022397,0,0,0,0,0,0.027464665,0,0,0,0.52,1.2918749,-0.32678426,-1.5588301,-6.8676202e-11,2.9010542e-10,0.79722648,-1.5956851e-10,2.5182726e-10,-2.3560566,0.00027122028,6.1130662e-09,-9.7245558e-09,6.1323376e-06,-0.0041368394,8.1837229e-09,-1.2298245e-08,-1.566315e-05,-592.77988,-2.2586906e-05,3.6031416e-05,-6.901407,0,0
1567,1.566,0,0,-0.039849224,0,-0,0,0,0,-0.00023294388,0,0,0,0,0,0.027341616,0,0,0,0.52,1.291875,-0.32678437,-1.5588298,-6.5989678e-11,2.7893417e-10,0.79722674,-1.5345348e-10,2.4209994e-10,-2.3560566,0.00026699358,6.1180548e-09,-9.73178e-09,6.1137378e-06,-0.0041967438,6.0536331e-09,-8.9155318e-09,-1.7620944e-05,-592.7722,-2.29176e-05,3.6553903e-05,-6.9016202,0,0
1568,1.567,0,0,-0.039849444,0,-0,0,0,0,-0.00020579925,0,0,0,0,0,0.02721029,0,0,0,0.52,1.291875,-0.32678445,-1.5588296,-6.3301923e-11,2.6775621e-10,0.79722701,-1.4733451e-10,2.3236706e-10,-2.3560566,0.00026270981,6.1209353e-09,-9.7356568e-09,6.093212e-06,-0.0042547592,3.9382176e-09,-5.5563524e-09,-1.9557481e-05,-592.76402,-2.3237951e-05,3.7059931e-05,-6.9018227,0,0
1569,1.568,0,0,-0.039849636,0,-0,0,0,0,-0.0001787982,0,0,0,0,0,0.027070796,0,0,0,0.52,1.2918751,-0.3267845,-1.5588293,-6.0613855e-11,2.5657539e-10,0.79722727,-1.4121371e-10,2.2263196e-10,-2.3560566,0.00025837087,6.1217233e-09,-9.7362111e-09,6.0707824e-06,-0.0043108807,1.8380818e-09,-2.2216648e-09,-2.147227e-05,-592.75535,-2.3547931e-05,3.7549457e-05,-6.9020146,0,0
1570,1.569,0,0,-0.039849801,0,-0,0,0,0,-0.00015194873,0,0,0,0,0,0.026923247,0,0,0,0.52,1.2918752,-0.32678453,-1.558829,-5.7926387e-11,2.4539551e-10,0.79722753,-1.3509315e-10,2.1289795e-10,-2.3560566,0.00025397866,6.120435e-09,-9.7334688e-09,6.0464713e-06,-0.0043651042,-2.4619366e-10,1.0876071e-09,-2.3364822e-05,-592.7462,-2.3847518e-05,3.8022447e-05,-6.902196,0,0
1571,1.57,0,0,-0.03984994,0,-0,0,0,0,-0.00012525872,0,0,0,0,0,0.026767754,0,0,0,0.52,1.2918753,-0.32678453,-1.5588288,-5.5240422e-11,2.3422034e-10,0.79722778,-1.289749e-10,2.0316831e-10,-2.3560566,0.00024953507,6.1170871e-09,-9.7274568e-09,6.0203017e-06,-0.0044174264,-2.3140207e-09,4.3705349e-09,-2.5234668e-05,-592.73657,-2.413669e-05,3.8478869e-05,-6.9023668,0,0
1572,1.571,0,0,-0.039850052,0,-0,0,0,0,-9.8735952e-05,0,0,0,0,0,0.026604433,0,0,0,0.52,1.2918754,-0.32678451,-1.5588285,-5.2556857e-11,2.2305362e-10,0.79722803,-1.2286103e-10,1.9344629e-10,-2.3560565,0.00024504202,6.1116968e-09,-9.7182028e-09,5.992297e-06,-0.0044678443,-4.3648328e-09,7.626219e-09,-2.7081347e-05,-592.72647,-2.4415433e-05,3.8918699e-05,-6.902527,0,0
1573,1.572,0,0,-0.039850138,0,-0,0,0,0,-7.2388067e-05,0,0,0,0,0,0.026433401,0,0,0,0.52,1.2918754,-0.32678447,-1.5588283,-4.987658e-11,2.1189907e-10,0.79722827,-1.1675354e-10,1.8373513e-10,-2.3560565,0.0002405014,6.1042822e-09,-9.7057352e-09,5.9624811e-06,-0.004516356,-6.398067e-09,1.0853769e-08,-2.8904411e-05,-592.7159,-2.4683734e-05,3.934192e-05,-6.9026768,0,0
1574,1.573,0,0,-0.039850197,0,-0,0,0,0,-4.6222605e-05,0,0,0,0,0,0.026254775,0,0,0,0.52,1.2918755,-0.3267844,-1.558828,-4.7200472e-11,2.0076035e-10,0.79722851,-1.1065448e-10,1.7403802e-10,-2.3560565,0.00023591514,6.0948614e-09,-9.6900836e-09,5.9308781e-06,-0.0045629599,-8.4131795e-09,1.405232e-08,-3.0703418e-05,-592.70488,-2.4941583e-05,3.9748517e-05,-6.9028161,0,0
1575,1.574,0,0,-0.03985023,0,-0,0,0,0,-2.0246977e-05,0,0,0,0,0,0.026068677,0,0,0,0.52,1.2918756,-0.32678431,-1.5588278,-4.4529405e-11,1.8964112e-10,0.79722874,-1.0456582e-10,1.6435813e-10,-2.3560565,0.00023128514,6.0834536e-09,-9.6712783e-09,5.8975129e-06,-0.0046076554,-1.0409627e-08,1.7221014e-08,-3.2477944e-05,-592.69341,-2.5188977e-05,4.0138485e-05,-6.902945,0,0
1576,1.575,0,0,-0.039850238,0,-0,0,0,0,5.5315251e-06,0,0,0,0,0,0.025875227,0,0,0,0.52,1.2918757,-0.32678419,-1.5588276,-4.1864242e-11,1.7854497e-10,0.79722897,-9.8489546e-11,1.546986e-10,-2.3560565,0.0002266133,6.0700781e-09,-9.6493503e-09,5.8624105e-06,-0.0046504423,-1.238688e-08,2.0359013e-08,-3.4227577e-05,-592.6815,-2.5425913e-05,4.0511821e-05,-6.9030634,0,0
1577,1.576,0,0,-0.039850219,0,-0,0,0,0,3.1105735e-05,0,0,0,0,0,0.025674549,0,0,0,0.52,1.2918757,-0.32678405,-1.5588273,-3.9205839e-11,1.6747548e-10,0.79722919,-9.2427619e-11,1.4506254e-10,-2.3560565,0.00022190154,6.0547549e-09,-9.6243315e-09,5.8255965e-06,-0.0046913211,-1.4344424e-08,2.3465501e-08,-3.5951911e-05,-592.66915,-2.5652393e-05,4.0868531e-05,-6.9031715,0,0
1578,1.577,0,0,-0.039850176,0,-0,0,0,0,5.6468611e-05,0,0,0,0,0,0.025466767,0,0,0,0.52,1.2918758,-0.32678389,-1.5588271,-3.6555042e-11,1.5643618e-10,0.79722941,-8.6381974e-11,1.3545301e-10,-2.3560565,0.00021715176,6.0375045e-09,-9.5962548e-09,5.7870966e-06,-0.0047302929,-1.6281748e-08,2.6539669e-08,-3.7650559e-05,-592.65638,-2.5868424e-05,4.1208623e-05,-6.9032693,0,0
1579,1.578,0,0,-0.039850107,0,-0,0,0,0,8.1613238e-05,0,0,0,0,0,0.025252007,0,0,0,0.52,1.2918759,-0.32678371,-1.5588269,-3.3912687e-11,1.4543058e-10,0.79722963,-8.0354527e-11,1.2587307e-10,-2.3560565,0.00021236587,6.0183478e-09,-9.5651535e-09,5.7469371e-06,-0.0047673597,-1.8198361e-08,2.9580739e-08,-3.9323138e-05,-592.64319,-2.6074013e-05,4.1532114e-05,-6.9033569,0,0
1580,1.579,0,0,-0.039850013,0,-0,0,0,0,0.00010653283,0,0,0,0,0,0.025030397,0,0,0,0.52,1.2918759,-0.3267835,-1.5588267,-3.1279601e-11,1.3446211e-10,0.79722984,-7.4347173e-11,1.1632571e-10,-2.3560565,0.00020754576,5.9973063e-09,-9.531062e-09,5.7051448e-06,-0.0048025237,-2.0093774e-08,3.2587936e-08,-4.0969284e-05,-592.62958,-2.6269173e-05,4.1839024e-05,-6.9034342,0,0
1581,1.58,0,0,-0.039849894,0,-0,0,0,0,0.00013122073,0,0,0,0,0,0.024802065,0,0,0,0.52,1.291876,-0.32678328,-1.5588265,-2.8656602e-11,1.2353422e-10,0.79723004,-6.8361788e-11,1.0681392e-10,-2.3560565,0.00020269334,5.9744019e-09,-9.4940152e-09,5.6617465e-06,-0.0048357881,-2.1967517e-08,3.5560517e-08,-4.2588635e-05,-592.61558,-2.645392e-05,4.212938e-05,-6.9035013,0,0
1582,1.581,0,0,-0.03984975,0,-0,0,0,0,0.00015567041,0,0,0,0,0,0.024567142,0,0,0,0.52,1.291876,-0.32678303,-1.5588262,-2.6044498e-11,1.1265026e-10,0.79723024,-6.2400221e-11,9.7340618e-11,-2.3560565,0.0001978105,5.949657e-09,-9.4540488e-09,5.6167695e-06,-0.0048671565,-2.3819115e-08,3.8497734e-08,-4.4180859e-05,-592.60118,-2.6628274e-05,4.2403213e-05,-6.9035584,0,0
1583,1.582,0,0,-0.039849583,0,-0,0,0,0,0.00017987548,0,0,0,0,0,0.024325758,0,0,0,0.52,1.2918761,-0.32678275,-1.558826,-2.3444087e-11,1.0181357e-10,0.79723044,-5.6464303e-11,8.7908719e-11,-2.3560565,0.00019289913,5.9230944e-09,-9.4111993e-09,5.5702415e-06,-0.0048966332,-2.5648131e-08,4.1398888e-08,-4.5745615e-05,-592.58639,-2.6792257e-05,4.2660561e-05,-6.9036054,0,0
1584,1.583,0,0,-0.039849391,0,-0,0,0,0,0.00020382967,0,0,0,0,0,0.024078046,0,0,0,0.52,1.2918762,-0.32678246,-1.5588259,-2.0856157e-11,9.102746e-11,0.79723063,-5.0555838e-11,7.8521083e-11,-2.3560565,0.00018796111,5.8947373e-09,-9.3655039e-09,5.5221904e-06,-0.004924223,-2.7454112e-08,4.4263268e-08,-4.7282589e-05,-592.57122,-2.6945894e-05,4.2901465e-05,-6.9036424,0,0
1585,1.584,0,0,-0.039849175,0,-0,0,0,0,0.00022752685,0,0,0,0,0,0.02382414,0,0,0,0.52,1.2918762,-0.32678215,-1.5588257,-1.8281484e-11,8.0295164e-11,0.79723081,-4.4676611e-11,6.9180538e-11,-2.3560565,0.00018299833,5.8646094e-09,-9.3170002e-09,5.4726445e-06,-0.0049499316,-2.9236634e-08,4.7090201e-08,-4.8791471e-05,-592.55568,-2.7089216e-05,4.3125974e-05,-6.9036696,0,0
1586,1.585,0,0,-0.039848936,0,-0,0,0,0,0.00025096104,0,0,0,0,0,0.023564173,0,0,0,0.52,1.2918763,-0.32678181,-1.5588255,-1.5720835e-11,6.9619895e-11,0.79723099,-3.8828378e-11,5.9889872e-11,-2.3560565,0.00017801265,5.8327348e-09,-9.2657268e-09,5.4216323e-06,-0.0049737649,-3.0995276e-08,4.9879021e-08,-5.0271968e-05,-592.53977,-2.7222255e-05,4.333414e-05,-6.9036868,0,0
1587,1.586,0,0,-0.039848674,0,-0,0,0,0,0.00027412638,0,0,0,0,0,0.023298281,0,0,0,0.52,1.2918763,-0.32678145,-1.5588253,-1.3174966e-11,5.9004814e-11,0.79723117,-3.3012875e-11,5.0651834e-11,-2.3560565,0.00017300593,5.799138e-09,-9.2117227e-09,5.3691826e-06,-0.0049957296,-3.2729633e-08,5.2629088e-08,-5.1723796e-05,-592.52352,-2.7345046e-05,4.3526022e-05,-6.9036944,0,0
1588,1.587,0,0,-0.039848388,0,-0,0,0,0,0.00029701714,0,0,0,0,0,0.023026601,0,0,0,0.52,1.2918764,-0.32678108,-1.5588251,-1.0644622e-11,4.8453037e-11,0.79723134,-2.7231812e-11,4.1469137e-11,-2.3560565,0.00016798005,5.7638438e-09,-9.1550276e-09,5.3153245e-06,-0.0050158329,-3.4439305e-08,5.5339771e-08,-5.3146684e-05,-592.50691,-2.7457629e-05,4.3701681e-05,-6.9036922,0,0
1589,1.588,0,0,-0.03984808,0,-0,0,0,0,0.00031962774,0,0,0,0,0,0.02274927,0,0,0,0.52,1.2918764,-0.32678068,-1.5588249,-8.1305377e-12,3.7967637e-11,0.79723151,-2.1486872e-11,3.234445e-11,-2.3560565,0.00016293684,5.7268776e-09,-9.0956817e-09,5.2600873e-06,-0.0050340828,-3.6123915e-08,5.8010471e-08,-5.4540371e-05,-592.48997,-2.7560044e-05,4.3861186e-05,-6.9036803,0,0
1590,1.589,0,0,-0.039847749,0,-0,0,0,0,0.00034195275,0,0,0,0,0,0.022466427,0,0,0,0.52,1.2918765,-0.32678026,-1.5588248,-5.6334345e-12,2.7551638e-11,0.79723167,-1.5779716e-11,2.3280404e-11,-2.3560564,0.00015787815,5.6882649e-09,-9.0337261e-09,5.2035005e-06,-0.0050504875,-3.7783082e-08,6.0640588e-08,-5.5904614e-05,-592.47269,-2.7652339e-05,4.400461e-05,-6.903659,0,0
1591,1.59,0,0,-0.039847396,0,-0,0,0,0,0.00036398685,0,0,0,0,0,0.022178209,0,0,0,0.52,1.2918765,-0.32677983,-1.5588246,-3.154024e-12,1.7208016e-11,0.79723182,-1.0111976e-11,1.4279587e-11,-2.3560564,0.00015280581,5.6480318e-09,-8.969202e-09,5.1455941e-06,-0.005065056,-3.9416451e-08,6.322956e-08,-5.7239174e-05,-592.4551,-2.773456e-05,4.4132031e-05,-6.9036282,0,0
1592,1.591,0,0,-0.039847021,0,-0,0,0,0,0.00038572488,0,0,0,0,0,0.021884756,0,0,0,0.52,1.2918766,-0.32677937,-1.5588245,-6.9300574e-13,6.9397027e-12,0.79723197,-4.4852596e-12,5.3445467e-12,-2.3560564,0.00014772164,5.6062045e-09,-8.9021516e-09,5.0863979e-06,-0.0050777978,-4.1023668e-08,6.5776829e-08,-5.854383e-05,-592.43719,-2.780676e-05,4.4243531e-05,-6.903588,0,0
1593,1.592,0,0,-0.039846625,0,-0,0,0,0,0.00040716182,0,0,0,0,0,0.02158621,0,0,0,0.52,1.2918766,-0.3267789,-1.5588243,1.7489323e-12,-3.250422e-12,0.79723212,1.0988524e-12,-3.5222114e-12,-2.3560564,0.00014262746,5.5628098e-09,-8.8326172e-09,5.0259423e-06,-0.0050887229,-4.2604394e-08,6.8281859e-08,-5.9818374e-05,-592.41898,-2.7868991e-05,4.4339197e-05,-6.9035385,0,0
1594,1.593,0,0,-0.039846207,0,-0,0,0,0,0.00042829278,0,0,0,0,0,0.021282711,0,0,0,0.52,1.2918767,-0.32677841,-1.5588242,4.1711139e-12,-1.3359526e-11,0.79723226,6.638806e-12,-1.2318225e-11,-2.3560564,0.00013752506,5.5178745e-09,-8.7606419e-09,4.9642576e-06,-0.0050978419,-4.4158309e-08,7.0744143e-08,-6.1062602e-05,-592.40047,-2.7921313e-05,4.4419121e-05,-6.9034798,0,0
1595,1.594,0,0,-0.039845769,0,-0,0,0,0,0.00044911302,0,0,0,0,0,0.0209744,0,0,0,0.52,1.2918767,-0.3267779,-1.558824,6.5728753e-12,-2.3384827e-11,0.79723239,1.2133075e-11,-2.1041076e-11,-2.3560564,0.00013241623,5.471426e-09,-8.6862692e-09,4.9013744e-06,-0.0051051659,-4.568509e-08,7.3163174e-08,-6.2276331e-05,-592.38168,-2.7963784e-05,4.44834e-05,-6.903412,0,0
1596,1.595,0,0,-0.03984531,0,-0,0,0,0,0.00046961795,0,0,0,0,0,0.020661419,0,0,0,0.52,1.2918768,-0.32677737,-1.5588239,8.9535643e-12,-3.3323592e-11,0.79723252,1.7580159e-11,-2.9688389e-11,-2.3560564,0.00012730275,5.4234919e-09,-8.6095431e-09,4.8373234e-06,-0.0051107065,-4.7184438e-08,7.553848e-08,-6.3459384e-05,-592.3626,-2.7996467e-05,4.4532135e-05,-6.9033352,0,0
1597,1.596,0,0,-0.03984483,0,-0,0,0,0,0.00048980311,0,0,0,0,0,0.020343911,0,0,0,0.52,1.2918768,-0.32677682,-1.5588238,1.1312541e-11,-4.317314e-11,0.79723265,2.2978587e-11,-3.8257831e-11,-2.3560564,0.00012218639,5.3741e-09,-8.5305079e-09,4.7721357e-06,-0.0051144759,-4.8656061e-08,7.7869598e-08,-6.46116e-05,-592.34326,-2.801943e-05,4.4565431e-05,-6.9032495,0,0
1598,1.597,0,0,-0.03984433,0,-0,0,0,0,0.00050966418,0,0,0,0,0,0.020022019,0,0,0,0.52,1.2918768,-0.32677626,-1.5588236,1.3649179e-11,-5.2930841e-11,0.79723277,2.8326915e-11,-4.6747118e-11,-2.3560564,0.0001170689,5.3232785e-09,-8.4492086e-09,4.7058423e-06,-0.0051164866,-5.0099681e-08,8.015609e-08,-6.5732825e-05,-592.32365,-2.8032738e-05,4.4583399e-05,-6.9031549,0,0
1599,1.598,0,0,-0.039843811,0,-0,0,0,0,0.000529197,0,0,0,0,0,0.019695886,0,0,0,0.52,1.2918769,-0.32677568,-1.5588235,1.5962862e-11,-6.2594116e-11,0.79723288,3.3623729e-11,-5.5154007e-11,-2.3560564,0.00011195202,5.2710559e-09,-8.3656904e-09,4.6384743e-06,-0.0051167518,-5.1515024e-08,8.2397526e-08,-6.6822924e-05,-592.30379,-2.8036466e-05,4.4586152e-05,-6.9030517,0,0
1600,1.599,0,0,-0.039843272,0,-0,0,0,0,0.00054839754,0,0,0,0,0,0.019365655,0,0,0,0.52,1.2918769,-0.32677508,-1.5588234,1.8252989e-11,-7.2160439e-11,0.79723299,3.886764e-11,-6.3476303e-11,-2.3560564,0.00010683746,5.2174606e-09,-8.2799989e-09,4.5700631e-06,-0.0051152852,-5.2901839e-08,8.4593508e-08,-6.7881765e-05,-592.28369,-2.8030685e-05,4.4573809e-05,-6.9029398,0,0
1601,1.6,0,0,-0.039842714,0,-0,0,0,0,0.00056726192,0,0,0,0,0,0.019031471,0,0,0,0.52,1.2918769,-0.32677447,-1.5588233,2.0518969e-11,-8.1627335e-11,0.79723309,4.4057292e-11,-7.1711855e-11,-2.3560564,0.00010172695,5.1625217e-09,-8.1921802e-09,4.5006402e-06,-0.0051121007,-5.4259874e-08,8.6743643e-08,-6.8909236e-05,-592.26335,-2.8015473e-05,4.4546494e-05,-6.9028195,0,0
1602,1.601,0,0,-0.039842138,0,-0,0,0,0,0.0005857864,0,0,0,0,0,0.018693477,0,0,0,0.52,1.291877,-0.32677384,-1.5588232,2.2760227e-11,-9.0992385e-11,0.79723319,4.9191354e-11,-7.9858559e-11,-2.3560564,9.6622186e-05,5.1062683e-09,-8.1022806e-09,4.4302369e-06,-0.0051072131,-5.5588903e-08,8.8847571e-08,-6.9905231e-05,-592.24278,-2.7990909e-05,4.4504331e-05,-6.9026907,0,0
1603,1.602,0,0,-0.039841543,0,-0,0,0,0,0.00060396738,0,0,0,0,0,0.018351817,0,0,0,0.52,1.291877,-0.32677319,-1.5588231,2.4976197e-11,-1.0025322e-10,0.79723329,5.4268529e-11,-8.7914359e-11,-2.3560564,9.1524836e-05,5.0487297e-09,-8.010347e-09,4.3588851e-06,-0.0051006372,-5.68887e-08,9.0904938e-08,-7.0869658e-05,-592.222,-2.7957075e-05,4.4447453e-05,-6.9025537,0,0
1604,1.603,0,0,-0.03984093,0,-0,0,0,0,0.00062180143,0,0,0,0,0,0.018006637,0,0,0,0.52,1.291877,-0.32677253,-1.558823,2.716633e-11,-1.0940753e-10,0.79723338,5.9287544e-11,-9.5877243e-11,-2.3560564,8.6436572e-05,4.9899355e-09,-7.9164263e-09,4.2866162e-06,-0.0050923886,-5.815906e-08,9.2915421e-08,-7.1802435e-05,-592.20101,-2.7914054e-05,4.4375994e-05,-6.9024085,0,0
1605,1.604,0,0,-0.0398403,0,-0,0,0,0,0.00063928523,0,0,0,0,0,0.017658079,0,0,0,0.52,1.2918771,-0.32677186,-1.5588229,2.9330087e-11,-1.1845305e-10,0.79723346,6.4247159e-11,-1.0374525e-10,-2.3560564,8.1359042e-05,4.9299153e-09,-7.820566e-09,4.2134622e-06,-0.0050824832,-5.9399775e-08,9.4878696e-08,-7.2703499e-05,-592.17982,-2.7861935e-05,4.4290092e-05,-6.9022552,0,0
1606,1.605,0,0,-0.039839652,0,-0,0,0,0,0.00065641562,0,0,0,0,0,0.017306289,0,0,0,0.52,1.2918771,-0.32677117,-1.5588228,3.1466944e-11,-1.2738758e-10,0.79723354,6.9146163e-11,-1.1151646e-10,-2.3560564,7.6293877e-05,4.8686992e-09,-7.7228136e-09,4.1394548e-06,-0.0050709373,-6.0610667e-08,9.679448e-08,-7.3572785e-05,-592.15843,-2.7800804e-05,4.4189891e-05,-6.902094,0,0
1607,1.606,0,0,-0.039838987,0,-0,0,0,0,0.0006731896,0,0,0,0,0,0.016951411,0,0,0,0.52,1.2918771,-0.32677046,-1.5588228,3.3576388e-11,-1.3620896e-10,0.79723361,7.3983376e-11,-1.1918901e-10,-2.3560564,7.1242694e-05,4.8063172e-09,-7.6232171e-09,4.0646258e-06,-0.0050577678,-6.1791558e-08,9.8662494e-08,-7.4410249e-05,-592.13687,-2.7730755e-05,4.4075536e-05,-6.9019249,0,0
1608,1.607,0,0,-0.039838306,0,-0,0,0,0,0.00068960427,0,0,0,0,0,0.016593589,0,0,0,0.52,1.2918771,-0.32676974,-1.5588227,3.5657923e-11,-1.4491512e-10,0.79723368,7.8757647e-11,-1.2676107e-10,-2.3560564,6.620709e-05,4.7427996e-09,-7.5218247e-09,3.9890071e-06,-0.0050429919,-6.2942281e-08,1.0048248e-07,-7.5215858e-05,-592.11512,-2.765188e-05,4.3947177e-05,-6.9017481,0,0
1609,1.608,0,0,-0.039837609,0,-0,0,0,0,0.00070565693,0,0,0,0,0,0.016232967,0,0,0,0.52,1.2918772,-0.32676901,-1.5588226,3.7711062e-11,-1.5350399e-10,0.79723375,8.3467855e-11,-1.3423088e-10,-2.3560564,6.1188646e-05,4.6781767e-09,-7.4186846e-09,3.9126307e-06,-0.0050266271,-6.4062686e-08,1.022542e-07,-7.5989586e-05,-592.09322,-2.7564276e-05,4.3804967e-05,-6.9015638,0,0
1610,1.609,0,0,-0.039836895,0,-0,0,0,0,0.00072134498,0,0,0,0,0,0.015869689,0,0,0,0.52,1.2918772,-0.32676827,-1.5588226,3.9735335e-11,-1.619736e-10,0.7972338,8.811291e-11,-1.4159672e-10,-2.3560564,5.6188922e-05,4.6124791e-09,-7.3138455e-09,3.8355284e-06,-0.0050086914,-6.5152634e-08,1.0397743e-07,-7.6731421e-05,-592.07115,-2.7468041e-05,4.3649064e-05,-6.901372,0,0
1611,1.61,0,0,-0.039836166,0,-0,0,0,0,0.00073666598,0,0,0,0,0,0.015503899,0,0,0,0.52,1.2918772,-0.32676751,-1.5588225,4.1730284e-11,-1.7032203e-10,0.79723386,9.2691754e-11,-1.488569e-10,-2.3560564,5.1209463e-05,4.5457374e-09,-7.2073563e-09,3.757732e-06,-0.0049892033,-6.6211994e-08,1.0565198e-07,-7.7441361e-05,-592.04894,-2.7363275e-05,4.3479627e-05,-6.9011728,0,0
1612,1.611,0,0,-0.039835422,0,-0,0,0,0,0.00075161764,0,0,0,0,0,0.01513574,0,0,0,0.52,1.2918772,-0.32676674,-1.5588224,4.3695463e-11,-1.785474e-10,0.79723391,9.7203357e-11,-1.5600981e-10,-2.3560563,4.6251792e-05,4.4779824e-09,-7.0992658e-09,3.6792736e-06,-0.0049681816,-6.7240646e-08,1.0727765e-07,-7.8119416e-05,-592.02659,-2.725008e-05,4.3296819e-05,-6.9009664,0,0
1613,1.612,0,0,-0.039834663,0,-0,0,0,0,0.00076619781,0,0,0,0,0,0.014765355,0,0,0,0.52,1.2918772,-0.32676596,-1.5588224,4.5630443e-11,-1.8664789e-10,0.79723395,1.0164672e-10,-1.6305386e-10,-2.3560563,4.1317415e-05,4.409245e-09,-6.9896232e-09,3.6001849e-06,-0.0049456453,-6.8238484e-08,1.0885429e-07,-7.8765607e-05,-592.00411,-2.7128561e-05,4.3100809e-05,-6.900753,0,0
1614,1.613,0,0,-0.03983389,0,-0,0,0,0,0.00078040446,0,0,0,0,0,0.014392886,0,0,0,0.52,1.2918772,-0.32676516,-1.5588224,4.7534805e-11,-1.9462175e-10,0.79723399,1.0602088e-10,-1.6998752e-10,-2.3560563,3.6407817e-05,4.3395561e-09,-6.8784777e-09,3.5204977e-06,-0.004921614,-6.9205414e-08,1.1038174e-07,-7.9379964e-05,-591.9815,-2.6998825e-05,4.2891765e-05,-6.9005326,0,0
1615,1.614,0,0,-0.039833103,0,-0,0,0,0,0.00079423573,0,0,0,0,0,0.014018477,0,0,0,0.52,1.2918773,-0.32676436,-1.5588223,4.9408147e-11,-2.0246727e-10,0.79723402,1.103249e-10,-1.7680933e-10,-2.3560563,3.1524462e-05,4.2689468e-09,-6.7658788e-09,3.4402439e-06,-0.0048961076,-7.0141349e-08,1.1185986e-07,-7.9962531e-05,-591.95878,-2.6860979e-05,4.2669861e-05,-6.9003053,0,0
1616,1.615,0,0,-0.039832302,0,-0,0,0,0,0.0008076899,0,0,0,0,0,0.013642269,0,0,0,0.52,1.2918773,-0.32676354,-1.5588223,5.1250077e-11,-2.1018282e-10,0.79723405,1.1455787e-10,-1.8351785e-10,-2.3560563,2.6668797e-05,4.1974482e-09,-6.6518759e-09,3.3594552e-06,-0.0048691462,-7.1046221e-08,1.1328857e-07,-8.0513355e-05,-591.93596,-2.6715134e-05,4.2435272e-05,-6.9000713,0,0
1617,1.616,0,0,-0.039831488,0,-0,0,0,0,0.00082076537,0,0,0,0,0,0.013264403,0,0,0,0.52,1.2918773,-0.32676271,-1.5588223,5.306022e-11,-2.1776679e-10,0.79723408,1.1871892e-10,-1.9011171e-10,-2.3560563,2.1842244e-05,4.1250913e-09,-6.5365186e-09,3.2781631e-06,-0.0048407504,-7.1919961e-08,1.1466774e-07,-8.1032506e-05,-591.91304,-2.6561403e-05,4.2188178e-05,-6.8998308,0,0
1618,1.617,0,0,-0.039830661,0,-0,0,0,0,0.00083346069,0,0,0,0,0,0.01288502,0,0,0,0.52,1.2918773,-0.32676188,-1.5588222,5.4838214e-11,-2.2521766e-10,0.7972341,1.2280721e-10,-1.9658956e-10,-2.3560563,1.7046208e-05,4.0519075e-09,-6.4198565e-09,3.1963993e-06,-0.0048109411,-7.2762524e-08,1.1599731e-07,-8.152005e-05,-591.89003,-2.6399898e-05,4.192876e-05,-6.8995838,0,0
1619,1.618,0,0,-0.039829821,0,-0,0,0,0,0.00084577457,0,0,0,0,0,0.01250426,0,0,0,0.52,1.2918773,-0.32676103,-1.5588222,5.6583708e-11,-2.3253395e-10,0.79723411,1.2682192e-10,-2.0295014e-10,-2.3560563,1.2282069e-05,3.977928e-09,-6.3019393e-09,3.1141952e-06,-0.0047797394,-7.3573863e-08,1.1727721e-07,-8.1976077e-05,-591.86695,-2.6230736e-05,4.1657203e-05,-6.8993306,0,0
1620,1.619,0,0,-0.03982897,0,-0,0,0,0,0.00085770584,0,0,0,0,0,0.012122263,0,0,0,0.52,1.2918773,-0.32676017,-1.5588222,5.8296368e-11,-2.3971425e-10,0.79723412,1.3076228e-10,-2.0919221e-10,-2.3560563,7.5511885e-06,3.903184e-09,-6.1828168e-09,3.0315822e-06,-0.0047471669,-7.4353953e-08,1.1850741e-07,-8.240068e-05,-591.84379,-2.6054034e-05,4.1373694e-05,-6.8990712,0,0
1621,1.62,0,0,-0.039828106,0,-0,0,0,0,0.00086925346,0,0,0,0,0,0.011739167,0,0,0,0.52,1.2918773,-0.32675931,-1.5588222,5.9975873e-11,-2.4675719e-10,0.79723413,1.3462754e-10,-2.1531459e-10,-2.3560563,2.854904e-06,3.8277068e-09,-6.0625387e-09,2.9485916e-06,-0.0047132453,-7.510278e-08,1.1968788e-07,-8.2793958e-05,-591.82057,-2.5869911e-05,4.1078423e-05,-6.8988057,0,0
1622,1.621,0,0,-0.039827232,0,-0,0,0,0,0.00088041654,0,0,0,0,0,0.011355111,0,0,0,0.52,1.2918773,-0.32675843,-1.5588222,6.1621915e-11,-2.5366148e-10,0.79723413,1.3841698e-10,-2.2131616e-10,-2.3560563,-1.8054682e-06,3.7515277e-09,-5.9411547e-09,2.8652545e-06,-0.0046779966,-7.5820328e-08,1.208186e-07,-8.3156028e-05,-591.79729,-2.5678488e-05,4.0771581e-05,-6.8985344,0,0
1623,1.622,0,0,-0.039826346,0,-0,0,0,0,0.00089119433,0,0,0,0,0,0.010970232,0,0,0,0.52,1.2918773,-0.32675755,-1.5588222,6.32342e-11,-2.6042586e-10,0.79723412,1.4212991e-10,-2.2719582e-10,-2.3560563,-6.4286347e-06,3.674678e-09,-5.8187146e-09,2.781602e-06,-0.0046414432,-7.6506602e-08,1.2189959e-07,-8.3487015e-05,-591.77397,-2.5479885e-05,4.0453364e-05,-6.8982573,0,0
1624,1.623,0,0,-0.03982545,0,-0,0,0,0,0.00090158622,0,0,0,0,0,0.010584667,0,0,0,0.52,1.2918773,-0.32675666,-1.5588222,6.4812447e-11,-2.6704914e-10,0.79723411,1.4576568e-10,-2.3295255e-10,-2.3560563,-1.1013325e-05,3.5971888e-09,-5.6952681e-09,2.6976649e-06,-0.0046036077,-7.7161618e-08,1.2293087e-07,-8.3787049e-05,-591.75061,-2.5274228e-05,4.0123968e-05,-6.8979746,0,0
1625,1.624,0,0,-0.039824543,0,-0,0,0,0,0.00091159171,0,0,0,0,0,0.010198551,0,0,0,0.52,1.2918773,-0.32675576,-1.5588222,6.6356391e-11,-2.7353021e-10,0.7972341,1.4932367e-10,-2.3858538e-10,-2.3560563,-1.555829e-05,3.5190916e-09,-5.5708648e-09,2.6134741e-06,-0.004564513,-7.7785396e-08,1.2391249e-07,-8.4056277e-05,-591.72722,-2.5061641e-05,3.9783593e-05,-6.8976864,0,0
1626,1.625,0,0,-0.039823627,0,-0,0,0,0,0.00092121046,0,0,0,0,0,0.009812019,0,0,0,0.52,1.2918773,-0.32675485,-1.5588222,6.7865777e-11,-2.7986797e-10,0.79723408,1.5280327e-10,-2.4409335e-10,-2.3560563,-2.0062307e-05,3.4404173e-09,-5.4455543e-09,2.5290599e-06,-0.0045241821,-7.8377976e-08,1.2484449e-07,-8.4294846e-05,-591.70381,-2.484225e-05,3.9432439e-05,-6.8973929,0,0
1627,1.626,0,0,-0.039822701,0,-0,0,0,0,0.00093044226,0,0,0,0,0,0.0094252053,0,0,0,0.52,1.2918773,-0.32675394,-1.5588222,6.9340368e-11,-2.8606141e-10,0.79723406,1.5620394e-10,-2.494756e-10,-2.3560563,-2.4524174e-05,3.3611972e-09,-5.3193861e-09,2.444453e-06,-0.0044826385,-7.8939399e-08,1.2572696e-07,-8.450292e-05,-591.68039,-2.4616183e-05,3.9070711e-05,-6.8970942,0,0
1628,1.627,0,0,-0.039821766,0,-0,0,0,0,0.00093928702,0,0,0,0,0,0.0090382427,0,0,0,0.52,1.2918773,-0.32675302,-1.5588223,7.0779938e-11,-2.9210957e-10,0.79723403,1.5952514e-10,-2.5473129e-10,-2.3560563,-2.8942713e-05,3.2814623e-09,-5.1924096e-09,2.3596834e-06,-0.0044399056,-7.9469717e-08,1.2655998e-07,-8.4680672e-05,-591.65696,-2.4383568e-05,3.8698613e-05,-6.8967904,0,0
1629,1.628,0,0,-0.039820823,0,-0,0,0,0,0.0009477448,0,0,0,0,0,0.0086512632,0,0,0,0.52,1.2918773,-0.32675209,-1.5588223,7.2184274e-11,-2.9801155e-10,0.797234,1.6276636e-10,-2.5985964e-10,-2.3560563,-3.3316771e-05,3.2012437e-09,-5.0646741e-09,2.2747813e-06,-0.0043960072,-7.9969001e-08,1.2734367e-07,-8.4828279e-05,-591.63353,-2.4144537e-05,3.8316353e-05,-6.8964818,0,0
1630,1.629,0,0,-0.039819871,0,-0,0,0,0,0.00095581576,0,0,0,0,0,0.0082643978,0,0,0,0.52,1.2918773,-0.32675116,-1.5588223,7.3553179e-11,-3.0376649e-10,0.79723397,1.6592715e-10,-2.6485991e-10,-2.3560563,-3.7645218e-05,3.1205722e-09,-4.9362288e-09,2.1897766e-06,-0.0043509675,-8.0437321e-08,1.2807814e-07,-8.4945931e-05,-591.61012,-2.3899219e-05,3.7924139e-05,-6.8961684,0,0
1631,1.63,0,0,-0.039818912,0,-0,0,0,0,0.00096350023,0,0,0,0,0,0.0078777763,0,0,0,0.52,1.2918773,-0.32675022,-1.5588224,7.4886467e-11,-3.0937361e-10,0.79723393,1.6900707e-10,-2.6973141e-10,-2.3560563,-4.192695e-05,3.0394787e-09,-4.8071225e-09,2.1046988e-06,-0.0043048104,-8.0874761e-08,1.2876352e-07,-8.5033827e-05,-591.58672,-2.3647747e-05,3.7522183e-05,-6.8958503,0,0
1632,1.631,0,0,-0.039817945,0,-0,0,0,0,0.00097079863,0,0,0,0,0,0.0074915275,0,0,0,0.52,1.2918773,-0.32674927,-1.5588224,7.6183968e-11,-3.1483217e-10,0.79723388,1.7200571e-10,-2.7447351e-10,-2.3560563,-4.6160886e-05,2.9579939e-09,-4.6774043e-09,2.0195775e-06,-0.0042575605,-8.1281422e-08,1.2939999e-07,-8.5092168e-05,-591.56335,-2.3390255e-05,3.7110697e-05,-6.8955278,0,0
1633,1.632,0,0,-0.039816971,0,-0,0,0,0,0.00097771154,0,0,0,0,0,0.0071057792,0,0,0,0.52,1.2918772,-0.32674833,-1.5588225,7.7445524e-11,-3.2014149e-10,0.79723383,1.7492268e-10,-2.7908563e-10,-2.3560563,-5.0345969e-05,2.8761486e-09,-4.5471228e-09,1.9344418e-06,-0.0042092422,-8.1657403e-08,1.299877e-07,-8.5121172e-05,-591.54001,-2.3126877e-05,3.6689895e-05,-6.895201,0,0
1634,1.633,0,0,-0.03981599,0,-0,0,0,0,0.00098423963,0,0,0,0,0,0.0067206576,0,0,0,0.52,1.2918772,-0.32674737,-1.5588225,7.8670989e-11,-3.2530094e-10,0.79723378,1.7775766e-10,-2.8356722e-10,-2.3560563,-5.4481168e-05,2.793973e-09,-4.4163264e-09,1.8493208e-06,-0.0041598804,-8.2002816e-08,1.3052683e-07,-8.5121063e-05,-591.51672,-2.2857748e-05,3.6259993e-05,-6.89487,0,0
1635,1.634,0,0,-0.039815002,0,-0,0,0,0,0.00099038374,0,0,0,0,0,0.0063362882,0,0,0,0.52,1.2918772,-0.32674642,-1.5588226,7.9860234e-11,-3.3030996e-10,0.79723373,1.8051031e-10,-2.8791779e-10,-2.3560563,-5.8565478e-05,2.7114978e-09,-4.2850634e-09,1.7642432e-06,-0.0041094998,-8.2317787e-08,1.3101759e-07,-8.5092072e-05,-591.49347,-2.2583004e-05,3.5821207e-05,-6.8945349,0,0
1636,1.635,0,0,-0.039814009,0,-0,0,0,0,0.00099614478,0,0,0,0,0,0.005952795,0,0,0,0.52,1.2918772,-0.32674545,-1.5588226,8.1013141e-11,-3.3516804e-10,0.79723367,1.8318037e-10,-2.921369e-10,-2.3560563,-6.2597916e-05,2.628753e-09,-4.1533819e-09,1.6792376e-06,-0.0040581256,-8.260245e-08,1.314602e-07,-8.5034436e-05,-591.47028,-2.2302783e-05,3.5373755e-05,-6.894196,0,0
1637,1.636,0,0,-0.039813011,0,-0,0,0,0,0.0010015238,0,0,0,0,0,0.0055703006,0,0,0,0.52,1.2918772,-0.32674449,-1.5588227,8.2129604e-11,-3.3987471e-10,0.7972336,1.8576757e-10,-2.9622416e-10,-2.3560563,-6.6577528e-05,2.5457688e-09,-4.0213297e-09,1.5943322e-06,-0.0040057828,-8.2856943e-08,1.3185487e-07,-8.4948404e-05,-591.44715,-2.2017222e-05,3.4917856e-05,-6.8938533,0,0
1638,1.637,0,0,-0.039812007,0,-0,0,0,0,0.0010065221,0,0,0,0,0,0.0051889267,0,0,0,0.52,1.2918772,-0.32674352,-1.5588227,8.3209533e-11,-3.4442958e-10,0.79723353,1.8827168e-10,-3.0017922e-10,-2.3560563,-7.0503381e-05,2.4625751e-09,-3.8889543e-09,1.5095551e-06,-0.0039524968,-8.3081423e-08,1.3220186e-07,-8.4834228e-05,-591.4241,-2.172646e-05,3.4453733e-05,-6.893507,0,0
1639,1.638,0,0,-0.039810998,0,-0,0,0,0,0.0010111408,0,0,0,0,0,0.0048087933,0,0,0,0.52,1.2918771,-0.32674255,-1.5588228,8.4252848e-11,-3.4883229e-10,0.79723346,1.9069252e-10,-3.0400177e-10,-2.3560563,-7.4374573e-05,2.3792018e-09,-3.7563031e-09,1.4249339e-06,-0.003898293,-8.3276043e-08,1.3250141e-07,-8.4692175e-05,-591.40112,-2.1430635e-05,3.3981604e-05,-6.8931573,0,0
1640,1.639,0,0,-0.039809985,0,-0,0,0,0,0.0010153814,0,0,0,0,0,0.0044300191,0,0,0,0.52,1.2918771,-0.32674158,-1.5588229,8.5259486e-11,-3.5308255e-10,0.79723338,1.9302992e-10,-3.0769157e-10,-2.3560563,-7.8190222e-05,2.2956783e-09,-3.6234231e-09,1.3404962e-06,-0.003843197,-8.3440973e-08,1.327538e-07,-8.4522512e-05,-591.37823,-2.1129888e-05,3.3501694e-05,-6.8928042,0,0
1641,1.64,0,0,-0.039808967,0,-0,0,0,0,0.0010192455,0,0,0,0,0,0.0040527216,0,0,0,0.52,1.2918771,-0.32674061,-1.558823,8.6229393e-11,-3.5718013e-10,0.7972333,1.9528374e-10,-3.1124841e-10,-2.3560563,-8.1949474e-05,2.2120342e-09,-3.4903611e-09,1.2562692e-06,-0.0037872343,-8.3576392e-08,1.3295932e-07,-8.4325516e-05,-591.35543,-2.0824358e-05,3.3014226e-05,-6.892448,0,0
1642,1.641,0,0,-0.039807947,0,-0,0,0,0,0.0010227347,0,0,0,0,0,0.0036770167,0,0,0,0.52,1.2918771,-0.32673963,-1.5588231,8.7162529e-11,-3.6112483e-10,0.79723322,1.9745388e-10,-3.1467213e-10,-2.3560563,-8.5651503e-05,2.1282987e-09,-3.3571633e-09,1.1722798e-06,-0.0037304307,-8.3682486e-08,1.3311826e-07,-8.4101472e-05,-591.33273,-2.0514188e-05,3.2519423e-05,-6.8920888,0,0
1643,1.642,0,0,-0.039806922,0,-0,0,0,0,0.0010258507,0,0,0,0,0,0.0033030189,0,0,0,0.52,1.2918771,-0.32673865,-1.5588231,8.8058869e-11,-3.6491651e-10,0.79723313,1.9954026e-10,-3.1796263e-10,-2.3560563,-8.9295506e-05,2.0445008e-09,-3.2238761e-09,1.0885545e-06,-0.003672812,-8.3759446e-08,1.3323094e-07,-8.3850674e-05,-591.31014,-2.0199517e-05,3.2017512e-05,-6.8917267,0,0
1644,1.643,0,0,-0.039805895,0,-0,0,0,0,0.0010285954,0,0,0,0,0,0.0029308413,0,0,0,0.52,1.291877,-0.32673767,-1.5588232,8.8918397e-11,-3.6855511e-10,0.79723304,2.0154284e-10,-3.2111982e-10,-2.3560563,-9.2880706e-05,1.9606693e-09,-3.090545e-09,1.0051197e-06,-0.0036144042,-8.3807483e-08,1.3329768e-07,-8.3573413e-05,-591.28766,-1.9880488e-05,3.1508716e-05,-6.8913619,0,0
1645,1.644,0,0,-0.039804866,0,-0,0,0,0,0.0010309709,0,0,0,0,0,0.0025605953,0,0,0,0.52,1.291877,-0.32673669,-1.5588233,8.9741113e-11,-3.7204059e-10,0.79723295,2.0346158e-10,-3.2414369e-10,-2.3560563,-9.6406354e-05,1.8768328e-09,-2.9572156e-09,9.2200141e-07,-0.003555233,-8.38268e-08,1.3331882e-07,-8.327e-05,-591.2653,-1.9557243e-05,3.0993263e-05,-6.8909945,0,0
1646,1.645,0,0,-0.039803834,0,-0,0,0,0,0.0010329792,0,0,0,0,0,0.0021923909,0,0,0,0.52,1.291877,-0.32673572,-1.5588234,9.0527027e-11,-3.7537297e-10,0.79723285,2.0529651e-10,-3.2703427e-10,-2.3560563,-9.9871724e-05,1.7930198e-09,-2.823933e-09,8.3922529e-07,-0.0034953246,-8.3817615e-08,1.332947e-07,-8.2940747e-05,-591.24306,-1.9229924e-05,3.0471379e-05,-6.8906246,0,0
1647,1.646,0,0,-0.0398028,0,-0,0,0,0,0.0010346225,0,0,0,0,0,0.0018263367,0,0,0,0.52,1.2918769,-0.32673474,-1.5588235,9.1276162e-11,-3.7855233e-10,0.79723275,2.0704766e-10,-3.2979163e-10,-2.3560563,-0.00010327612,1.7092584e-09,-2.6907418e-09,7.5681671e-07,-0.0034347049,-8.3780162e-08,1.332257e-07,-8.2585967e-05,-591.22096,-1.8898675e-05,2.994329e-05,-6.8902525,0,0
1648,1.647,0,0,-0.039801765,0,-0,0,0,0,0.0010359032,0,0,0,0,0,0.0014625395,0,0,0,0.52,1.2918769,-0.32673376,-1.5588236,9.1988553e-11,-3.8157879e-10,0.79723264,2.0871509e-10,-3.3241587e-10,-2.3560563,-0.00010661887,1.6255764e-09,-2.5576863e-09,6.7480072e-07,-0.0033734001,-8.3714671e-08,1.3311219e-07,-8.2205986e-05,-591.199,-1.8563637e-05,2.9409225e-05,-6.8898782,0,0
1649,1.648,0,0,-0.039800729,0,-0,0,0,0,0.0010368235,0,0,0,0,0,0.0011011045,0,0,0,0.52,1.2918769,-0.32673278,-1.5588237,9.266425e-11,-3.8445253e-10,0.79723253,2.1029891e-10,-3.3490716e-10,-2.3560563,-0.00010989932,1.5420017e-09,-2.4248106e-09,5.9320201e-07,-0.0033114363,-8.3621385e-08,1.3295456e-07,-8.1801134e-05,-591.17719,-1.8224954e-05,2.8869411e-05,-6.8895019,0,0
1650,1.649,0,0,-0.039799692,0,-0,0,0,0,0.0010373862,0,0,0,0,0,0.00074213531,0,0,0,0.52,1.2918769,-0.3267318,-1.5588238,9.330331e-11,-3.8717379e-10,0.79723242,2.1179922e-10,-3.3726569e-10,-2.3560563,-0.00011311686,1.4585615e-09,-2.2921581e-09,5.1204496e-07,-0.0032488395,-8.3500555e-08,1.327532e-07,-8.1371746e-05,-591.15553,-1.7882769e-05,2.8324075e-05,-6.8891238,0,0
1651,1.65,0,0,-0.039798654,0,-0,0,0,0,0.0010375937,0,0,0,0,0,0.00038573402,0,0,0,0.52,1.2918768,-0.32673082,-1.558824,9.3905806e-11,-3.8974283e-10,0.79723231,2.1321618e-10,-3.3949172e-10,-2.3560563,-0.0001162709,1.3752832e-09,-2.1597719e-09,4.3135359e-07,-0.0031856359,-8.3352438e-08,1.3250853e-07,-8.0918163e-05,-591.13402,-1.7537225e-05,2.7773445e-05,-6.8887439,0,0
1652,1.651,0,0,-0.039797617,0,-0,0,0,0,0.0010374489,0,0,0,0,0,3.2000913e-05,0,0,0,0.52,1.2918768,-0.32672985,-1.5588241,9.4471821e-11,-3.9215998e-10,0.79723219,2.1454996e-10,-3.4158553e-10,-2.3560563,-0.00011936086,1.2921934e-09,-2.0276947e-09,3.5115156e-07,-0.0031218517,-8.3177293e-08,1.3222097e-07,-8.0440736e-05,-591.11268,-1.7188465e-05,2.721775e-05,-6.8883624,0,0
1653,1.652,0,0,-0.03979658,0,-0,0,0,0,0.0010369544,0,0,0,0,0,-0.00031896538,0,0,0,0.52,1.2918768,-0.32672888,-1.5588242,9.500145e-11,-3.9442562e-10,0.79723207,2.1580077e-10,-3.4354744e-10,-2.3560563,-0.0001223862,1.209319e-09,-1.8959687e-09,2.7146221e-07,-0.0030575129,-8.29754e-08,1.3189096e-07,-7.9939812e-05,-591.09151,-1.6836633e-05,2.6657216e-05,-6.8879796,0,0
1654,1.653,0,0,-0.039795543,0,-0,0,0,0,0.0010361133,0,0,0,0,0,-0.00066706795,0,0,0,0.52,1.2918767,-0.32672791,-1.5588243,9.54948e-11,-3.9654017e-10,0.79723195,2.1696882e-10,-3.4537783e-10,-2.3560563,-0.00012534641,1.1266861e-09,-1.7646358e-09,1.923085e-07,-0.0029926458,-8.2747036e-08,1.3151894e-07,-7.9415748e-05,-591.07052,-1.6481872e-05,2.6092071e-05,-6.8875954,0,0
1655,1.654,0,0,-0.039794508,0,-0,0,0,0,0.0010349285,0,0,0,0,0,-0.0010122116,0,0,0,0.52,1.2918767,-0.32672694,-1.5588244,9.5951989e-11,-3.985041e-10,0.79723182,2.1805439e-10,-3.4707712e-10,-2.3560563,-0.000128241,1.0443209e-09,-1.6337372e-09,1.13713e-07,-0.0029272762,-8.2492479e-08,1.3110537e-07,-7.8868912e-05,-591.04971,-1.6124324e-05,2.5522542e-05,-6.8872101,0,0
1656,1.655,0,0,-0.039793474,0,-0,0,0,0,0.0010334032,0,0,0,0,0,-0.0013543029,0,0,0,0.52,1.2918766,-0.32672597,-1.5588246,9.6373147e-11,-4.0031793e-10,0.79723169,2.1905775e-10,-3.4864576e-10,-2.3560563,-0.00013106951,9.6224913e-10,-1.5033138e-09,3.5697962e-08,-0.0028614304,-8.2212028e-08,1.3065071e-07,-7.8299665e-05,-591.02908,-1.5764133e-05,2.4948857e-05,-6.8868237,0,0
1657,1.656,0,0,-0.039792441,0,-0,0,0,0,0.0010315404,0,0,0,0,0,-0.0016932501,0,0,0,0.52,1.2918766,-0.32672501,-1.5588247,9.6758413e-11,-4.0198222e-10,0.79723156,2.199792e-10,-3.5008425e-10,-2.3560563,-0.0001338315,8.8049618e-10,-1.373406e-09,-4.1714778e-08,-0.0027951343,-8.1905979e-08,1.3015544e-07,-7.7708382e-05,-591.00865,-1.5401441e-05,2.4371243e-05,-6.8864365,0,0
1658,1.657,0,0,-0.039791411,0,-0,0,0,0,0.0010293436,0,0,0,0,0,-0.0020289634,0,0,0,0.52,1.2918766,-0.32672405,-1.5588248,9.710794e-11,-4.0349759e-10,0.79723142,2.2081907e-10,-3.5139311e-10,-2.3560563,-0.00013652655,7.9908722e-10,-1.2440537e-09,-1.1850375e-07,-0.0027284138,-8.1574634e-08,1.2962004e-07,-7.709544e-05,-590.98842,-1.503639e-05,2.3789924e-05,-6.8860486,0,0
1659,1.658,0,0,-0.039790383,0,-0,0,0,0,0.0010268161,0,0,0,0,0,-0.0023613546,0,0,0,0.52,1.2918765,-0.3267231,-1.558825,9.7421889e-11,-4.048647e-10,0.79723128,2.2157773e-10,-3.5257293e-10,-2.3560563,-0.00013915429,7.1804707e-10,-1.1152962e-09,-1.9464786e-07,-0.0026612949,-8.1218306e-08,1.2904501e-07,-7.6461221e-05,-590.96839,-1.4669122e-05,2.3205128e-05,-6.8856601,0,0
1660,1.659,0,0,-0.039789358,0,-0,0,0,0,0.0010239612,0,0,0,0,0,-0.0026903375,0,0,0,0.52,1.2918765,-0.32672215,-1.5588251,9.7700435e-11,-4.0608423e-10,0.79723114,2.2225555e-10,-3.5362432e-10,-2.3560563,-0.00014171434,6.3740026e-10,-9.8717243e-10,-2.7012641e-07,-0.0025938033,-8.0837312e-08,1.2843086e-07,-7.5806107e-05,-590.94857,-1.4299779e-05,2.2617078e-05,-6.8852711,0,0
1661,1.66,0,0,-0.039788335,0,-0,0,0,0,0.0010207827,0,0,0,0,0,-0.0030158276,0,0,0,0.52,1.2918764,-0.3267212,-1.5588253,9.7943762e-11,-4.0715695e-10,0.797231,2.2285293e-10,-3.5454793e-10,-2.3560563,-0.00014420639,5.5717095e-10,-8.597207e-10,-3.4491908e-07,-0.0025259649,-8.0431978e-08,1.2777811e-07,-7.5130486e-05,-590.92896,-1.3928501e-05,2.2026e-05,-6.8848817,0,0
1662,1.661,0,0,-0.039787316,0,-0,0,0,0,0.001017284,0,0,0,0,0,-0.0033377424,0,0,0,0.52,1.2918764,-0.32672026,-1.5588254,9.8152062e-11,-4.0808363e-10,0.79723085,2.2337032e-10,-3.5534445e-10,-2.3560563,-0.00014663011,4.77383e-10,-7.3297885e-10,-4.1900597e-07,-0.0024578051,-8.0002624e-08,1.2708727e-07,-7.4434755e-05,-590.90957,-1.3555431e-05,2.1432117e-05,-6.8844922,0,0
1663,1.662,0,0,-0.039786301,0,-0,0,0,0,0.0010134688,0,0,0,0,0,-0.003656001,0,0,0,0.52,1.2918764,-0.32671933,-1.5588256,9.8325542e-11,-4.0886512e-10,0.79723071,2.2380815e-10,-3.5601461e-10,-2.3560563,-0.00014898524,3.9805993e-10,-6.0698417e-10,-4.9236756e-07,-0.0023893498,-7.954959e-08,1.2635888e-07,-7.3719307e-05,-590.89041,-1.3180707e-05,2.0835652e-05,-6.8841026,0,0
1664,1.663,0,0,-0.03978529,0,-0,0,0,0,0.0010093411,0,0,0,0,0,-0.0039705246,0,0,0,0.52,1.2918763,-0.32671839,-1.5588257,9.8464416e-11,-4.0950229e-10,0.79723056,2.2416691e-10,-3.5655918e-10,-2.3560563,-0.0001512715,3.192249e-10,-4.8177339e-10,-5.6498472e-07,-0.0023206242,-7.9073213e-08,1.2559348e-07,-7.2984545e-05,-590.87147,-1.280447e-05,2.0236826e-05,-6.8837131,0,0
1665,1.664,0,0,-0.039784283,0,-0,0,0,0,0.0010049045,0,0,0,0,0,-0.0042812362,0,0,0,0.52,1.2918763,-0.32671747,-1.5588259,9.8568908e-11,-4.0999605e-10,0.7972304,2.244471e-10,-3.5697896e-10,-2.3560563,-0.00015348867,2.4090075e-10,-3.573827e-10,-6.3683875e-07,-0.0022516537,-7.857384e-08,1.2479162e-07,-7.223087e-05,-590.85277,-1.2426859e-05,1.9635862e-05,-6.8833238,0,0
1666,1.665,0,0,-0.03978328,0,-0,0,0,0,0.001000163,0,0,0,0,0,-0.0045880606,0,0,0,0.52,1.2918762,-0.32671655,-1.558826,9.8639254e-11,-4.1034737e-10,0.79723025,2.2464924e-10,-3.5727479e-10,-2.3560563,-0.00015563654,1.6310995e-10,-2.3384772e-10,-7.0791136e-07,-0.0021824637,-7.8051816e-08,1.2395386e-07,-7.1458691e-05,-590.8343,-1.2048012e-05,1.9032978e-05,-6.8829348,0,0
1667,1.666,0,0,-0.039782283,0,-0,0,0,0,0.00099512063,0,0,0,0,0,-0.0048909248,0,0,0,0.52,1.2918762,-0.32671564,-1.5588262,9.8675698e-11,-4.1055724e-10,0.79723009,2.2477387e-10,-3.5744753e-10,-2.3560563,-0.00015771492,8.5874607e-11,-1.1120351e-10,-7.7818463e-07,-0.0021130791,-7.7507498e-08,1.2308076e-07,-7.0668416e-05,-590.81607,-1.1668066e-05,1.8428394e-05,-6.8825463,0,0
1668,1.667,0,0,-0.03978129,0,-0,0,0,0,0.00098978146,0,0,0,0,0,-0.0051897573,0,0,0,0.52,1.2918761,-0.32671473,-1.5588263,9.8678494e-11,-4.1062671e-10,0.79722993,2.2482155e-10,-3.574981e-10,-2.3560563,-0.00015972367,9.2164816e-12,1.051547e-11,-8.4764111e-07,-0.0020435251,-7.694125e-08,1.221729e-07,-6.9860454e-05,-590.7981,-1.128716e-05,1.7822328e-05,-6.8821584,0,0
1669,1.668,0,0,-0.039780303,0,-0,0,0,0,0.0009841496,0,0,0,0,0,-0.0054844888,0,0,0,0.52,1.2918761,-0.32671383,-1.5588265,9.8647906e-11,-4.1055685e-10,0.79722977,2.2479289e-10,-3.5742744e-10,-2.3560563,-0.00016166265,-6.684303e-11,1.312753e-10,-9.1626372e-07,-0.0019738264,-7.6353425e-08,1.2123086e-07,-6.9035228e-05,-590.78037,-1.0905429e-05,1.7214996e-05,-6.8817712,0,0
1670,1.669,0,0,-0.039779322,0,-0,0,0,0,0.00097822927,0,0,0,0,0,-0.005775052,0,0,0,0.52,1.291876,-0.32671293,-1.5588267,9.8584205e-11,-4.1034877e-10,0.79722961,2.2468848e-10,-3.5723653e-10,-2.3560563,-0.00016353175,-1.4228292e-10,2.510427e-10,-9.8403583e-07,-0.0019040077,-7.5744403e-08,1.2025522e-07,-6.8193148e-05,-590.76289,-1.0523009e-05,1.6606613e-05,-6.8813848,0,0
1671,1.67,0,0,-0.039778347,0,-0,0,0,0,0.00097202472,0,0,0,0,0,-0.0060613812,0,0,0,0.52,1.291876,-0.32671204,-1.5588268,9.8487673e-11,-4.1000365e-10,0.79722945,2.2450895e-10,-3.5692637e-10,-2.3560563,-0.00016533088,-2.1708254e-10,3.6978495e-10,-1.0509412e-06,-0.0018340936,-7.5114545e-08,1.1924657e-07,-6.733464e-05,-590.74568,-1.0140035e-05,1.5997394e-05,-6.8809995,0,0
1672,1.671,0,0,-0.039777378,0,-0,0,0,0,0.00096554029,0,0,0,0,0,-0.006343413,0,0,0,0.52,1.2918759,-0.32671116,-1.558827,9.8358602e-11,-4.0952266e-10,0.79722928,2.2425496e-10,-3.56498e-10,-2.3560563,-0.00016706,-2.9122162e-10,4.8746995e-10,-1.1169641e-06,-0.0017641084,-7.4464234e-08,1.1820552e-07,-6.6460125e-05,-590.72872,-9.75664e-06,1.538755e-05,-6.8806151,0,0
1673,1.672,0,0,-0.039776416,0,-0,0,0,0,0.00095878037,0,0,0,0,0,-0.0066210857,0,0,0,0.52,1.2918759,-0.32671029,-1.5588272,9.8197289e-11,-4.0890703e-10,0.79722911,2.2392718e-10,-3.559525e-10,-2.3560563,-0.00016871906,-3.6468028e-10,6.0406622e-10,-1.1820891e-06,-0.0016940765,-7.3793855e-08,1.1713269e-07,-6.5570023e-05,-590.71203,-9.3729575e-06,1.4777294e-05,-6.8802321,0,0
1674,1.673,0,0,-0.039775461,0,-0,0,0,0,0.0009517494,0,0,0,0,0,-0.0068943397,0,0,0,0.52,1.2918758,-0.32670943,-1.5588273,9.8004044e-11,-4.0815804e-10,0.79722894,2.2352629e-10,-3.5529097e-10,-2.3560563,-0.00017030805,-4.3743903e-10,7.1954288e-10,-1.2463012e-06,-0.0016240218,-7.3103786e-08,1.1602867e-07,-6.4664762e-05,-590.69561,-8.9891193e-06,1.4166834e-05,-6.8798503,0,0
1675,1.674,0,0,-0.039774513,0,-0,0,0,0,0.0009444519,0,0,0,0,0,-0.0071631173,0,0,0,0.52,1.2918758,-0.32670857,-1.5588275,9.7779182e-11,-4.0727698e-10,0.79722877,2.2305301e-10,-3.5451455e-10,-2.3560563,-0.00017182699,-5.0947876e-10,8.3386966e-10,-1.309586e-06,-0.0015539681,-7.2394413e-08,1.1489408e-07,-6.3744773e-05,-590.67947,-8.6052566e-06,1.3556379e-05,-6.87947,0,0
1676,1.675,0,0,-0.039773573,0,-0,0,0,0,0.00093689241,0,0,0,0,0,-0.0074273629,0,0,0,0.52,1.2918757,-0.32670772,-1.5588277,9.7523027e-11,-4.0626519e-10,0.7972286,2.2250806e-10,-3.536244e-10,-2.3560563,-0.00017327592,-5.8078075e-10,9.4701694e-10,-1.3719293e-06,-0.0014839393,-7.1666133e-08,1.1372955e-07,-6.2810482e-05,-590.66359,-8.2214993e-06,1.2946135e-05,-6.8790912,0,0
1677,1.676,0,0,-0.03977264,0,-0,0,0,0,0.00092907556,0,0,0,0,0,-0.0076870226,0,0,0,0.52,1.2918757,-0.32670688,-1.5588279,9.7235913e-11,-4.0512403e-10,0.79722843,2.2189219e-10,-3.5262171e-10,-2.3560563,-0.00017465489,-6.5132669e-10,1.0589557e-09,-1.4333175e-06,-0.0014139586,-7.0919338e-08,1.125357e-07,-6.1862322e-05,-590.648,-7.8379762e-06,1.2336307e-05,-6.8787142,0,0
1678,1.677,0,0,-0.039771715,0,-0,0,0,0,0.000921006,0,0,0,0,0,-0.0079420447,0,0,0,0.52,1.2918756,-0.32670605,-1.558828,9.6918179e-11,-4.0385491e-10,0.79722825,2.2120617e-10,-3.5150771e-10,-2.3560563,-0.00017596398,-7.2109867e-10,1.1696577e-09,-1.4937375e-06,-0.0013440495,-7.0154429e-08,1.1131319e-07,-6.0900723e-05,-590.63269,-7.4548153e-06,1.1727097e-05,-6.8783389,0,0
1679,1.678,0,0,-0.039770798,0,-0,0,0,0,0.00091268846,0,0,0,0,0,-0.0081923794,0,0,0,0.52,1.2918756,-0.32670523,-1.5588282,9.6570173e-11,-4.0245926e-10,0.79722807,2.2045078e-10,-3.5028364e-10,-2.3560563,-0.00017720331,-7.9007916e-10,1.279095e-09,-1.5531763e-06,-0.001274235,-6.9371803e-08,1.1006263e-07,-5.9926119e-05,-590.61767,-7.0721432e-06,1.1118707e-05,-6.8779656,0,0
1680,1.679,0,0,-0.03976989,0,-0,0,0,0,0.00090412768,0,0,0,0,0,-0.0084379789,0,0,0,0.52,1.2918755,-0.32670442,-1.5588284,9.6192251e-11,-4.0093854e-10,0.7972279,2.1962681e-10,-3.4895079e-10,-2.3560563,-0.000178373,-8.5825106e-10,1.3872407e-09,-1.6116216e-06,-0.001204538,-6.8571869e-08,1.0878468e-07,-5.8938942e-05,-590.60293,-6.6900854e-06,1.0511336e-05,-6.8775942,0,0
1681,1.68,0,0,-0.03976899,0,-0,0,0,0,0.00089532847,0,0,0,0,0,-0.0086787973,0,0,0,0.52,1.2918755,-0.32670361,-1.5588286,9.5784775e-11,-3.9929425e-10,0.79722772,2.1873509e-10,-3.4751047e-10,-2.3560563,-0.0001794732,-9.2559766e-10,1.4940683e-09,-1.6690616e-06,-0.0011349811,-6.7755024e-08,1.0747998e-07,-5.7939631e-05,-590.58848,-6.3087664e-06,9.9051815e-06,-6.877225,0,0
1682,1.681,0,0,-0.039768099,0,-0,0,0,0,0.00088629568,0,0,0,0,0,-0.0089147908,0,0,0,0.52,1.2918754,-0.32670282,-1.5588288,9.5348116e-11,-3.9752792e-10,0.79722754,2.1777645e-10,-3.4596399e-10,-2.3560563,-0.00018050409,-9.9210268e-10,1.5995521e-09,-1.7254847e-06,-0.0010655866,-6.6921686e-08,1.0614918e-07,-5.6928619e-05,-590.57433,-5.9283092e-06,9.3004387e-06,-6.8768581,0,0
1683,1.682,0,0,-0.039767217,0,-0,0,0,0,0.0008770342,0,0,0,0,0,-0.0091459174,0,0,0,0.52,1.2918754,-0.32670203,-1.5588289,9.488265e-11,-3.9564111e-10,0.79722736,2.1675174e-10,-3.4431272e-10,-2.3560563,-0.00018146586,-1.0577502e-09,1.703667e-09,-1.7808799e-06,-0.00099637692,-6.6072265e-08,1.0479295e-07,-5.590634e-05,-590.56047,-5.5488357e-06,8.6973011e-06,-6.8764934,0,0
1684,1.683,0,0,-0.039766345,0,-0,0,0,0,0.00086754896,0,0,0,0,0,-0.0093721373,0,0,0,0.52,1.2918753,-0.32670126,-1.5588291,9.4388761e-11,-3.9363539e-10,0.79722717,2.1566182e-10,-3.4255804e-10,-2.3560563,-0.00018235874,-1.1225249e-09,1.8063884e-09,-1.8352366e-06,-0.00092737384,-6.5207174e-08,1.0341193e-07,-5.4873231e-05,-590.54691,-5.1704665e-06,8.0959598e-06,-6.8761313,0,0
1685,1.684,0,0,-0.039765483,0,-0,0,0,0,0.00085784491,0,0,0,0,0,-0.0095934125,0,0,0,0.52,1.2918753,-0.32670049,-1.5588293,9.3866839e-11,-3.9151238e-10,0.79722699,2.1450757e-10,-3.4070135e-10,-2.3560563,-0.00018318295,-1.1864115e-09,1.9076926e-09,-1.8885446e-06,-0.00085859911,-6.4326826e-08,1.0200679e-07,-5.3829731e-05,-590.53366,-4.7933209e-06,7.4966043e-06,-6.8757716,0,0
1686,1.685,0,0,-0.03976463,0,-0,0,0,0,0.00084792705,0,0,0,0,0,-0.0098097071,0,0,0,0.52,1.2918752,-0.32669974,-1.5588295,9.3317281e-11,-3.8927371e-10,0.79722681,2.1328989e-10,-3.3874408e-10,-2.3560563,-0.00018393876,-1.2493956e-09,2.0075565e-09,-1.9407941e-06,-0.00079007418,-6.3431642e-08,1.0057819e-07,-5.2776272e-05,-590.5207,-4.4175166e-06,6.8994215e-06,-6.8754147,0,0
1687,1.686,0,0,-0.039763787,0,-0,0,0,0,0.00083780043,0,0,0,0,0,-0.010020987,0,0,0,0.52,1.2918752,-0.32669899,-1.5588297,9.274049e-11,-3.8692105e-10,0.79722662,2.1200969e-10,-3.3668768e-10,-2.3560563,-0.00018462645,-1.3114628e-09,2.1059576e-09,-1.9919759e-06,-0.00072182027,-6.2522041e-08,9.9126807e-08,-5.171329e-05,-590.50805,-4.0431703e-06,6.3045962e-06,-6.8750605,0,0
1688,1.687,0,0,-0.039762954,0,-0,0,0,0,0.00082747009,0,0,0,0,0,-0.01022722,0,0,0,0.52,1.2918751,-0.32669826,-1.5588299,9.2136875e-11,-3.844561e-10,0.79722644,2.1066789e-10,-3.3453364e-10,-2.3560563,-0.00018524633,-1.3725994e-09,2.2028741e-09,-2.0420811e-06,-0.00065385832,-6.1598437e-08,9.7653298e-08,-5.0641227e-05,-590.4957,-3.6703971e-06,5.7123111e-06,-6.8747091,0,0
1689,1.688,0,0,-0.039762132,0,-0,0,0,0,0.00081694113,0,0,0,0,0,-0.010428376,0,0,0,0.52,1.2918751,-0.32669754,-1.5588301,9.1506851e-11,-3.8188056e-10,0.79722625,2.0926543e-10,-3.3228343e-10,-2.3560563,-0.00018579871,-1.4327921e-09,2.298285e-09,-2.0911013e-06,-0.00058620902,-6.0661264e-08,9.6158348e-08,-4.9560511e-05,-590.48366,-3.2993107e-06,5.1227464e-06,-6.8743607,0,0
1690,1.689,0,0,-0.039761321,0,-0,0,0,0,0.00080621868,0,0,0,0,0,-0.010624428,0,0,0,0.52,1.291875,-0.32669682,-1.5588302,9.0850838e-11,-3.7919618e-10,0.79722607,2.0780325e-10,-3.2993858e-10,-2.3560563,-0.00018628395,-1.4920279e-09,2.3921698e-09,-2.1390284e-06,-0.00051889277,-5.9710935e-08,9.4642621e-08,-4.8471582e-05,-590.47194,-2.9300232e-06,4.5360802e-06,-6.8740153,0,0
1691,1.69,0,0,-0.03976052,0,-0,0,0,0,0.00079530787,0,0,0,0,0,-0.010815348,0,0,0,0.52,1.2918749,-0.32669612,-1.5588304,9.0169262e-11,-3.7640471e-10,0.79722588,2.0628233e-10,-3.2750063e-10,-2.3560563,-0.0001867024,-1.5502942e-09,2.4845087e-09,-2.1858549e-06,-0.00045192972,-5.8747885e-08,9.3106803e-08,-4.7374869e-05,-590.46052,-2.5626454e-06,3.952488e-06,-6.8736731,0,0
1692,1.691,0,0,-0.03975973,0,-0,0,0,0,0.00078421388,0,0,0,0,0,-0.011001113,0,0,0,0.52,1.2918749,-0.32669543,-1.5588306,8.9462554e-11,-3.7350795e-10,0.79722569,2.0470364e-10,-3.2497112e-10,-2.3560563,-0.00018705444,-1.6075791e-09,2.5752826e-09,-2.2315737e-06,-0.00038533973,-5.7772527e-08,9.1551559e-08,-4.627081e-05,-590.44942,-2.1972865e-06,3.372143e-06,-6.8733341,0,0
1693,1.692,0,0,-0.039758952,0,-0,0,0,0,0.00077294188,0,0,0,0,0,-0.0111817,0,0,0,0.52,1.2918748,-0.32669475,-1.5588308,8.8731151e-11,-3.7050769e-10,0.79722551,2.0306816e-10,-3.2235164e-10,-2.3560563,-0.00018734049,-1.6638708e-09,2.6644732e-09,-2.276178e-06,-0.0003191424,-5.67853e-08,8.997758e-08,-4.5159833e-05,-590.43863,-1.8340542e-06,2.7952158e-06,-6.8729983,0,0
1694,1.693,0,0,-0.039758185,0,-0,0,0,0,0.0007614971,0,0,0,0,0,-0.011357089,0,0,0,0.52,1.2918748,-0.32669409,-1.558831,8.7975494e-11,-3.6740577e-10,0.79722532,2.013769e-10,-3.1964377e-10,-2.3560563,-0.00018756095,-1.7191581e-09,2.7520627e-09,-2.3196617e-06,-0.000253357,-5.5786625e-08,8.8385539e-08,-4.404237e-05,-590.42815,-1.4730545e-06,2.2218747e-06,-6.872666,0,0
1695,1.694,0,0,-0.039757429,0,-0,0,0,0,0.00074988475,0,0,0,0,0,-0.011527261,0,0,0,0.52,1.2918747,-0.32669343,-1.5588312,8.7196029e-11,-3.6420403e-10,0.79722513,1.9963086e-10,-3.1684912e-10,-2.3560563,-0.00018771628,-1.7734301e-09,2.8380341e-09,-2.3620188e-06,-0.00018800255,-5.4776928e-08,8.6776112e-08,-4.2918853e-05,-590.418,-1.114392e-06,1.6522854e-06,-6.8723372,0,0
1696,1.695,0,0,-0.039756685,0,-0,0,0,0,0.00073811008,0,0,0,0,0,-0.0116922,0,0,0,0.52,1.2918747,-0.32669279,-1.5588314,8.6393207e-11,-3.6090434e-10,0.79722494,1.9783106e-10,-3.1396932e-10,-2.3560563,-0.00018780692,-1.8266766e-09,2.922371e-09,-2.4032439e-06,-0.00012309776,-5.3756639e-08,8.5149987e-08,-4.1789709e-05,-590.40816,-7.5816962e-07,1.086611e-06,-6.872012,0,0
1697,1.696,0,0,-0.039755953,0,-0,0,0,0,0.00072617835,0,0,0,0,0,-0.011851892,0,0,0,0.52,1.2918746,-0.32669216,-1.5588316,8.5567482e-11,-3.5750857e-10,0.79722476,1.9597853e-10,-3.1100602e-10,-2.3560563,-0.00018783336,-1.8788876e-09,3.0050578e-09,-2.4433321e-06,-5.8661042e-05,-5.2726187e-08,8.3507842e-08,-4.0655365e-05,-590.39863,-4.044886e-07,5.2501194e-07,-6.8716904,0,0
1698,1.697,0,0,-0.039755233,0,-0,0,0,0,0.00071409481,0,0,0,0,0,-0.012006322,0,0,0,0.52,1.2918746,-0.32669154,-1.5588318,8.4719314e-11,-3.5401865e-10,0.79722457,1.9407432e-10,-3.0796087e-10,-2.3560563,-0.0001877961,-1.9300535e-09,3.0860794e-09,-2.4822788e-06,5.2895023e-06,-5.1686004e-08,8.1850365e-08,-3.9516242e-05,-590.38943,-5.3448508e-08,-3.2353906e-08,-6.8713725,0,0
1699,1.698,0,0,-0.039754525,0,-0,0,0,0,0.00070186475,0,0,0,0,0,-0.012155482,0,0,0,0.52,1.2918745,-0.32669093,-1.5588319,8.3849166e-11,-3.5043647e-10,0.79722438,1.9211947e-10,-3.0483553e-10,-2.3560563,-0.00018769564,-1.9801653e-09,3.1654216e-09,-2.5200798e-06,6.8736067e-05,-5.0636511e-08,8.0178228e-08,-3.8372765e-05,-590.38055,2.9485267e-07,-5.8533133e-07,-6.8710585,0,0
1700,1.699,0,0,-0.039753829,0,-0,0,0,0,0.00068949345,0,0,0,0,0,-0.012299361,0,0,0,0.52,1.2918744,-0.32669033,-1.5588321,8.2957504e-11,-3.4676399e-10,0.79722419,1.9011505e-10,-3.0163171e-10,-2.3560563,-0.00018753252,-2.0292142e-09,3.2430707e-09,-2.5567315e-06,0.00013166116,-4.9578136e-08,7.8492111e-08,-3.7225361e-05,-590.37198,6.4031867e-07,-1.1337678e-06,-6.8707483,0,0
1701,1.7,0,0,-0.039753146,0,-0,0,0,0,0.0006769862,0,0,0,0,0,-0.012437952,0,0,0,0.52,1.2918744,-0.32668975,-1.5588323,8.20448e-11,-3.4300314e-10,0.79722401,1.8806211e-10,-2.9835109e-10,-2.3560563,-0.00018730727,-2.0771921e-09,3.3190136e-09,-2.5922304e-06,0.00019404761,-4.8511313e-08,7.6792701e-08,-3.6074442e-05,-590.36374,9.82855e-07,-1.6775137e-06,-6.8704421,0,0
1702,1.701,0,0,-0.039752475,0,-0,0,0,0,0.0006643483,0,0,0,0,0,-0.01257125,0,0,0,0.52,1.2918743,-0.32668918,-1.5588325,8.1111526e-11,-3.391559e-10,0.79722382,1.8596174e-10,-2.9499539e-10,-2.3560563,-0.00018702048,-2.1240912e-09,3.3932383e-09,-2.6265739e-06,0.00025587855,-4.7436465e-08,7.5080672e-08,-3.492043e-05,-590.35581,1.3223688e-06,-2.2164219e-06,-6.87014,0,0
1703,1.702,0,0,-0.039751817,0,-0,0,0,0,0.00065158505,0,0,0,0,0,-0.012699251,0,0,0,0.52,1.2918743,-0.32668862,-1.5588327,8.015816e-11,-3.3522424e-10,0.79722363,1.8381501e-10,-2.9156634e-10,-2.3560563,-0.00018667271,-2.169904e-09,3.465733e-09,-2.6597593e-06,0.00031713744,-4.6354021e-08,7.3356708e-08,-3.3763734e-05,-590.34821,1.6587692e-06,-2.7503482e-06,-6.8698419,0,0
1704,1.703,0,0,-0.039751172,0,-0,0,0,0,0.00063870174,0,0,0,0,0,-0.012821954,0,0,0,0.52,1.2918742,-0.32668807,-1.5588329,7.9185183e-11,-3.3121015e-10,0.79722345,1.8162302e-10,-2.8806566e-10,-2.3560563,-0.00018626457,-2.2146236e-09,3.5364869e-09,-2.6917845e-06,0.00037780806,-4.5264406e-08,7.1621482e-08,-3.2604769e-05,-590.34093,1.9919668e-06,-3.2791514e-06,-6.869548,0,0
1705,1.704,0,0,-0.03975054,0,-0,0,0,0,0.00062570368,0,0,0,0,0,-0.01293936,0,0,0,0.52,1.2918742,-0.32668754,-1.5588331,7.8193077e-11,-3.2711565e-10,0.79722326,1.7938686e-10,-2.8449511e-10,-2.3560563,-0.00018579666,-2.2582434e-09,3.6054897e-09,-2.7226481e-06,0.00043787452,-4.4168039e-08,6.9875663e-08,-3.1443948e-05,-590.33397,2.321874e-06,-3.8026927e-06,-6.8692583,0,0
1706,1.705,0,0,-0.039749921,0,-0,0,0,0,0.00061259616,0,0,0,0,0,-0.013051469,0,0,0,0.52,1.2918741,-0.32668702,-1.5588333,7.7182329e-11,-3.2294273e-10,0.79722307,1.7710764e-10,-2.8085644e-10,-2.3560563,-0.00018526962,-2.3007574e-09,3.6727317e-09,-2.7523486e-06,0.00049732127,-4.3065352e-08,6.8119935e-08,-3.0281674e-05,-590.32733,2.6484053e-06,-4.3208367e-06,-6.868973,0,0
1707,1.706,0,0,-0.039749315,0,-0,0,0,0,0.00059938447,0,0,0,0,0,-0.013158285,0,0,0,0.52,1.2918741,-0.32668651,-1.5588335,7.6153425e-11,-3.1869344e-10,0.79722289,1.7478646e-10,-2.7715141e-10,-2.3560563,-0.00018468408,-2.3421599e-09,3.7382042e-09,-2.7808853e-06,0.00055613306,-4.1956765e-08,6.6354966e-08,-2.911835e-05,-590.32101,2.9714767e-06,-4.8334504e-06,-6.868692,0,0
1708,1.707,0,0,-0.039748722,0,-0,0,0,0,0.00058607389,0,0,0,0,0,-0.013259815,0,0,0,0.52,1.291874,-0.32668602,-1.5588336,7.5106857e-11,-3.1436981e-10,0.7972227,1.7242443e-10,-2.733818e-10,-2.3560564,-0.0001840407,-2.3824456e-09,3.8018989e-09,-2.8082577e-06,0.00061429501,-4.0842696e-08,6.4581423e-08,-2.7954382e-05,-590.31501,3.2910062e-06,-5.3404041e-06,-6.8684154,0,0
1709,1.708,0,0,-0.039748143,0,-0,0,0,0,0.0005726697,0,0,0,0,0,-0.013356064,0,0,0,0.52,1.2918739,-0.32668554,-1.5588338,7.4043117e-11,-3.0997388e-10,0.79722252,1.7002268e-10,-2.695494e-10,-2.3560564,-0.00018334016,-2.4216096e-09,3.8638081e-09,-2.8344658e-06,0.00067179255,-3.9723571e-08,6.2799978e-08,-2.6790163e-05,-590.30933,3.6069137e-06,-5.8415708e-06,-6.8681433,0,0
1710,1.709,0,0,-0.039747577,0,-0,0,0,0,0.00055917717,0,0,0,0,0,-0.013447043,0,0,0,0.52,1.2918739,-0.32668507,-1.558834,7.29627e-11,-3.0550771e-10,0.79722234,1.6758234e-10,-2.6565598e-10,-2.3560564,-0.00018258314,-2.4596475e-09,3.9239251e-09,-2.8595098e-06,0.00072861147,-3.8599801e-08,6.101129e-08,-2.5626093e-05,-590.30396,3.9191206e-06,-6.3368265e-06,-6.8678757,0,0
1711,1.71,0,0,-0.039747025,0,-0,0,0,0,0.00054560154,0,0,0,0,0,-0.013532761,0,0,0,0.52,1.2918738,-0.32668462,-1.5588342,7.1866102e-11,-3.0097335e-10,0.79722216,1.6510452e-10,-2.6170334e-10,-2.3560564,-0.00018177034,-2.4965553e-09,3.9822434e-09,-2.8833906e-06,0.00078473789,-3.7471807e-08,5.9216023e-08,-2.446256e-05,-590.29892,4.2275506e-06,-6.8260502e-06,-6.8676128,0,0
1712,1.711,0,0,-0.039746486,0,-0,0,0,0,0.00053194808,0,0,0,0,0,-0.013613232,0,0,0,0.52,1.2918738,-0.32668417,-1.5588344,7.0753822e-11,-2.9637288e-10,0.79722197,1.6259036e-10,-2.5769329e-10,-2.3560564,-0.00018090247,-2.5323294e-09,4.0387577e-09,-2.9061093e-06,0.00084015826,-3.6340003e-08,5.7414837e-08,-2.3299954e-05,-590.29419,4.5321291e-06,-7.3091239e-06,-6.8673544,0,0
1713,1.712,0,0,-0.039745961,0,-0,0,0,0,0.00051822199,0,0,0,0,0,-0.013688468,0,0,0,0.52,1.2918737,-0.32668375,-1.5588346,6.9626357e-11,-2.9170837e-10,0.79722179,1.6004099e-10,-2.5362763e-10,-2.3560564,-0.00017998026,-2.5669666e-09,4.0934629e-09,-2.9276673e-06,0.0008948594,-3.5204801e-08,5.5608386e-08,-2.2138661e-05,-590.28978,4.8327833e-06,-7.7859326e-06,-6.8671008,0,0
1714,1.713,0,0,-0.03974545,0,-0,0,0,0,0.0005044285,0,0,0,0,0,-0.013758486,0,0,0,0.52,1.2918737,-0.32668333,-1.5588348,6.8484209e-11,-2.869819e-10,0.79722161,1.5745756e-10,-2.4950818e-10,-2.3560564,-0.00017900445,-2.6004641e-09,4.1463546e-09,-2.9480665e-06,0.00094882847,-3.406661e-08,5.3797322e-08,-2.0979062e-05,-590.28569,5.1294424e-06,-8.2563644e-06,-6.866852,0,0
1715,1.714,0,0,-0.039744952,0,-0,0,0,0,0.00049057279,0,0,0,0,0,-0.013823303,0,0,0,0.52,1.2918736,-0.32668293,-1.5588349,6.7327879e-11,-2.8219555e-10,0.79722144,1.5484121e-10,-2.4533674e-10,-2.3560564,-0.00017797578,-2.6328196e-09,4.1974294e-09,-2.9673093e-06,0.001002053,-3.2925841e-08,5.1982293e-08,-1.9821535e-05,-590.28191,5.4220375e-06,-8.7203102e-06,-6.8666079,0,0
1716,1.715,0,0,-0.039744468,0,-0,0,0,0,0.00047666003,0,0,0,0,0,-0.013882938,0,0,0,0.52,1.2918736,-0.32668254,-1.5588351,6.6157869e-11,-2.7735141e-10,0.79722126,1.5219307e-10,-2.4111514e-10,-2.3560564,-0.00017689503,-2.664031e-09,4.2466842e-09,-2.9853982e-06,0.0010545207,-3.1782901e-08,5.016395e-08,-1.8666451e-05,-590.27844,5.7105017e-06,-9.1776642e-06,-6.8663686,0,0
1717,1.716,0,0,-0.039743999,0,-0,0,0,0,0.00046269538,0,0,0,0,0,-0.013937412,0,0,0,0.52,1.2918735,-0.32668216,-1.5588353,6.4974683e-11,-2.7245158e-10,0.79722108,1.4951429e-10,-2.3684519e-10,-2.3560564,-0.00017576296,-2.6940968e-09,4.2941166e-09,-3.0023363e-06,0.00110622,-3.063819e-08,4.8342927e-08,-1.7514185e-05,-590.27528,5.9947697e-06,-9.6283235e-06,-6.8661343,0,0
1718,1.717,0,0,-0.039743543,0,-0,0,0,0,0.00044868397,0,0,0,0,0,-0.013986746,0,0,0,0.52,1.2918735,-0.3266818,-1.5588355,6.3778825e-11,-2.6749815e-10,0.79722091,1.4680602e-10,-2.3252873e-10,-2.3560564,-0.00017458036,-2.7230159e-09,4.3397249e-09,-3.0181268e-06,0.0011571393,-2.9492111e-08,4.6519863e-08,-1.6365101e-05,-590.27244,6.2747786e-06,-1.0072188e-05,-6.8659048,0,0
1719,1.718,0,0,-0.039743101,0,-0,0,0,0,0.0004346309,0,0,0,0,0,-0.014030964,0,0,0,0.52,1.2918734,-0.32668145,-1.5588357,6.2570796e-11,-2.624932e-10,0.79722073,1.440694e-10,-2.2816757e-10,-2.3560564,-0.00017334803,-2.7507874e-09,4.3835081e-09,-3.0327736e-06,0.0012072676,-2.8345062e-08,4.469539e-08,-1.5219563e-05,-590.2699,6.550467e-06,-1.0509162e-05,-6.8656803,0,0
1720,1.719,0,0,-0.039742674,0,-0,0,0,0,0.00042054124,0,0,0,0,0,-0.014070092,0,0,0,0.52,1.2918734,-0.32668112,-1.5588358,6.1351103e-11,-2.5743885e-10,0.79722056,1.4130559e-10,-2.2376353e-10,-2.3560564,-0.00017206677,-2.7774111e-09,4.4254656e-09,-3.0462807e-06,0.0012565941,-2.7197438e-08,4.2870137e-08,-1.4077928e-05,-590.26767,6.8217758e-06,-1.0939151e-05,-6.8654608,0,0
1721,1.72,0,0,-0.03974226,0,-0,0,0,0,0.00040642005,0,0,0,0,0,-0.014104156,0,0,0,0.52,1.2918733,-0.32668079,-1.558836,6.0120249e-11,-2.5233718e-10,0.79722039,1.3851573e-10,-2.1931846e-10,-2.3560564,-0.00017073741,-2.8028868e-09,4.4655976e-09,-3.0586526e-06,0.0013051084,-2.6049633e-08,4.1044728e-08,-1.2940549e-05,-590.26575,7.0886475e-06,-1.1362065e-05,-6.8652463,0,0
1722,1.721,0,0,-0.039741861,0,-0,0,0,0,0.00039227235,0,0,0,0,0,-0.014133184,0,0,0,0.52,1.2918733,-0.32668049,-1.5588362,5.8878737e-11,-2.4719029e-10,0.79722022,1.3570097e-10,-2.1483416e-10,-2.3560564,-0.00016936076,-2.827215e-09,4.5039049e-09,-3.069894e-06,0.0013528005,-2.4902032e-08,3.9219776e-08,-1.1807779e-05,-590.26413,7.3510269e-06,-1.1777816e-05,-6.8650369,0,0
1723,1.722,0,0,-0.039741476,0,-0,0,0,0,0.00037810314,0,0,0,0,0,-0.014157207,0,0,0,0.52,1.2918732,-0.32668019,-1.5588363,5.7627071e-11,-2.4200028e-10,0.79722005,1.3286245e-10,-2.1031247e-10,-2.3560564,-0.00016793767,-2.8503966e-09,4.5403889e-09,-3.08001e-06,0.0013996608,-2.3755029e-08,3.7395902e-08,-1.0679961e-05,-590.26282,7.6088605e-06,-1.2186321e-05,-6.8648326,0,0
1724,1.723,0,0,-0.039741105,0,-0,0,0,0,0.00036391736,0,0,0,0,0,-0.014176255,0,0,0,0.52,1.2918731,-0.32667991,-1.5588365,5.6365754e-11,-2.3676924e-10,0.79721988,1.3000132e-10,-2.0575521e-10,-2.3560564,-0.00016646898,-2.8724325e-09,4.5750515e-09,-3.0890062e-06,0.00144568,-2.2608998e-08,3.5573707e-08,-9.5574387e-06,-590.2618,7.8620968e-06,-1.2587497e-05,-6.8646334,0,0
1725,1.724,0,0,-0.039740748,0,-0,0,0,0,0.00034971994,0,0,0,0,0,-0.014190361,0,0,0,0.52,1.2918731,-0.32667964,-1.5588367,5.5095288e-11,-2.3149926e-10,0.79721972,1.2711873e-10,-2.0116419e-10,-2.3560564,-0.00016495554,-2.8933245e-09,4.6078954e-09,-3.0968883e-06,0.001490849,-2.1464329e-08,3.3753803e-08,-8.4405436e-06,-590.26108,8.1106864e-06,-1.2981267e-05,-6.8644394,0,0
1726,1.725,0,0,-0.039740405,0,-0,0,0,0,0.00033551579,0,0,0,0,0,-0.014199559,0,0,0,0.52,1.291873,-0.32667939,-1.5588369,5.3816175e-11,-2.2619243e-10,0.79721955,1.2421581e-10,-1.9654124e-10,-2.3560564,-0.00016339823,-2.9130745e-09,4.6389236e-09,-3.1036625e-06,0.0015351594,-2.032139e-08,3.1936779e-08,-7.3296125e-06,-590.26066,8.3545817e-06,-1.3367556e-05,-6.8642505,0,0
1727,1.726,0,0,-0.039740077,0,-0,0,0,0,0.00032130974,0,0,0,0,0,-0.014203884,0,0,0,0.52,1.291873,-0.32667914,-1.558837,5.2528915e-11,-2.2085082e-10,0.79721939,1.2129372e-10,-1.9188816e-10,-2.3560564,-0.00016179791,-2.9316846e-09,4.6681401e-09,-3.1093351e-06,0.0015786028,-1.9180556e-08,3.0123229e-08,-6.2249719e-06,-590.26053,8.5937371e-06,-1.3746293e-05,-6.8640668,0,0
1728,1.727,0,0,-0.039739763,0,-0,0,0,0,0.00030710662,0,0,0,0,0,-0.014203374,0,0,0,0.52,1.291873,-0.32667892,-1.5588372,5.1234007e-11,-2.1547653e-10,0.79721923,1.1835358e-10,-1.8720676e-10,-2.3560564,-0.00016015545,-2.9491576e-09,4.6955491e-09,-3.113913e-06,0.0016211713,-1.8042202e-08,2.8313744e-08,-5.126941e-06,-590.2607,8.828109e-06,-1.4117407e-05,-6.8638884,0,0
1729,1.728,0,0,-0.039739463,0,-0,0,0,0,0.00029291121,0,0,0,0,0,-0.014198066,0,0,0,0.52,1.2918729,-0.3266787,-1.5588373,4.9931948e-11,-2.1007161e-10,0.79721907,1.1539654e-10,-1.8249886e-10,-2.3560564,-0.00015847175,-2.9654965e-09,4.7211556e-09,-3.1174033e-06,0.0016628576,-1.6906684e-08,2.6508895e-08,-4.0358419e-06,-590.26115,9.0576558e-06,-1.4480835e-05,-6.8637152,0,0
1730,1.729,0,0,-0.039739177,0,-0,0,0,0,0.00027872824,0,0,0,0,0,-0.014188,0,0,0,0.52,1.2918729,-0.3266785,-1.5588375,4.8623236e-11,-2.0463815e-10,0.79721891,1.1242372e-10,-1.7776625e-10,-2.3560564,-0.0001567477,-2.9807048e-09,4.744965e-09,-3.1198134e-06,0.0017036543,-1.5774368e-08,2.4709261e-08,-2.9519861e-06,-590.26189,9.2823377e-06,-1.4836512e-05,-6.8635472,0,0
1731,1.73,0,0,-0.039738905,0,-0,0,0,0,0.00026456241,0,0,0,0,0,-0.014173217,0,0,0,0.52,1.2918728,-0.32667831,-1.5588377,4.7308365e-11,-1.991782e-10,0.79721876,1.0943626e-10,-1.7301073e-10,-2.3560564,-0.00015498419,-2.994786e-09,4.7669835e-09,-3.1211509e-06,0.0017435548,-1.4645616e-08,2.2915413e-08,-1.8756781e-06,-590.26292,9.5021171e-06,-1.5184381e-05,-6.8633845,0,0
1732,1.731,0,0,-0.039738648,0,-0,0,0,0,0.00025041838,0,0,0,0,0,-0.014153758,0,0,0,0.52,1.2918728,-0.32667814,-1.5588378,4.5987827e-11,-1.9369381e-10,0.7972186,1.0643527e-10,-1.6823407e-10,-2.3560564,-0.00015318214,-3.0077444e-09,4.7872176e-09,-3.1214239e-06,0.0017825525,-1.3520774e-08,2.1127903e-08,-8.0722529e-07,-590.26422,9.7169581e-06,-1.5524384e-05,-6.8632271,0,0
1733,1.732,0,0,-0.039738405,0,-0,0,0,0,0.00023630076,0,0,0,0,0,-0.014129668,0,0,0,0.52,1.2918727,-0.32667797,-1.558838,4.4662115e-11,-1.8818703e-10,0.79721845,1.0342189e-10,-1.6343807e-10,-2.3560564,-0.00015134245,-3.0195843e-09,4.8056746e-09,-3.1206407e-06,0.0018206413,-1.2400195e-08,1.9347291e-08,2.5307535e-07,-590.26581,9.9268268e-06,-1.5856469e-05,-6.863075,0,0
1734,1.733,0,0,-0.039738175,0,-0,0,0,0,0.00022221411,0,0,0,0,0,-0.01410099,0,0,0,0.52,1.2918727,-0.32667783,-1.5588381,4.3331715e-11,-1.826599e-10,0.7972183,1.0039722e-10,-1.586245e-10,-2.3560564,-0.00014946605,-3.0303105e-09,4.8223622e-09,-3.1188098e-06,0.0018578155,-1.1284226e-08,1.7574125e-08,1.3049327e-06,-590.26767,1.0131691e-05,-1.6180586e-05,-6.8629281,0,0
1735,1.734,0,0,-0.03973796,0,-0,0,0,0,0.00020816295,0,0,0,0,0,-0.01406777,0,0,0,0.52,1.2918726,-0.32667769,-1.5588383,4.1997116e-11,-1.7711445e-10,0.79721815,9.736238e-11,-1.5379511e-10,-2.3560564,-0.00014755385,-3.0399282e-09,4.8372885e-09,-3.1159402e-06,0.0018940698,-1.0173204e-08,1.5808944e-08,2.3480569e-06,-590.26981,1.0331522e-05,-1.6496687e-05,-6.8627866,0,0
1736,1.735,0,0,-0.039737759,0,-0,0,0,0,0.00019415175,0,0,0,0,0,-0.014030055,0,0,0,0.52,1.2918726,-0.32667757,-1.5588384,4.0658801e-11,-1.7155269e-10,0.797218,9.4318471e-11,-1.4895168e-10,-2.3560564,-0.00014560679,-3.0484428e-09,4.8504625e-09,-3.112041e-06,0.0019293991,-9.0674704e-09,1.4052284e-08,3.3821669e-06,-590.27221,1.052629e-05,-1.6804728e-05,-6.8626504,0,0
1737,1.736,0,0,-0.039737572,0,-0,0,0,0,0.00018018494,0,0,0,0,0,-0.013987893,0,0,0,0.52,1.2918725,-0.32667746,-1.5588386,3.9317252e-11,-1.6597663e-10,0.79721786,9.1266594e-11,-1.4409594e-10,-2.3560564,-0.00014362579,-3.0558601e-09,4.8618933e-09,-3.1071216e-06,0.0019637987,-7.9673574e-09,1.2304675e-08,4.4069871e-06,-590.27489,1.0715971e-05,-1.710467e-05,-6.8625196,0,0
1738,1.737,0,0,-0.039737398,0,-0,0,0,0,0.00016626689,0,0,0,0,0,-0.013941334,0,0,0,0.52,1.2918725,-0.32667736,-1.5588387,3.7972947e-11,-1.6038827e-10,0.79721772,8.8207845e-11,-1.3922963e-10,-2.3560564,-0.0001416118,-3.0621862e-09,4.8715909e-09,-3.1011917e-06,0.0019972642,-6.873187e-09,1.0566628e-08,5.422242e-06,-590.27783,1.0900539e-05,-1.7396473e-05,-6.862394,0,0
1739,1.738,0,0,-0.039737239,0,-0,0,0,0,0.00015240192,0,0,0,0,0,-0.013890427,0,0,0,0.52,1.2918724,-0.32667728,-1.5588389,3.6626364e-11,-1.547896e-10,0.79721758,8.514331e-11,-1.3435448e-10,-2.3560564,-0.00013956574,-3.0674275e-09,4.8795656e-09,-3.0942613e-06,0.0020297918,-5.7852892e-09,8.8386632e-09,6.4276693e-06,-590.28103,1.1079972e-05,-1.7680104e-05,-6.8622738,0,0
1740,1.739,0,0,-0.039737094,0,-0,0,0,0,0.00013859429,0,0,0,0,0,-0.013835224,0,0,0,0.52,1.2918724,-0.3266772,-1.558839,3.5277974e-11,-1.4918259e-10,0.79721744,8.2074071e-11,-1.2947221e-10,-2.3560564,-0.00013748857,-3.0715909e-09,4.8858282e-09,-3.0863407e-06,0.0020613778,-4.7039784e-09,7.1212815e-09,7.4230067e-06,-590.28449,1.1254251e-05,-1.795553e-05,-6.8621589,0,0
1741,1.74,0,0,-0.039736962,0,-0,0,0,0,0.00012484824,0,0,0,0,0,-0.013775777,0,0,0,0.52,1.2918724,-0.32667714,-1.5588391,3.3928248e-11,-1.4356919e-10,0.7972173,7.9001202e-11,-1.2458453e-10,-2.3560565,-0.00013538123,-3.0746832e-09,4.89039e-09,-3.0774402e-06,0.0020920188,-3.6295692e-09,5.4149814e-09,8.4079983e-06,-590.2882,1.1423356e-05,-1.8222724e-05,-6.8620493,0,0
1742,1.741,0,0,-0.039736844,0,-0,0,0,0,0.00011116792,0,0,0,0,0,-0.01371214,0,0,0,0.52,1.2918723,-0.3266771,-1.5588393,3.2577652e-11,-1.3795137e-10,0.79721717,7.5925772e-11,-1.1969313e-10,-2.3560565,-0.00013324467,-3.076712e-09,4.8932629e-09,-3.0675706e-06,0.002121712,-2.5623687e-09,3.7202499e-09,9.3823923e-06,-590.29217,1.1587271e-05,-1.8481658e-05,-6.8619451,0,0
1743,1.742,0,0,-0.039736739,0,-0,0,0,0,9.7557436e-05,0,0,0,0,0,-0.013644368,0,0,0,0.52,1.2918723,-0.32667706,-1.5588394,3.1226651e-11,-1.3233104e-10,0.79721704,7.2848838e-11,-1.1479969e-10,-2.3560565,-0.00013107985,-3.0776848e-09,4.8944592e-09,-3.0567428e-06,0.0021504548,-1.5026873e-09,2.0375766e-09,1.0345948e-05,-590.29639,1.1745982e-05,-1.8732311e-05,-6.8618461,0,0
1744,1.743,0,0,-0.039736649,0,-0,0,0,0,8.4020848e-05,0,0,0,0,0,-0.013572514,0,0,0,0.52,1.2918722,-0.32667704,-1.5588396,2.9875703e-11,-1.2671013e-10,0.79721691,6.9771454e-11,-1.0990588e-10,-2.3560565,-0.00012888771,-3.0776097e-09,4.8939915e-09,-3.0449682e-06,0.0021782449,-4.5081873e-10,3.6742969e-10,1.1298424e-05,-590.30085,1.1899476e-05,-1.8974664e-05,-6.8617524,0,0
1745,1.744,0,0,-0.039736571,0,-0,0,0,0,7.056215e-05,0,0,0,0,0,-0.013496637,0,0,0,0.52,1.2918722,-0.32667703,-1.5588397,2.8525266e-11,-1.2109055e-10,0.79721678,6.6694662e-11,-1.0501336e-10,-2.3560565,-0.00012666921,-3.0764949e-09,4.8918732e-09,-3.032258e-06,0.0022050803,5.9294318e-10,-1.2897257e-09,1.2239586e-05,-590.30555,1.2047741e-05,-1.9208698e-05,-6.8616641,0,0
1746,1.745,0,0,-0.039736507,0,-0,0,0,0,5.7185279e-05,0,0,0,0,0,-0.013416793,0,0,0,0.52,1.2918722,-0.32667704,-1.5588398,2.7175791e-11,-1.1547418e-10,0.79721665,6.3619499e-11,-1.0012378e-10,-2.3560565,-0.00012442531,-3.0743489e-09,4.8881179e-09,-3.018624e-06,0.0022309596,1.6283033e-09,-2.9334245e-09,1.3169211e-05,-590.3105,1.219077e-05,-1.9434401e-05,-6.861581,0,0
1747,1.746,0,0,-0.039736457,0,-0,0,0,0,4.3894115e-05,0,0,0,0,0,-0.01333304,0,0,0,0.52,1.2918721,-0.32667705,-1.5588399,2.5827728e-11,-1.098629e-10,0.79721653,6.0546991e-11,-9.5238757e-11,-2.3560565,-0.00012215697,-3.0711806e-09,4.8827398e-09,-3.004078e-06,0.0022558815,2.6549869e-09,-4.5632272e-09,1.4087071e-05,-590.31567,1.2328553e-05,-1.9651761e-05,-6.8615032,0,0
1748,1.747,0,0,-0.03973642,0,-0,0,0,0,3.0692479e-05,0,0,0,0,0,-0.013245438,0,0,0,0.52,1.2918721,-0.32667708,-1.5588401,2.448152e-11,-1.0425857e-10,0.79721641,5.7478156e-11,-9.0359914e-11,-2.3560565,-0.00011986514,-3.066999e-09,4.8757534e-09,-2.9886321e-06,0.0022798451,3.6727052e-09,-6.1786811e-09,1.4992955e-05,-590.32108,1.2461087e-05,-1.9860771e-05,-6.8614306,0,0
1749,1.748,0,0,-0.039736395,0,-0,0,0,0,1.758413e-05,0,0,0,0,0,-0.013154045,0,0,0,0.52,1.2918721,-0.32667712,-1.5588402,2.3137609e-11,-9.8663014e-11,0.79721629,5.4414002e-11,-8.5488851e-11,-2.3560565,-0.00011755079,-3.0618136e-09,4.8671737e-09,-2.9722986e-06,0.0023028497,4.6811916e-09,-7.7793603e-09,1.5886649e-05,-590.32672,1.2588368e-05,-2.0061426e-05,-6.8613632,0,0
1750,1.749,0,0,-0.039736384,0,-0,0,0,0,4.5727673e-06,0,0,0,0,0,-0.013058923,0,0,0,0.52,1.291872,-0.32667717,-1.5588403,2.179643e-11,-9.3078068e-11,0.79721617,5.1355528e-11,-8.0627152e-11,-2.3560565,-0.00011521487,-3.0556339e-09,4.8570161e-09,-2.95509e-06,0.0023248952,5.680175e-09,-9.3648373e-09,1.6767951e-05,-590.33258,1.2710393e-05,-2.0253723e-05,-6.8613011,0,0
1751,1.75,0,0,-0.039736386,0,-0,0,0,0,-8.3379719e-06,0,0,0,0,0,-0.012960134,0,0,0,0.52,1.291872,-0.32667723,-1.5588404,2.0458415e-11,-8.7505534e-11,0.79721606,4.8303723e-11,-7.5776388e-11,-2.3560565,-0.00011285834,-3.0484699e-09,4.8452965e-09,-2.937019e-06,0.0023459817,6.6693918e-09,-1.0934695e-08,1.7636661e-05,-590.33866,1.2827163e-05,-2.0437663e-05,-6.8612442,0,0
1752,1.751,0,0,-0.039736401,0,-0,0,0,0,-2.1144513e-05,0,0,0,0,0,-0.012857739,0,0,0,0.52,1.2918719,-0.32667731,-1.5588405,1.9123993e-11,-8.1947197e-11,0.79721595,4.5259567e-11,-7.0938113e-11,-2.3560565,-0.00011048217,-3.0403317e-09,4.8320311e-09,-2.9180984e-06,0.0023661094,7.6485842e-09,-1.2488524e-08,1.8492587e-05,-590.34496,1.293868e-05,-2.061325e-05,-6.8611924,0,0
1753,1.752,0,0,-0.039736428,0,-0,0,0,0,-3.3843345e-05,0,0,0,0,0,-0.012751801,0,0,0,0.52,1.2918719,-0.32667739,-1.5588406,1.7793585e-11,-7.6404825e-11,0.79721584,4.2224028e-11,-6.6113864e-11,-2.3560565,-0.00010808731,-3.0312298e-09,4.8172364e-09,-2.8983414e-06,0.0023852793,8.6175051e-09,-1.4025932e-08,1.9335538e-05,-590.35147,1.3044947e-05,-2.0780489e-05,-6.8611458,0,0
1754,1.753,0,0,-0.039736468,0,-0,0,0,0,-4.6431021e-05,0,0,0,0,0,-0.012642384,0,0,0,0.52,1.2918719,-0.32667749,-1.5588408,1.646761e-11,-7.0880165e-11,0.79721573,3.9198066e-11,-6.1305161e-11,-2.3560565,-0.00010567471,-3.0211747e-09,4.8009296e-09,-2.8777612e-06,0.0024034922,9.5759007e-09,-1.5546521e-08,2.0165335e-05,-590.35819,1.314597e-05,-2.093939e-05,-6.8611043,0,0
1755,1.754,0,0,-0.039736521,0,-0,0,0,0,-5.8904159e-05,0,0,0,0,0,-0.012529553,0,0,0,0.52,1.2918718,-0.3266776,-1.5588409,1.5146481e-11,-6.5374946e-11,0.79721563,3.6182627e-11,-5.6513508e-11,-2.3560565,-0.00010324533,-3.0101773e-09,4.783128e-09,-2.8563711e-06,0.0024207496,1.052353e-08,-1.7049908e-08,2.0981804e-05,-590.36511,1.3241755e-05,-2.1089965e-05,-6.8610679,0,0
1756,1.755,0,0,-0.039736586,0,-0,0,0,0,-7.125944e-05,0,0,0,0,0,-0.012413372,0,0,0,0.52,1.2918718,-0.32667772,-1.558841,1.3830607e-11,-5.9890877e-11,0.79721552,3.3178648e-11,-5.1740391e-11,-2.3560565,-0.00010080012,-2.9982489e-09,4.7638494e-09,-2.8341849e-06,0.0024370531,1.1460164e-08,-1.8535728e-08,2.1784772e-05,-590.37224,1.3332312e-05,-2.1232227e-05,-6.8610366,0,0
1757,1.756,0,0,-0.039736664,0,-0,0,0,0,-8.3493613e-05,0,0,0,0,0,-0.012293906,0,0,0,0.52,1.2918718,-0.32667785,-1.5588411,1.2520391e-11,-5.4429645e-11,0.79721543,3.0187054e-11,-4.6987277e-11,-2.3560565,-9.8340044e-05,-2.9854006e-09,4.7431118e-09,-2.8112162e-06,0.0024524047,1.2385567e-08,-2.0003612e-08,2.2574076e-05,-590.37956,1.341765e-05,-2.1366195e-05,-6.8610103,0,0
1758,1.757,0,0,-0.039736753,0,-0,0,0,0,-9.5603494e-05,0,0,0,0,0,-0.012171223,0,0,0,0.52,1.2918718,-0.32667799,-1.5588412,1.1216233e-11,-4.8992917e-11,0.79721533,2.7208761e-11,-4.2255616e-11,-2.3560565,-9.5866036e-05,-2.9716441e-09,4.7209338e-09,-2.7874789e-06,0.0024668068,1.3299514e-08,-2.1453203e-08,2.3349561e-05,-590.38707,1.3497782e-05,-2.1491888e-05,-6.860989,0,0
1759,1.758,0,0,-0.039736855,0,-0,0,0,0,-0.00010758596,0,0,0,0,0,-0.012045388,0,0,0,0.52,1.2918717,-0.32667814,-1.5588413,9.9185235e-12,-4.3582338e-11,0.79721523,2.4244669e-11,-3.754684e-11,-2.3560565,-9.3379047e-05,-2.9569912e-09,4.6973342e-09,-2.762987e-06,0.0024802618,1.4201789e-08,-2.2884158e-08,2.4111071e-05,-590.39478,1.3572722e-05,-2.1609329e-05,-6.8609727,0,0
1760,1.759,0,0,-0.039736968,0,-0,0,0,0,-0.00011943797,0,0,0,0,0,-0.011916469,0,0,0,0.52,1.2918717,-0.32667831,-1.5588414,8.6276525e-12,-3.8199531e-11,0.79721514,2.1295669e-11,-3.286236e-11,-2.3560565,-9.0880019e-05,-2.9414538e-09,4.6723321e-09,-2.7377549e-06,0.0024927726,1.5092177e-08,-2.4296137e-08,2.4858461e-05,-590.40267,1.3642486e-05,-2.1718542e-05,-6.8609614,0,0
1761,1.76,0,0,-0.039737093,0,-0,0,0,0,-0.00013115654,0,0,0,0,0,-0.011784534,0,0,0,0.52,1.2918717,-0.32667848,-1.5588415,7.344002e-12,-3.2846099e-11,0.79721505,1.8362639e-11,-2.8203569e-11,-2.3560565,-8.8369891e-05,-2.9250442e-09,4.6459469e-09,-2.7117967e-06,0.0025043426,1.5970469e-08,-2.5688813e-08,2.5591592e-05,-590.41074,1.3707089e-05,-2.1819556e-05,-6.860955,0,0
1762,1.761,0,0,-0.03973723,0,-0,0,0,0,-0.00014273875,0,0,0,0,0,-0.011649652,0,0,0,0.52,1.2918716,-0.32667866,-1.5588415,6.0679494e-12,-2.7523619e-11,0.79721496,1.5446446e-11,-2.3571839e-11,-2.3560565,-8.58496e-05,-2.9077747e-09,4.6181985e-09,-2.685127e-06,0.002514975,1.6836465e-08,-2.7061866e-08,2.6310329e-05,-590.41898,1.3766551e-05,-2.1912401e-05,-6.8609534,0,0
1763,1.762,0,0,-0.039737379,0,-0,0,0,0,-0.00015418176,0,0,0,0,0,-0.01151189,0,0,0,0.52,1.2918716,-0.32667886,-1.5588416,4.7998661e-12,-2.2233648e-11,0.79721488,1.2547943e-11,-1.8968525e-11,-2.3560565,-8.3320077e-05,-2.889658e-09,4.589107e-09,-2.6577604e-06,0.0025246738,1.768997e-08,-2.8414989e-08,2.701454e-05,-590.4274,1.3820893e-05,-2.1997109e-05,-6.8609567,0,0
1764,1.763,0,0,-0.039737538,0,-0,0,0,0,-0.00016548279,0,0,0,0,0,-0.011371318,0,0,0,0.52,1.2918716,-0.32667906,-1.5588417,3.5401183e-12,-1.697772e-11,0.7972148,9.6679711e-12,-1.4394958e-11,-2.3560565,-8.078225e-05,-2.8707068e-09,4.5586926e-09,-2.6297115e-06,0.0025334429,1.8530795e-08,-2.9747883e-08,2.7704104e-05,-590.43599,1.3870135e-05,-2.2073715e-05,-6.8609647,0,0
1765,1.764,0,0,-0.03973771,0,-0,0,0,0,-0.00017663914,0,0,0,0,0,-0.011228006,0,0,0,0.52,1.2918716,-0.32667927,-1.5588418,2.2890663e-12,-1.1757342e-11,0.79721472,6.8073577e-12,-9.8524519e-12,-2.3560565,-7.8237041e-05,-2.8509341e-09,4.5269762e-09,-2.6009952e-06,0.0025412867,1.9358746e-08,-3.1060244e-08,2.8378909e-05,-590.44474,1.3914302e-05,-2.2142259e-05,-6.8609775,0,0
1766,1.765,0,0,-0.039737892,0,-0,0,0,0,-0.00018764817,0,0,0,0,0,-0.011082023,0,0,0,0.52,1.2918715,-0.3266795,-1.5588419,1.0470646e-12,-6.574001e-12,0.79721464,3.9669179e-12,-5.3422973e-12,-2.3560565,-7.568537e-05,-2.830353e-09,4.4939786e-09,-2.5716264e-06,0.0025482098,2.0173656e-08,-3.2351805e-08,2.9038837e-05,-590.45365,1.3953419e-05,-2.2202778e-05,-6.8609951,0,0
1767,1.766,0,0,-0.039738085,0,-0,0,0,0,-0.00019850732,0,0,0,0,0,-0.01093344,0,0,0,0.52,1.2918715,-0.32667973,-1.558842,-1.8553792e-13,-1.4291577e-12,0.79721457,1.1474534e-12,-8.6576506e-13,-2.3560565,-7.3128149e-05,-2.8089768e-09,4.4597211e-09,-2.5416201e-06,0.0025542171,2.0975343e-08,-3.3622282e-08,2.9683789e-05,-590.46271,1.3987511e-05,-2.2255317e-05,-6.8610173,0,0
1768,1.767,0,0,-0.039738288,0,-0,0,0,0,-0.00020921409,0,0,0,0,0,-0.010782328,0,0,0,0.52,1.2918715,-0.32667997,-1.558842,-1.4083986e-12,3.675751e-12,0.7972145,-1.6502474e-12,3.5758958e-12,-2.3560565,-7.0566287e-05,-2.786819e-09,4.4242251e-09,-2.5109915e-06,0.0025593138,2.1763647e-08,-3.4871418e-08,3.031366e-05,-590.47193,1.4016607e-05,-2.229992e-05,-6.8610441,0,0
1769,1.768,0,0,-0.039738503,0,-0,0,0,0,-0.00021976607,0,0,0,0,0,-0.010628757,0,0,0,0.52,1.2918715,-0.32668022,-1.5588421,-2.6211805e-12,8.7393132e-12,0.79721443,-4.4254097e-12,7.9814577e-12,-2.3560565,-6.8000686e-05,-2.7638932e-09,4.3875124e-09,-2.4797558e-06,0.0025635052,2.2538401e-08,-3.6098955e-08,3.0928361e-05,-590.4813,1.4040736e-05,-2.2336635e-05,-6.8610755,0,0
1770,1.769,0,0,-0.039738728,0,-0,0,0,0,-0.00023016089,0,0,0,0,0,-0.010472799,0,0,0,0.52,1.2918715,-0.32668048,-1.5588422,-3.8235529e-12,1.3760142e-11,0.79721436,-7.1772727e-12,1.2349715e-11,-2.3560565,-6.5432243e-05,-2.7402132e-09,4.3496049e-09,-2.4479283e-06,0.0025667971,2.3299452e-08,-3.7304647e-08,3.1527803e-05,-590.4908,1.405993e-05,-2.236551e-05,-6.8611115,0,0
1771,1.77,0,0,-0.039738963,0,-0,0,0,0,-0.00024039628,0,0,0,0,0,-0.010314525,0,0,0,0.52,1.2918714,-0.32668075,-1.5588422,-5.0151912e-12,1.8736876e-11,0.7972143,-9.905089e-12,1.6679484e-11,-2.3560565,-6.2861848e-05,-2.715793e-09,4.3105248e-09,-2.4155243e-06,0.0025691955,2.4046652e-08,-3.8488261e-08,3.2111902e-05,-590.50045,1.4074219e-05,-2.2386598e-05,-6.8611519,0,0
1772,1.771,0,0,-0.039739208,0,-0,0,0,0,-0.00025047002,0,0,0,0,0,-0.010154007,0,0,0,0.52,1.2918714,-0.32668103,-1.5588423,-6.1957769e-12,2.3668179e-11,0.79721423,-1.2608125e-11,2.0969603e-11,-2.3560565,-6.0290386e-05,-2.6906465e-09,4.2702946e-09,-2.3825594e-06,0.0025707064,2.4779855e-08,-3.964957e-08,3.2680585e-05,-590.51023,1.4083639e-05,-2.2399953e-05,-6.8611968,0,0
1773,1.772,0,0,-0.039739464,0,-0,0,0,0,-0.00026038,0,0,0,0,0,-0.0099913172,0,0,0,0.52,1.2918714,-0.32668132,-1.5588424,-7.3649976e-12,2.8552741e-11,0.79721417,-1.5285663e-11,2.5218934e-11,-2.3560565,-5.7718735e-05,-2.6647881e-09,4.2289369e-09,-2.349049e-06,0.0025713365,2.5498923e-08,-4.0788355e-08,3.3233779e-05,-590.52013,1.4088223e-05,-2.2405631e-05,-6.8612461,0,0
1774,1.773,0,0,-0.039739729,0,-0,0,0,0,-0.00027012413,0,0,0,0,0,-0.0098265268,0,0,0,0.52,1.2918714,-0.32668161,-1.5588424,-8.5225476e-12,3.3389277e-11,0.79721412,-1.7936997e-11,2.9426361e-11,-2.3560565,-5.5147764e-05,-2.6382319e-09,4.1864744e-09,-2.3150088e-06,0.0025710924,2.6203725e-08,-4.1904409e-08,3.3771421e-05,-590.53017,1.4088009e-05,-2.240369e-05,-6.8612997,0,0
1775,1.774,0,0,-0.039740004,0,-0,0,0,0,-0.00027970043,0,0,0,0,0,-0.0096597084,0,0,0,0.52,1.2918714,-0.32668192,-1.5588425,-9.6681272e-12,3.8176531e-11,0.79721406,-2.0561436e-11,3.359079e-11,-2.3560565,-5.2578339e-05,-2.6109926e-09,4.1429303e-09,-2.2804543e-06,0.002569981,2.6894133e-08,-4.299753e-08,3.4293454e-05,-590.54032,1.4083035e-05,-2.2394191e-05,-6.8613576,0,0
1776,1.775,0,0,-0.039740288,0,-0,0,0,0,-0.00028910697,0,0,0,0,0,-0.0094909344,0,0,0,0.52,1.2918713,-0.32668223,-1.5588425,-1.0801443e-11,4.2913271e-11,0.79721401,-2.3158306e-11,3.7711152e-11,-2.3560565,-5.0011315e-05,-2.5830846e-09,4.0983278e-09,-2.2454013e-06,0.0025680095,2.757003e-08,-4.4067535e-08,3.4799822e-05,-590.55059,1.4073338e-05,-2.2377197e-05,-6.8614197,0,0
1777,1.776,0,0,-0.039740582,0,-0,0,0,0,-0.00029834192,0,0,0,0,0,-0.0093202771,0,0,0,0.52,1.2918713,-0.32668255,-1.5588426,-1.1922209e-11,4.7598293e-11,0.79721396,-2.5726944e-11,4.1786399e-11,-2.3560565,-4.7447542e-05,-2.5545227e-09,4.0526902e-09,-2.2098655e-06,0.0025651854,2.8231296e-08,-4.5114236e-08,3.529048e-05,-590.56097,1.4058961e-05,-2.2352771e-05,-6.861486,0,0
1778,1.777,0,0,-0.039740885,0,-0,0,0,0,-0.0003074035,0,0,0,0,0,-0.0091478091,0,0,0,0.52,1.2918713,-0.32668288,-1.5588426,-1.3030144e-11,5.2230419e-11,0.79721392,-2.8266705e-11,4.5815509e-11,-2.3560566,-4.488786e-05,-2.5253216e-09,4.0060411e-09,-2.1738627e-06,0.0025615162,2.8877832e-08,-4.6137474e-08,3.5765381e-05,-590.57146,1.4039943e-05,-2.2320981e-05,-6.8615564,0,0
1779,1.778,0,0,-0.039741197,0,-0,0,0,0,-0.00031629,0,0,0,0,0,-0.0089736028,0,0,0,0.52,1.2918713,-0.32668321,-1.5588427,-1.4124974e-11,5.6808499e-11,0.79721387,-3.0776956e-11,4.9797482e-11,-2.3560566,-4.2333103e-05,-2.4954962e-09,3.9584043e-09,-2.1374086e-06,0.00255701,2.9509524e-08,-4.7137075e-08,3.6224496e-05,-590.58206,1.4016329e-05,-2.2281895e-05,-6.8616309,0,0
1780,1.779,0,0,-0.039741517,0,-0,0,0,0,-0.00032499979,0,0,0,0,0,-0.0087977308,0,0,0,0.52,1.2918713,-0.32668355,-1.5588427,-1.5206433e-11,6.1331409e-11,0.79721383,-3.325708e-11,5.3731342e-11,-2.3560566,-3.9784096e-05,-2.4650615e-09,3.9098034e-09,-2.1005192e-06,0.0025516747,3.0126283e-08,-4.8112894e-08,3.666779e-05,-590.59275,1.3988162e-05,-2.2235584e-05,-6.8617094,0,0
1781,1.78,0,0,-0.039741846,0,-0,0,0,0,-0.00033353132,0,0,0,0,0,-0.0086202657,0,0,0,0.52,1.2918713,-0.3266839,-1.5588428,-1.6274261e-11,6.5798055e-11,0.79721379,-3.5706477e-11,5.7616137e-11,-2.3560566,-3.7241656e-05,-2.4340327e-09,3.8602627e-09,-2.0632102e-06,0.0025455187,3.0728016e-08,-4.9064788e-08,3.7095236e-05,-590.60353,1.3955487e-05,-2.218212e-05,-6.8617919,0,0
1782,1.781,0,0,-0.039742184,0,-0,0,0,0,-0.00034188311,0,0,0,0,0,-0.0084412798,0,0,0,0.52,1.2918713,-0.32668426,-1.5588428,-1.7328202e-11,7.0207367e-11,0.79721376,-3.8124559e-11,6.1450939e-11,-2.3560566,-3.4706589e-05,-2.4024247e-09,3.8098062e-09,-2.0254976e-06,0.0025385505,3.131463e-08,-4.9992614e-08,3.7506821e-05,-590.61441,1.3918352e-05,-2.2121578e-05,-6.8618782,0,0
1783,1.782,0,0,-0.03974253,0,-0,0,0,0,-0.00035005374,0,0,0,0,0,-0.0082608458,0,0,0,0.52,1.2918712,-0.32668462,-1.5588428,-1.836801e-11,7.4558307e-11,0.79721373,-4.0510755e-11,6.5234845e-11,-2.3560566,-3.2179696e-05,-2.370253e-09,3.7584581e-09,-1.9873972e-06,0.0025307788,3.1886059e-08,-5.0896261e-08,3.7902525e-05,-590.62537,1.3876803e-05,-2.2054033e-05,-6.8619684,0,0
1784,1.783,0,0,-0.039742884,0,-0,0,0,0,-0.00035804187,0,0,0,0,0,-0.0080790359,0,0,0,0.52,1.2918712,-0.32668499,-1.5588429,-1.9393445e-11,7.8849862e-11,0.79721369,-4.2864509e-11,6.8966976e-11,-2.3560566,-2.9661767e-05,-2.3375327e-09,3.7062428e-09,-1.948925e-06,0.0025222127,3.244222e-08,-5.1775607e-08,3.8282341e-05,-590.63642,1.3830889e-05,-2.1979563e-05,-6.8620624,0,0
1785,1.784,0,0,-0.039743246,0,-0,0,0,0,-0.00036584624,0,0,0,0,0,-0.0078959225,0,0,0,0.52,1.2918712,-0.32668537,-1.5588429,-2.0404272e-11,8.3081047e-11,0.79721367,-4.518528e-11,7.2646476e-11,-2.3560566,-2.7153581e-05,-2.3042792e-09,3.6531848e-09,-1.9100968e-06,0.0025128611,3.2983048e-08,-5.2630545e-08,3.8646265e-05,-590.64754,1.378066e-05,-2.1898248e-05,-6.8621601,0,0
1786,1.785,0,0,-0.039743616,0,-0,0,0,0,-0.00037346564,0,0,0,0,0,-0.0077115776,0,0,0,0.52,1.2918712,-0.32668575,-1.5588429,-2.1400266e-11,8.7250906e-11,0.79721364,-4.7472542e-11,7.6272515e-11,-2.3560566,-2.4655912e-05,-2.270508e-09,3.5993086e-09,-1.8709284e-06,0.0025027335,3.3508478e-08,-5.3460978e-08,3.8994301e-05,-590.65873,1.3726167e-05,-2.1810169e-05,-6.8622614,0,0
1787,1.786,0,0,-0.039743993,0,-0,0,0,0,-0.00038089896,0,0,0,0,0,-0.0075260732,0,0,0,0.52,1.2918712,-0.32668614,-1.558843,-2.2381204e-11,9.1358511e-11,0.79721362,-4.9725786e-11,7.9844287e-11,-2.3560566,-2.2169519e-05,-2.2362346e-09,3.5446389e-09,-1.8314359e-06,0.0024918394,3.4018456e-08,-5.4266818e-08,3.9326456e-05,-590.66999,1.3667462e-05,-2.1715409e-05,-6.8623663,0,0
1788,1.787,0,0,-0.039744377,0,-0,0,0,0,-0.00038814515,0,0,0,0,0,-0.0073394812,0,0,0,0.52,1.2918712,-0.32668654,-1.558843,-2.3346876e-11,9.5402964e-11,0.7972136,-5.1944517e-11,8.3361012e-11,-2.3560566,-1.9695157e-05,-2.2014744e-09,3.4892003e-09,-1.791635e-06,0.0024801884,3.4512932e-08,-5.5047989e-08,3.9642741e-05,-590.68132,1.3604598e-05,-2.1614052e-05,-6.8624747,0,0
1789,1.788,0,0,-0.039744769,0,-0,0,0,0,-0.00039520322,0,0,0,0,0,-0.0071518732,0,0,0,0.52,1.2918712,-0.32668694,-1.558843,-2.4297073e-11,9.9383392e-11,0.79721358,-5.4128256e-11,8.6821932e-11,-2.3560566,-1.7233565e-05,-2.1662431e-09,3.4330177e-09,-1.7515416e-06,0.0024677904,3.4991858e-08,-5.5804417e-08,3.9943174e-05,-590.6927,1.3537628e-05,-2.1506185e-05,-6.8625866,0,0
1790,1.789,0,0,-0.039745167,0,-0,0,0,0,-0.00040207226,0,0,0,0,0,-0.0069633206,0,0,0,0.52,1.2918712,-0.32668735,-1.558843,-2.5231596e-11,1.0329895e-10,0.79721356,-5.6276539e-11,9.0226315e-11,-2.3560566,-1.4785477e-05,-2.1305562e-09,3.3761158e-09,-1.7111715e-06,0.0024546556,3.5455194e-08,-5.6536041e-08,4.0227779e-05,-590.70414,1.3466608e-05,-2.1391895e-05,-6.8627019,0,0
1791,1.79,0,0,-0.039745573,0,-0,0,0,0,-0.00040875144,0,0,0,0,0,-0.0067738946,0,0,0,0.52,1.2918712,-0.32668776,-1.558843,-2.6150253e-11,1.0714883e-10,0.79721355,-5.838892e-11,9.3573456e-11,-2.3560566,-1.2351614e-05,-2.0944294e-09,3.3185196e-09,-1.6705406e-06,0.0024407941,3.5902906e-08,-5.7242808e-08,4.0496585e-05,-590.71563,1.3391593e-05,-2.1271271e-05,-6.8628205,0,0
1792,1.791,0,0,-0.039745985,0,-0,0,0,0,-0.00041524,0,0,0,0,0,-0.0065836659,0,0,0,0.52,1.2918712,-0.32668818,-1.558843,-2.7052857e-11,1.1093225e-10,0.79721354,-6.0464966e-11,9.6862673e-11,-2.3560566,-9.9326861e-06,-2.0578784e-09,3.260254e-09,-1.6296644e-06,0.0024262163,3.6334967e-08,-5.7924677e-08,4.0749623e-05,-590.72717,1.3312641e-05,-2.1144404e-05,-6.8629424,0,0
1793,1.792,0,0,-0.039746403,0,-0,0,0,0,-0.00042153722,0,0,0,0,0,-0.0063927054,0,0,0,0.52,1.2918712,-0.3266886,-1.5588431,-2.793923e-11,1.1464844e-10,0.79721353,-6.2504261e-11,1.0009331e-10,-2.3560566,-7.5293951e-06,-2.0209189e-09,3.2013439e-09,-1.5885588e-06,0.0024109328,3.6751353e-08,-5.858161e-08,4.0986933e-05,-590.73875,1.3229808e-05,-2.1011385e-05,-6.8630675,0,0
1794,1.793,0,0,-0.039746828,0,-0,0,0,0,-0.00042764249,0,0,0,0,0,-0.0062010832,0,0,0,0.52,1.2918712,-0.32668903,-1.5588431,-2.8809199e-11,1.1829667e-10,0.79721352,-6.4506403e-11,1.0326473e-10,-2.3560566,-5.1424301e-06,-1.9835665e-09,3.1418144e-09,-1.5472395e-06,0.0023949542,3.7152048e-08,-5.9213586e-08,4.1208557e-05,-590.75037,1.3143153e-05,-2.0872308e-05,-6.8631957,0,0
1795,1.794,0,0,-0.039747258,0,-0,0,0,0,-0.00043355525,0,0,0,0,0,-0.0060088693,0,0,0,0.52,1.2918712,-0.32668946,-1.5588431,-2.9662599e-11,1.2187626e-10,0.79721352,-6.6471009e-11,1.0637633e-10,-2.3560566,-2.7724699e-06,-1.945837e-09,3.0816903e-09,-1.5057219e-06,0.0023782916,3.7537038e-08,-5.9820583e-08,4.1414543e-05,-590.76202,1.3052735e-05,-2.0727268e-05,-6.8633269,0,0
1796,1.795,0,0,-0.039747694,0,-0,0,0,0,-0.00043927502,0,0,0,0,0,-0.0058161334,0,0,0,0.52,1.2918712,-0.3266899,-1.5588431,-3.0499272e-11,1.2538653e-10,0.79721352,-6.8397708e-11,1.0942753e-10,-2.3560566,-4.2018212e-07,-1.907746e-09,3.0209967e-09,-1.4640218e-06,0.0023609557,3.7906315e-08,-6.0402591e-08,4.1604945e-05,-590.7737,1.2958615e-05,-2.057636e-05,-6.8634612,0,0
1797,1.796,0,0,-0.039748136,0,-0,0,0,0,-0.00044480137,0,0,0,0,0,-0.0056229447,0,0,0,0.52,1.2918712,-0.32669034,-1.5588431,-3.1319067e-11,1.2882683e-10,0.79721352,-7.0286147e-11,1.1241777e-10,-2.3560566,1.9137768e-06,-1.8693094e-09,2.9597586e-09,-1.4221545e-06,0.0023429579,3.8259878e-08,-6.0959611e-08,4.1779821e-05,-590.78541,1.2860854e-05,-2.0419681e-05,-6.8635984,0,0
1798,1.797,0,0,-0.039748584,0,-0,0,0,0,-0.00045013396,0,0,0,0,0,-0.0054293721,0,0,0,0.52,1.2918712,-0.32669079,-1.5588431,-3.2121838e-11,1.3219655e-10,0.79721352,-7.2135989e-11,1.1534651e-10,-2.3560566,4.2287618e-06,-1.8305427e-09,2.8980009e-09,-1.3801356e-06,0.0023243093,3.8597737e-08,-6.1491655e-08,4.1939231e-05,-590.79713,1.2759513e-05,-2.025733e-05,-6.8637384,0,0
1799,1.798,0,0,-0.039749037,0,-0,0,0,0,-0.0004552725,0,0,0,0,0,-0.005235484,0,0,0,0.52,1.2918712,-0.32669124,-1.5588431,-3.2907448e-11,1.3549511e-10,0.79721353,-7.394691e-11,1.1821326e-10,-2.3560566,6.5241392e-06,-1.7914617e-09,2.8357486e-09,-1.3379803e-06,0.0023050214,3.8919893e-08,-6.1998735e-08,4.2083244e-05,-590.80888,1.2654654e-05,-2.0089406e-05,-6.8638812,0,0
1800,1.799,0,0,-0.039749494,0,-0,0,0,0,-0.00046021678,0,0,0,0,0,-0.0050413484,0,0,0,0.52,1.2918712,-0.32669169,-1.5588431,-3.3675767e-11,1.3872195e-10,0.79721353,-7.5718606e-11,1.2101753e-10,-2.3560566,8.7992871e-06,-1.7520821e-09,2.7730267e-09,-1.295704e-06,0.0022851057,3.9226362e-08,-6.2480873e-08,4.2211934e-05,-590.82064,1.2546341e-05,-1.991601e-05,-6.8640268,0,0
1801,1.8,0,0,-0.039749957,0,-0,0,0,0,-0.00046496665,0,0,0,0,0,-0.004847033,0,0,0,0.52,1.2918712,-0.32669215,-1.558843,-3.442667e-11,1.4187654e-10,0.79721354,-7.7450784e-11,1.2375886e-10,-2.3560566,1.1053595e-05,-1.7124195e-09,2.7098599e-09,-1.253322e-06,0.0022645739,3.9517168e-08,-6.2938109e-08,4.2325374e-05,-590.83241,1.2434637e-05,-1.9737243e-05,-6.864175,0,0
1802,1.801,0,0,-0.039750424,0,-0,0,0,0,-0.00046952204,0,0,0,0,0,-0.0046526049,0,0,0,0.52,1.2918712,-0.32669261,-1.558843,-3.516004e-11,1.4495839e-10,0.79721355,-7.914317e-11,1.2643681e-10,-2.3560566,1.3286465e-05,-1.6724896e-09,2.6462733e-09,-1.2108492e-06,0.0022434378,3.979233e-08,-6.3370478e-08,4.2423647e-05,-590.84418,1.2319607e-05,-1.9553207e-05,-6.8643257,0,0
1803,1.802,0,0,-0.039750896,0,-0,0,0,0,-0.00047388294,0,0,0,0,0,-0.0044581306,0,0,0,0.52,1.2918712,-0.32669307,-1.558843,-3.5875768e-11,1.4796703e-10,0.79721357,-8.0795504e-11,1.29051e-10,-2.3560566,1.549731e-05,-1.632308e-09,2.5822915e-09,-1.1683007e-06,0.0022217093,4.0051883e-08,-6.3778033e-08,4.2506838e-05,-590.85595,1.2201315e-05,-1.9364007e-05,-6.864479,0,0
1804,1.803,0,0,-0.039751372,0,-0,0,0,0,-0.00047804939,0,0,0,0,0,-0.0042636762,0,0,0,0.52,1.2918712,-0.32669354,-1.558843,-3.6573749e-11,1.5090201e-10,0.79721359,-8.2407542e-11,1.3160102e-10,-2.3560566,1.7685556e-05,-1.5918901e-09,2.5179392e-09,-1.1256916e-06,0.0021994003,4.0295861e-08,-6.4160832e-08,4.2575036e-05,-590.86772,1.2079828e-05,-1.9169747e-05,-6.8646347,0,0
1805,1.804,0,0,-0.039751852,0,-0,0,0,0,-0.00048202151,0,0,0,0,0,-0.0040693074,0,0,0,0.52,1.2918712,-0.32669401,-1.558843,-3.7253888e-11,1.5376291e-10,0.7972136,-8.3979055e-11,1.3408652e-10,-2.3560566,1.985064e-05,-1.5512516e-09,2.4532413e-09,-1.0830366e-06,0.002176523,4.0524299e-08,-6.4518935e-08,4.2628336e-05,-590.87949,1.1955211e-05,-1.8970532e-05,-6.8647928,0,0
1806,1.805,0,0,-0.039752335,0,-0,0,0,0,-0.00048579949,0,0,0,0,0,-0.0038750891,0,0,0,0.52,1.2918712,-0.32669448,-1.558843,-3.7916094e-11,1.5654936e-10,0.79721363,-8.5509832e-11,1.3650716e-10,-2.3560566,2.1992013e-05,-1.5104079e-09,2.3882221e-09,-1.0403505e-06,0.0021530895,4.0737248e-08,-6.4852419e-08,4.2666836e-05,-590.89124,1.1827531e-05,-1.8766469e-05,-6.8649531,0,0
1807,1.806,0,0,-0.039752823,0,-0,0,0,0,-0.00048938357,0,0,0,0,0,-0.0036810859,0,0,0,0.52,1.2918712,-0.32669496,-1.5588429,-3.8560285e-11,1.59261e-10,0.79721365,-8.6999674e-11,1.3886265e-10,-2.3560566,2.4109136e-05,-1.4693744e-09,2.3229063e-09,-9.9764799e-07,0.0021291122,4.0934753e-08,-6.5161362e-08,4.269064e-05,-590.90298,1.1696856e-05,-1.8557664e-05,-6.8651157,0,0
1808,1.807,0,0,-0.039753314,0,-0,0,0,0,-0.00049277407,0,0,0,0,0,-0.0034873616,0,0,0,0.52,1.2918712,-0.32669544,-1.5588429,-3.9186384e-11,1.6189749e-10,0.79721367,-8.8448399e-11,1.4115269e-10,-2.3560566,2.6201485e-05,-1.4281665e-09,2.2573182e-09,-9.5494353e-07,0.0021046034,4.111687e-08,-6.5445853e-08,4.2699854e-05,-590.9147,1.1563252e-05,-1.8344225e-05,-6.8652804,0,0
1809,1.808,0,0,-0.039753808,0,-0,0,0,0,-0.00049597136,0,0,0,0,0,-0.0032939796,0,0,0,0.52,1.2918712,-0.32669592,-1.5588429,-3.9794321e-11,1.6445854e-10,0.7972137,-8.985584e-11,1.4337703e-10,-2.3560566,2.8268547e-05,-1.3867994e-09,2.1914821e-09,-9.1225157e-07,0.0020795755,4.1283663e-08,-6.5705993e-08,4.2694587e-05,-590.92639,1.1426789e-05,-1.8126262e-05,-6.8654472,0,0
1810,1.809,0,0,-0.039754306,0,-0,0,0,0,-0.00049897587,0,0,0,0,0,-0.0031010025,0,0,0,0.52,1.2918712,-0.3266964,-1.5588429,-4.0384035e-11,1.6694387e-10,0.79721373,-9.1221846e-11,1.4553542e-10,-2.3560566,3.0309821e-05,-1.3452884e-09,2.1254223e-09,-8.6958643e-07,0.0020540412,4.1435187e-08,-6.5941876e-08,4.2674957e-05,-590.93806,1.1287535e-05,-1.7903882e-05,-6.8656159,0,0
1811,1.81,0,0,-0.039754806,0,-0,0,0,0,-0.00050178811,0,0,0,0,0,-0.0029084924,0,0,0,0.52,1.2918712,-0.32669688,-1.5588428,-4.0955467e-11,1.6935324e-10,0.79721376,-9.254628e-11,1.4762766e-10,-2.3560566,3.232482e-05,-1.3036488e-09,2.0591628e-09,-8.2696229e-07,0.002028013,4.1571518e-08,-6.6153621e-08,4.264108e-05,-590.9497,1.1145558e-05,-1.7677197e-05,-6.8657866,0,0
1812,1.811,0,0,-0.039755309,0,-0,0,0,0,-0.00050440863,0,0,0,0,0,-0.0027165107,0,0,0,0.52,1.2918712,-0.32669737,-1.5588428,-4.150857e-11,1.7168642e-10,0.79721379,-9.3829022e-11,1.4965356e-10,-2.3560566,3.4313069e-05,-1.2618954e-09,1.9927276e-09,-7.8439321e-07,0.0020015036,4.1692726e-08,-6.634134e-08,4.259308e-05,-590.96131,1.1000928e-05,-1.7446316e-05,-6.8659592,0,0
1813,1.812,0,0,-0.039755815,0,-0,0,0,0,-0.00050683805,0,0,0,0,0,-0.0025251182,0,0,0,0.52,1.2918712,-0.32669785,-1.5588428,-4.20433e-11,1.7394324e-10,0.79721383,-9.5069965e-11,1.5161295e-10,-2.3560566,3.6274106e-05,-1.2200435e-09,1.9261405e-09,-7.4189313e-07,0.0019745258,4.1798887e-08,-6.650516e-08,4.2531084e-05,-590.97288,1.0853716e-05,-1.721135e-05,-6.8661335,0,0
1814,1.813,0,0,-0.039756323,0,-0,0,0,0,-0.00050907706,0,0,0,0,0,-0.0023343749,0,0,0,0.52,1.2918713,-0.32669834,-1.5588427,-4.255962e-11,1.7612353e-10,0.79721387,-9.6269018e-11,1.535057e-10,-2.3560566,3.8207481e-05,-1.1781078e-09,1.8594253e-09,-6.9947584e-07,0.0019470922,4.1890092e-08,-6.664522e-08,4.2455218e-05,-590.98441,1.070399e-05,-1.6972411e-05,-6.8663096,0,0
1815,1.814,0,0,-0.039756833,0,-0,0,0,0,-0.00051112638,0,0,0,0,0,-0.0021443402,0,0,0,0.52,1.2918713,-0.32669883,-1.5588427,-4.30575e-11,1.7822714e-10,0.79721391,-9.7426104e-11,1.5533169e-10,-2.3560566,4.0112759e-05,-1.1361032e-09,1.7926054e-09,-6.5715502e-07,0.0019192159,4.1966416e-08,-6.6761648e-08,4.2365622e-05,-590.99589,1.0551821e-05,-1.6729611e-05,-6.8664873,0,0
1816,1.815,0,0,-0.039757345,0,-0,0,0,0,-0.00051298682,0,0,0,0,0,-0.0019550728,0,0,0,0.52,1.2918713,-0.32669932,-1.5588427,-4.3536918e-11,1.8025397e-10,0.79721395,-9.8541163e-11,1.5709082e-10,-2.3560566,4.1989515e-05,-1.0940445e-09,1.7257043e-09,-6.1494418e-07,0.0018909097,4.2027955e-08,-6.6854595e-08,4.2262431e-05,-591.00733,1.039728e-05,-1.6483063e-05,-6.8666665,0,0
1817,1.816,0,0,-0.039757858,0,-0,0,0,0,-0.00051465923,0,0,0,0,0,-0.0017666306,0,0,0,0.52,1.2918713,-0.32669981,-1.5588426,-4.3997855e-11,1.8220395e-10,0.79721399,-9.9614146e-11,1.5878302e-10,-2.3560566,4.383734e-05,-1.0519462e-09,1.6587453e-09,-5.7285672e-07,0.0018621864,4.2074807e-08,-6.6924217e-08,4.2145785e-05,-591.01871,1.0240439e-05,-1.6232878e-05,-6.8668473,0,0
1818,1.817,0,0,-0.039758374,0,-0,0,0,0,-0.00051614452,0,0,0,0,0,-0.0015790709,0,0,0,0.52,1.2918713,-0.3267003,-1.5588426,-4.4440301e-11,1.84077e-10,0.79721404,-1.0064502e-10,1.6040826e-10,-2.3560566,4.5655836e-05,-1.009823e-09,1.5917514e-09,-5.3090587e-07,0.0018330593,4.2107071e-08,-6.6970673e-08,4.2015826e-05,-591.03004,1.0081366e-05,-1.597917e-05,-6.8670294,0,0
1819,1.818,0,0,-0.039758891,0,-0,0,0,0,-0.00051744366,0,0,0,0,0,-0.0013924502,0,0,0,0.52,1.2918713,-0.32670079,-1.5588425,-4.4864253e-11,1.8587311e-10,0.79721408,-1.0163377e-10,1.619665e-10,-2.3560566,4.7444618e-05,-9.676893e-10,1.5247456e-09,-4.8910473e-07,0.0018035411,4.2124847e-08,-6.6994127e-08,4.1872705e-05,-591.04131,9.9201352e-06,-1.5722053e-05,-6.8672129,0,0
1820,1.819,0,0,-0.039759408,0,-0,0,0,0,-0.00051855767,0,0,0,0,0,-0.0012068242,0,0,0,0.52,1.2918713,-0.32670129,-1.5588425,-4.5269711e-11,1.8759228e-10,0.79721413,-1.025804e-10,1.6345775e-10,-2.3560566,4.9203315e-05,-9.2555936e-10,1.4577505e-09,-4.4746622e-07,0.001773645,4.2128244e-08,-6.699475e-08,4.1716572e-05,-591.05252,9.7568167e-06,-1.546164e-05,-6.8673977,0,0
1821,1.82,0,0,-0.039759927,0,-0,0,0,0,-0.00051948763,0,0,0,0,0,-0.0010222478,0,0,0,0.52,1.2918713,-0.32670178,-1.5588424,-4.5656684e-11,1.8923451e-10,0.79721418,-1.034849e-10,1.6488203e-10,-2.3560566,5.0931569e-05,-8.8344742e-10,1.3907888e-09,-4.0600314e-07,0.0017433841,4.2117374e-08,-6.6972723e-08,4.1547582e-05,-591.06367,9.5914823e-06,-1.5198045e-05,-6.8675837,0,0
1822,1.821,0,0,-0.039760447,0,-0,0,0,0,-0.00052023467,0,0,0,0,0,-0.00083877513,0,0,0,0.52,1.2918714,-0.32670227,-1.5588424,-4.6025186e-11,1.9079988e-10,0.79721423,-1.0434732e-10,1.6623937e-10,-2.3560566,5.2629034e-05,-8.4136758e-10,1.3238828e-09,-3.6472809e-07,0.0017127715,4.2092351e-08,-6.6928229e-08,4.1365893e-05,-591.07474,9.4242038e-06,-1.4931383e-05,-6.8677708,0,0
1823,1.822,0,0,-0.039760968,0,-0,0,0,0,-0.00052079997,0,0,0,0,0,-0.00065645962,0,0,0,0.52,1.2918714,-0.32670276,-1.5588423,-4.6375237e-11,1.9228843e-10,0.79721429,-1.0516768e-10,1.6752986e-10,-2.3560566,5.4295378e-05,-7.993338e-10,1.2570547e-09,-3.2365354e-07,0.0016818202,4.2053301e-08,-6.6861467e-08,4.1171661e-05,-591.08575,9.2550529e-06,-1.4661767e-05,-6.867959,0,0
1824,1.823,0,0,-0.039761489,0,-0,0,0,0,-0.00052118477,0,0,0,0,0,-0.00047535377,0,0,0,0.52,1.2918714,-0.32670325,-1.5588423,-4.6706866e-11,1.9370029e-10,0.79721434,-1.0594604e-10,1.6875357e-10,-2.3560566,5.5930283e-05,-7.5735994e-10,1.1903265e-09,-2.827918e-07,0.0016505434,4.2000342e-08,-6.6772628e-08,4.0965052e-05,-591.09668,9.0841016e-06,-1.4389311e-05,-6.8681481,0,0
1825,1.824,0,0,-0.03976201,0,-0,0,0,0,-0.00052139036,0,0,0,0,0,-0.00029550934,0,0,0,0.52,1.2918714,-0.32670375,-1.5588422,-4.7020102e-11,1.9503557e-10,0.7972144,-1.0668247e-10,1.6991062e-10,-2.3560566,5.7533443e-05,-7.1545971e-10,1.12372e-09,-2.4215497e-07,0.0016189542,4.19336e-08,-6.6661914e-08,4.0746234e-05,-591.10753,8.9114218e-06,-1.4114131e-05,-6.8683382,0,0
1826,1.825,0,0,-0.039762531,0,-0,0,0,0,-0.00052141807,0,0,0,0,0,-0.0001169772,0,0,0,0.52,1.2918714,-0.32670424,-1.5588422,-4.7314987e-11,1.9629442e-10,0.79721446,-1.0737704e-10,1.7100114e-10,-2.3560566,5.9104565e-05,-6.7364669e-10,1.0572566e-09,-2.0175503e-07,0.0015870658,4.185321e-08,-6.652954e-08,4.0515372e-05,-591.1183,8.7370854e-06,-1.383634e-05,-6.8685291,0,0
1827,1.826,0,0,-0.039763053,0,-0,0,0,0,-0.00052126929,0,0,0,0,0,6.0192598e-05,0,0,0,0.52,1.2918714,-0.32670472,-1.5588421,-4.7591563e-11,1.9747703e-10,0.79721452,-1.0802985e-10,1.7202529e-10,-2.3560566,6.0643368e-05,-6.3193434e-10,9.9095779e-10,-1.6160376e-07,0.0015548912,4.1759304e-08,-6.6375717e-08,4.027264e-05,-591.12899,8.5611643e-06,-1.3556053e-05,-6.8687207,0,0
1828,1.827,0,0,-0.039763574,0,-0,0,0,0,-0.00052094546,0,0,0,0,0,0.00023595085,0,0,0,0.52,1.2918715,-0.32670521,-1.558842,-4.784988e-11,1.9858357e-10,0.79721458,-1.0864101e-10,1.7298324e-10,-2.3560566,6.2149588e-05,-5.9033597e-10,9.2484465e-10,-1.2171276e-07,0.0015224437,4.165202e-08,-6.6200666e-08,4.0018212e-05,-591.13959,8.3837305e-06,-1.3273385e-05,-6.8689131,0,0
1829,1.828,0,0,-0.039764094,0,-0,0,0,0,-0.00052044806,0,0,0,0,0,0.00041024922,0,0,0,0.52,1.2918715,-0.3267057,-1.558842,-4.8089996e-11,1.9961429e-10,0.79721464,-1.0921064e-10,1.7387518e-10,-2.3560566,6.3622971e-05,-5.4886473e-10,8.5893807e-10,-8.2093462e-08,0.0014897362,4.1531496e-08,-6.6004609e-08,3.9752268e-05,-591.1501,8.2048559e-06,-1.2988449e-05,-6.8691061,0,0
1830,1.829,0,0,-0.039764614,0,-0,0,0,0,-0.00051977863,0,0,0,0,0,0.00058304025,0,0,0,0.52,1.2918715,-0.32670619,-1.5588419,-4.8311972e-11,2.0056943e-10,0.7972147,-1.0973888e-10,1.7470133e-10,-2.3560566,6.5063276e-05,-5.0753365e-10,7.932587e-10,-4.2757125e-08,0.001456782,4.1397886e-08,-6.5787787e-08,3.9474981e-05,-591.16052,8.0246121e-06,-1.270136e-05,-6.8692996,0,0
1831,1.83,0,0,-0.039765134,0,-0,0,0,0,-0.00051893873,0,0,0,0,0,0.00075427737,0,0,0,0.52,1.2918715,-0.32670667,-1.5588418,-4.8515875e-11,2.0144925e-10,0.79721477,-1.1022586e-10,1.7546193e-10,-2.3560566,6.6470276e-05,-4.663556e-10,7.2782695e-10,-3.7148103e-09,0.0014235941,4.1251329e-08,-6.5550428e-08,3.9186537e-05,-591.17084,7.8430709e-06,-1.2412231e-05,-6.8694937,0,0
1832,1.831,0,0,-0.039765652,0,-0,0,0,0,-0.00051793,0,0,0,0,0,0.00092391489,0,0,0,0.52,1.2918715,-0.32670715,-1.5588418,-4.8701778e-11,2.0225406e-10,0.79721484,-1.1067175e-10,1.7615724e-10,-2.3560566,6.7843757e-05,-4.253433e-10,6.62663e-10,3.5022601e-08,0.0013901855,4.1091979e-08,-6.5292776e-08,3.888712e-05,-591.18107,7.6603039e-06,-1.2121177e-05,-6.8696882,0,0
1833,1.832,0,0,-0.039766169,0,-0,0,0,0,-0.00051675409,0,0,0,0,0,0.001091908,0,0,0,0.52,1.2918715,-0.32670763,-1.5588417,-4.886976e-11,2.0298416e-10,0.79721491,-1.1107672e-10,1.7678753e-10,-2.3560566,6.9183518e-05,-3.845093e-10,5.9778677e-10,7.3444416e-08,0.0013565692,4.091999e-08,-6.5015076e-08,3.8576917e-05,-591.19119,7.4763824e-06,-1.1828311e-05,-6.869883,0,0
1834,1.833,0,0,-0.039766685,0,-0,0,0,0,-0.00051541273,0,0,0,0,0,0.0012582129,0,0,0,0.52,1.2918716,-0.32670811,-1.5588416,-4.9019904e-11,2.0363991e-10,0.79721498,-1.1144095e-10,1.7735311e-10,-2.3560566,7.0489371e-05,-3.4386602e-10,5.3321794e-10,1.1154013e-07,0.0013227584,4.0735519e-08,-6.471758e-08,3.8256115e-05,-591.20121,7.2913776e-06,-1.1533745e-05,-6.8700781,0,0
1835,1.834,0,0,-0.0397672,0,-0,0,0,0,-0.00051390766,0,0,0,0,0,0.0014227865,0,0,0,0.52,1.2918716,-0.32670859,-1.5588416,-4.91523e-11,2.0422165e-10,0.79721505,-1.1176465e-10,1.7785429e-10,-2.3560566,7.1761141e-05,-3.0342568e-10,4.6897591e-10,1.4929943e-07,0.0012887658,4.0538731e-08,-6.4400548e-08,3.7924905e-05,-591.21113,7.1053607e-06,-1.1237594e-05,-6.8702734,0,0
1836,1.835,0,0,-0.039767713,0,-0,0,0,0,-0.00051224067,0,0,0,0,0,0.0015855869,0,0,0,0.52,1.2918716,-0.32670906,-1.5588415,-4.9267043e-11,2.0472978e-10,0.79721512,-1.1204801e-10,1.782914e-10,-2.3560566,7.2998665e-05,-2.6320037e-10,4.0507983e-10,1.867122e-07,0.0012546045,4.0329783e-08,-6.4064236e-08,3.7583481e-05,-591.22093,6.9184024e-06,-1.0939969e-05,-6.8704688,0,0
1837,1.836,0,0,-0.039768224,0,-0,0,0,0,-0.0005104136,0,0,0,0,0,0.0017465728,0,0,0,0.52,1.2918716,-0.32670954,-1.5588414,-4.9364232e-11,2.051647e-10,0.79721519,-1.1229127e-10,1.786648e-10,-2.3560566,7.4201793e-05,-2.23202e-10,3.4154858e-10,2.2376851e-07,0.0012202873,4.0108845e-08,-6.3708911e-08,3.7232035e-05,-591.23063,6.7305734e-06,-1.0640983e-05,-6.8706644,0,0
1838,1.837,0,0,-0.039768734,0,-0,0,0,0,-0.00050842833,0,0,0,0,0,0.0019057042,0,0,0,0.52,1.2918717,-0.32671,-1.5588413,-4.9443972e-11,2.0552685e-10,0.79721527,-1.1249465e-10,1.7897487e-10,-2.3560566,7.537039e-05,-1.8344229e-10,2.7840077e-10,2.6045865e-07,0.0011858271,3.9876082e-08,-6.3334839e-08,3.6870768e-05,-591.24021,6.5419439e-06,-1.0340747e-05,-6.8708599,0,0
1839,1.838,0,0,-0.039769241,0,-0,0,0,0,-0.00050628677,0,0,0,0,0,0.0020629418,0,0,0,0.52,1.2918717,-0.32671047,-1.5588413,-4.9506373e-11,2.0581666e-10,0.79721534,-1.126584e-10,1.79222e-10,-2.3560566,7.6504332e-05,-1.4393283e-10,2.1565475e-10,2.9677308e-07,0.0011512366,3.9631667e-08,-6.2942294e-08,3.6499877e-05,-591.24967,6.352584e-06,-1.0039374e-05,-6.8710554,0,0
1840,1.839,0,0,-0.039769746,0,-0,0,0,0,-0.00050399087,0,0,0,0,0,0.0022182474,0,0,0,0.52,1.2918717,-0.32671094,-1.5588412,-4.9551551e-11,2.0603461e-10,0.79721542,-1.1278277e-10,1.7940659e-10,-2.3560566,7.7603506e-05,-1.04685e-10,1.5332856e-10,3.3270248e-07,0.0011165285,3.937578e-08,-6.2531562e-08,3.6119559e-05,-591.25902,6.1625635e-06,-9.7369723e-06,-6.8712508,0,0
1841,1.84,0,0,-0.039770249,0,-0,0,0,0,-0.00050154262,0,0,0,0,0,0.0023715835,0,0,0,0.52,1.2918717,-0.3267114,-1.5588411,-4.9579624e-11,2.0618119e-10,0.7972155,-1.1286803e-10,1.7952908e-10,-2.3560566,7.8667815e-05,-6.571001e-11,9.1439972e-11,3.6823773e-07,0.0010817154,3.9108586e-08,-6.2102911e-08,3.5730022e-05,-591.26825,5.9719517e-06,-9.4336539e-06,-6.871446,0,0
1842,1.841,0,0,-0.039770749,0,-0,0,0,0,-0.00049894404,0,0,0,0,0,0.0025229138,0,0,0,0.52,1.2918717,-0.32671185,-1.558841,-4.9590719e-11,2.0625691e-10,0.79721558,-1.1291447e-10,1.7958992e-10,-2.3560566,7.9697172e-05,-2.7018888e-11,3.0006467e-11,4.0336991e-07,0.0010468101,3.8830276e-08,-6.1656641e-08,3.5331461e-05,-591.27736,5.7808178e-06,-9.1295282e-06,-6.871641,0,0
1843,1.842,0,0,-0.039771247,0,-0,0,0,0,-0.00049619719,0,0,0,0,0,0.0026722029,0,0,0,0.52,1.2918718,-0.32671231,-1.5588409,-4.9584965e-11,2.062623e-10,0.79721566,-1.1292236e-10,1.7958956e-10,-2.3560566,8.0691505e-05,1.1377511e-11,-3.0954761e-11,4.3809031e-07,0.0010118249,3.8541025e-08,-6.1193032e-08,3.4924086e-05,-591.28634,5.5892305e-06,-8.8247041e-06,-6.8718356,0,0
1844,1.843,0,0,-0.039771741,0,-0,0,0,0,-0.00049330417,0,0,0,0,0,0.0028194164,0,0,0,0.52,1.2918718,-0.32671276,-1.5588409,-4.9562495e-11,2.0619792e-10,0.79721574,-1.1289201e-10,1.7952849e-10,-2.3560566,8.1650751e-05,4.9468522e-11,-9.1426809e-11,4.7239042e-07,0.00097677244,3.8241015e-08,-6.0712376e-08,3.4508102e-05,-591.29519,5.397258e-06,-8.5192903e-06,-6.8720298,0,0
1845,1.844,0,0,-0.039772233,0,-0,0,0,0,-0.0004902671,0,0,0,0,0,0.0029645208,0,0,0,0.52,1.2918718,-0.32671321,-1.5588408,-4.9523449e-11,2.0606432e-10,0.79721582,-1.1282373e-10,1.794072e-10,-2.3560566,8.2574862e-05,8.7243668e-11,-1.5139308e-10,5.0626194e-07,0.00094166499,3.7930436e-08,-6.0214974e-08,3.4083717e-05,-591.30392,5.2049684e-06,-8.2133947e-06,-6.8722237,0,0
1846,1.845,0,0,-0.039772722,0,-0,0,0,0,-0.00048708813,0,0,0,0,0,0.0031074836,0,0,0,0.52,1.2918718,-0.32671365,-1.5588407,-4.9467969e-11,2.0586211e-10,0.7972159,-1.1271785e-10,1.7922622e-10,-2.3560566,8.3463802e-05,1.2469266e-10,-2.1083728e-10,5.396968e-07,0.00090651486,3.7609473e-08,-5.9701121e-08,3.3651141e-05,-591.31251,5.012429e-06,-7.9071244e-06,-6.872417,0,0
1847,1.846,0,0,-0.039773207,0,-0,0,0,0,-0.00048376946,0,0,0,0,0,0.0032482733,0,0,0,0.52,1.2918719,-0.32671409,-1.5588406,-4.9396205e-11,2.0559188e-10,0.79721599,-1.1257468e-10,1.7898606e-10,-2.3560566,8.4317546e-05,1.618054e-10,-2.6974341e-10,5.726871e-07,0.00087133429,3.727832e-08,-5.9171127e-08,3.3210581e-05,-591.32098,4.819707e-06,-7.6005858e-06,-6.8726097,0,0
1848,1.847,0,0,-0.039773689,0,-0,0,0,0,-0.00048031331,0,0,0,0,0,0.0033868593,0,0,0,0.52,1.2918719,-0.32671453,-1.5588405,-4.9308307e-11,2.0525427e-10,0.79721607,-1.1239458e-10,1.7868727e-10,-2.3560566,8.5136082e-05,1.9857199e-10,-3.2809578e-10,6.0522518e-07,0.0008361354,3.6937164e-08,-5.8625291e-08,3.2762249e-05,-591.3293,4.6268689e-06,-7.2938848e-06,-6.8728019,0,0
1849,1.848,0,0,-0.039774168,0,-0,0,0,0,-0.00047672192,0,0,0,0,0,0.0035232122,0,0,0,0.52,1.2918719,-0.32671496,-1.5588404,-4.9204433e-11,2.0484991e-10,0.79721616,-1.1217789e-10,1.7833043e-10,-2.3560566,8.5919409e-05,2.3498271e-10,-3.8587902e-10,6.3730359e-07,0.00080093023,3.6586202e-08,-5.8063924e-08,3.2306358e-05,-591.3375,4.4339808e-06,-6.9871263e-06,-6.8729933,0,0
1850,1.849,0,0,-0.039774642,0,-0,0,0,0,-0.00047299758,0,0,0,0,0,0.0036573033,0,0,0,0.52,1.2918719,-0.32671539,-1.5588404,-4.9084742e-11,2.0437948e-10,0.79721624,-1.1192497e-10,1.7791609e-10,-2.3560566,8.666754e-05,2.7102806e-10,-4.4307807e-10,6.6891509e-07,0.00076573074,3.6225631e-08,-5.7487341e-08,3.1843118e-05,-591.34555,4.2411083e-06,-6.6804143e-06,-6.873184,0,0
1851,1.85,0,0,-0.039775114,0,-0,0,0,0,-0.00046914257,0,0,0,0,0,0.003789105,0,0,0,0.52,1.291872,-0.32671582,-1.5588403,-4.8949399e-11,2.0384363e-10,0.79721633,-1.116362e-10,1.7744486e-10,-2.3560566,8.7380498e-05,3.0669871e-10,-4.9967817e-10,7.0005265e-07,0.00073054878,3.5855644e-08,-5.6895851e-08,3.1372745e-05,-591.35347,4.0483165e-06,-6.3738523e-06,-6.8733739,0,0
1852,1.851,0,0,-0.039775581,0,-0,0,0,0,-0.00046515924,0,0,0,0,0,0.0039185909,0,0,0,0.52,1.291872,-0.32671624,-1.5588402,-4.8798574e-11,2.0324308e-10,0.79721642,-1.1131195e-10,1.7691734e-10,-2.3560566,8.8058318e-05,3.4198554e-10,-5.5566491e-10,7.3070946e-07,0.00069539611,3.5476441e-08,-5.6289771e-08,3.0895453e-05,-591.36124,3.85567e-06,-6.0675426e-06,-6.873563,0,0
1853,1.852,0,0,-0.039776044,0,-0,0,0,0,-0.00046104993,0,0,0,0,0,0.0040457353,0,0,0,0.52,1.291872,-0.32671665,-1.5588401,-4.8632438e-11,2.0257852e-10,0.79721651,-1.1095262e-10,1.7633415e-10,-2.3560566,8.8701047e-05,3.7687966e-10,-6.1102416e-10,7.6087892e-07,0.00066028437,3.5088225e-08,-5.5669425e-08,3.0411457e-05,-591.36887,3.6632326e-06,-5.7615869e-06,-6.8737511,0,0
1854,1.853,0,0,-0.039776503,0,-0,0,0,0,-0.00045681703,0,0,0,0,0,0.0041705136,0,0,0,0.52,1.291872,-0.32671706,-1.55884,-4.8451168e-11,2.018507e-10,0.7972166,-1.1055859e-10,1.7569593e-10,-2.3560566,8.9308742e-05,4.1137234e-10,-6.6574214e-10,7.9055465e-07,0.00062522513,3.4691196e-08,-5.5035132e-08,2.9920972e-05,-591.37636,3.4710679e-06,-5.4560857e-06,-6.8739383,0,0
1855,1.854,0,0,-0.039776957,0,-0,0,0,0,-0.00045246293,0,0,0,0,0,0.0042929022,0,0,0,0.52,1.2918721,-0.32671747,-1.5588399,-4.8254944e-11,2.0106035e-10,0.79721669,-1.1013028e-10,1.7500332e-10,-2.3560566,8.9881474e-05,4.4545508e-10,-7.198054e-10,8.1973048e-07,0.00059022981,3.4285557e-08,-5.4387214e-08,2.9424215e-05,-591.3837,3.2792386e-06,-5.1511388e-06,-6.8741244,0,0
1856,1.855,0,0,-0.039777407,0,-0,0,0,0,-0.00044799006,0,0,0,0,0,0.0044128785,0,0,0,0.52,1.2918721,-0.32671787,-1.5588398,-4.8043949e-11,2.0020822e-10,0.79721678,-1.096681e-10,1.7425698e-10,-2.3560566,9.0419324e-05,4.7911957e-10,-7.7320079e-10,8.4840048e-07,0.00055530975,3.3871515e-08,-5.3726001e-08,2.8921403e-05,-591.3909,3.0878069e-06,-4.846845e-06,-6.8743094,0,0
1857,1.856,0,0,-0.039777853,0,-0,0,0,0,-0.00044340087,0,0,0,0,0,0.0045304209,0,0,0,0.52,1.2918721,-0.32671827,-1.5588397,-4.7818372e-11,1.992951e-10,0.79721687,-1.0917246e-10,1.7345759e-10,-2.3560566,9.0922383e-05,5.1235773e-10,-8.2591553e-10,8.765589e-07,0.00052047616,3.3449277e-08,-5.3051822e-08,2.841275e-05,-591.39795,2.8968345e-06,-4.5433018e-06,-6.8744934,0,0
1858,1.857,0,0,-0.039778294,0,-0,0,0,0,-0.00043869782,0,0,0,0,0,0.0046455088,0,0,0,0.52,1.2918721,-0.32671866,-1.5588396,-4.7578402e-11,1.9832177e-10,0.79721696,-1.0864381e-10,1.7260583e-10,-2.3560566,9.1390755e-05,5.4516166e-10,-8.7793711e-10,9.0420025e-07,0.00048574014,3.3019044e-08,-5.2364999e-08,2.7898477e-05,-591.40485,2.7063822e-06,-4.2406062e-06,-6.8746761,0,0
1859,1.858,0,0,-0.03977873,0,-0,0,0,0,-0.00043388339,0,0,0,0,0,0.0047581225,0,0,0,0.52,1.2918722,-0.32671905,-1.5588395,-4.7324234e-11,1.9728903e-10,0.79721705,-1.0808258e-10,1.7170241e-10,-2.3560566,9.1824554e-05,5.7752368e-10,-9.2925342e-10,9.3131921e-07,0.00045111266,3.2581028e-08,-5.1665868e-08,2.7378802e-05,-591.4116,2.5165105e-06,-3.9388536e-06,-6.8748576,0,0
1860,1.859,0,0,-0.039779162,0,-0,0,0,0,-0.00042896008,0,0,0,0,0,0.0048682434,0,0,0,0.52,1.2918722,-0.32671943,-1.5588395,-4.7056065e-11,1.961977e-10,0.79721714,-1.0748921e-10,1.7074804e-10,-2.3560566,9.2223905e-05,6.0943633e-10,-9.7985263e-10,9.5791072e-07,0.00041660457,3.2135441e-08,-5.0954765e-08,2.6853937e-05,-591.4182,2.3272788e-06,-3.6381388e-06,-6.8750377,0,0
1861,1.86,0,0,-0.039779588,0,-0,0,0,0,-0.00042393042,0,0,0,0,0,0.0049758538,0,0,0,0.52,1.2918722,-0.32671981,-1.5588394,-4.6774096e-11,1.9504861e-10,0.79721723,-1.0686416e-10,1.6974343e-10,-2.3560566,9.2588943e-05,6.4089233e-10,-1.0297233e-09,9.8396991e-07,0.00038222662,3.1682485e-08,-5.0232015e-08,2.6324107e-05,-591.42464,2.1387462e-06,-3.3385552e-06,-6.8752166,0,0
1862,1.861,0,0,-0.03978001,0,-0,0,0,0,-0.00041879695,0,0,0,0,0,0.005080937,0,0,0,0.52,1.2918723,-0.32672018,-1.5588393,-4.647853e-11,1.9384259e-10,0.79721733,-1.0620788e-10,1.6868933e-10,-2.3560566,9.2919813e-05,6.7188466e-10,-1.0788542e-09,1.0094921e-06,0.00034798938,3.122238e-08,-4.9497966e-08,2.5789524e-05,-591.43093,1.9509709e-06,-3.0401953e-06,-6.875394,0,0
1863,1.862,0,0,-0.039780426,0,-0,0,0,0,-0.0004135622,0,0,0,0,0,0.0051834775,0,0,0,0.52,1.2918723,-0.32672055,-1.5588392,-4.6169574e-11,1.9258051e-10,0.79721742,-1.0552086e-10,1.6758647e-10,-2.3560566,9.3216674e-05,7.0240647e-10,-1.1272347e-09,1.034473e-06,0.00031390335,3.0755333e-08,-4.8752948e-08,2.5250407e-05,-591.43707,1.7640104e-06,-2.7431502e-06,-6.87557,0,0
1864,1.863,0,0,-0.039780837,0,-0,0,0,0,-0.00040822875,0,0,0,0,0,0.0052834604,0,0,0,0.52,1.2918723,-0.32672091,-1.5588391,-4.5847438e-11,1.9126323e-10,0.79721751,-1.0480354e-10,1.6643561e-10,-2.3560566,9.347969e-05,7.3245114e-10,-1.1748541e-09,1.0589082e-06,0.00027997884,3.0281557e-08,-4.7997298e-08,2.4706975e-05,-591.44305,1.5779215e-06,-2.44751e-06,-6.8757445,0,0
1865,1.864,0,0,-0.039781242,0,-0,0,0,0,-0.00040279917,0,0,0,0,0,0.0053808721,0,0,0,0.52,1.2918723,-0.32672126,-1.558839,-4.5512334e-11,1.8989163e-10,0.79721761,-1.0405643e-10,1.6523753e-10,-2.3560566,9.370904e-05,7.6201226e-10,-1.2217025e-09,1.0827939e-06,0.00024622606,2.9801263e-08,-4.7231356e-08,2.4159445e-05,-591.44888,1.3927604e-06,-2.1533638e-06,-6.8759175,0,0
1866,1.865,0,0,-0.039781642,0,-0,0,0,0,-0.00039727605,0,0,0,0,0,0.0054756999,0,0,0,0.52,1.2918724,-0.32672161,-1.5588389,-4.5164477e-11,1.8846659e-10,0.7972177,-1.0328001e-10,1.6399298e-10,-2.3560566,9.3904909e-05,7.9108363e-10,-1.26777e-09,1.1061263e-06,0.00021265508,2.9314669e-08,-4.6455464e-08,2.3608033e-05,-591.45455,1.2085822e-06,-1.8607991e-06,-6.8760889,0,0
1867,1.866,0,0,-0.039782036,0,-0,0,0,0,-0.00039166201,0,0,0,0,0,0.0055679319,0,0,0,0.52,1.2918724,-0.32672196,-1.5588388,-4.4804084e-11,1.8698903e-10,0.79721779,-1.0247476e-10,1.6270277e-10,-2.3560566,9.4067496e-05,8.1965927e-10,-1.3130472e-09,1.1289017e-06,0.0001792758,2.8821984e-08,-4.5669957e-08,2.3052957e-05,-591.46006,1.0254416e-06,-1.5699024e-06,-6.8762586,0,0
1868,1.867,0,0,-0.039782425,0,-0,0,0,0,-0.00038595964,0,0,0,0,0,0.0056575573,0,0,0,0.52,1.2918724,-0.3267223,-1.5588387,-4.4431377e-11,1.8545985e-10,0.79721789,-1.0164119e-10,1.6136768e-10,-2.3560566,9.4197005e-05,8.4773342e-10,-1.357525e-09,1.1511168e-06,0.00014609802,2.8323425e-08,-4.4875182e-08,2.2494432e-05,-591.46541,8.4339226e-07,-1.2807591e-06,-6.8764267,0,0
1869,1.868,0,0,-0.039782808,0,-0,0,0,0,-0.00038017157,0,0,0,0,0,0.0057445664,0,0,0,0.52,1.2918724,-0.32672263,-1.5588386,-4.4046577e-11,1.8387998e-10,0.79721798,-1.007798e-10,1.5998853e-10,-2.3560566,9.4293653e-05,8.7530052e-10,-1.4011947e-09,1.1727686e-06,0.00011313137,2.7819207e-08,-4.4071477e-08,2.1932674e-05,-591.47061,6.6248722e-07,-9.93453e-07,-6.876593,0,0
1870,1.869,0,0,-0.039783186,0,-0,0,0,0,-0.00037430042,0,0,0,0,0,0.0058289502,0,0,0,0.52,1.2918725,-0.32672296,-1.5588385,-4.3649909e-11,1.8225034e-10,0.79721808,-9.9891095e-11,1.5856611e-10,-2.3560566,9.4357665e-05,9.0235523e-10,-1.4440477e-09,1.1938541e-06,8.0385331e-05,2.7309545e-08,-4.3259185e-08,2.1367898e-05,-591.47564,4.8277863e-07,-7.080669e-07,-6.8767576,0,0
1871,1.87,0,0,-0.039783557,0,-0,0,0,0,-0.00036834885,0,0,0,0,0,0.0059107009,0,0,0,0.52,1.2918725,-0.32672328,-1.5588384,-4.3241602e-11,1.8057188e-10,0.79721817,-9.89756e-11,1.5710125e-10,-2.3560566,9.4389276e-05,9.2889244e-10,-1.4860761e-09,1.2143707e-06,4.786924e-05,2.6794654e-08,-4.2438651e-08,2.0800316e-05,-591.48052,3.0431783e-07,-4.2468215e-07,-6.8769204,0,0
1872,1.871,0,0,-0.039783922,0,-0,0,0,0,-0.00036231948,0,0,0,0,0,0.0059898115,0,0,0,0.52,1.2918725,-0.32672359,-1.5588383,-4.2821883e-11,1.7884555e-10,0.79721827,-9.8033831e-11,1.5559478e-10,-2.3560566,9.438873e-05,9.5490723e-10,-1.5272721e-09,1.2343157e-06,1.5592287e-05,2.6274747e-08,-4.161021e-08,2.0230145e-05,-591.48524,1.2715537e-07,-1.4337885e-07,-6.8770813,0,0
1873,1.872,0,0,-0.039784281,0,-0,0,0,0,-0.00035621497,0,0,0,0,0,0.006066276,0,0,0,0.52,1.2918726,-0.3267239,-1.5588382,-4.2390986e-11,1.7707231e-10,0.79721836,-9.7066311e-11,1.5404754e-10,-2.3560566,9.4356279e-05,9.8039492e-10,-1.5676283e-09,1.2536871e-06,-1.6436495e-05,2.575004e-08,-4.0774207e-08,1.9657597e-05,-591.48979,-4.8659056e-08,1.3576424e-07,-6.8772404,0,0
1874,1.873,0,0,-0.039784635,0,-0,0,0,0,-0.00035003798,0,0,0,0,0,0.0061400893,0,0,0,0.52,1.2918726,-0.3267242,-1.5588381,-4.1949142e-11,1.7525313e-10,0.79721845,-9.607357e-11,1.5246037e-10,-2.3560566,9.4292185e-05,1.005351e-09,-1.6071376e-09,1.2724826e-06,-4.8208227e-05,2.5220748e-08,-3.9930985e-08,1.9082884e-05,-591.49419,-2.230766e-07,4.1266971e-07,-6.8773975,0,0
1875,1.874,0,0,-0.039784981,0,-0,0,0,0,-0.00034379115,0,0,0,0,0,0.0062112472,0,0,0,0.52,1.2918726,-0.3267245,-1.558838,-4.1496588e-11,1.7338898e-10,0.79721855,-9.5056142e-11,1.5083412e-10,-2.3560566,9.4196718e-05,1.0297713e-09,-1.6457935e-09,1.2907005e-06,-7.9714186e-05,2.4687084e-08,-3.9080882e-08,1.850622e-05,-591.49842,-3.9604924e-07,6.8726152e-07,-6.8775527,0,0
1876,1.875,0,0,-0.039785322,0,-0,0,0,0,-0.00033747715,0,0,0,0,0,0.0062797466,0,0,0,0.52,1.2918726,-0.32672479,-1.5588379,-4.1033561e-11,1.7148085e-10,0.79721864,-9.4014565e-11,1.4916964e-10,-2.3560566,9.4070156e-05,1.0536516e-09,-1.6835894e-09,1.3083391e-06,-0.00011094581,2.414927e-08,-3.8224249e-08,1.792781e-05,-591.5025,-5.6752991e-07,9.5946505e-07,-6.8777058,0,0
1877,1.876,0,0,-0.039785656,0,-0,0,0,0,-0.00033109865,0,0,0,0,0,0.0063455852,0,0,0,0.52,1.2918727,-0.32672507,-1.5588378,-4.0560298e-11,1.6952972e-10,0.79721874,-9.2949381e-11,1.474678e-10,-2.3560566,9.3912787e-05,1.0769883e-09,-1.7205194e-09,1.325397e-06,-0.00014189469,2.3607514e-08,-3.7361419e-08,1.7347864e-05,-591.50641,-7.3747232e-07,1.229207e-06,-6.8778569,0,0
1878,1.877,0,0,-0.039785984,0,-0,0,0,0,-0.0003246583,0,0,0,0,0,0.0064087616,0,0,0,0.52,1.2918727,-0.32672535,-1.5588377,-4.0077042e-11,1.675366e-10,0.79721883,-9.1861134e-11,1.4572947e-10,-2.3560566,9.3724906e-05,1.0997776e-09,-1.7565778e-09,1.3418729e-06,-0.00017255259,2.3062029e-08,-3.649273e-08,1.6766595e-05,-591.51016,-9.0583107e-07,1.4964155e-06,-6.878006,0,0
1879,1.878,0,0,-0.039786306,0,-0,0,0,0,-0.00031815877,0,0,0,0,0,0.0064692754,0,0,0,0.52,1.2918727,-0.32672562,-1.5588376,-3.9584032e-11,1.6550248e-10,0.79721892,-9.0750375e-11,1.4395552e-10,-2.3560566,9.3506815e-05,1.1220161e-09,-1.7917592e-09,1.3577659e-06,-0.00020291143,2.2513035e-08,-3.561853e-08,1.6184204e-05,-591.51375,-1.0725617e-06,1.7610202e-06,-6.8781529,0,0
1880,1.879,0,0,-0.03978662,0,-0,0,0,0,-0.00031160271,0,0,0,0,0,0.0065271269,0,0,0,0.52,1.2918728,-0.32672589,-1.5588376,-3.9081514e-11,1.6342839e-10,0.79721902,-8.9617654e-11,1.4214683e-10,-2.3560566,9.3258826e-05,1.1437007e-09,-1.8260587e-09,1.3730752e-06,-0.00023296329,2.1960737e-08,-3.4739149e-08,1.5600901e-05,-591.51718,-1.2376207e-06,2.0229519e-06,-6.8782978,0,0
1881,1.88,0,0,-0.039786929,0,-0,0,0,0,-0.0003049928,0,0,0,0,0,0.0065823177,0,0,0,0.52,1.2918728,-0.32672615,-1.5588375,-3.856973e-11,1.6131532e-10,0.79721911,-8.8463529e-11,1.4030429e-10,-2.3560566,9.2981257e-05,1.1648283e-09,-1.8594715e-09,1.3878001e-06,-0.00026270043,2.1405356e-08,-3.3854933e-08,1.5016886e-05,-591.52045,-1.4009653e-06,2.2821432e-06,-6.8784404,0,0
1882,1.881,0,0,-0.03978723,0,-0,0,0,0,-0.00029833169,0,0,0,0,0,0.0066348498,0,0,0,0.52,1.2918728,-0.3267264,-1.5588374,-3.8048927e-11,1.591643e-10,0.7972192,-8.7288556e-11,1.3842878e-10,-2.3560566,9.2674434e-05,1.1853963e-09,-1.8919934e-09,1.4019402e-06,-0.00029211525,2.0847094e-08,-3.2966209e-08,1.443237e-05,-591.52355,-1.5625538e-06,2.538528e-06,-6.8785808,0,0
1883,1.882,0,0,-0.039787525,0,-0,0,0,0,-0.00029162202,0,0,0,0,0,0.0066847265,0,0,0,0.52,1.2918728,-0.32672664,-1.5588373,-3.7519352e-11,1.5697637e-10,0.7972193,-8.6093297e-11,1.3652119e-10,-2.3560566,9.2338691e-05,1.205402e-09,-1.9236202e-09,1.4154953e-06,-0.00032120036,2.0286176e-08,-3.2073327e-08,1.3847543e-05,-591.5265,-1.7223453e-06,2.7920416e-06,-6.878719,0,0
1884,1.883,0,0,-0.039787814,0,-0,0,0,0,-0.00028486646,0,0,0,0,0,0.0067319517,0,0,0,0.52,1.2918729,-0.32672688,-1.5588372,-3.6981252e-11,1.5475254e-10,0.79721939,-8.4878315e-11,1.3458243e-10,-2.3560566,9.1974368e-05,1.2248431e-09,-1.9543485e-09,1.4284655e-06,-0.00034994851,1.97228e-08,-3.1176608e-08,1.3262614e-05,-591.52928,-1.8802999e-06,3.0426208e-06,-6.878855,0,0
1885,1.884,0,0,-0.039788095,0,-0,0,0,0,-0.00027806764,0,0,0,0,0,0.0067765302,0,0,0,0.52,1.2918729,-0.32672712,-1.5588371,-3.6434877e-11,1.5249385e-10,0.79721948,-8.3644176e-11,1.326134e-10,-2.3560566,9.1581814e-05,1.2437175e-09,-1.9841748e-09,1.4408508e-06,-0.00037835261,1.9157178e-08,-3.0276388e-08,1.2677782e-05,-591.53191,-2.0363787e-06,3.2902041e-06,-6.8789886,0,0
1886,1.885,0,0,-0.03978837,0,-0,0,0,0,-0.0002712282,0,0,0,0,0,0.0068184678,0,0,0,0.52,1.2918729,-0.32672734,-1.558837,-3.5880476e-11,1.5020134e-10,0.79721957,-8.2391448e-11,1.3061499e-10,-2.3560566,9.1161381e-05,1.2620232e-09,-2.0130961e-09,1.4526518e-06,-0.00040640578,1.8589527e-08,-2.9373007e-08,1.2093237e-05,-591.53438,-2.1905437e-06,3.5347311e-06,-6.87912,0,0
1887,1.886,0,0,-0.039788637,0,-0,0,0,0,-0.00026435078,0,0,0,0,0,0.0068577711,0,0,0,0.52,1.291873,-0.32672756,-1.5588369,-3.53183e-11,1.4787604e-10,0.79721966,-8.1120699e-11,1.2858811e-10,-2.3560566,9.0713432e-05,1.2797585e-09,-2.0411098e-09,1.4638689e-06,-0.00043410128,1.8020044e-08,-2.8466784e-08,1.1509182e-05,-591.53668,-2.3427576e-06,3.7761433e-06,-6.879249,0,0
1888,1.887,0,0,-0.039788898,0,-0,0,0,0,-0.00025743799,0,0,0,0,0,0.0068944473,0,0,0,0.52,1.291873,-0.32672777,-1.5588368,-3.4748599e-11,1.4551901e-10,0.79721975,-7.9832502e-11,1.2653368e-10,-2.3560566,9.0238334e-05,1.2969219e-09,-2.0682134e-09,1.4745031e-06,-0.00046143257,1.7448942e-08,-2.7558055e-08,1.0925807e-05,-591.53883,-2.4929844e-06,4.0143835e-06,-6.8793756,0,0
1889,1.888,0,0,-0.039789152,0,-0,0,0,0,-0.00025049246,0,0,0,0,0,0.0069285049,0,0,0,0.52,1.291873,-0.32672798,-1.5588367,-3.4171625e-11,1.4313129e-10,0.79721984,-7.8527428e-11,1.2445259e-10,-2.3560566,8.9736461e-05,1.3135121e-09,-2.0944051e-09,1.4845551e-06,-0.00048839325,1.6876428e-08,-2.6647146e-08,1.0343303e-05,-591.54082,-2.641189e-06,4.249396e-06,-6.8794998,0,0
1890,1.889,0,0,-0.039789399,0,-0,0,0,0,-0.00024351678,0,0,0,0,0,0.0069599527,0,0,0,0.52,1.291873,-0.32672818,-1.5588366,-3.3587631e-11,1.4071392e-10,0.79721993,-7.7206051e-11,1.2234578e-10,-2.3560566,8.9208192e-05,1.3295279e-09,-2.1196831e-09,1.4940263e-06,-0.00051497713,1.6302701e-08,-2.5734378e-08,9.7618629e-06,-591.54265,-2.787337e-06,4.4811268e-06,-6.8796216,0,0
1891,1.89,0,0,-0.039789639,0,-0,0,0,0,-0.00023651356,0,0,0,0,0,0.0069888008,0,0,0,0.52,1.2918731,-0.32672837,-1.5588365,-3.2996868e-11,1.3826796e-10,0.79722002,-7.5868947e-11,1.2021414e-10,-2.3560566,8.8653913e-05,1.3449685e-09,-2.1440461e-09,1.5029178e-06,-0.00054117818,1.572797e-08,-2.4820079e-08,9.1816733e-06,-591.54433,-2.9313952e-06,4.7095232e-06,-6.879741,0,0
1892,1.891,0,0,-0.039789872,0,-0,0,0,0,-0.00022948537,0,0,0,0,0,0.0070150596,0,0,0,0.52,1.2918731,-0.32672856,-1.5588364,-3.2399591e-11,1.3579446e-10,0.79722011,-7.451669e-11,1.180586e-10,-2.3560566,8.8074016e-05,1.3598332e-09,-2.1674929e-09,1.5112314e-06,-0.00056699054,1.5152432e-08,-2.3904565e-08,8.6029239e-06,-591.54585,-3.0733314e-06,4.9345343e-06,-6.8798579,0,0
1893,1.892,0,0,-0.039790098,0,-0,0,0,0,-0.00022243479,0,0,0,0,0,0.0070387408,0,0,0,0.52,1.2918731,-0.32672874,-1.5588364,-3.1796051e-11,1.3329447e-10,0.7972202,-7.3149857e-11,1.1588007e-10,-2.3560566,8.7468899e-05,1.3741214e-09,-2.1900228e-09,1.5189686e-06,-0.00059240855,1.4576293e-08,-2.2988161e-08,8.0257957e-06,-591.54721,-3.2131142e-06,5.1561105e-06,-6.8799723,0,0
1894,1.893,0,0,-0.039790317,0,-0,0,0,0,-0.00021536437,0,0,0,0,0,0.0070598564,0,0,0,0.52,1.2918731,-0.32672891,-1.5588363,-3.1186502e-11,1.3076904e-10,0.79722028,-7.1769024e-11,1.1367947e-10,-2.3560566,8.6838963e-05,1.3878329e-09,-2.2116355e-09,1.5261314e-06,-0.0006174267,1.3999749e-08,-2.207118e-08,7.4504725e-06,-591.54842,-3.3507132e-06,5.374204e-06,-6.8800843,0,0
1895,1.894,0,0,-0.039790529,0,-0,0,0,0,-0.00020827667,0,0,0,0,0,0.0070784197,0,0,0,0.52,1.2918732,-0.32672907,-1.5588362,-3.0571197e-11,1.2821923e-10,0.79722037,-7.0374768e-11,1.1145772e-10,-2.3560565,8.6184617e-05,1.4009675e-09,-2.2323308e-09,1.5327219e-06,-0.00064203967,1.3423e-08,-2.1153936e-08,6.8771348e-06,-591.54947,-3.4860991e-06,5.5887682e-06,-6.8801937,0,0
1896,1.895,0,0,-0.039790734,0,-0,0,0,0,-0.00020117422,0,0,0,0,0,0.0070944442,0,0,0,0.52,1.2918732,-0.32672923,-1.5588361,-2.995039e-11,1.2564609e-10,0.79722046,-6.8967665e-11,1.0921573e-10,-2.3560565,8.5506273e-05,1.4135254e-09,-2.252109e-09,1.5387423e-06,-0.00066624234,1.2846241e-08,-2.0236743e-08,6.3059611e-06,-591.55037,-3.6192436e-06,5.7997585e-06,-6.8803006,0,0
1897,1.896,0,0,-0.039790931,0,-0,0,0,0,-0.00019405952,0,0,0,0,0,0.0071079445,0,0,0,0.52,1.2918732,-0.32672939,-1.558836,-2.9324333e-11,1.2305067e-10,0.79722054,-6.7548294e-11,1.0695442e-10,-2.3560565,8.480435e-05,1.4255067e-09,-2.2709705e-09,1.544195e-06,-0.00069002973,1.2269666e-08,-1.9319908e-08,5.7371301e-06,-591.55112,-3.7501191e-06,6.0071315e-06,-6.8804049,0,0
1898,1.897,0,0,-0.039791122,0,-0,0,0,0,-0.00018693509,0,0,0,0,0,0.0071189359,0,0,0,0.52,1.2918732,-0.32672953,-1.5588359,-2.8693279e-11,1.2043403e-10,0.79722063,-6.6117228e-11,1.046747e-10,-2.3560565,8.4079269e-05,1.4369121e-09,-2.2889161e-09,1.5490826e-06,-0.00071339707,1.1693473e-08,-1.8403743e-08,5.170813e-06,-591.55171,-3.8786992e-06,6.2108455e-06,-6.8805067,0,0
1899,1.898,0,0,-0.039791305,0,-0,0,0,0,-0.00017980341,0,0,0,0,0,0.0071274343,0,0,0,0.52,1.2918733,-0.32672967,-1.5588358,-2.8057482e-11,1.1779721e-10,0.79722071,-6.4675045e-11,1.023775e-10,-2.3560565,8.3331458e-05,1.4477422e-09,-2.3059471e-09,1.553408e-06,-0.00073633976,1.1117852e-08,-1.748855e-08,4.6071816e-06,-591.55216,-4.0049586e-06,6.4108604e-06,-6.8806059,0,0
1900,1.899,0,0,-0.039791481,0,-0,0,0,0,-0.00017266694,0,0,0,0,0,0.0071334566,0,0,0,0.52,1.2918733,-0.3267298,-1.5588357,-2.7417192e-11,1.1514127e-10,0.79722079,-6.3222319e-11,1.0006372e-10,-2.3560565,8.2561347e-05,1.4579977e-09,-2.3220648e-09,1.557174e-06,-0.00075885337,1.054299e-08,-1.6574628e-08,4.0464086e-06,-591.55246,-4.1288727e-06,6.6071376e-06,-6.8807024,0,0
1901,1.9,0,0,-0.03979165,0,-0,0,0,0,-0.00016552814,0,0,0,0,0,0.00713702,0,0,0,0.52,1.2918733,-0.32672993,-1.5588357,-2.6772662e-11,1.1246726e-10,0.79722088,-6.1759623e-11,9.7734283e-11,-2.3560565,8.1769374e-05,1.4676798e-09,-2.3372709e-09,1.5603838e-06,-0.00078093366,9.9690778e-09,-1.5662279e-08,3.4886594e-06,-591.5526,-4.2504181e-06,6.7996401e-06,-6.8807964,0,0
1902,1.901,0,0,-0.039791812,0,-0,0,0,0,-0.00015838943,0,0,0,0,0,0.0071381426,0,0,0,0.52,1.2918733,-0.32673005,-1.5588356,-2.6124144e-11,1.0977622e-10,0.79722096,-6.0287532e-11,9.5390092e-11,-2.3560565,8.0955976e-05,1.4767898e-09,-2.3515674e-09,1.5630406e-06,-0.00080257657,9.396302e-09,-1.4751798e-08,2.9340996e-06,-591.55261,-4.3695722e-06,6.9883325e-06,-6.8808878,0,0
1903,1.902,0,0,-0.039791967,0,-0,0,0,0,-0.00015125324,0,0,0,0,0,0.0071368433,0,0,0,0.52,1.2918734,-0.32673016,-1.5588355,-2.5471886e-11,1.0706919e-10,0.79722104,-5.8806615e-11,9.3032057e-11,-2.3560565,8.0121597e-05,1.4853289e-09,-2.3649567e-09,1.5651479e-06,-0.00082377822,8.8248471e-09,-1.3843479e-08,2.3828916e-06,-591.55246,-4.4863136e-06,7.1731808e-06,-6.8809765,0,0
1904,1.903,0,0,-0.039792115,0,-0,0,0,0,-0.00014412195,0,0,0,0,0,0.0071331416,0,0,0,0.52,1.2918734,-0.32673026,-1.5588354,-2.481614e-11,1.0434722e-10,0.79722112,-5.7317444e-11,9.0661084e-11,-2.3560565,7.9266683e-05,1.4932988e-09,-2.3774414e-09,1.5667093e-06,-0.00084453491,8.2548963e-09,-1.2937612e-08,1.8351955e-06,-591.55217,-4.6006218e-06,7.3541528e-06,-6.8810626,0,0
1905,1.904,0,0,-0.039792255,0,-0,0,0,0,-0.00013699793,0,0,0,0,0,0.0071270574,0,0,0,0.52,1.2918734,-0.32673036,-1.5588353,-2.4157155e-11,1.0161133e-10,0.7972212,-5.5820586e-11,8.8278077e-11,-2.3560565,7.8391686e-05,1.5007013e-09,-2.3890243e-09,1.5677284e-06,-0.00086484311,7.6866277e-09,-1.2034481e-08,1.2911713e-06,-591.55174,-4.7124772e-06,7.5312178e-06,-6.8811461,0,0
1906,1.905,0,0,-0.039792389,0,-0,0,0,0,-0.00012988354,0,0,0,0,0,0.0071186117,0,0,0,0.52,1.2918734,-0.32673045,-1.5588353,-2.3495178e-11,9.886258e-11,0.79722127,-5.4316608e-11,8.5883936e-11,-2.3560565,7.7497058e-05,1.5075383e-09,-2.3997086e-09,1.5682093e-06,-0.00088469947,7.1202229e-09,-1.1134373e-08,7.5097362e-07,-591.55116,-4.8218612e-06,7.7043464e-06,-6.8812269,0,0
1907,1.906,0,0,-0.039792515,0,-0,0,0,0,-0.00012278111,0,0,0,0,0,0.0071078258,0,0,0,0.52,1.2918735,-0.32673054,-1.5588352,-2.2830457e-11,9.6101983e-11,0.79722135,-5.2806074e-11,8.3479557e-11,-2.3560565,7.6583257e-05,1.513812e-09,-2.4094978e-09,1.5681559e-06,-0.00090410084,6.5558579e-09,-1.0237567e-08,2.1475613e-07,-591.55044,-4.9287563e-06,7.8735112e-06,-6.881305,0,0
1908,1.907,0,0,-0.039792634,0,-0,0,0,0,-0.00011569294,0,0,0,0,0,0.0070947216,0,0,0,0.52,1.2918735,-0.32673062,-1.5588351,-2.2163238e-11,9.3330569e-11,0.79722143,-5.1289546e-11,8.1065833e-11,-2.3560565,7.5650741e-05,1.5195246e-09,-2.4183955e-09,1.5675726e-06,-0.00092304423,5.9937104e-09,-9.3443438e-09,-3.1733334e-07,-591.54959,-5.0331458e-06,8.038686e-06,-6.8813805,0,0
1909,1.908,0,0,-0.039792747,0,-0,0,0,0,-0.00010862132,0,0,0,0,0,0.007079322,0,0,0,0.52,1.2918735,-0.32673069,-1.558835,-2.1493767e-11,9.054936e-11,0.7972215,-4.9767584e-11,7.8643655e-11,-2.3560565,7.4699973e-05,1.5246787e-09,-2.4264058e-09,1.5664635e-06,-0.00094152683,5.4339497e-09,-8.4549742e-09,-8.4514573e-07,-591.54859,-5.1350143e-06,8.1998464e-06,-6.8814533,0,0
1910,1.909,0,0,-0.039792852,0,-0,0,0,0,-0.00010156851,0,0,0,0,0,0.00706165,0,0,0,0.52,1.2918735,-0.32673075,-1.5588349,-2.0822287e-11,8.7759373e-11,0.79722158,-4.8240746e-11,7.6213907e-11,-2.3560565,7.3731417e-05,1.5292768e-09,-2.4335329e-09,1.5648333e-06,-0.000959546,4.8767434e-09,-7.5697244e-09,-1.3685326e-06,-591.54746,-5.2343469e-06,8.3569693e-06,-6.8815234,0,0
1911,1.91,0,0,-0.03979295,0,-0,0,0,0,-9.4536736e-05,0,0,0,0,0,0.0070417295,0,0,0,0.52,1.2918736,-0.32673081,-1.5588349,-2.0149041e-11,8.4961621e-11,0.79722165,-4.6709585e-11,7.377747e-11,-2.3560565,7.2745541e-05,1.5333219e-09,-2.4397814e-09,1.5626865e-06,-0.0009770993,4.3222698e-09,-6.688873e-09,-1.8873584e-06,-591.54619,-5.3311301e-06,8.5100334e-06,-6.8815908,0,0
1912,1.911,0,0,-0.039793041,0,-0,0,0,0,-8.7528223e-05,0,0,0,0,0,0.0070195849,0,0,0,0.52,1.2918736,-0.32673087,-1.5588348,-1.947427e-11,8.215711e-11,0.79722172,-4.5174654e-11,7.133522e-11,-2.3560565,7.1742814e-05,1.5368168e-09,-2.4451559e-09,1.560028e-06,-0.00099418445,3.7706828e-09,-5.8126698e-09,-2.401476e-06,-591.54479,-5.4253511e-06,8.6590187e-06,-6.8816556,0,0
1913,1.912,0,0,-0.039793125,0,-0,0,0,0,-8.0545154e-05,0,0,0,0,0,0.0069952411,0,0,0,0.52,1.2918736,-0.32673091,-1.5588347,-1.8798216e-11,7.9346841e-11,0.79722179,-4.36365e-11,6.8888029e-11,-2.3560565,7.0723708e-05,1.5397647e-09,-2.4496617e-09,1.5568626e-06,-0.0010107994,3.2221564e-09,-4.9413858e-09,-2.9107536e-06,-591.54326,-5.5169982e-06,8.803907e-06,-6.8817177,0,0
1914,1.913,0,0,-0.039793202,0,-0,0,0,0,-7.3589689e-05,0,0,0,0,0,0.0069687237,0,0,0,0.52,1.2918736,-0.32673095,-1.5588347,-1.8121115e-11,7.653181e-11,0.79722186,-4.209567e-11,6.6436763e-11,-2.3560565,6.9688694e-05,1.5421688e-09,-2.4533039e-09,1.5531954e-06,-0.0010269421,2.6768412e-09,-4.0752646e-09,-3.4150497e-06,-591.54159,-5.6060607e-06,8.9446813e-06,-6.8817771,0,0
1915,1.914,0,0,-0.039793272,0,-0,0,0,0,-6.6663963e-05,0,0,0,0,0,0.0069400587,0,0,0,0.52,1.2918736,-0.32673098,-1.5588346,-1.7443206e-11,7.3713006e-11,0.79722193,-4.0552704e-11,6.3982282e-11,-2.3560565,6.8638249e-05,1.5440328e-09,-2.4560881e-09,1.5490316e-06,-0.0010426109,2.13491e-09,-3.2145738e-09,-3.914241e-06,-591.5398,-5.6925287e-06,9.0813265e-06,-6.8818338,0,0
1916,1.915,0,0,-0.039793335,0,-0,0,0,0,-5.9770083e-05,0,0,0,0,0,0.0069092726,0,0,0,0.52,1.2918737,-0.32673101,-1.5588345,-1.6764724e-11,7.0891411e-11,0.797222,-3.9008143e-11,6.1525442e-11,-2.3560565,6.7572848e-05,1.5453601e-09,-2.4580202e-09,1.5443764e-06,-0.0010578042,1.5965064e-09,-2.3595479e-09,-4.4081909e-06,-591.53787,-5.7763933e-06,9.2138287e-06,-6.8818879,0,0
1917,1.916,0,0,-0.039793392,0,-0,0,0,0,-5.2910131e-05,0,0,0,0,0,0.0068763924,0,0,0,0.52,1.2918737,-0.32673103,-1.5588344,-1.6085903e-11,6.8068001e-11,0.79722207,-3.7462519e-11,5.9067091e-11,-2.3560565,6.6492969e-05,1.5461545e-09,-2.459106e-09,1.5392353e-06,-0.0010725206,1.0617928e-09,-1.5104392e-09,-4.8967774e-06,-591.53583,-5.8576467e-06,9.3421757e-06,-6.8819393,0,0
1918,1.917,0,0,-0.039793441,0,-0,0,0,0,-4.6086158e-05,0,0,0,0,0,0.0068414459,0,0,0,0.52,1.2918737,-0.32673105,-1.5588344,-1.5406975e-11,6.5243745e-11,0.79722213,-3.5916364e-11,5.6608073e-11,-2.3560565,6.5399091e-05,1.54642e-09,-2.4593521e-09,1.5336139e-06,-0.0010867588,5.3091933e-10,-6.674875e-10,-5.3798771e-06,-591.53365,-5.9362818e-06,9.4663566e-06,-6.881988,0,0
1919,1.918,0,0,-0.039793484,0,-0,0,0,0,-3.930019e-05,0,0,0,0,0,0.0068044609,0,0,0,0.52,1.2918737,-0.32673105,-1.5588343,-1.472817e-11,6.2419605e-11,0.7972222,-3.4370206e-11,5.4149224e-11,-2.3560565,6.4291694e-05,1.5461606e-09,-2.4587647e-09,1.5275178e-06,-0.0011005179,4.0332767e-12,1.6907294e-10,-5.8573671e-06,-591.53136,-6.0122927e-06,9.5863623e-06,-6.882034,0,0
1920,1.919,0,0,-0.03979352,0,-0,0,0,0,-3.2554221e-05,0,0,0,0,0,0.006765466,0,0,0,0.52,1.2918737,-0.32673106,-1.5588342,-1.4049717e-11,5.9596533e-11,0.79722226,-3.2824566e-11,5.1691373e-11,-2.3560565,6.3171257e-05,1.5453805e-09,-2.4573507e-09,1.5209528e-06,-0.0011137969,-5.1871766e-10,9.990091e-10,-6.3291305e-06,-591.52894,-6.0856742e-06,9.702185e-06,-6.8820774,0,0
1921,1.92,0,0,-0.039793549,0,-0,0,0,0,-2.5850219e-05,0,0,0,0,0,0.0067244902,0,0,0,0.52,1.2918738,-0.32673105,-1.5588342,-1.3371842e-11,5.6775477e-11,0.79722232,-3.1279963e-11,4.9235345e-11,-2.3560565,6.2038263e-05,1.5440841e-09,-2.4551171e-09,1.5139248e-06,-0.0011265951,-1.0371883e-09,1.822091e-09,-6.7950527e-06,-591.52641,-6.1564222e-06,9.8138182e-06,-6.8821181,0,0
1922,1.921,0,0,-0.039793572,0,-0,0,0,0,-1.919012e-05,0,0,0,0,0,0.0066815628,0,0,0,0.52,1.2918738,-0.32673104,-1.5588341,-1.2694771e-11,5.3957374e-11,0.79722239,-2.9736912e-11,4.6781955e-11,-2.3560565,6.0893193e-05,1.5422758e-09,-2.452071e-09,1.5064397e-06,-0.0011389119,-1.5512376e-09,2.6380949e-09,-7.2550213e-06,-591.52376,-6.2245335e-06,9.9212572e-06,-6.8821562,0,0
1923,1.922,0,0,-0.039793587,0,-0,0,0,0,-1.2575831e-05,0,0,0,0,0,0.0066367137,0,0,0,0.52,1.2918738,-0.32673102,-1.5588341,-1.2018725e-11,5.1143154e-11,0.79722245,-2.8195921e-11,4.4332012e-11,-2.3560565,5.9736528e-05,1.5399603e-09,-2.4482198e-09,1.4985039e-06,-0.0011507471,-2.0607242e-09,3.4467976e-09,-7.7089291e-06,-591.52099,-6.2900057e-06,1.0024499e-05,-6.8821916,0,0
1924,1.923,0,0,-0.039793597,0,-0,0,0,0,-6.0092278e-06,0,0,0,0,0,0.0065899733,0,0,0,0.52,1.2918738,-0.326731,-1.558834,-1.1343925e-11,4.8333737e-11,0.79722251,-2.6657496e-11,4.1886317e-11,-2.3560565,5.8568751e-05,1.5371424e-09,-2.4435713e-09,1.4901233e-06,-0.0011621002,-2.5655173e-09,4.2479896e-09,-8.1566659e-06,-591.51811,-6.3528374e-06,1.012354e-05,-6.8822244,0,0
1925,1.924,0,0,-0.0397936,0,-0,0,0,0,5.0784356e-07,0,0,0,0,0,0.006541372,0,0,0,0.52,1.2918738,-0.32673097,-1.5588339,-1.067059e-11,4.5530036e-11,0.79722256,-2.5122136e-11,3.9445663e-11,-2.3560565,5.7390344e-05,1.533827e-09,-2.4381331e-09,1.4813045e-06,-0.0011729713,-3.0654797e-09,5.0414556e-09,-8.5981287e-06,-591.51511,-6.413028e-06,1.0218382e-05,-6.8822546,0,0
1926,1.925,0,0,-0.039793596,0,-0,0,0,0,6.973569e-06,0,0,0,0,0,0.0064909409,0,0,0,0.52,1.2918738,-0.32673094,-1.5588339,-9.9989354e-12,4.2732953e-11,0.79722262,-2.3590337e-11,3.7010836e-11,-2.3560565,5.6201789e-05,1.530019e-09,-2.4319133e-09,1.4720537e-06,-0.0011833606,-3.5604766e-09,5.8269835e-09,-9.0332215e-06,-591.51201,-6.4705781e-06,1.0309025e-05,-6.8822822,0,0
1927,1.926,0,0,-0.039793586,0,-0,0,0,0,1.3386166e-05,0,0,0,0,0,0.0064387116,0,0,0,0.52,1.2918739,-0.3267309,-1.5588338,-9.3291754e-12,3.9943383e-11,0.79722268,-2.2062588e-11,3.4582614e-11,-2.3560565,5.5003567e-05,1.5257237e-09,-2.4249203e-09,1.4623775e-06,-0.0011932682,-4.0503843e-09,6.6043747e-09,-9.4618446e-06,-591.5088,-6.5254889e-06,1.0395471e-05,-6.8823072,0,0
1928,1.927,0,0,-0.039793569,0,-0,0,0,0,1.9743884e-05,0,0,0,0,0,0.0063847157,0,0,0,0.52,1.2918739,-0.32673085,-1.5588338,-8.6615215e-12,3.7162209e-11,0.79722273,-2.0539374e-11,3.2161765e-11,-2.3560565,5.3796159e-05,1.5209462e-09,-2.4171623e-09,1.4522826e-06,-0.0012026946,-4.5350785e-09,7.3734327e-09,-9.8839017e-06,-591.50548,-6.5777624e-06,1.0477723e-05,-6.8823296,0,0
1929,1.928,0,0,-0.039793546,0,-0,0,0,0,2.6045004e-05,0,0,0,0,0,0.0063289853,0,0,0,0.52,1.2918739,-0.3267308,-1.5588337,-7.9961829e-12,3.4390306e-11,0.79722278,-1.9021175e-11,2.974905e-11,-2.3560565,5.2580046e-05,1.5156921e-09,-2.4086481e-09,1.4417756e-06,-0.0012116404,-5.014435e-09,8.1339615e-09,-1.02993e-05,-591.50206,-6.6274018e-06,1.0555788e-05,-6.8823494,0,0
1930,1.929,0,0,-0.039793517,0,-0,0,0,0,3.2287841e-05,0,0,0,0,0,0.006271553,0,0,0,0.52,1.2918739,-0.32673075,-1.5588337,-7.3333664e-12,3.1628538e-11,0.79722284,-1.7508464e-11,2.734522e-11,-2.3560565,5.1355707e-05,1.5099668e-09,-2.3993864e-09,1.4308633e-06,-0.0012201064,-5.4883258e-09,8.8857614e-09,-1.0707959e-05,-591.49854,-6.674411e-06,1.0629671e-05,-6.8823666,0,0
1931,1.93,0,0,-0.039793482,0,-0,0,0,0,3.8470742e-05,0,0,0,0,0,0.0062124516,0,0,0,0.52,1.2918739,-0.32673068,-1.5588336,-6.6732761e-12,2.8877758e-11,0.79722289,-1.600171e-11,2.495102e-11,-2.3560565,5.012362e-05,1.503776e-09,-2.3893863e-09,1.4195526e-06,-0.0012280934,-5.9566456e-09,9.6286601e-09,-1.1109785e-05,-591.49491,-6.7187947e-06,1.0699381e-05,-6.8823813,0,0
1932,1.931,0,0,-0.03979344,0,-0,0,0,0,4.4592087e-05,0,0,0,0,0,0.006151714,0,0,0,0.52,1.2918739,-0.32673062,-1.5588336,-6.0161139e-12,2.6138812e-11,0.79722294,-1.4501375e-11,2.2567181e-11,-2.3560565,4.8884263e-05,1.4971254e-09,-2.3786569e-09,1.4078505e-06,-0.0012356026,-6.4192766e-09,1.0362474e-08,-1.1504697e-05,-591.49119,-6.7605585e-06,1.0764926e-05,-6.8823935,0,0
1933,1.932,0,0,-0.039793393,0,-0,0,0,0,5.065029e-05,0,0,0,0,0,0.0060893737,0,0,0,0.52,1.291874,-0.32673054,-1.5588335,-5.362079e-12,2.3412531e-11,0.79722298,-1.3007916e-11,2.019443e-11,-2.3560565,4.7638111e-05,1.4900209e-09,-2.3672076e-09,1.3957639e-06,-0.001242635,-6.8761015e-09,1.108702e-08,-1.1892618e-05,-591.48737,-6.7997089e-06,1.0826317e-05,-6.8824032,0,0
1934,1.933,0,0,-0.039793339,0,-0,0,0,0,5.66438e-05,0,0,0,0,0,0.0060254643,0,0,0,0.52,1.291874,-0.32673046,-1.5588335,-4.7113679e-12,2.0699739e-11,0.79722303,-1.1521784e-11,1.7833481e-11,-2.3560565,4.6385641e-05,1.4824685e-09,-2.3550479e-09,1.3833e-06,-0.0012491922,-7.3270161e-09,1.1802129e-08,-1.2273468e-05,-591.48346,-6.8362531e-06,1.0883566e-05,-6.8824103,0,0
1935,1.934,0,0,-0.039793279,0,-0,0,0,0,6.2571097e-05,0,0,0,0,0,0.0059600198,0,0,0,0.52,1.291874,-0.32673038,-1.5588334,-4.0641745e-12,1.8001246e-11,0.79722308,-1.0043424e-11,1.548504e-11,-2.3560565,4.5127323e-05,1.4744741e-09,-2.3421876e-09,1.370466e-06,-0.0012552755,-7.7719112e-09,1.2507632e-08,-1.2647178e-05,-591.47946,-6.8701993e-06,1.0936686e-05,-6.882415,0,0
1936,1.935,0,0,-0.039793214,0,-0,0,0,0,6.8430699e-05,0,0,0,0,0,0.0058930743,0,0,0,0.52,1.291874,-0.32673029,-1.5588334,-3.42069e-12,1.5317852e-11,0.79722312,-8.5732742e-12,1.3149802e-11,-2.3560565,4.3863631e-05,1.466044e-09,-2.3286363e-09,1.3572691e-06,-0.0012608867,-8.2106888e-09,1.3203371e-08,-1.3013672e-05,-591.47537,-6.9015564e-06,1.0985691e-05,-6.8824172,0,0
1937,1.936,0,0,-0.039793143,0,-0,0,0,0,7.4221155e-05,0,0,0,0,0,0.0058246623,0,0,0,0.52,1.291874,-0.3267302,-1.5588333,-2.7811028e-12,1.2650346e-11,0.79722316,-7.111768e-12,1.0828453e-11,-2.3560565,4.2595033e-05,1.4571845e-09,-2.3144042e-09,1.3437166e-06,-0.0012660276,-8.6432444e-09,1.3889182e-08,-1.3372886e-05,-591.47118,-6.9303341e-06,1.1030598e-05,-6.8824169,0,0
1938,1.937,0,0,-0.039793065,0,-0,0,0,0,7.9941052e-05,0,0,0,0,0,0.0057548184,0,0,0,0.52,1.291874,-0.3267301,-1.5588333,-2.1455986e-12,9.9995045e-12,0.79722321,-5.6593314e-12,8.5216692e-12,-2.3560565,4.1321997e-05,1.4479019e-09,-2.2995015e-09,1.3298159e-06,-0.0012707002,-9.0694801e-09,1.4564912e-08,-1.3724755e-05,-591.46692,-6.956543e-06,1.1071424e-05,-6.8824143,0,0
1939,1.938,0,0,-0.039792983,0,-0,0,0,0,8.5589009e-05,0,0,0,0,0,0.0056835775,0,0,0,0.52,1.291874,-0.32672999,-1.5588332,-1.5143601e-12,7.3660937e-12,0.79722325,-4.216384e-12,6.2301157e-12,-2.3560565,4.0044987e-05,1.4382027e-09,-2.2839383e-09,1.3155744e-06,-0.0012749065,-9.4893035e-09,1.5230412e-08,-1.4069217e-05,-591.46257,-6.9801943e-06,1.1108186e-05,-6.8824092,0,0
1940,1.939,0,0,-0.039792894,0,-0,0,0,0,9.1163682e-05,0,0,0,0,0,0.0056109746,0,0,0,0.52,1.2918741,-0.32672988,-1.5588332,-8.8756735e-13,4.7508666e-12,0.79722329,-2.7833393e-12,3.9544478e-12,-2.3560565,3.8764467e-05,1.4280934e-09,-2.2677252e-09,1.3009997e-06,-0.0012786487,-9.902626e-09,1.5885543e-08,-1.4406211e-05,-591.45813,-7.0013001e-06,1.1140904e-05,-6.8824017,0,0
1941,1.94,0,0,-0.0397928,0,-0,0,0,0,9.6663762e-05,0,0,0,0,0,0.0055370449,0,0,0,0.52,1.2918741,-0.32672977,-1.5588332,-2.6539723e-13,2.1545647e-12,0.79722332,-1.360604e-12,1.69531e-12,-2.3560565,3.7480897e-05,1.4175807e-09,-2.2508727e-09,1.2860993e-06,-0.0012819293,-1.0309349e-08,1.6530152e-08,-1.4735688e-05,-591.45362,-7.0198733e-06,1.1169598e-05,-6.8823919,0,0
1942,1.941,0,0,-0.039792701,0,-0,0,0,0,0.00010208798,0,0,0,0,0,0.0054618239,0,0,0,0.52,1.2918741,-0.32672965,-1.5588331,3.5197617e-13,-4.2208304e-13,0.79722336,5.1422017e-14,-5.4666368e-13,-2.3560565,3.6194736e-05,1.4066713e-09,-2.2333916e-09,1.2708807e-06,-0.0012847508,-1.0709399e-08,1.7164118e-08,-1.5057587e-05,-591.44903,-7.0359274e-06,1.1194291e-05,-6.8823797,0,0
1943,1.942,0,0,-0.039792596,0,-0,0,0,0,0.00010743508,0,0,0,0,0,0.0053853472,0,0,0,0.52,1.2918741,-0.32672953,-1.5588331,9.6438178e-13,-2.9783597e-12,0.7972234,1.4523453e-12,-2.7708501e-12,-2.3560565,3.4906438e-05,1.3953719e-09,-2.2152927e-09,1.2553517e-06,-0.0012871158,-1.1102686e-08,1.7787302e-08,-1.5371864e-05,-591.44437,-7.049477e-06,1.1215006e-05,-6.8823652,0,0
1944,1.943,0,0,-0.039792486,0,-0,0,0,0,0.00011270389,0,0,0,0,0,0.0053076503,0,0,0,0.52,1.2918741,-0.3267294,-1.558833,1.5716516e-12,-5.5135611e-12,0.79722343,2.8417795e-12,-4.9766369e-12,-2.3560565,3.3616455e-05,1.3836896e-09,-2.196587e-09,1.23952e-06,-0.0012890271,-1.1489131e-08,1.8399581e-08,-1.567847e-05,-591.43963,-7.0605369e-06,1.1231767e-05,-6.8823484,0,0
1945,1.944,0,0,-0.039792371,0,-0,0,0,0,0.00011789321,0,0,0,0,0,0.0052287693,0,0,0,0.52,1.2918741,-0.32672926,-1.558833,2.1736206e-12,-8.0269956e-12,0.79722346,4.2193449e-12,-7.1634228e-12,-2.3560565,3.2325237e-05,1.3716312e-09,-2.1772856e-09,1.2233932e-06,-0.0012904876,-1.1868658e-08,1.900083e-08,-1.5977362e-05,-591.43482,-7.0691231e-06,1.1244599e-05,-6.8823294,0,0
1946,1.945,0,0,-0.039792251,0,-0,0,0,0,0.00012300194,0,0,0,0,0,0.0051487401,0,0,0,0.52,1.2918741,-0.32672913,-1.558833,2.7701268e-12,-1.0517984e-11,0.7972235,5.5846693e-12,-9.3306179e-12,-2.3560565,3.103323e-05,1.3592037e-09,-2.1573996e-09,1.2069791e-06,-0.0012915004,-1.2241189e-08,1.9590931e-08,-1.6268502e-05,-591.42995,-7.075252e-06,1.1253529e-05,-6.8823081,0,0
1947,1.946,0,0,-0.039792125,0,-0,0,0,0,0.00012802897,0,0,0,0,0,0.0050675986,0,0,0,0.52,1.2918741,-0.32672899,-1.5588329,3.3610116e-12,-1.2985861e-11,0.79722353,6.9373869e-12,-1.1477643e-11,-2.3560565,2.9740877e-05,1.3464143e-09,-2.1369404e-09,1.1902856e-06,-0.0012920686,-1.2606662e-08,2.0169783e-08,-1.6551847e-05,-591.42501,-7.0789409e-06,1.1258584e-05,-6.8822845,0,0
1948,1.947,0,0,-0.039791995,0,-0,0,0,0,0.00013297324,0,0,0,0,0,0.0049853812,0,0,0,0.52,1.2918741,-0.32672884,-1.5588329,3.9461193e-12,-1.5429974e-11,0.79722356,8.2771395e-12,-1.3603931e-11,-2.3560565,2.8448618e-05,1.3332701e-09,-2.1159194e-09,1.1733204e-06,-0.0012921956,-1.2965e-08,2.0737267e-08,-1.6827365e-05,-591.42,-7.0802077e-06,1.1259793e-05,-6.8822588,0,0
1949,1.948,0,0,-0.039791859,0,-0,0,0,0,0.00013783374,0,0,0,0,0,0.004902124,0,0,0,0.52,1.2918742,-0.32672869,-1.5588329,4.5252974e-12,-1.7849683e-11,0.79722358,9.603576e-12,-1.5708926e-11,-2.3560565,2.7156889e-05,1.3197784e-09,-2.0943481e-09,1.1560916e-06,-0.0012918847,-1.3316143e-08,2.1293287e-08,-1.7095024e-05,-591.41493,-7.0790709e-06,1.1257187e-05,-6.8822309,0,0
1950,1.949,0,0,-0.039791719,0,-0,0,0,0,0.00014260947,0,0,0,0,0,0.0048178633,0,0,0,0.52,1.2918742,-0.32672853,-1.5588329,5.0983967e-12,-2.0244361e-11,0.79722361,1.0916353e-11,-1.7792083e-11,-2.3560565,2.5866122e-05,1.3059465e-09,-2.0722381e-09,1.1386069e-06,-0.0012911395,-1.3660025e-08,2.183774e-08,-1.7354796e-05,-591.4098,-7.0755499e-06,1.1250795e-05,-6.8822008,0,0
1951,1.95,0,0,-0.039791574,0,-0,0,0,0,0.00014729949,0,0,0,0,0,0.0047326356,0,0,0,0.52,1.2918742,-0.32672838,-1.5588328,5.6652711e-12,-2.2613395e-11,0.79722363,1.2215132e-11,-1.9852869e-11,-2.3560565,2.4576746e-05,1.2917816e-09,-2.0496012e-09,1.1208743e-06,-0.0012899637,-1.3996591e-08,2.2370537e-08,-1.7606653e-05,-591.40462,-7.0696646e-06,1.1240649e-05,-6.8821686,0,0
1952,1.951,0,0,-0.039791425,0,-0,0,0,0,0.00015190289,0,0,0,0,0,0.0046464772,0,0,0,0.52,1.2918742,-0.32672821,-1.5588328,6.2257779e-12,-2.4956186e-11,0.79722366,1.3499587e-11,-2.1890764e-11,-2.3560565,2.3289187e-05,1.2772912e-09,-2.026449e-09,1.1029018e-06,-0.001288361,-1.4325781e-08,2.2891588e-08,-1.7850573e-05,-591.39938,-7.0614354e-06,1.1226783e-05,-6.8821344,0,0
1953,1.952,0,0,-0.03979127,0,-0,0,0,0,0.00015641879,0,0,0,0,0,0.0045594245,0,0,0,0.52,1.2918742,-0.32672805,-1.5588328,6.7797776e-12,-2.7272148e-11,0.79722368,1.4769393e-11,-2.3905258e-11,-2.3560565,2.2003864e-05,1.2624828e-09,-2.0027936e-09,1.0846973e-06,-0.0012863354,-1.4647545e-08,2.3400809e-08,-1.8086533e-05,-591.39408,-7.0508836e-06,1.1209231e-05,-6.882098,0,0
1954,1.953,0,0,-0.039791112,0,-0,0,0,0,0.00016084635,0,0,0,0,0,0.0044715141,0,0,0,0.52,1.2918742,-0.32672788,-1.5588328,7.3271339e-12,-2.9560708e-11,0.7972237,1.6024238e-11,-2.5895854e-11,-2.3560565,2.0721196e-05,1.2473638e-09,-1.9786469e-09,1.0662688e-06,-0.0012838908,-1.4961826e-08,2.3898117e-08,-1.8314522e-05,-591.38874,-7.038031e-06,1.1188027e-05,-6.8820597,0,0
1955,1.954,0,0,-0.039790949,0,-0,0,0,0,0.00016518476,0,0,0,0,0,0.0043827823,0,0,0,0.52,1.2918742,-0.3267277,-1.5588327,7.867714e-12,-3.1821308e-11,0.79722372,1.7263814e-11,-2.7862066e-11,-2.3560565,1.9441594e-05,1.2319419e-09,-1.9540207e-09,1.0476243e-06,-0.0012810314,-1.5268586e-08,2.4383444e-08,-1.8534519e-05,-591.38334,-7.0229e-06,1.1163207e-05,-6.8820193,0,0
1956,1.955,0,0,-0.039790782,0,-0,0,0,0,0.00016943327,0,0,0,0,0,0.0042932656,0,0,0,0.52,1.2918742,-0.32672753,-1.5588327,8.4013884e-12,-3.4053404e-11,0.79722374,1.8487822e-11,-2.9803422e-11,-2.3560565,1.8165468e-05,1.2162245e-09,-1.9289274e-09,1.0287717e-06,-0.0012777614,-1.5567773e-08,2.4856717e-08,-1.8746516e-05,-591.3779,-7.0055135e-06,1.1134808e-05,-6.8819769,0,0
1957,1.956,0,0,-0.03979061,0,-0,0,0,0,0.00017359114,0,0,0,0,0,0.0042030004,0,0,0,0.52,1.2918742,-0.32672735,-1.5588327,8.9280307e-12,-3.6256464e-11,0.79722376,1.9695971e-11,-3.171946e-11,-2.3560565,1.6893221e-05,1.2002193e-09,-1.9033789e-09,1.0097192e-06,-0.001274085,-1.5859352e-08,2.5317873e-08,-1.8950499e-05,-591.37242,-6.9858953e-06,1.1102868e-05,-6.8819326,0,0
1958,1.957,0,0,-0.039790434,0,-0,0,0,0,0.00017765767,0,0,0,0,0,0.0041120232,0,0,0,0.52,1.2918742,-0.32672716,-1.5588327,9.4475182e-12,-3.8429971e-11,0.79722378,2.0887977e-11,-3.3609731e-11,-2.3560565,1.5625253e-05,1.1839341e-09,-1.8773876e-09,9.9047479e-07,-0.0012700068,-1.6143273e-08,2.5766843e-08,-1.9146469e-05,-591.36689,-6.9640694e-06,1.1067425e-05,-6.8818864,0,0
1959,1.958,0,0,-0.039790255,0,-0,0,0,0,0.00018163222,0,0,0,0,0,0.0040203702,0,0,0,0.52,1.2918742,-0.32672697,-1.5588327,9.9597314e-12,-4.0573424e-11,0.79722379,2.2063563e-11,-3.5473799e-11,-2.3560565,1.4361959e-05,1.1673765e-09,-1.8509657e-09,9.710464e-07,-0.0012655313,-1.6419509e-08,2.6203578e-08,-1.9334419e-05,-591.36132,-6.9400606e-06,1.1028518e-05,-6.8818383,0,0
1960,1.959,0,0,-0.039790071,0,-0,0,0,0,0.00018551415,0,0,0,0,0,0.0039280778,0,0,0,0.52,1.2918742,-0.32672678,-1.5588327,1.0464554e-11,-4.2686332e-11,0.7972238,2.3222462e-11,-3.7311238e-11,-2.3560565,1.310373e-05,1.1505542e-09,-1.8241254e-09,9.5144209e-07,-0.0012606632,-1.6688028e-08,2.6628028e-08,-1.9514347e-05,-591.35572,-6.9138941e-06,1.0986189e-05,-6.8817883,0,0
1961,1.96,0,0,-0.039789884,0,-0,0,0,0,0.00018930288,0,0,0,0,0,0.0038351822,0,0,0,0.52,1.2918742,-0.32672659,-1.5588326,1.0961874e-11,-4.4768222e-11,0.79722382,2.4364411e-11,-3.9121637e-11,-2.3560565,1.1850951e-05,1.133475e-09,-1.7968792e-09,9.3166987e-07,-0.001255407,-1.6948795e-08,2.7040141e-08,-1.9686258e-05,-591.35008,-6.8855956e-06,1.0940478e-05,-6.8817365,0,0
1962,1.961,0,0,-0.039789693,0,-0,0,0,0,0.00019299787,0,0,0,0,0,0.0037417195,0,0,0,0.52,1.2918742,-0.32672639,-1.5588326,1.1451582e-11,-4.6818634e-11,0.79722383,2.5489159e-11,-4.0904597e-11,-2.3560565,1.0604003e-05,1.1161467e-09,-1.7692395e-09,9.1173777e-07,-0.0012497677,-1.7201785e-08,2.7439878e-08,-1.9850155e-05,-591.34441,-6.8551916e-06,1.0891427e-05,-6.881683,0,0
1963,1.962,0,0,-0.039789498,0,-0,0,0,0,0.0001965986,0,0,0,0,0,0.0036477258,0,0,0,0.52,1.2918742,-0.32672619,-1.5588326,1.1933571e-11,-4.8837121e-11,0.79722384,2.6596459e-11,-4.2659729e-11,-2.3560565,9.3632618e-06,1.0985772e-09,-1.7412186e-09,8.9165378e-07,-0.0012437502,-1.7446972e-08,2.7827197e-08,-2.0006046e-05,-591.3387,-6.8227088e-06,1.0839079e-05,-6.8816276,0,0
1964,1.963,0,0,-0.0397893,0,-0,0,0,0,0.00020010459,0,0,0,0,0,0.003553237,0,0,0,0.52,1.2918742,-0.32672599,-1.5588326,1.2407741e-11,-5.0823252e-11,0.79722385,2.7686076e-11,-4.4386659e-11,-2.3560565,8.1290976e-06,1.0807742e-09,-1.7128291e-09,8.7142589e-07,-0.0012373595,-1.7684337e-08,2.8202069e-08,-2.015394e-05,-591.33297,-6.7881745e-06,1.0783478e-05,-6.8815706,0,0
1965,1.964,0,0,-0.039789098,0,-0,0,0,0,0.00020351541,0,0,0,0,0,0.0034582889,0,0,0,0.52,1.2918742,-0.32672578,-1.5588326,1.2873991e-11,-5.2776608e-11,0.79722385,2.8757778e-11,-4.6085025e-11,-2.3560565,6.9018764e-06,1.0627455e-09,-1.6840834e-09,8.5106209e-07,-0.0012306007,-1.7913859e-08,2.8564463e-08,-2.0293851e-05,-591.32721,-6.7516166e-06,1.0724668e-05,-6.8815118,0,0
1966,1.965,0,0,-0.039788893,0,-0,0,0,0,0.00020683064,0,0,0,0,0,0.0033629173,0,0,0,0.52,1.2918742,-0.32672557,-1.5588326,1.3332226e-11,-5.4696789e-11,0.79722386,2.9811345e-11,-4.7754476e-11,-2.3560565,5.6819584e-06,1.0444992e-09,-1.6549941e-09,8.3057032e-07,-0.0012234789,-1.8135519e-08,2.8914351e-08,-2.0425795e-05,-591.32142,-6.7130632e-06,1.0662695e-05,-6.8814514,0,0
1967,1.966,0,0,-0.039788684,0,-0,0,0,0,0.00021004992,0,0,0,0,0,0.0032671577,0,0,0,0.52,1.2918742,-0.32672536,-1.5588326,1.3782355e-11,-5.6583403e-11,0.79722387,3.0846563e-11,-4.9394676e-11,-2.3560565,4.4696987e-06,1.026043e-09,-1.6255737e-09,8.0995854e-07,-0.0012159994,-1.8349312e-08,2.9251721e-08,-2.0549787e-05,-591.31561,-6.672543e-06,1.0597603e-05,-6.8813893,0,0
1968,1.967,0,0,-0.039788473,0,-0,0,0,0,0.00021317291,0,0,0,0,0,0.0031710456,0,0,0,0.52,1.2918742,-0.32672515,-1.5588326,1.4224288e-11,-5.8436078e-11,0.79722387,3.1863225e-11,-5.1005299e-11,-2.3560565,3.265447e-06,1.0073848e-09,-1.5958348e-09,7.8923465e-07,-0.0012081676,-1.8555221e-08,2.957655e-08,-2.0665851e-05,-591.30979,-6.6300853e-06,1.0529439e-05,-6.8813257,0,0
1969,1.968,0,0,-0.039788258,0,-0,0,0,0,0.00021619931,0,0,0,0,0,0.0030746162,0,0,0,0.52,1.2918742,-0.32672493,-1.5588326,1.4657941e-11,-6.0254453e-11,0.79722387,3.2861134e-11,-5.2586033e-11,-2.3560565,2.0695475e-06,9.8853255e-10,-1.5657898e-09,7.6840657e-07,-0.0011999888,-1.875324e-08,2.988883e-08,-2.0774009e-05,-591.30394,-6.5857195e-06,1.0458251e-05,-6.8812605,0,0
1970,1.969,0,0,-0.03978804,0,-0,0,0,0,0.00021912886,0,0,0,0,0,0.0029779045,0,0,0,0.52,1.2918743,-0.32672472,-1.5588326,1.5083232e-11,-6.2038183e-11,0.79722387,3.38401e-11,-5.4136579e-11,-2.3560565,8.8233903e-07,9.6949413e-10,-1.5354514e-09,7.4748214e-07,-0.0011914686,-1.8943362e-08,3.0188551e-08,-2.0874287e-05,-591.29808,-6.5394756e-06,1.0384086e-05,-6.8811938,0,0
1971,1.97,0,0,-0.03978782,0,-0,0,0,0,0.00022196132,0,0,0,0,0,0.0028809456,0,0,0,0.52,1.2918743,-0.32672449,-1.5588326,1.5500084e-11,-6.3786937e-11,0.79722387,3.479994e-11,-5.5656649e-11,-2.3560565,-2.9584542e-07,9.5027743e-10,-1.5048321e-09,7.2646922e-07,-0.0011826125,-1.9125589e-08,3.0475715e-08,-2.0966712e-05,-591.2922,-6.4913841e-06,1.0306993e-05,-6.8811256,0,0
1972,1.971,0,0,-0.039787597,0,-0,0,0,0,0.00022469651,0,0,0,0,0,0.002783774,0,0,0,0.52,1.2918743,-0.32672427,-1.5588326,1.590842e-11,-6.5500399e-11,0.79722387,3.5740481e-11,-5.7145968e-11,-2.3560564,-1.4646784e-06,9.3089034e-10,-1.4739445e-09,7.053756e-07,-0.0011734261,-1.9299921e-08,3.0750322e-08,-2.1051313e-05,-591.28631,-6.4414757e-06,1.0227021e-05,-6.8810559,0,0
1973,1.972,0,0,-0.039787371,0,-0,0,0,0,0.00022733426,0,0,0,0,0,0.0026864244,0,0,0,0.52,1.2918743,-0.32672405,-1.5588326,1.6308171e-11,-6.7178266e-11,0.79722387,3.6661554e-11,-5.8604275e-11,-2.3560564,-2.6238381e-06,9.1134076e-10,-1.4428011e-09,6.8420907e-07,-0.0011639152,-1.9466357e-08,3.1012375e-08,-2.1128125e-05,-591.28042,-6.3897815e-06,1.0144219e-05,-6.8809848,0,0
1974,1.973,0,0,-0.039787142,0,-0,0,0,0,0.00022987444,0,0,0,0,0,0.0025889311,0,0,0,0.52,1.2918743,-0.32672382,-1.5588326,1.6699268e-11,-6.882025e-11,0.79722387,3.7563003e-11,-6.0031321e-11,-2.3560564,-3.7730088e-06,8.9163659e-10,-1.4114144e-09,6.6297736e-07,-0.0011540855,-1.9624903e-08,3.1261883e-08,-2.1197185e-05,-591.27451,-6.3363331e-06,1.0058638e-05,-6.8809123,0,0
1975,1.974,0,0,-0.039786911,0,-0,0,0,0,0.00023231697,0,0,0,0,0,0.0024913281,0,0,0,0.52,1.2918743,-0.32672359,-1.5588326,1.7081647e-11,-7.0426078e-11,0.79722386,3.8444677e-11,-6.1426867e-11,-2.3560564,-4.9118803e-06,8.7178568e-10,-1.3797971e-09,6.4168816e-07,-0.0011439428,-1.9775574e-08,3.1498868e-08,-2.1258526e-05,-591.2686,-6.2811622e-06,9.9703287e-06,-6.8808385,0,0
1976,1.975,0,0,-0.039786677,0,-0,0,0,0,0.00023466178,0,0,0,0,0,0.0023936492,0,0,0,0.52,1.2918742,-0.32672336,-1.5588326,1.7455247e-11,-7.1995491e-11,0.79722386,3.9306432e-11,-6.279069e-11,-2.3560564,-6.0401485e-06,8.517959e-10,-1.3479615e-09,6.2034914e-07,-0.0011334931,-1.9918374e-08,3.1723341e-08,-2.131219e-05,-591.26268,-6.2243011e-06,9.879342e-06,-6.8807633,0,0
1977,1.976,0,0,-0.039786442,0,-0,0,0,0,0.00023690885,0,0,0,0,0,0.0022959282,0,0,0,0.52,1.2918742,-0.32672313,-1.5588326,1.7820012e-11,-7.3528245e-11,0.79722385,4.0148134e-11,-6.4122578e-11,-2.3560564,-7.1575152e-06,8.3167512e-10,-1.3159202e-09,5.989679e-07,-0.0011227422,-2.0053317e-08,3.1935324e-08,-2.1358222e-05,-591.25677,-6.1657823e-06,9.7857298e-06,-6.8806869,0,0
1978,1.977,0,0,-0.039786204,0,-0,0,0,0,0.00023905818,0,0,0,0,0,0.0021981984,0,0,0,0.52,1.2918742,-0.32672289,-1.5588326,1.8175886e-11,-7.5024109e-11,0.79722384,4.0969655e-11,-6.5422331e-11,-2.3560564,-8.2636883e-06,8.1143114e-10,-1.2836856e-09,5.7755202e-07,-0.0011116961,-2.0180422e-08,3.2134847e-08,-2.1396663e-05,-591.25085,-6.1056385e-06,9.6895444e-06,-6.8806092,0,0
1979,1.978,0,0,-0.039785964,0,-0,0,0,0,0.00024110982,0,0,0,0,0,0.0021004928,0,0,0,0.52,1.2918742,-0.32672266,-1.5588326,1.852282e-11,-7.6482867e-11,0.79722383,4.1770877e-11,-6.6689762e-11,-2.3560564,-9.3583817e-06,7.9107179e-10,-1.2512701e-09,5.56109e-07,-0.001100361,-2.0299705e-08,3.2321938e-08,-2.1427563e-05,-591.24494,-6.0439028e-06,9.5908386e-06,-6.8805304,0,0
1980,1.979,0,0,-0.039785722,0,-0,0,0,0,0.00024306384,0,0,0,0,0,0.0020028444,0,0,0,0.52,1.2918742,-0.32672242,-1.5588326,1.8860766e-11,-7.7904317e-11,0.79722382,4.2551687e-11,-6.7924697e-11,-2.3560564,-1.0441316e-05,7.7060486e-10,-1.2186861e-09,5.3464633e-07,-0.0010887429,-2.0411192e-08,3.2496636e-08,-2.1450967e-05,-591.23903,-5.9806087e-06,9.4896654e-06,-6.8804503,0,0
1981,1.98,0,0,-0.039785478,0,-0,0,0,0,0.00024492035,0,0,0,0,0,0.0019052857,0,0,0,0.52,1.2918742,-0.32672218,-1.5588326,1.9189681e-11,-7.9288272e-11,0.79722381,4.3311983e-11,-6.9126972e-11,-2.3560564,-1.1512216e-05,7.500381e-10,-1.185946e-09,5.1317143e-07,-0.0010768479,-2.0514903e-08,3.2658977e-08,-2.1466926e-05,-591.23313,-5.9157896e-06,9.3860784e-06,-6.8803691,0,0
1982,1.981,0,0,-0.039785232,0,-0,0,0,0,0.00024667948,0,0,0,0,0,0.0018078489,0,0,0,0.52,1.2918742,-0.32672194,-1.5588326,1.9509524e-11,-8.0634557e-11,0.7972238,4.4051668e-11,-7.0296439e-11,-2.3560564,-1.2570816e-05,7.2937926e-10,-1.153062e-09,4.9169164e-07,-0.0010646824,-2.0610859e-08,3.2808994e-08,-2.1475499e-05,-591.22723,-5.8494797e-06,9.2801317e-06,-6.8802869,0,0
1983,1.982,0,0,-0.039784984,0,-0,0,0,0,0.0002483414,0,0,0,0,0,0.001710566,0,0,0,0.52,1.2918742,-0.3267217,-1.5588327,1.9820259e-11,-8.1943015e-11,0.79722379,4.4770653e-11,-7.1432958e-11,-2.3560564,-1.3616853e-05,7.0863605e-10,-1.1200463e-09,4.7021429e-07,-0.0010522524,-2.0699096e-08,3.2946745e-08,-2.1476736e-05,-591.22135,-5.7817129e-06,9.1718796e-06,-6.8802035,0,0
1984,1.983,0,0,-0.039784735,0,-0,0,0,0,0.00024990632,0,0,0,0,0,0.0016134688,0,0,0,0.52,1.2918742,-0.32672146,-1.5588327,2.0121852e-11,-8.3213499e-11,0.79722377,4.5468859e-11,-7.2536406e-11,-2.3560564,-1.4650073e-05,6.8781613e-10,-1.0869113e-09,4.4874661e-07,-0.0010395643,-2.0779642e-08,3.3072275e-08,-2.1470697e-05,-591.21547,-5.7125236e-06,9.0613768e-06,-6.8801192,0,0
1985,1.984,0,0,-0.039784485,0,-0,0,0,0,0.00025137447,0,0,0,0,0,0.0015165886,0,0,0,0.52,1.2918742,-0.32672122,-1.5588327,2.0414273e-11,-8.4445878e-11,0.79722376,4.6146212e-11,-7.3606668e-11,-2.3560564,-1.5670227e-05,6.6692716e-10,-1.053669e-09,4.272958e-07,-0.0010266243,-2.0852533e-08,3.3185642e-08,-2.1457437e-05,-591.20961,-5.6419464e-06,8.9486782e-06,-6.8800338,0,0
1986,1.985,0,0,-0.039784233,0,-0,0,0,0,0.00025274611,0,0,0,0,0,0.0014199564,0,0,0,0.52,1.2918742,-0.32672098,-1.5588327,2.0697494e-11,-8.5640035e-11,0.79722374,4.6802648e-11,-7.4643643e-11,-2.3560564,-1.6677074e-05,6.4597673e-10,-1.0203315e-09,4.0586899e-07,-0.001013439,-2.0917798e-08,3.3286894e-08,-2.1437022e-05,-591.20377,-5.570016e-06,8.8338394e-06,-6.8799475,0,0
1987,1.986,0,0,-0.039783979,0,-0,0,0,0,0.00025402154,0,0,0,0,0,0.001323603,0,0,0,0.52,1.2918742,-0.32672073,-1.5588327,2.0971493e-11,-8.6795865e-11,0.79722373,4.7438108e-11,-7.5647241e-11,-2.3560564,-1.7670376e-05,6.2497241e-10,-9.8691075e-10,3.8447323e-07,-0.0010000145,-2.0975479e-08,3.3376098e-08,-2.1409515e-05,-591.19795,-5.4967674e-06,8.7169158e-06,-6.8798603,0,0
1988,1.987,0,0,-0.039783725,0,-0,0,0,0,0.00025520107,0,0,0,0,0,0.0012275587,0,0,0,0.52,1.2918742,-0.32672049,-1.5588327,2.123625e-11,-8.791328e-11,0.79722371,4.8052543e-11,-7.6617387e-11,-2.3560564,-1.8649905e-05,6.0392172e-10,-9.5341882e-10,3.6311552e-07,-0.00098635742,-2.1025619e-08,3.3453322e-08,-2.1374977e-05,-591.19214,-5.4222357e-06,8.5979634e-06,-6.8797722,0,0
1989,1.988,0,0,-0.039783469,0,-0,0,0,0,0.00025628508,0,0,0,0,0,0.0011318536,0,0,0,0.52,1.2918742,-0.32672024,-1.5588328,2.1491746e-11,-8.8992203e-11,0.79722369,4.8645909e-11,-7.7554014e-11,-2.3560564,-1.9615437e-05,5.8283215e-10,-9.1986754e-10,3.4180279e-07,-0.00097247412,-2.1068253e-08,3.3518625e-08,-2.133348e-05,-591.18636,-5.3464562e-06,8.4770384e-06,-6.8796833,0,0
1990,1.989,0,0,-0.039783212,0,-0,0,0,0,0.00025727393,0,0,0,0,0,0.0010365173,0,0,0,0.52,1.2918742,-0.32672,-1.5588328,2.1737969e-11,-9.0032572e-11,0.79722367,4.9218172e-11,-7.8457068e-11,-2.3560564,-2.0566757e-05,5.6171113e-10,-8.8626872e-10,3.2054189e-07,-0.00095837107,-2.1103431e-08,3.3572085e-08,-2.1285091e-05,-591.1806,-5.2694642e-06,8.354197e-06,-6.8795935,0,0
1991,1.99,0,0,-0.039782955,0,-0,0,0,0,0.00025816804,0,0,0,0,0,0.00094157929,0,0,0,0.52,1.2918742,-0.32671975,-1.5588328,2.1974909e-11,-9.1034337e-11,0.79722365,4.9769304e-11,-7.9326509e-11,-2.3560564,-2.1503654e-05,5.4056604e-10,-8.526341e-10,2.9933962e-07,-0.00094405477,-2.11312e-08,3.3613776e-08,-2.1229879e-05,-591.17486,-5.1912954e-06,8.229496e-06,-6.879503,0,0
1992,1.991,0,0,-0.039782696,0,-0,0,0,0,0.00025896785,0,0,0,0,0,0.00084706843,0,0,0,0.52,1.2918742,-0.3267195,-1.5588328,2.2202557e-11,-9.1997463e-11,0.79722363,5.0299284e-11,-8.0162307e-11,-2.3560564,-2.2425924e-05,5.1940424e-10,-8.1897533e-10,2.7820268e-07,-0.00092953174,-2.1151602e-08,3.3643771e-08,-2.116792e-05,-591.16915,-5.1119854e-06,8.102992e-06,-6.8794117,0,0
1993,1.992,0,0,-0.039782437,0,-0,0,0,0,0.00025967383,0,0,0,0,0,0.00075301334,0,0,0,0.52,1.2918742,-0.32671926,-1.5588328,2.2420911e-11,-9.2921928e-11,0.7972236,5.0808099e-11,-8.0964442e-11,-2.3560564,-2.3333371e-05,4.98233e-10,-7.8530398e-10,2.5713771e-07,-0.00091480851,-2.1164694e-08,3.3662157e-08,-2.1099286e-05,-591.16347,-5.0315699e-06,7.974742e-06,-6.8793198,0,0
1994,1.993,0,0,-0.039782177,0,-0,0,0,0,0.00026028649,0,0,0,0,0,0.00065944224,0,0,0,0.52,1.2918742,-0.32671901,-1.5588329,2.2629969e-11,-9.3807723e-11,0.79722358,5.1295744e-11,-8.1732908e-11,-2.3560564,-2.4225804e-05,4.7705955e-10,-7.5163153e-10,2.3615128e-07,-0.00089989163,-2.1170532e-08,3.3669023e-08,-2.1024051e-05,-591.15782,-4.9500849e-06,7.844803e-06,-6.8792272,0,0
1995,1.994,0,0,-0.039781916,0,-0,0,0,0,0.00026080634,0,0,0,0,0,0.00056638296,0,0,0,0.52,1.2918742,-0.32671876,-1.5588329,2.2829733e-11,-9.4654852e-11,0.79722355,5.1762219e-11,-8.2467709e-11,-2.3560564,-2.510304e-05,4.5589106e-10,-7.1796936e-10,2.1524986e-07,-0.00088478766,-2.1169166e-08,3.3664452e-08,-2.0942294e-05,-591.1522,-4.8675663e-06,7.7132323e-06,-6.879134,0,0
1996,1.995,0,0,-0.039781655,0,-0,0,0,0,0.00026123395,0,0,0,0,0,0.00047386294,0,0,0,0.52,1.2918742,-0.32671851,-1.5588329,2.3020209e-11,-9.5463332e-11,0.79722353,5.2207534e-11,-8.3168862e-11,-2.3560564,-2.59649e-05,4.3473467e-10,-6.8432879e-10,1.9443986e-07,-0.00086950317,-2.116065e-08,3.364853e-08,-2.0854098e-05,-591.14661,-4.7840501e-06,7.5800871e-06,-6.8790402,0,0
1997,1.996,0,0,-0.039781394,0,-0,0,0,0,0.00026156988,0,0,0,0,0,0.00038190922,0,0,0,0.52,1.2918742,-0.32671827,-1.5588329,2.3201405e-11,-9.6233193e-11,0.7972235,5.2631704e-11,-8.3836394e-11,-2.3560564,-2.6811216e-05,4.1359742e-10,-6.5072101e-10,1.7372761e-07,-0.00085404477,-2.1145052e-08,3.3621363e-08,-2.0759536e-05,-591.14106,-4.6995723e-06,7.4454248e-06,-6.8789458,0,0
1998,1.997,0,0,-0.039781132,0,-0,0,0,0,0.00026181475,0,0,0,0,0,0.00029054844,0,0,0,0.52,1.2918741,-0.32671802,-1.558833,2.3373334e-11,-9.6964479e-11,0.79722348,5.3034752e-11,-8.4470343e-11,-2.3560564,-2.7641822e-05,3.9248631e-10,-6.1715714e-10,1.5311933e-07,-0.00083841902,-2.1122423e-08,3.3583037e-08,-2.0658697e-05,-591.13555,-4.6141692e-06,7.3093028e-06,-6.878851,0,0
1999,1.998,0,0,-0.03978087,0,-0,0,0,0,0.00026196918,0,0,0,0,0,0.00019980684,0,0,0,0.52,1.2918741,-0.32671777,-1.558833,2.3536009e-11,-9.7657245e-11,0.79722345,5.3416707e-11,-8.5070758e-11,-2.3560564,-2.8456561e-05,3.7140828e-10,-5.8364817e-10,1.3262118e-07,-0.00082263253,-2.1092831e-08,3.3533659e-08,-2.0551663e-05,-591.13007,-4.5278767e-06,7.1717787e-06,-6.8787556,0,0
2000,1.999,0,0,-0.039780608,0,-0,0,0,0,0.00026203385,0,0,0,0,0,0.00010971022,0,0,0,0.52,1.2918741,-0.32671753,-1.558833,2.3689449e-11,-9.8311559e-11,0.79722342,5.3777605e-11,-8.5637699e-11,-2.3560564,-2.9255283e-05,3.5037018e-10,-5.50205e-10,1.1223924e-07,-0.00080669191,-2.1056343e-08,3.3473334e-08,-2.0438515e-05,-591.12464,-4.4407311e-06,7.03291e-06,-6.8786598,0,0
2001,2,0,0,-0.039780346,0,-0,0,0,0,0.00026200942,0,0,0,0,0,2.0283979e-05,0,0,0,0.52,1.2918741,-0.32671728,-1.558833,2.3833674e-11,-9.8927502e-11,0.79722339,5.411749e-11,-8.6171239e-11,-2.3560564,-3.0037843e-05,3.2937882e-10,-5.1683842e-10,9.1979482e-08,-0.00079060374,-2.1013021e-08,3.3402165e-08,-2.0319344e-05,-591.11924,-4.3527686e-06,6.892754e-06,-6.8785636,0,0
